[LOG] 后端日志文件：E:\Homework\AA装箱\A装箱和可视化\zhuang\packing-workspace\runtime\packing-realtime\logs\backend_20260720_164734.log
[LOG] 接口模式：每 200 秒拉取并计算，直到手动停止。
[CMD] D:\ProgramData\anaconda3\python.exe E:\Homework\AA装箱\A装箱和可视化\zhuang\packing-system\packing\run_wcs_service.py --config E:\Homework\AA装箱\A装箱和可视化\zhuang\packing-workspace\runtime\packing-realtime\temp\ui_config_api_20260720_164734.yaml --run-mode continuous
[WCS] 已加载 BMS 参考表：E:\Homework\AA装箱\A装箱和可视化\zhuang\packing-workspace\data\selected_5000_boxes_9_1_concentrated_3orders.xlsx
============================================================
WCS 接口装箱服务（DB 模式）
  接口模式：真实 WCS（use_real_api=True）
  接口地址：http://192.168.0.191:8092
  接口1：http://192.168.0.191:8092/api/wcs/reqstockinfo
  接口2：http://192.168.0.191:8092/api/wcs/sendpalletplanresult
  拉取间隔：200 秒（仅拉取）
  原始 JSON：E:\Homework\AA装箱\A装箱和可视化\zhuang\packing-workspace\input\raw
  数据库：localhost:3306/zhuangdb 表 wcs_stock_box
  BMS 参考：E:\Homework\AA装箱\A装箱和可视化\zhuang\packing-workspace\data\selected_5000_boxes_9_1_concentrated_3orders.xlsx
  输出目录：E:\Homework\AA装箱\A装箱和可视化\zhuang\packing-workspace\output
  触发：仅「新插入」开算；达标回写 up_to_standard=1
  约束配置：E:\Homework\AA装箱\A装箱和可视化\zhuang\packing-workspace\runtime\packing-realtime\temp\ui_config_api_20260720_164734.yaml
  按 Ctrl+C 或由 UI 停止按钮结束进程
============================================================
============================================================
[WCS-拉] 20260720_164739：拉取接口 1 …
[WCS-装] 等待数据库新插入（有新 product_code 才开算）…
[WCS-拉] 原始响应已保存：E:\Homework\AA装箱\A装箱和可视化\zhuang\packing-workspace\input\raw\20260720_164739.json
[WCS-拉] 已剔除 case_type≠MH423C 的品类 67 条（类型：['WR246']），保留 2040 条。
[WCS-DB] product_code 已存在、跳过 1901 条
[WCS-拉] 落库完成：候选 2040 条，新插入 139 条（新行 up_to_standard=0）。
[WCS-拉] 有新插入 → 唤醒装箱线程。
[WCS] 已加载 BMS 参考表：E:\Homework\AA装箱\A装箱和可视化\zhuang\packing-workspace\data\selected_5000_boxes_9_1_concentrated_3orders.xlsx
============================================================
[WCS-装] 20260720_164747：未达标行 2237 条，开始装箱 …
[WCS-装] 展开为 2237 个箱子。
数据预处理和箱子分组完成（按托盘类型+销售订单号）。
----------------------------------------
  - 组内子聚类：19 个混合订单拆出规则子集走 GCP、杂箱走 baseline。
正在处理托盘类型：MH423C，销售订单号：LAID16285EN01S
  - 主算法：全局列式装箱 + 柱级组合优化（GCP）。
  - 失败托盘互借诊断：未合并（no_target_or_single_plan）。
托盘类型 MH423C（销售订单号：LAID16285EN01S）处理完成：总托盘 1，指数达标 0，未达标 1，平均缺口 136.00，最大缺口 136.00，失败托盘互借修复成功 0。
  - KPI：near/mid/deep=0/0/1，救回率=0.00%，pair效率=0.00%。
  - 耗时拆解：packing=0.02s，main_topup=0.00s，retry=0.00s，failed_pool=0.00s，repack=0.00s，total=0.02s。
正在处理托盘类型：MH423C，销售订单号：LAID16285EN01S__SPLITREST__
  - 该分组不适合列式（多非满柱）→ 回退 beam + 配方优先。
  - 配方优先[fast]：规划 0 实例，实装成功 0，配方路径不可用 → 采用基线方案。
  - 指数诊断：箱子 4 个，总指数 9.5，目标 192，理论最多达标托盘 0 个，剩余指数 9.5。
  - 几何诊断：典型整层堆叠单盘参考上限 9.5/192。 当前目标可能受托盘高度/箱型组合限制。
  - 几何不可达标记：典型整层上限 9.5 < 目标 192，救援优先压缩托盘数和填充率。
  - 失败托盘互借诊断：未合并（no_target_or_single_plan）。
托盘类型 MH423C（销售订单号：LAID16285EN01S__SPLITREST__）处理完成：总托盘 1，指数达标 0，未达标 1，平均缺口 182.50，最大缺口 182.50，失败托盘互借修复成功 0。
  - KPI：near/mid/deep=0/0/1，救回率=0.00%，pair效率=0.00%。
  - 耗时拆解：packing=0.00s，main_topup=0.00s，retry=0.00s，failed_pool=0.00s，repack=0.00s，total=0.02s。
正在处理托盘类型：MH423C，销售订单号：LAID16286DN02S
  - 该分组不适合列式（多非满柱）→ 回退 beam + 配方优先。
  - 配方优先[fast]：规划 0 实例，实装成功 0，配方路径不可用 → 采用基线方案。
  - 指数诊断：箱子 1 个，总指数 0.5，目标 192，理论最多达标托盘 0 个，剩余指数 0.5。
  - 几何诊断：典型整层堆叠单盘参考上限 0.5/192。 当前目标可能受托盘高度/箱型组合限制。
  - 几何不可达标记：典型整层上限 0.5 < 目标 192，救援优先压缩托盘数和填充率。
  - 失败托盘互借诊断：未合并（no_target_or_single_plan）。
托盘类型 MH423C（销售订单号：LAID16286DN02S）处理完成：总托盘 1，指数达标 0，未达标 1，平均缺口 191.50，最大缺口 191.50，失败托盘互借修复成功 0。
  - KPI：near/mid/deep=0/0/1，救回率=0.00%，pair效率=0.00%。
  - 耗时拆解：packing=0.00s，main_topup=0.00s，retry=0.00s，failed_pool=0.00s，repack=0.00s，total=0.00s。
正在处理托盘类型：MH423C，销售订单号：PAIN26280MN08S
  - 主算法：全局列式装箱 + 柱级组合优化（GCP）。
  - 失败托盘互借诊断：未合并（no_target_or_single_plan）。
托盘类型 MH423C（销售订单号：PAIN26280MN08S）处理完成：总托盘 1，指数达标 0，未达标 1，平均缺口 105.00，最大缺口 105.00，失败托盘互借修复成功 0。
  - KPI：near/mid/deep=0/0/1，救回率=0.00%，pair效率=0.00%。
  - 耗时拆解：packing=0.00s，main_topup=0.00s，retry=0.00s，failed_pool=0.00s，repack=0.00s，total=0.00s。
正在处理托盘类型：MH423C，销售订单号：PAIN26280MN01S
  - 该分组不适合列式（多非满柱）→ 回退 beam + 配方优先。
  - 配方优先[fast]：规划 0 实例，实装成功 0，配方路径不可用 → 采用基线方案。
  - 指数诊断：箱子 3 个，总指数 6，目标 192，理论最多达标托盘 0 个，剩余指数 6。
  - 几何诊断：典型整层堆叠单盘参考上限 6/192。 当前目标可能受托盘高度/箱型组合限制。
  - 几何不可达标记：典型整层上限 6 < 目标 192，救援优先压缩托盘数和填充率。
  - 失败托盘互借诊断：未合并（no_target_or_single_plan）。
托盘类型 MH423C（销售订单号：PAIN26280MN01S）处理完成：总托盘 1，指数达标 0，未达标 1，平均缺口 186.00，最大缺口 186.00，失败托盘互借修复成功 0。
  - KPI：near/mid/deep=0/0/1，救回率=0.00%，pair效率=0.00%。
  - 耗时拆解：packing=0.00s，main_topup=0.00s，retry=0.00s，failed_pool=0.00s，repack=0.00s，total=0.01s。
正在处理托盘类型：MH423C，销售订单号：LAID16306DN01S
  - 主算法：全局列式装箱 + 柱级组合优化（GCP）。
  - 失败托盘互借诊断：未合并（aborted_no_improvement_possible）。
托盘类型 MH423C（销售订单号：LAID16306DN01S）处理完成：总托盘 2，指数达标 0，未达标 2，平均缺口 90.00，最大缺口 168.00，失败托盘互借修复成功 0。
  - KPI：near/mid/deep=0/1/1，救回率=0.00%，pair效率=0.00%。
  - 耗时拆解：packing=0.02s，main_topup=0.00s，retry=0.00s，failed_pool=0.00s，repack=1.30s，total=1.32s。
正在处理托盘类型：MH423C，销售订单号：LAID16306DN01S__SPLITREST__
  - 该分组不适合列式（多非满柱）→ 回退 beam + 配方优先。
  - 托盘 MH423C-LAID16306DN01S__SPLITREST__-1 未找到可行装箱方案，启用剩余箱子守恒兜底。
  - 配方优先[fast]：规划 0 实例，实装成功 0，配方路径不可用 → 采用基线方案。
  - 指数诊断：箱子 5 个，总指数 5.5，目标 192，理论最多达标托盘 0 个，剩余指数 5.5。
  - 几何诊断：典型整层堆叠单盘参考上限 5.5/192。 当前目标可能受托盘高度/箱型组合限制。
  - 几何不可达标记：典型整层上限 5.5 < 目标 192，救援优先压缩托盘数和填充率。
  - 失败盘装满压实：合并/吸收 1 次（纯减盘数）。
  - 失败托盘互借诊断：未合并（aborted_no_improvement_possible）。
托盘类型 MH423C（销售订单号：LAID16306DN01S__SPLITREST__）处理完成：总托盘 1，指数达标 0，未达标 1，平均缺口 186.50，最大缺口 186.50，失败托盘互借修复成功 0。
  - KPI：near/mid/deep=0/0/1，救回率=0.00%，pair效率=0.00%。
  - 耗时拆解：packing=0.01s，main_topup=0.00s，retry=0.00s，failed_pool=0.00s，repack=0.03s，total=0.08s。
正在处理托盘类型：MH423C，销售订单号：LAID16296DN01S
  - 主算法：全局列式装箱 + 柱级组合优化（GCP）。
  - 失败托盘互借诊断：未合并（aborted_no_improvement_possible）。
托盘类型 MH423C（销售订单号：LAID16296DN01S）处理完成：总托盘 2，指数达标 0，未达标 2，平均缺口 163.75，最大缺口 188.00，失败托盘互借修复成功 0。
  - KPI：near/mid/deep=0/0/2，救回率=0.00%，pair效率=0.00%。
  - 耗时拆解：packing=0.07s，main_topup=0.00s，retry=0.00s，failed_pool=0.00s，repack=0.12s，total=0.19s。
正在处理托盘类型：MH423C，销售订单号：LAID16296DN01S__SPLITREST__
  - 该分组不适合列式（多非满柱）→ 回退 beam + 配方优先。
  - 配方优先[fast]：规划 0 实例，实装成功 0，配方路径不可用 → 采用基线方案。
  - 指数诊断：箱子 4 个，总指数 8，目标 192，理论最多达标托盘 0 个，剩余指数 8。
  - 几何诊断：典型整层堆叠单盘参考上限 8/192。 当前目标可能受托盘高度/箱型组合限制。
  - 几何不可达标记：典型整层上限 8 < 目标 192，救援优先压缩托盘数和填充率。
  - 失败托盘互借诊断：未合并（no_target_or_single_plan）。
托盘类型 MH423C（销售订单号：LAID16296DN01S__SPLITREST__）处理完成：总托盘 1，指数达标 0，未达标 1，平均缺口 184.00，最大缺口 184.00，失败托盘互借修复成功 0。
  - KPI：near/mid/deep=0/0/1，救回率=0.00%，pair效率=0.00%。
  - 耗时拆解：packing=0.00s，main_topup=0.00s，retry=0.00s，failed_pool=0.00s，repack=0.00s，total=0.02s。
正在处理托盘类型：MH423C，销售订单号：LAID16296DN02S
  - 主算法：全局列式装箱 + 柱级组合优化（GCP）。
  - GCP 盘数远超理论（CP-SAT 装不满）→ 回退 baseline beam + 配方优先。
  - 托盘 MH423C-LAID16296DN02S-2 未找到可行装箱方案，启用剩余箱子守恒兜底。
  - 配方优先[fast]：规划 0 实例，实装成功 0，配方路径不可用 → 采用基线方案。
  - 指数诊断：箱子 34 个，总指数 117.5，目标 192，理论最多达标托盘 0 个，剩余指数 117.5。
  - 几何诊断：典型整层堆叠单盘参考上限 97/192。 当前目标可能受托盘高度/箱型组合限制。
  - 几何不可达标记：典型整层上限 97 < 目标 192，救援优先压缩托盘数和填充率。
  - 失败盘装满压实：合并/吸收 1 次（纯减盘数）。
  - 失败托盘互借诊断：未合并（aborted_no_improvement_possible）。
托盘类型 MH423C（销售订单号：LAID16296DN02S）处理完成：总托盘 2，指数达标 0，未达标 2，平均缺口 133.25，最大缺口 189.50，失败托盘互借修复成功 0。
  - KPI：near/mid/deep=0/0/2，救回率=0.00%，pair效率=0.00%。
  - 耗时拆解：packing=0.20s，main_topup=0.00s，retry=0.00s，failed_pool=0.00s，repack=0.35s，total=1.30s。
正在处理托盘类型：MH423C，销售订单号：LAID16296DN02S__SPLITREST__
  - 该分组不适合列式（多非满柱）→ 回退 beam + 配方优先。
  - 配方优先[fast]：规划 0 实例，实装成功 0，配方路径不可用 → 采用基线方案。
  - 指数诊断：箱子 3 个，总指数 5，目标 192，理论最多达标托盘 0 个，剩余指数 5。
  - 几何诊断：典型整层堆叠单盘参考上限 5/192。 当前目标可能受托盘高度/箱型组合限制。
  - 几何不可达标记：典型整层上限 5 < 目标 192，救援优先压缩托盘数和填充率。
  - 失败托盘互借诊断：未合并（no_target_or_single_plan）。
托盘类型 MH423C（销售订单号：LAID16296DN02S__SPLITREST__）处理完成：总托盘 1，指数达标 0，未达标 1，平均缺口 187.00，最大缺口 187.00，失败托盘互借修复成功 0。
  - KPI：near/mid/deep=0/0/1，救回率=0.00%，pair效率=0.00%。
  - 耗时拆解：packing=0.00s，main_topup=0.00s，retry=0.00s，failed_pool=0.00s，repack=0.00s，total=0.01s。
正在处理托盘类型：MH423C，销售订单号：LAID16296DN03S
  - 主算法：全局列式装箱 + 柱级组合优化（GCP）。
  - 失败托盘互借诊断：未合并（no_target_or_single_plan）。
托盘类型 MH423C（销售订单号：LAID16296DN03S）处理完成：总托盘 1，指数达标 0，未达标 1，平均缺口 145.00，最大缺口 145.00，失败托盘互借修复成功 0。
  - KPI：near/mid/deep=0/0/1，救回率=0.00%，pair效率=0.00%。
  - 耗时拆解：packing=0.29s，main_topup=0.00s，retry=0.00s，failed_pool=0.00s，repack=0.00s，total=0.29s。
正在处理托盘类型：MH423C，销售订单号：LAID16285EN01S__CASEGROUP__1
  - 主算法：全局列式装箱 + 柱级组合优化（GCP）。
  - 失败托盘互借诊断：未合并（aborted_no_improvement_possible）。
托盘类型 MH423C（销售订单号：LAID16285EN01S__CASEGROUP__1）处理完成：总托盘 2，指数达标 0，未达标 2，平均缺口 170.50，最大缺口 190.00，失败托盘互借修复成功 0。
  - KPI：near/mid/deep=0/0/2，救回率=0.00%，pair效率=0.00%。
  - 耗时拆解：packing=0.73s，main_topup=0.00s，retry=0.00s，failed_pool=0.00s，repack=1.16s，total=1.88s。
正在处理托盘类型：MH423C，销售订单号：LAID16285EN01S__CASEGROUP__1__SPLITREST__
  - 该分组不适合列式（多非满柱）→ 回退 beam + 配方优先。
  - 配方优先[fast]：规划 0 实例，实装成功 0，配方路径不可用 → 采用基线方案。
  - 指数诊断：箱子 2 个，总指数 3，目标 192，理论最多达标托盘 0 个，剩余指数 3。
  - 几何诊断：典型整层堆叠单盘参考上限 3/192。 当前目标可能受托盘高度/箱型组合限制。
  - 几何不可达标记：典型整层上限 3 < 目标 192，救援优先压缩托盘数和填充率。
  - 失败托盘互借诊断：未合并（no_target_or_single_plan）。
托盘类型 MH423C（销售订单号：LAID16285EN01S__CASEGROUP__1__SPLITREST__）处理完成：总托盘 1，指数达标 0，未达标 1，平均缺口 189.00，最大缺口 189.00，失败托盘互借修复成功 0。
  - KPI：near/mid/deep=0/0/1，救回率=0.00%，pair效率=0.00%。
  - 耗时拆解：packing=0.00s，main_topup=0.00s，retry=0.00s，failed_pool=0.00s，repack=0.00s，total=0.01s。
正在处理托盘类型：MH423C，销售订单号：PAIN26286EN01S
  - 主算法：全局列式装箱 + 柱级组合优化（GCP）。
  - 失败托盘互借诊断：未合并（no_target_or_single_plan）。
托盘类型 MH423C（销售订单号：PAIN26286EN01S）处理完成：总托盘 1，指数达标 0，未达标 1，平均缺口 84.00，最大缺口 84.00，失败托盘互借修复成功 0。
  - KPI：near/mid/deep=0/0/1，救回率=0.00%，pair效率=0.00%。
  - 耗时拆解：packing=0.00s，main_topup=0.00s，retry=0.00s，failed_pool=0.00s，repack=0.00s，total=0.00s。
正在处理托盘类型：MH423C，销售订单号：PAIN26286EN01S__SPLITREST__
  - 该分组不适合列式（多非满柱）→ 回退 beam + 配方优先。
  - 配方优先[fast]：规划 0 实例，实装成功 0，配方路径不可用 → 采用基线方案。
  - 指数诊断：箱子 2 个，总指数 8，目标 192，理论最多达标托盘 0 个，剩余指数 8。
  - 几何诊断：典型整层堆叠单盘参考上限 8/192。 当前目标可能受托盘高度/箱型组合限制。
  - 几何不可达标记：典型整层上限 8 < 目标 192，救援优先压缩托盘数和填充率。
  - 失败托盘互借诊断：未合并（no_target_or_single_plan）。
托盘类型 MH423C（销售订单号：PAIN26286EN01S__SPLITREST__）处理完成：总托盘 1，指数达标 0，未达标 1，平均缺口 184.00，最大缺口 184.00，失败托盘互借修复成功 0。
  - KPI：near/mid/deep=0/0/1，救回率=0.00%，pair效率=0.00%。
  - 耗时拆解：packing=0.00s，main_topup=0.00s，retry=0.00s，failed_pool=0.00s，repack=0.00s，total=0.01s。
正在处理托盘类型：MH423C，销售订单号：LFEG16290IN02S
  - 该分组不适合列式（多非满柱）→ 回退 beam + 配方优先。
  - 配方优先[fast]：规划 0 实例，实装成功 0，配方路径不可用 → 采用基线方案。
  - 指数诊断：箱子 63 个，总指数 109.5，目标 192，理论最多达标托盘 0 个，剩余指数 109.5。
  - 几何诊断：典型整层堆叠单盘参考上限 83/192。 当前目标可能受托盘高度/箱型组合限制。
  - 几何不可达标记：典型整层上限 83 < 目标 192，救援优先压缩托盘数和填充率。
  - 失败托盘互借诊断：未合并（aborted_no_improvement_possible）。
托盘类型 MH423C（销售订单号：LFEG16290IN02S）处理完成：总托盘 2，指数达标 0，未达标 2，平均缺口 137.25，最大缺口 191.50，失败托盘互借修复成功 0。
  - KPI：near/mid/deep=0/0/2，救回率=0.00%，pair效率=0.00%。
  - 耗时拆解：packing=0.91s，main_topup=0.01s，retry=0.00s，failed_pool=0.00s，repack=1.31s，total=4.59s。
正在处理托盘类型：MH423C，销售订单号：LAID16295BN02S
  - 主算法：全局列式装箱 + 柱级组合优化（GCP）。
  - 失败托盘互借诊断：未合并（aborted_no_improvement_possible）。
托盘类型 MH423C（销售订单号：LAID16295BN02S）处理完成：总托盘 2，指数达标 0，未达标 2，平均缺口 155.75，最大缺口 184.00，失败托盘互借修复成功 0。
  - KPI：near/mid/deep=0/0/2，救回率=0.00%，pair效率=0.00%。
  - 耗时拆解：packing=0.37s，main_topup=0.00s，retry=0.00s，failed_pool=0.00s，repack=0.72s，total=1.09s。
正在处理托盘类型：MH423C，销售订单号：LFEG16290IN03S
  - 主算法：全局列式装箱 + 柱级组合优化（GCP）。
  - GCP 盘数远超理论（CP-SAT 装不满）→ 回退 baseline beam + 配方优先。
  - 配方优先[fast]：规划 0 实例，实装成功 0，配方路径不可用 → 采用基线方案。
  - 指数诊断：箱子 88 个，总指数 157，目标 192，理论最多达标托盘 0 个，剩余指数 157。
  - 几何诊断：典型整层堆叠单盘参考上限 115/192。 当前目标可能受托盘高度/箱型组合限制。
  - 几何不可达标记：典型整层上限 115 < 目标 192，救援优先压缩托盘数和填充率。
  - 失败托盘互借诊断：未合并（aborted_no_improvement_possible）。
托盘类型 MH423C（销售订单号：LFEG16290IN03S）处理完成：总托盘 2，指数达标 0，未达标 2，平均缺口 113.50，最大缺口 174.50，失败托盘互借修复成功 0。
  - KPI：near/mid/deep=0/0/2，救回率=0.00%，pair效率=0.00%。
  - 耗时拆解：packing=5.51s，main_topup=0.00s，retry=0.00s，failed_pool=0.00s，repack=3.14s，total=10.67s。
正在处理托盘类型：MH423C，销售订单号：LFEG16290IN03S__SPLITREST__
  - 该分组不适合列式（多非满柱）→ 回退 beam + 配方优先。
  - 配方优先[fast]：规划 0 实例，实装成功 0，配方路径不可用 → 采用基线方案。
  - 指数诊断：箱子 19 个，总指数 21，目标 192，理论最多达标托盘 0 个，剩余指数 21。
  - 几何诊断：典型整层堆叠单盘参考上限 21/192。 当前目标可能受托盘高度/箱型组合限制。
  - 几何不可达标记：典型整层上限 21 < 目标 192，救援优先压缩托盘数和填充率。
  - 失败托盘互借诊断：未合并（no_target_or_single_plan）。
托盘类型 MH423C（销售订单号：LFEG16290IN03S__SPLITREST__）处理完成：总托盘 1，指数达标 0，未达标 1，平均缺口 171.00，最大缺口 171.00，失败托盘互借修复成功 0。
  - KPI：near/mid/deep=0/0/1，救回率=0.00%，pair效率=0.00%。
  - 耗时拆解：packing=0.15s，main_topup=0.00s，retry=0.00s，failed_pool=0.00s，repack=0.00s，total=0.15s。
正在处理托盘类型：MH423C，销售订单号：LAMY16295FN01S
  - 该分组不适合列式（多非满柱）→ 回退 beam + 配方优先。
  - 配方优先[fast]：规划 0 实例，实装成功 0，配方路径不可用 → 采用基线方案。
  - 指数诊断：箱子 26 个，总指数 86.5，目标 192，理论最多达标托盘 0 个，剩余指数 86.5。
  - 几何诊断：典型整层堆叠单盘参考上限 70/192。 当前目标可能受托盘高度/箱型组合限制。
  - 几何不可达标记：典型整层上限 70 < 目标 192，救援优先压缩托盘数和填充率。
  - 失败托盘互借诊断：未合并（no_target_or_single_plan）。
托盘类型 MH423C（销售订单号：LAMY16295FN01S）处理完成：总托盘 1，指数达标 0，未达标 1，平均缺口 105.50，最大缺口 105.50，失败托盘互借修复成功 0。
  - KPI：near/mid/deep=0/0/1，救回率=0.00%，pair效率=0.00%。
  - 耗时拆解：packing=0.24s，main_topup=0.00s，retry=0.00s，failed_pool=0.00s，repack=0.00s，total=0.24s。
正在处理托盘类型：MH423C，销售订单号：LFEG16300IN02S
  - 该分组不适合列式（多非满柱）→ 回退 beam + 配方优先。
  - 配方优先[fast]：规划 0 实例，实装成功 0，配方路径不可用 → 采用基线方案。
  - 指数诊断：箱子 4 个，总指数 8，目标 192，理论最多达标托盘 0 个，剩余指数 8。
  - 几何诊断：典型整层堆叠单盘参考上限 8/192。 当前目标可能受托盘高度/箱型组合限制。
  - 几何不可达标记：典型整层上限 8 < 目标 192，救援优先压缩托盘数和填充率。
  - 失败托盘互借诊断：未合并（no_target_or_single_plan）。
托盘类型 MH423C（销售订单号：LFEG16300IN02S）处理完成：总托盘 1，指数达标 0，未达标 1，平均缺口 184.00，最大缺口 184.00，失败托盘互借修复成功 0。
  - KPI：near/mid/deep=0/0/1，救回率=0.00%，pair效率=0.00%。
  - 耗时拆解：packing=0.01s，main_topup=0.00s，retry=0.00s，failed_pool=0.00s，repack=0.00s，total=0.02s。
正在处理托盘类型：MH423C，销售订单号：PAIN26290BN01S
  - 主算法：全局列式装箱 + 柱级组合优化（GCP）。
  - 失败托盘互借诊断：未合并（no_target_or_single_plan）。
托盘类型 MH423C（销售订单号：PAIN26290BN01S）处理完成：总托盘 1，指数达标 0，未达标 1，平均缺口 115.00，最大缺口 115.00，失败托盘互借修复成功 0。
  - KPI：near/mid/deep=0/0/1，救回率=0.00%，pair效率=0.00%。
  - 耗时拆解：packing=1.38s，main_topup=0.00s，retry=0.00s，failed_pool=0.00s，repack=0.00s，total=1.38s。
正在处理托盘类型：MH423C，销售订单号：PAIN26290BN01S__SPLITREST__
  - 该分组不适合列式（多非满柱）→ 回退 beam + 配方优先。
  - 配方优先[fast]：规划 0 实例，实装成功 0，配方路径不可用 → 采用基线方案。
  - 指数诊断：箱子 9 个，总指数 9，目标 192，理论最多达标托盘 0 个，剩余指数 9。
  - 几何诊断：典型整层堆叠单盘参考上限 9/192。 当前目标可能受托盘高度/箱型组合限制。
  - 几何不可达标记：典型整层上限 9 < 目标 192，救援优先压缩托盘数和填充率。
  - 失败托盘互借诊断：未合并（no_target_or_single_plan）。
托盘类型 MH423C（销售订单号：PAIN26290BN01S__SPLITREST__）处理完成：总托盘 1，指数达标 0，未达标 1，平均缺口 183.00，最大缺口 183.00，失败托盘互借修复成功 0。
  - KPI：near/mid/deep=0/0/1，救回率=0.00%，pair效率=0.00%。
  - 耗时拆解：packing=0.04s，main_topup=0.00s，retry=0.00s，failed_pool=0.00s，repack=0.00s，total=0.04s。
正在处理托盘类型：MH423C，销售订单号：PAIN26290BC02S
  - 主算法：全局列式装箱 + 柱级组合优化（GCP）。
  - 失败托盘互借诊断：未合并（no_target_or_single_plan）。
托盘类型 MH423C（销售订单号：PAIN26290BC02S）处理完成：总托盘 1，指数达标 0，未达标 1，平均缺口 80.00，最大缺口 80.00，失败托盘互借修复成功 0。
  - KPI：near/mid/deep=0/0/1，救回率=0.00%，pair效率=0.00%。
  - 耗时拆解：packing=0.01s，main_topup=0.00s，retry=0.00s，failed_pool=0.00s，repack=0.00s，total=0.01s。
正在处理托盘类型：MH423C，销售订单号：PAIN26290BC02S__SPLITREST__
  - 该分组不适合列式（多非满柱）→ 回退 beam + 配方优先。
  - 配方优先[fast]：规划 0 实例，实装成功 0，配方路径不可用 → 采用基线方案。
  - 指数诊断：箱子 2 个，总指数 1，目标 192，理论最多达标托盘 0 个，剩余指数 1。
  - 几何诊断：典型整层堆叠单盘参考上限 1/192。 当前目标可能受托盘高度/箱型组合限制。
  - 几何不可达标记：典型整层上限 1 < 目标 192，救援优先压缩托盘数和填充率。
  - 失败托盘互借诊断：未合并（no_target_or_single_plan）。
托盘类型 MH423C（销售订单号：PAIN26290BC02S__SPLITREST__）处理完成：总托盘 1，指数达标 0，未达标 1，平均缺口 191.00，最大缺口 191.00，失败托盘互借修复成功 0。
  - KPI：near/mid/deep=0/0/1，救回率=0.00%，pair效率=0.00%。
  - 耗时拆解：packing=0.00s，main_topup=0.00s，retry=0.00s，failed_pool=0.00s，repack=0.00s，total=0.01s。
正在处理托盘类型：MH423C，销售订单号：PAIN26290GN01S
  - 该分组不适合列式（多非满柱）→ 回退 beam + 配方优先。
  - 配方优先[fast]：规划 0 实例，实装成功 0，配方路径不可用 → 采用基线方案。
  - 指数诊断：箱子 51 个，总指数 78.5，目标 192，理论最多达标托盘 0 个，剩余指数 78.5。
  - 几何诊断：典型整层堆叠单盘参考上限 58/192。 当前目标可能受托盘高度/箱型组合限制。
  - 几何不可达标记：典型整层上限 58 < 目标 192，救援优先压缩托盘数和填充率。
  - 失败托盘互借诊断：未合并（aborted_no_improvement_possible）。
托盘类型 MH423C（销售订单号：PAIN26290GN01S）处理完成：总托盘 2，指数达标 0，未达标 2，平均缺口 152.75，最大缺口 189.00，失败托盘互借修复成功 0。
  - KPI：near/mid/deep=0/0/2，救回率=0.00%，pair效率=0.00%。
  - 耗时拆解：packing=0.56s，main_topup=0.01s，retry=0.00s，failed_pool=0.00s，repack=0.97s，total=3.04s。
正在处理托盘类型：MH423C，销售订单号：PEG126290LN01S
  - 主算法：全局列式装箱 + 柱级组合优化（GCP）。
  - 失败托盘互借诊断：未合并（no_target_or_single_plan）。
托盘类型 MH423C（销售订单号：PEG126290LN01S）处理完成：总托盘 1，指数达标 0，未达标 1，平均缺口 128.00，最大缺口 128.00，失败托盘互借修复成功 0。
  - KPI：near/mid/deep=0/0/1，救回率=0.00%，pair效率=0.00%。
  - 耗时拆解：packing=0.49s，main_topup=0.00s，retry=0.00s，failed_pool=0.00s，repack=0.00s，total=0.49s。
正在处理托盘类型：MH423C，销售订单号：PAIN26280GN01S
  - 该分组不适合列式（多非满柱）→ 回退 beam + 配方优先。
  - 配方优先[fast]：规划 0 实例，实装成功 0，配方路径不可用 → 采用基线方案。
  - 指数诊断：箱子 1 个，总指数 4，目标 192，理论最多达标托盘 0 个，剩余指数 4。
  - 几何诊断：典型整层堆叠单盘参考上限 4/192。 当前目标可能受托盘高度/箱型组合限制。
  - 几何不可达标记：典型整层上限 4 < 目标 192，救援优先压缩托盘数和填充率。
  - 失败托盘互借诊断：未合并（no_target_or_single_plan）。
托盘类型 MH423C（销售订单号：PAIN26280GN01S）处理完成：总托盘 1，指数达标 0，未达标 1，平均缺口 188.00，最大缺口 188.00，失败托盘互借修复成功 0。
  - KPI：near/mid/deep=0/0/1，救回率=0.00%，pair效率=0.00%。
  - 耗时拆解：packing=0.00s，main_topup=0.00s，retry=0.00s，failed_pool=0.00s，repack=0.00s，total=0.00s。
正在处理托盘类型：MH423C，销售订单号：LAID16295EN02S
  - 主算法：全局列式装箱 + 柱级组合优化（GCP）。
  - 失败托盘互借诊断：未合并（aborted_no_improvement_possible）。
托盘类型 MH423C（销售订单号：LAID16295EN02S）处理完成：总托盘 2，指数达标 0，未达标 2，平均缺口 95.50，最大缺口 175.00，失败托盘互借修复成功 0。
  - KPI：near/mid/deep=0/1/1，救回率=0.00%，pair效率=0.00%。
  - 耗时拆解：packing=2.33s，main_topup=0.00s，retry=0.00s，failed_pool=0.00s，repack=5.02s，total=7.35s。
正在处理托盘类型：MH423C，销售订单号：LAID16295EN02S__SPLITREST__
  - 该分组不适合列式（多非满柱）→ 回退 beam + 配方优先。
  - 配方优先[fast]：规划 0 实例，实装成功 0，配方路径不可用 → 采用基线方案。
  - 指数诊断：箱子 2 个，总指数 14，目标 192，理论最多达标托盘 0 个，剩余指数 14。
  - 几何诊断：典型整层堆叠单盘参考上限 14/192。 当前目标可能受托盘高度/箱型组合限制。
  - 几何不可达标记：典型整层上限 14 < 目标 192，救援优先压缩托盘数和填充率。
  - 失败托盘互借诊断：未合并（no_target_or_single_plan）。
托盘类型 MH423C（销售订单号：LAID16295EN02S__SPLITREST__）处理完成：总托盘 1，指数达标 0，未达标 1，平均缺口 178.00，最大缺口 178.00，失败托盘互借修复成功 0。
  - KPI：near/mid/deep=0/0/1，救回率=0.00%，pair效率=0.00%。
  - 耗时拆解：packing=0.00s，main_topup=0.00s，retry=0.00s，failed_pool=0.00s，repack=0.00s，total=0.01s。
正在处理托盘类型：MH423C，销售订单号：PAIN26280MN07S
  - 主算法：全局列式装箱 + 柱级组合优化（GCP）。
  - 失败托盘互借诊断：未合并（no_target_or_single_plan）。
托盘类型 MH423C（销售订单号：PAIN26280MN07S）处理完成：总托盘 1，指数达标 0，未达标 1，平均缺口 108.00，最大缺口 108.00，失败托盘互借修复成功 0。
  - KPI：near/mid/deep=0/0/1，救回率=0.00%，pair效率=0.00%。
  - 耗时拆解：packing=0.00s，main_topup=0.00s，retry=0.00s，failed_pool=0.00s，repack=0.00s，total=0.00s。
正在处理托盘类型：MH423C，销售订单号：PEG086250LN01S
  - 该分组不适合列式（多非满柱）→ 回退 beam + 配方优先。
  - 配方优先[fast]：规划 0 实例，实装成功 0，配方路径不可用 → 采用基线方案。
  - 指数诊断：箱子 1 个，总指数 4，目标 192，理论最多达标托盘 0 个，剩余指数 4。
  - 几何诊断：典型整层堆叠单盘参考上限 4/192。 当前目标可能受托盘高度/箱型组合限制。
  - 几何不可达标记：典型整层上限 4 < 目标 192，救援优先压缩托盘数和填充率。
  - 失败托盘互借诊断：未合并（no_target_or_single_plan）。
托盘类型 MH423C（销售订单号：PEG086250LN01S）处理完成：总托盘 1，指数达标 0，未达标 1，平均缺口 188.00，最大缺口 188.00，失败托盘互借修复成功 0。
  - KPI：near/mid/deep=0/0/1，救回率=0.00%，pair效率=0.00%。
  - 耗时拆解：packing=0.00s，main_topup=0.00s，retry=0.00s，failed_pool=0.00s，repack=0.00s，total=0.00s。
正在处理托盘类型：MH423C，销售订单号：LFEG16290IN01S
  - 主算法：全局列式装箱 + 柱级组合优化（GCP）。
  - 失败托盘互借诊断：未合并（no_target_or_single_plan）。
托盘类型 MH423C（销售订单号：LFEG16290IN01S）处理完成：总托盘 1，指数达标 0，未达标 1，平均缺口 67.00，最大缺口 67.00，失败托盘互借修复成功 0。
  - KPI：near/mid/deep=0/0/1，救回率=0.00%，pair效率=0.00%。
  - 耗时拆解：packing=0.01s，main_topup=0.00s，retry=0.00s，failed_pool=0.00s，repack=0.00s，total=0.01s。
正在处理托盘类型：MH423C，销售订单号：LFEG16290IN01S__SPLITREST__
  - 该分组不适合列式（多非满柱）→ 回退 beam + 配方优先。
  - 配方优先[fast]：规划 0 实例，实装成功 0，配方路径不可用 → 采用基线方案。
  - 指数诊断：箱子 3 个，总指数 8.5，目标 192，理论最多达标托盘 0 个，剩余指数 8.5。
  - 几何诊断：典型整层堆叠单盘参考上限 8.5/192。 当前目标可能受托盘高度/箱型组合限制。
  - 几何不可达标记：典型整层上限 8.5 < 目标 192，救援优先压缩托盘数和填充率。
  - 失败托盘互借诊断：未合并（no_target_or_single_plan）。
托盘类型 MH423C（销售订单号：LFEG16290IN01S__SPLITREST__）处理完成：总托盘 1，指数达标 0，未达标 1，平均缺口 183.50，最大缺口 183.50，失败托盘互借修复成功 0。
  - KPI：near/mid/deep=0/0/1，救回率=0.00%，pair效率=0.00%。
  - 耗时拆解：packing=0.00s，main_topup=0.00s，retry=0.00s，failed_pool=0.00s，repack=0.00s，total=0.01s。
正在处理托盘类型：MH423C，销售订单号：LAID16295EN01S
  - 主算法：全局列式装箱 + 柱级组合优化（GCP）。
  - GCP 盘数远超理论（CP-SAT 装不满）→ 回退 baseline beam + 配方优先。
  - 托盘 MH423C-LAID16295EN01S-2 未找到可行装箱方案，启用剩余箱子守恒兜底。
  - 配方优先[fast]：规划 0 实例，实装成功 0，配方路径不可用 → 采用基线方案。
  - 指数诊断：箱子 71 个，总指数 170.5，目标 192，理论最多达标托盘 0 个，剩余指数 170.5。
  - 几何诊断：典型整层堆叠单盘参考上限 125/192。 当前目标可能受托盘高度/箱型组合限制。
  - 几何不可达标记：典型整层上限 125 < 目标 192，救援优先压缩托盘数和填充率。
  - 失败盘装满压实：合并/吸收 1 次（纯减盘数）。
  - 失败托盘互借诊断：未合并（aborted_no_improvement_possible）。
托盘类型 MH423C（销售订单号：LAID16295EN01S）处理完成：总托盘 3，指数达标 0，未达标 3，平均缺口 135.17，最大缺口 189.50，失败托盘互借修复成功 0。
  - KPI：near/mid/deep=0/0/3，救回率=0.00%，pair效率=0.00%。
  - 耗时拆解：packing=1.40s，main_topup=0.02s，retry=0.00s，failed_pool=0.00s，repack=4.18s，total=10.90s。
正在处理托盘类型：MH423C，销售订单号：PAID16295EN06S
  - 主算法：全局列式装箱 + 柱级组合优化（GCP）。
  - GCP 盘数远超理论（CP-SAT 装不满）→ 回退 baseline beam + 配方优先。
  - 配方优先[fast]：规划 0 实例，实装成功 0，配方路径不可用 → 采用基线方案。
  - 指数诊断：箱子 66 个，总指数 189，目标 192，理论最多达标托盘 0 个，剩余指数 189。
  - 几何诊断：典型整层堆叠单盘参考上限 97/192。 当前目标可能受托盘高度/箱型组合限制。
  - 几何不可达标记：典型整层上限 97 < 目标 192，救援优先压缩托盘数和填充率。
  - 失败托盘互借诊断：未合并（less_than_2_consolidatable）。
托盘类型 MH423C（销售订单号：PAID16295EN06S）处理完成：总托盘 1，指数达标 0，未达标 1，平均缺口 3.00，最大缺口 3.00，失败托盘互借修复成功 0。
  - KPI：near/mid/deep=1/0/0，救回率=0.00%，pair效率=0.00%。
  - 耗时拆解：packing=1.01s，main_topup=0.01s，retry=0.00s，failed_pool=0.00s，repack=0.01s，total=4.08s。
正在处理托盘类型：MH423C，销售订单号：PAID16295EN06S__SPLITREST__
  - 该分组不适合列式（多非满柱）→ 回退 beam + 配方优先。
  - 配方优先[fast]：规划 0 实例，实装成功 0，配方路径不可用 → 采用基线方案。
  - 指数诊断：箱子 6 个，总指数 14.5，目标 192，理论最多达标托盘 0 个，剩余指数 14.5。
  - 几何诊断：典型整层堆叠单盘参考上限 14.5/192。 当前目标可能受托盘高度/箱型组合限制。
  - 几何不可达标记：典型整层上限 14.5 < 目标 192，救援优先压缩托盘数和填充率。
  - 失败托盘互借诊断：未合并（no_target_or_single_plan）。
托盘类型 MH423C（销售订单号：PAID16295EN06S__SPLITREST__）处理完成：总托盘 1，指数达标 0，未达标 1，平均缺口 177.50，最大缺口 177.50，失败托盘互借修复成功 0。
  - KPI：near/mid/deep=0/0/1，救回率=0.00%，pair效率=0.00%。
  - 耗时拆解：packing=0.02s，main_topup=0.00s，retry=0.00s，failed_pool=0.00s，repack=0.00s，total=0.02s。
正在处理托盘类型：MH423C，销售订单号：LAID16295BN01S
  - 主算法：全局列式装箱 + 柱级组合优化（GCP）。
  - 失败托盘互借诊断：未合并（no_target_or_single_plan）。
托盘类型 MH423C（销售订单号：LAID16295BN01S）处理完成：总托盘 1，指数达标 0，未达标 1，平均缺口 127.00，最大缺口 127.00，失败托盘互借修复成功 0。
  - KPI：near/mid/deep=0/0/1，救回率=0.00%，pair效率=0.00%。
  - 耗时拆解：packing=0.10s，main_topup=0.00s，retry=0.00s，failed_pool=0.00s，repack=0.00s，total=0.10s。
正在处理托盘类型：MH423C，销售订单号：LFEG16310IN02S
  - 该分组不适合列式（多非满柱）→ 回退 beam + 配方优先。
  - 配方优先[fast]：规划 0 实例，实装成功 0，配方路径不可用 → 采用基线方案。
  - 指数诊断：箱子 1 个，总指数 1，目标 192，理论最多达标托盘 0 个，剩余指数 1。
  - 几何诊断：典型整层堆叠单盘参考上限 1/192。 当前目标可能受托盘高度/箱型组合限制。
  - 几何不可达标记：典型整层上限 1 < 目标 192，救援优先压缩托盘数和填充率。
  - 失败托盘互借诊断：未合并（no_target_or_single_plan）。
托盘类型 MH423C（销售订单号：LFEG16310IN02S）处理完成：总托盘 1，指数达标 0，未达标 1，平均缺口 191.00，最大缺口 191.00，失败托盘互借修复成功 0。
  - KPI：near/mid/deep=0/0/1，救回率=0.00%，pair效率=0.00%。
  - 耗时拆解：packing=0.00s，main_topup=0.00s，retry=0.00s，failed_pool=0.00s，repack=0.00s，total=0.00s。
正在处理托盘类型：MH423C，销售订单号：LFEG16310IN01S
  - 该分组不适合列式（多非满柱）→ 回退 beam + 配方优先。
  - 配方优先[fast]：规划 0 实例，实装成功 0，配方路径不可用 → 采用基线方案。
  - 指数诊断：箱子 1 个，总指数 1，目标 192，理论最多达标托盘 0 个，剩余指数 1。
  - 几何诊断：典型整层堆叠单盘参考上限 1/192。 当前目标可能受托盘高度/箱型组合限制。
  - 几何不可达标记：典型整层上限 1 < 目标 192，救援优先压缩托盘数和填充率。
  - 失败托盘互借诊断：未合并（no_target_or_single_plan）。
托盘类型 MH423C（销售订单号：LFEG16310IN01S）处理完成：总托盘 1，指数达标 0，未达标 1，平均缺口 191.00，最大缺口 191.00，失败托盘互借修复成功 0。
  - KPI：near/mid/deep=0/0/1，救回率=0.00%，pair效率=0.00%。
  - 耗时拆解：packing=0.00s，main_topup=0.00s，retry=0.00s，failed_pool=0.00s，repack=0.00s，total=0.00s。
正在处理托盘类型：MH423C，销售订单号：PEG086300LN01S
  - 主算法：全局列式装箱 + 柱级组合优化（GCP）。
  - 失败托盘互借诊断：未合并（no_target_or_single_plan）。
托盘类型 MH423C（销售订单号：PEG086300LN01S）处理完成：总托盘 1，指数达标 0，未达标 1，平均缺口 76.00，最大缺口 76.00，失败托盘互借修复成功 0。
  - KPI：near/mid/deep=0/0/1，救回率=0.00%，pair效率=0.00%。
  - 耗时拆解：packing=0.01s，main_topup=0.00s，retry=0.00s，failed_pool=0.00s，repack=0.00s，total=0.01s。
正在处理托盘类型：MH423C，销售订单号：PAID162808N01S
  - 该分组不适合列式（多非满柱）→ 回退 beam + 配方优先。
  - 配方优先[fast]：规划 0 实例，实装成功 0，配方路径不可用 → 采用基线方案。
  - 指数诊断：箱子 12 个，总指数 20.5，目标 192，理论最多达标托盘 0 个，剩余指数 20.5。
  - 几何诊断：典型整层堆叠单盘参考上限 20.5/192。 当前目标可能受托盘高度/箱型组合限制。
  - 几何不可达标记：典型整层上限 20.5 < 目标 192，救援优先压缩托盘数和填充率。
  - 失败托盘互借诊断：未合并（no_target_or_single_plan）。
托盘类型 MH423C（销售订单号：PAID162808N01S）处理完成：总托盘 1，指数达标 0，未达标 1，平均缺口 171.50，最大缺口 171.50，失败托盘互借修复成功 0。
  - KPI：near/mid/deep=0/0/1，救回率=0.00%，pair效率=0.00%。
  - 耗时拆解：packing=0.03s，main_topup=0.00s，retry=0.00s，failed_pool=0.00s，repack=0.01s，total=0.11s。
正在处理托盘类型：MH423C，销售订单号：PAID16290FN01S
  - 主算法：全局列式装箱 + 柱级组合优化（GCP）。
  - GCP 盘数远超理论（CP-SAT 装不满）→ 回退 baseline beam + 配方优先。
  - 配方优先[fast]：规划 0 实例，实装成功 0，配方路径不可用 → 采用基线方案。
  - 指数诊断：箱子 7 个，总指数 19，目标 192，理论最多达标托盘 0 个，剩余指数 19。
  - 几何诊断：典型整层堆叠单盘参考上限 18/192。 当前目标可能受托盘高度/箱型组合限制。
  - 几何不可达标记：典型整层上限 18 < 目标 192，救援优先压缩托盘数和填充率。
  - 失败托盘互借诊断：未合并（no_target_or_single_plan）。
托盘类型 MH423C（销售订单号：PAID16290FN01S）处理完成：总托盘 1，指数达标 0，未达标 1，平均缺口 173.00，最大缺口 173.00，失败托盘互借修复成功 0。
  - KPI：near/mid/deep=0/0/1，救回率=0.00%，pair效率=0.00%。
  - 耗时拆解：packing=0.01s，main_topup=0.00s，retry=0.00s，failed_pool=0.00s，repack=0.00s，total=0.06s。
正在处理托盘类型：MH423C，销售订单号：PAID16290FN01S__SPLITREST__
  - 该分组不适合列式（多非满柱）→ 回退 beam + 配方优先。
  - 配方优先[fast]：规划 0 实例，实装成功 0，配方路径不可用 → 采用基线方案。
  - 指数诊断：箱子 1 个，总指数 0.5，目标 192，理论最多达标托盘 0 个，剩余指数 0.5。
  - 几何诊断：典型整层堆叠单盘参考上限 0.5/192。 当前目标可能受托盘高度/箱型组合限制。
  - 几何不可达标记：典型整层上限 0.5 < 目标 192，救援优先压缩托盘数和填充率。
  - 失败托盘互借诊断：未合并（no_target_or_single_plan）。
托盘类型 MH423C（销售订单号：PAID16290FN01S__SPLITREST__）处理完成：总托盘 1，指数达标 0，未达标 1，平均缺口 191.50，最大缺口 191.50，失败托盘互借修复成功 0。
  - KPI：near/mid/deep=0/0/1，救回率=0.00%，pair效率=0.00%。
  - 耗时拆解：packing=0.00s，main_topup=0.00s，retry=0.00s，failed_pool=0.00s，repack=0.00s，total=0.00s。
正在处理托盘类型：MH423C，销售订单号：LAID16296DN03S__CASEGROUP__1
  - 主算法：全局列式装箱 + 柱级组合优化（GCP）。
  - 失败托盘互借诊断：未合并（no_target_or_single_plan）。
托盘类型 MH423C（销售订单号：LAID16296DN03S__CASEGROUP__1）处理完成：总托盘 1，指数达标 0，未达标 1，平均缺口 90.00，最大缺口 90.00，失败托盘互借修复成功 0。
  - KPI：near/mid/deep=0/0/1，救回率=0.00%，pair效率=0.00%。
  - 耗时拆解：packing=0.00s，main_topup=0.00s，retry=0.00s，failed_pool=0.00s，repack=0.00s，total=0.00s。
正在处理托盘类型：MH423C，销售订单号：LAID16296DN03S__CASEGROUP__1__SPLITREST__
  - 该分组不适合列式（多非满柱）→ 回退 beam + 配方优先。
  - 配方优先[fast]：规划 0 实例，实装成功 0，配方路径不可用 → 采用基线方案。
  - 指数诊断：箱子 4 个，总指数 2，目标 192，理论最多达标托盘 0 个，剩余指数 2。
  - 几何诊断：典型整层堆叠单盘参考上限 2/192。 当前目标可能受托盘高度/箱型组合限制。
  - 几何不可达标记：典型整层上限 2 < 目标 192，救援优先压缩托盘数和填充率。
  - 失败托盘互借诊断：未合并（no_target_or_single_plan）。
托盘类型 MH423C（销售订单号：LAID16296DN03S__CASEGROUP__1__SPLITREST__）处理完成：总托盘 1，指数达标 0，未达标 1，平均缺口 190.00，最大缺口 190.00，失败托盘互借修复成功 0。
  - KPI：near/mid/deep=0/0/1，救回率=0.00%，pair效率=0.00%。
  - 耗时拆解：packing=0.00s，main_topup=0.00s，retry=0.00s，failed_pool=0.00s，repack=0.00s，total=0.02s。
正在处理托盘类型：MH423C，销售订单号：PAID162808C02S
  - 主算法：全局列式装箱 + 柱级组合优化（GCP）。
  - GCP 盘数远超理论（CP-SAT 装不满）→ 回退 baseline beam + 配方优先。
  - 配方优先[fast]：规划 0 实例，实装成功 0，配方路径不可用 → 采用基线方案。
  - 指数诊断：箱子 6 个，总指数 12，目标 192，理论最多达标托盘 0 个，剩余指数 12。
  - 几何诊断：典型整层堆叠单盘参考上限 12/192。 当前目标可能受托盘高度/箱型组合限制。
  - 几何不可达标记：典型整层上限 12 < 目标 192，救援优先压缩托盘数和填充率。
  - 失败托盘互借诊断：未合并（no_target_or_single_plan）。
托盘类型 MH423C（销售订单号：PAID162808C02S）处理完成：总托盘 1，指数达标 0，未达标 1，平均缺口 180.00，最大缺口 180.00，失败托盘互借修复成功 0。
  - KPI：near/mid/deep=0/0/1，救回率=0.00%，pair效率=0.00%。
  - 耗时拆解：packing=0.01s，main_topup=0.00s，retry=0.00s，failed_pool=0.00s，repack=0.00s，total=0.06s。
正在处理托盘类型：MH423C，销售订单号：LFEG16300IN01S
  - 该分组不适合列式（多非满柱）→ 回退 beam + 配方优先。
  - 配方优先[fast]：规划 0 实例，实装成功 0，配方路径不可用 → 采用基线方案。
  - 指数诊断：箱子 3 个，总指数 10，目标 192，理论最多达标托盘 0 个，剩余指数 10。
  - 几何诊断：典型整层堆叠单盘参考上限 10/192。 当前目标可能受托盘高度/箱型组合限制。
  - 几何不可达标记：典型整层上限 10 < 目标 192，救援优先压缩托盘数和填充率。
  - 失败托盘互借诊断：未合并（no_target_or_single_plan）。
托盘类型 MH423C（销售订单号：LFEG16300IN01S）处理完成：总托盘 1，指数达标 0，未达标 1，平均缺口 182.00，最大缺口 182.00，失败托盘互借修复成功 0。
  - KPI：near/mid/deep=0/0/1，救回率=0.00%，pair效率=0.00%。
  - 耗时拆解：packing=0.00s，main_topup=0.00s，retry=0.00s，failed_pool=0.00s，repack=0.00s，total=0.01s。
正在处理托盘类型：MH423C，销售订单号：LAMY16315FN01S
  - 主算法：全局列式装箱 + 柱级组合优化（GCP）。
  - 失败托盘互借诊断：未合并（no_target_or_single_plan）。
托盘类型 MH423C（销售订单号：LAMY16315FN01S）处理完成：总托盘 1，指数达标 0，未达标 1，平均缺口 120.00，最大缺口 120.00，失败托盘互借修复成功 0。
  - KPI：near/mid/deep=0/0/1，救回率=0.00%，pair效率=0.00%。
  - 耗时拆解：packing=0.00s，main_topup=0.00s，retry=0.00s，failed_pool=0.00s，repack=0.00s，total=0.00s。
正在处理托盘类型：MH423C，销售订单号：LAMY16315FN01S__SPLITREST__
  - 该分组不适合列式（多非满柱）→ 回退 beam + 配方优先。
  - 配方优先[fast]：规划 0 实例，实装成功 0，配方路径不可用 → 采用基线方案。
  - 指数诊断：箱子 2 个，总指数 4，目标 192，理论最多达标托盘 0 个，剩余指数 4。
  - 几何诊断：典型整层堆叠单盘参考上限 4/192。 当前目标可能受托盘高度/箱型组合限制。
  - 几何不可达标记：典型整层上限 4 < 目标 192，救援优先压缩托盘数和填充率。
  - 失败托盘互借诊断：未合并（no_target_or_single_plan）。
托盘类型 MH423C（销售订单号：LAMY16315FN01S__SPLITREST__）处理完成：总托盘 1，指数达标 0，未达标 1，平均缺口 188.00，最大缺口 188.00，失败托盘互借修复成功 0。
  - KPI：near/mid/deep=0/0/1，救回率=0.00%，pair效率=0.00%。
  - 耗时拆解：packing=0.00s，main_topup=0.00s，retry=0.00s，failed_pool=0.00s，repack=0.00s，total=0.01s。
正在处理托盘类型：MH423C，销售订单号：LAID16305BN02S
  - 主算法：全局列式装箱 + 柱级组合优化（GCP）。
  - 失败托盘互借诊断：未合并（no_target_or_single_plan）。
托盘类型 MH423C（销售订单号：LAID16305BN02S）处理完成：总托盘 1，指数达标 0，未达标 1，平均缺口 88.00，最大缺口 88.00，失败托盘互借修复成功 0。
  - KPI：near/mid/deep=0/0/1，救回率=0.00%，pair效率=0.00%。
  - 耗时拆解：packing=0.57s，main_topup=0.00s，retry=0.00s，failed_pool=0.00s，repack=0.00s，total=0.57s。
正在处理托盘类型：MH423C，销售订单号：LFEG16300IN03S
  - 该分组不适合列式（多非满柱）→ 回退 beam + 配方优先。
  - 配方优先[fast]：规划 0 实例，实装成功 0，配方路径不可用 → 采用基线方案。
  - 指数诊断：箱子 1 个，总指数 2，目标 192，理论最多达标托盘 0 个，剩余指数 2。
  - 几何诊断：典型整层堆叠单盘参考上限 2/192。 当前目标可能受托盘高度/箱型组合限制。
  - 几何不可达标记：典型整层上限 2 < 目标 192，救援优先压缩托盘数和填充率。
  - 失败托盘互借诊断：未合并（no_target_or_single_plan）。
托盘类型 MH423C（销售订单号：LFEG16300IN03S）处理完成：总托盘 1，指数达标 0，未达标 1，平均缺口 190.00，最大缺口 190.00，失败托盘互借修复成功 0。
  - KPI：near/mid/deep=0/0/1，救回率=0.00%，pair效率=0.00%。
  - 耗时拆解：packing=0.00s，main_topup=0.00s，retry=0.00s，failed_pool=0.00s，repack=0.00s，total=0.00s。
正在处理托盘类型：MH423C，销售订单号：LAID16305BN01S
  - 主算法：全局列式装箱 + 柱级组合优化（GCP）。
  - 失败托盘互借诊断：未合并（no_target_or_single_plan）。
托盘类型 MH423C（销售订单号：LAID16305BN01S）处理完成：总托盘 1，指数达标 0，未达标 1，平均缺口 164.00，最大缺口 164.00，失败托盘互借修复成功 0。
  - KPI：near/mid/deep=0/0/1，救回率=0.00%，pair效率=0.00%。
  - 耗时拆解：packing=0.07s，main_topup=0.00s，retry=0.00s，failed_pool=0.00s，repack=0.00s，total=0.07s。
正在处理托盘类型：MH423C，销售订单号：LAID16305BN01S__SPLITREST__
  - 该分组不适合列式（多非满柱）→ 回退 beam + 配方优先。
  - 配方优先[fast]：规划 0 实例，实装成功 0，配方路径不可用 → 采用基线方案。
  - 指数诊断：箱子 3 个，总指数 6，目标 192，理论最多达标托盘 0 个，剩余指数 6。
  - 几何诊断：典型整层堆叠单盘参考上限 6/192。 当前目标可能受托盘高度/箱型组合限制。
  - 几何不可达标记：典型整层上限 6 < 目标 192，救援优先压缩托盘数和填充率。
  - 失败托盘互借诊断：未合并（no_target_or_single_plan）。
托盘类型 MH423C（销售订单号：LAID16305BN01S__SPLITREST__）处理完成：总托盘 1，指数达标 0，未达标 1，平均缺口 186.00，最大缺口 186.00，失败托盘互借修复成功 0。
  - KPI：near/mid/deep=0/0/1，救回率=0.00%，pair效率=0.00%。
  - 耗时拆解：packing=0.00s，main_topup=0.00s，retry=0.00s，failed_pool=0.00s，repack=0.00s，total=0.01s。
正在处理托盘类型：MH423C，销售订单号：LAID16305EN01S
  - 该分组不适合列式（多非满柱）→ 回退 beam + 配方优先。
  - 配方优先[fast]：规划 0 实例，实装成功 0，配方路径不可用 → 采用基线方案。
  - 指数诊断：箱子 29 个，总指数 132.5，目标 192，理论最多达标托盘 0 个，剩余指数 132.5。
  - 几何诊断：典型整层堆叠单盘参考上限 78/192。 当前目标可能受托盘高度/箱型组合限制。
  - 几何不可达标记：典型整层上限 78 < 目标 192，救援优先压缩托盘数和填充率。
  - 失败托盘互借诊断：未合并（aborted_no_improvement_possible）。
托盘类型 MH423C（销售订单号：LAID16305EN01S）处理完成：总托盘 2，指数达标 0，未达标 2，平均缺口 125.75，最大缺口 183.50，失败托盘互借修复成功 0。
  - KPI：near/mid/deep=0/0/2，救回率=0.00%，pair效率=0.00%。
  - 耗时拆解：packing=0.12s，main_topup=0.00s，retry=0.00s，failed_pool=0.00s，repack=0.27s，total=0.71s。
正在处理托盘类型：MH423C，销售订单号：PAIN26290GC02S
  - 主算法：全局列式装箱 + 柱级组合优化（GCP）。
  - GCP 盘数远超理论（CP-SAT 装不满）→ 回退 baseline beam + 配方优先。
  - 配方优先[fast]：规划 0 实例，实装成功 0，配方路径不可用 → 采用基线方案。
  - 指数诊断：箱子 41 个，总指数 178，目标 192，理论最多达标托盘 0 个，剩余指数 178。
  - 几何诊断：典型整层堆叠单盘参考上限 136/192。 当前目标可能受托盘高度/箱型组合限制。
  - 几何不可达标记：典型整层上限 136 < 目标 192，救援优先压缩托盘数和填充率。
  - 失败托盘互借诊断：未合并（not_better）。
托盘类型 MH423C（销售订单号：PAIN26290GC02S）处理完成：总托盘 2，指数达标 0，未达标 2，平均缺口 103.00，最大缺口 122.00，失败托盘互借修复成功 0。
  - KPI：near/mid/deep=0/0/2，救回率=0.00%，pair效率=0.00%。
  - 耗时拆解：packing=0.05s，main_topup=0.00s，retry=0.00s，failed_pool=0.00s，repack=0.28s，total=0.60s。
正在处理托盘类型：MH423C，销售订单号：PAID16280FC02S
  - 主算法：全局列式装箱 + 柱级组合优化（GCP）。
  - GCP 盘数远超理论（CP-SAT 装不满）→ 回退 baseline beam + 配方优先。
  - 配方优先[fast]：规划 0 实例，实装成功 0，配方路径不可用 → 采用基线方案。
  - 指数诊断：箱子 4 个，总指数 16，目标 192，理论最多达标托盘 0 个，剩余指数 16。
  - 几何诊断：典型整层堆叠单盘参考上限 16/192。 当前目标可能受托盘高度/箱型组合限制。
  - 几何不可达标记：典型整层上限 16 < 目标 192，救援优先压缩托盘数和填充率。
  - 失败托盘互借诊断：未合并（no_target_or_single_plan）。
托盘类型 MH423C（销售订单号：PAID16280FC02S）处理完成：总托盘 1，指数达标 0，未达标 1，平均缺口 176.00，最大缺口 176.00，失败托盘互借修复成功 0。
  - KPI：near/mid/deep=0/0/1，救回率=0.00%，pair效率=0.00%。
  - 耗时拆解：packing=0.00s，main_topup=0.00s，retry=0.00s，failed_pool=0.00s，repack=0.00s，total=0.03s。
正在处理托盘类型：MH423C，销售订单号：PAIN26296EC02S
  - 主算法：全局列式装箱 + 柱级组合优化（GCP）。
  - 失败托盘互借诊断：未合并（aborted_no_improvement_possible）。
托盘类型 MH423C（销售订单号：PAIN26296EC02S）处理完成：总托盘 2，指数达标 0，未达标 2，平均缺口 84.00，最大缺口 162.00，失败托盘互借修复成功 0。
  - KPI：near/mid/deep=1/0/1，救回率=0.00%，pair效率=0.00%。
  - 耗时拆解：packing=0.05s，main_topup=0.00s，retry=0.00s，failed_pool=0.00s，repack=5.76s，total=5.81s。
正在处理托盘类型：MH423C，销售订单号：PAID16290FC02S
  - 该分组不适合列式（多非满柱）→ 回退 beam + 配方优先。
  - 配方优先[fast]：规划 0 实例，实装成功 0，配方路径不可用 → 采用基线方案。
  - 指数诊断：箱子 6 个，总指数 14，目标 192，理论最多达标托盘 0 个，剩余指数 14。
  - 几何诊断：典型整层堆叠单盘参考上限 14/192。 当前目标可能受托盘高度/箱型组合限制。
  - 几何不可达标记：典型整层上限 14 < 目标 192，救援优先压缩托盘数和填充率。
  - 失败托盘互借诊断：未合并（no_target_or_single_plan）。
托盘类型 MH423C（销售订单号：PAID16290FC02S）处理完成：总托盘 1，指数达标 0，未达标 1，平均缺口 178.00，最大缺口 178.00，失败托盘互借修复成功 0。
  - KPI：near/mid/deep=0/0/1，救回率=0.00%，pair效率=0.00%。
  - 耗时拆解：packing=0.01s，main_topup=0.00s，retry=0.00s，failed_pool=0.00s，repack=0.00s，total=0.06s。
正在处理托盘类型：MH423C，销售订单号：LAID16295EN01S__CASEGROUP__1
  - 主算法：全局列式装箱 + 柱级组合优化（GCP）。
  - 失败托盘互借诊断：未合并（no_target_or_single_plan）。
托盘类型 MH423C（销售订单号：LAID16295EN01S__CASEGROUP__1）处理完成：总托盘 1，指数达标 0，未达标 1，平均缺口 52.00，最大缺口 52.00，失败托盘互借修复成功 0。
  - KPI：near/mid/deep=0/0/1，救回率=0.00%，pair效率=0.00%。
  - 耗时拆解：packing=2.18s，main_topup=0.00s，retry=0.00s，failed_pool=0.00s，repack=0.00s，total=2.18s。
正在处理托盘类型：MH423C，销售订单号：LAID16295EN01S__CASEGROUP__1__SPLITREST__
  - 该分组不适合列式（多非满柱）→ 回退 beam + 配方优先。
  - 配方优先[fast]：规划 0 实例，实装成功 0，配方路径不可用 → 采用基线方案。
  - 指数诊断：箱子 5 个，总指数 16，目标 192，理论最多达标托盘 0 个，剩余指数 16。
  - 几何诊断：典型整层堆叠单盘参考上限 16/192。 当前目标可能受托盘高度/箱型组合限制。
  - 几何不可达标记：典型整层上限 16 < 目标 192，救援优先压缩托盘数和填充率。
  - 失败托盘互借诊断：未合并（no_target_or_single_plan）。
托盘类型 MH423C（销售订单号：LAID16295EN01S__CASEGROUP__1__SPLITREST__）处理完成：总托盘 1，指数达标 0，未达标 1，平均缺口 176.00，最大缺口 176.00，失败托盘互借修复成功 0。
  - KPI：near/mid/deep=0/0/1，救回率=0.00%，pair效率=0.00%。
  - 耗时拆解：packing=0.01s，main_topup=0.00s，retry=0.00s，failed_pool=0.00s，repack=0.00s，total=0.01s。
正在处理托盘类型：MH423C，销售订单号：PAIN26296EN01S
  - 主算法：全局列式装箱 + 柱级组合优化（GCP）。
  - 失败托盘互借诊断：未合并（less_than_2_consolidatable）。
托盘类型 MH423C（销售订单号：PAIN26296EN01S）处理完成：总托盘 2，指数达标 1，未达标 1，平均缺口 16.00，最大缺口 16.00，失败托盘互借修复成功 0。
  - KPI：near/mid/deep=0/1/0，救回率=0.00%，pair效率=0.00%。
  - 耗时拆解：packing=0.03s，main_topup=0.00s，retry=0.00s，failed_pool=0.00s，repack=0.00s，total=0.03s。
正在处理托盘类型：MH423C，销售订单号：PEG146296CN01S
  - 主算法：全局列式装箱 + 柱级组合优化（GCP）。
  - 失败托盘互借诊断：未合并（no_target_or_single_plan）。
托盘类型 MH423C（销售订单号：PEG146296CN01S）处理完成：总托盘 1，指数达标 0，未达标 1，平均缺口 68.00，最大缺口 68.00，失败托盘互借修复成功 0。
  - KPI：near/mid/deep=0/0/1，救回率=0.00%，pair效率=0.00%。
  - 耗时拆解：packing=0.00s，main_topup=0.00s，retry=0.00s，failed_pool=0.00s，repack=0.00s，total=0.00s。
正在处理托盘类型：MH423C，销售订单号：LAID16284AN02S
  - 主算法：全局列式装箱 + 柱级组合优化（GCP）。
  - GCP 盘数远超理论（CP-SAT 装不满）→ 回退 baseline beam + 配方优先。
  - 配方优先[fast]：规划 0 实例，实装成功 0，配方路径不可用 → 采用基线方案。
  - 指数诊断：箱子 7 个，总指数 22，目标 192，理论最多达标托盘 0 个，剩余指数 22。
  - 几何诊断：典型整层堆叠单盘参考上限 22/192。 当前目标可能受托盘高度/箱型组合限制。
  - 几何不可达标记：典型整层上限 22 < 目标 192，救援优先压缩托盘数和填充率。
  - 失败托盘互借诊断：未合并（no_target_or_single_plan）。
托盘类型 MH423C（销售订单号：LAID16284AN02S）处理完成：总托盘 1，指数达标 0，未达标 1，平均缺口 170.00，最大缺口 170.00，失败托盘互借修复成功 0。
  - KPI：near/mid/deep=0/0/1，救回率=0.00%，pair效率=0.00%。
  - 耗时拆解：packing=0.01s，main_topup=0.00s，retry=0.00s，failed_pool=0.00s，repack=0.00s，total=0.05s。
正在处理托盘类型：MH423C，销售订单号：PAIN26290MN09S
  - 主算法：全局列式装箱 + 柱级组合优化（GCP）。
  - 失败托盘互借诊断：未合并（no_target_or_single_plan）。
托盘类型 MH423C（销售订单号：PAIN26290MN09S）处理完成：总托盘 1，指数达标 0，未达标 1，平均缺口 84.00，最大缺口 84.00，失败托盘互借修复成功 0。
  - KPI：near/mid/deep=0/0/1，救回率=0.00%，pair效率=0.00%。
  - 耗时拆解：packing=0.04s，main_topup=0.00s，retry=0.00s，failed_pool=0.00s，repack=0.00s，total=0.04s。
正在处理托盘类型：MH423C，销售订单号：LAID16294AN01S
  - 该分组不适合列式（多非满柱）→ 回退 beam + 配方优先。
  - 配方优先[fast]：规划 0 实例，实装成功 0，配方路径不可用 → 采用基线方案。
  - 指数诊断：箱子 9 个，总指数 23，目标 192，理论最多达标托盘 0 个，剩余指数 23。
  - 几何诊断：典型整层堆叠单盘参考上限 20/192。 当前目标可能受托盘高度/箱型组合限制。
  - 几何不可达标记：典型整层上限 20 < 目标 192，救援优先压缩托盘数和填充率。
  - 失败托盘互借诊断：未合并（no_target_or_single_plan）。
托盘类型 MH423C（销售订单号：LAID16294AN01S）处理完成：总托盘 1，指数达标 0，未达标 1，平均缺口 169.00，最大缺口 169.00，失败托盘互借修复成功 0。
  - KPI：near/mid/deep=0/0/1，救回率=0.00%，pair效率=0.00%。
  - 耗时拆解：packing=0.04s，main_topup=0.00s，retry=0.00s，failed_pool=0.00s，repack=0.00s，total=0.04s。
正在处理托盘类型：MH423C，销售订单号：LAMY16305FN01S
  - 主算法：全局列式装箱 + 柱级组合优化（GCP）。
  - 失败托盘互借诊断：未合并（no_target_or_single_plan）。
托盘类型 MH423C（销售订单号：LAMY16305FN01S）处理完成：总托盘 1，指数达标 0，未达标 1，平均缺口 170.00，最大缺口 170.00，失败托盘互借修复成功 0。
  - KPI：near/mid/deep=0/0/1，救回率=0.00%，pair效率=0.00%。
  - 耗时拆解：packing=0.02s，main_topup=0.00s，retry=0.00s，failed_pool=0.00s，repack=0.00s，total=0.02s。
正在处理托盘类型：MH423C，销售订单号：PAID16295BN01S
  - 主算法：全局列式装箱 + 柱级组合优化（GCP）。
  - 失败托盘互借诊断：未合并（no_target_or_single_plan）。
托盘类型 MH423C（销售订单号：PAID16295BN01S）处理完成：总托盘 1，指数达标 0，未达标 1，平均缺口 124.00，最大缺口 124.00，失败托盘互借修复成功 0。
  - KPI：near/mid/deep=0/0/1，救回率=0.00%，pair效率=0.00%。
  - 耗时拆解：packing=0.01s，main_topup=0.00s，retry=0.00s，failed_pool=0.00s，repack=0.00s，total=0.01s。
正在处理托盘类型：MH423C，销售订单号：PAID16296DN01S
  - 主算法：全局列式装箱 + 柱级组合优化（GCP）。
  - GCP 盘数远超理论（CP-SAT 装不满）→ 回退 baseline beam + 配方优先。
  - 配方优先[fast]：规划 0 实例，实装成功 0，配方路径不可用 → 采用基线方案。
  - 指数诊断：箱子 10 个，总指数 20，目标 192，理论最多达标托盘 0 个，剩余指数 20。
  - 几何诊断：典型整层堆叠单盘参考上限 20/192。 当前目标可能受托盘高度/箱型组合限制。
  - 几何不可达标记：典型整层上限 20 < 目标 192，救援优先压缩托盘数和填充率。
  - 失败托盘互借诊断：未合并（no_target_or_single_plan）。
托盘类型 MH423C（销售订单号：PAID16296DN01S）处理完成：总托盘 1，指数达标 0，未达标 1，平均缺口 172.00，最大缺口 172.00，失败托盘互借修复成功 0。
  - KPI：near/mid/deep=0/0/1，救回率=0.00%，pair效率=0.00%。
  - 耗时拆解：packing=0.02s，main_topup=0.00s，retry=0.00s，failed_pool=0.00s，repack=0.00s，total=0.11s。
正在处理托盘类型：MH423C，销售订单号：PAID16295EL05S
  - 该分组不适合列式（多非满柱）→ 回退 beam + 配方优先。
  - 配方优先[fast]：规划 0 实例，实装成功 0，配方路径不可用 → 采用基线方案。
  - 指数诊断：箱子 1 个，总指数 2，目标 192，理论最多达标托盘 0 个，剩余指数 2。
  - 几何诊断：典型整层堆叠单盘参考上限 2/192。 当前目标可能受托盘高度/箱型组合限制。
  - 几何不可达标记：典型整层上限 2 < 目标 192，救援优先压缩托盘数和填充率。
  - 失败托盘互借诊断：未合并（no_target_or_single_plan）。
托盘类型 MH423C（销售订单号：PAID16295EL05S）处理完成：总托盘 1，指数达标 0，未达标 1，平均缺口 190.00，最大缺口 190.00，失败托盘互借修复成功 0。
  - KPI：near/mid/deep=0/0/1，救回率=0.00%，pair效率=0.00%。
  - 耗时拆解：packing=0.00s，main_topup=0.00s，retry=0.00s，failed_pool=0.00s，repack=0.00s，total=0.00s。
正在处理托盘类型：MH423C，销售订单号：PAID16290FL03S
  - 该分组不适合列式（多非满柱）→ 回退 beam + 配方优先。
  - 配方优先[fast]：规划 0 实例，实装成功 0，配方路径不可用 → 采用基线方案。
  - 指数诊断：箱子 3 个，总指数 6，目标 192，理论最多达标托盘 0 个，剩余指数 6。
  - 几何诊断：典型整层堆叠单盘参考上限 6/192。 当前目标可能受托盘高度/箱型组合限制。
  - 几何不可达标记：典型整层上限 6 < 目标 192，救援优先压缩托盘数和填充率。
  - 失败托盘互借诊断：未合并（no_target_or_single_plan）。
托盘类型 MH423C（销售订单号：PAID16290FL03S）处理完成：总托盘 1，指数达标 0，未达标 1，平均缺口 186.00，最大缺口 186.00，失败托盘互借修复成功 0。
  - KPI：near/mid/deep=0/0/1，救回率=0.00%，pair效率=0.00%。
  - 耗时拆解：packing=0.00s，main_topup=0.00s，retry=0.00s，failed_pool=0.00s，repack=0.00s，total=0.01s。
正在处理托盘类型：MH423C，销售订单号：PAIN26290MN02S
  - 该分组不适合列式（多非满柱）→ 回退 beam + 配方优先。
  - 配方优先[fast]：规划 0 实例，实装成功 0，配方路径不可用 → 采用基线方案。
  - 指数诊断：箱子 56 个，总指数 88，目标 192，理论最多达标托盘 0 个，剩余指数 88。
  - 几何诊断：典型整层堆叠单盘参考上限 85/192。 当前目标可能受托盘高度/箱型组合限制。
  - 几何不可达标记：典型整层上限 85 < 目标 192，救援优先压缩托盘数和填充率。
  - 失败托盘互借诊断：未合并（no_target_or_single_plan）。
托盘类型 MH423C（销售订单号：PAIN26290MN02S）处理完成：总托盘 1，指数达标 0，未达标 1，平均缺口 104.00，最大缺口 104.00，失败托盘互借修复成功 0。
  - KPI：near/mid/deep=0/0/1，救回率=0.00%，pair效率=0.00%。
  - 耗时拆解：packing=1.80s，main_topup=0.00s，retry=0.00s，failed_pool=0.00s，repack=0.00s，total=1.80s。
正在处理托盘类型：MH423C，销售订单号：PAIN26290MN10S
  - 主算法：全局列式装箱 + 柱级组合优化（GCP）。
  - 失败托盘互借诊断：未合并（no_target_or_single_plan）。
托盘类型 MH423C（销售订单号：PAIN26290MN10S）处理完成：总托盘 1，指数达标 0，未达标 1，平均缺口 124.00，最大缺口 124.00，失败托盘互借修复成功 0。
  - KPI：near/mid/deep=0/0/1，救回率=0.00%，pair效率=0.00%。
  - 耗时拆解：packing=0.00s，main_topup=0.00s，retry=0.00s，failed_pool=0.00s，repack=0.00s，total=0.00s。
正在处理托盘类型：MH423C，销售订单号：PAIN26290MZ07S
  - 该分组不适合列式（多非满柱）→ 回退 beam + 配方优先。
  - 配方优先[fast]：规划 0 实例，实装成功 0，配方路径不可用 → 采用基线方案。
  - 指数诊断：箱子 72 个，总指数 210，目标 192，理论最多达标托盘 1 个，剩余指数 18。
  - 几何诊断：典型整层堆叠单盘参考上限 124/192。 当前目标可能受托盘高度/箱型组合限制。
  - 几何不可达标记：典型整层上限 124 < 目标 192，救援优先压缩托盘数和填充率。
  - 失败托盘互借诊断：未合并（aborted_no_improvement_possible）。
托盘类型 MH423C（销售订单号：PAIN26290MZ07S）处理完成：总托盘 2，指数达标 0，未达标 2，平均缺口 87.00，最大缺口 106.00，失败托盘互借修复成功 0。
  - KPI：near/mid/deep=0/0/2，救回率=0.00%，pair效率=0.00%。
  - 耗时拆解：packing=1.44s，main_topup=0.00s，retry=0.00s，failed_pool=0.00s，repack=2.35s，total=3.80s。
正在处理托盘类型：MH423C，销售订单号：PEG106290LN01S
  - 主算法：全局列式装箱 + 柱级组合优化（GCP）。
  - 失败托盘互借诊断：未合并（no_target_or_single_plan）。
托盘类型 MH423C（销售订单号：PEG106290LN01S）处理完成：总托盘 1，指数达标 0，未达标 1，平均缺口 76.00，最大缺口 76.00，失败托盘互借修复成功 0。
  - KPI：near/mid/deep=0/0/1，救回率=0.00%，pair效率=0.00%。
  - 耗时拆解：packing=0.00s，main_topup=0.00s，retry=0.00s，failed_pool=0.00s，repack=0.00s，total=0.00s。
正在处理托盘类型：MH423C，销售订单号：LAID16306DN02S
  - 主算法：全局列式装箱 + 柱级组合优化（GCP）。
  - 失败托盘互借诊断：未合并（no_target_or_single_plan）。
托盘类型 MH423C（销售订单号：LAID16306DN02S）处理完成：总托盘 1，指数达标 0，未达标 1，平均缺口 116.00，最大缺口 116.00，失败托盘互借修复成功 0。
  - KPI：near/mid/deep=0/0/1，救回率=0.00%，pair效率=0.00%。
  - 耗时拆解：packing=0.00s，main_topup=0.00s，retry=0.00s，failed_pool=0.00s，repack=0.00s，total=0.00s。
正在处理托盘类型：MH423C，销售订单号：LAID16306DN02S__SPLITREST__
  - 该分组不适合列式（多非满柱）→ 回退 beam + 配方优先。
  - 配方优先[fast]：规划 0 实例，实装成功 0，配方路径不可用 → 采用基线方案。
  - 指数诊断：箱子 2 个，总指数 4，目标 192，理论最多达标托盘 0 个，剩余指数 4。
  - 几何诊断：典型整层堆叠单盘参考上限 4/192。 当前目标可能受托盘高度/箱型组合限制。
  - 几何不可达标记：典型整层上限 4 < 目标 192，救援优先压缩托盘数和填充率。
  - 失败托盘互借诊断：未合并（no_target_or_single_plan）。
托盘类型 MH423C（销售订单号：LAID16306DN02S__SPLITREST__）处理完成：总托盘 1，指数达标 0，未达标 1，平均缺口 188.00，最大缺口 188.00，失败托盘互借修复成功 0。
  - KPI：near/mid/deep=0/0/1，救回率=0.00%，pair效率=0.00%。
  - 耗时拆解：packing=0.00s，main_topup=0.00s，retry=0.00s，failed_pool=0.00s，repack=0.00s，total=0.00s。
正在处理托盘类型：MH423C，销售订单号：PAIN26280MZ06S
  - 主算法：全局列式装箱 + 柱级组合优化（GCP）。
  - 失败托盘互借诊断：未合并（no_target_or_single_plan）。
托盘类型 MH423C（销售订单号：PAIN26280MZ06S）处理完成：总托盘 1，指数达标 0，未达标 1，平均缺口 18.00，最大缺口 18.00，失败托盘互借修复成功 0。
  - KPI：near/mid/deep=0/1/0，救回率=0.00%，pair效率=0.00%。
  - 耗时拆解：packing=1.75s，main_topup=0.00s，retry=0.00s，failed_pool=0.00s，repack=0.00s，total=1.75s。
正在处理托盘类型：MH423C，销售订单号：PAIN26280BN01S
  - 主算法：全局列式装箱 + 柱级组合优化（GCP）。
  - 失败托盘互借诊断：未合并（no_target_or_single_plan）。
托盘类型 MH423C（销售订单号：PAIN26280BN01S）处理完成：总托盘 1，指数达标 0，未达标 1，平均缺口 148.00，最大缺口 148.00，失败托盘互借修复成功 0。
  - KPI：near/mid/deep=0/0/1，救回率=0.00%，pair效率=0.00%。
  - 耗时拆解：packing=0.07s，main_topup=0.00s，retry=0.00s，failed_pool=0.00s，repack=0.00s，total=0.07s。
正在处理托盘类型：MH423C，销售订单号：PAID16300FN01S
  - 该分组不适合列式（多非满柱）→ 回退 beam + 配方优先。
  - 配方优先[fast]：规划 0 实例，实装成功 0，配方路径不可用 → 采用基线方案。
  - 指数诊断：箱子 1 个，总指数 4，目标 192，理论最多达标托盘 0 个，剩余指数 4。
  - 几何诊断：典型整层堆叠单盘参考上限 4/192。 当前目标可能受托盘高度/箱型组合限制。
  - 几何不可达标记：典型整层上限 4 < 目标 192，救援优先压缩托盘数和填充率。
  - 失败托盘互借诊断：未合并（no_target_or_single_plan）。
托盘类型 MH423C（销售订单号：PAID16300FN01S）处理完成：总托盘 1，指数达标 0，未达标 1，平均缺口 188.00，最大缺口 188.00，失败托盘互借修复成功 0。
  - KPI：near/mid/deep=0/0/1，救回率=0.00%，pair效率=0.00%。
  - 耗时拆解：packing=0.00s，main_topup=0.00s，retry=0.00s，failed_pool=0.00s，repack=0.00s，total=0.00s。
正在处理托盘类型：MH423C，销售订单号：LAID16306DN03S
  - 主算法：全局列式装箱 + 柱级组合优化（GCP）。
  - 失败托盘互借诊断：未合并（no_target_or_single_plan）。
托盘类型 MH423C（销售订单号：LAID16306DN03S）处理完成：总托盘 1，指数达标 0，未达标 1，平均缺口 132.00，最大缺口 132.00，失败托盘互借修复成功 0。
  - KPI：near/mid/deep=0/0/1，救回率=0.00%，pair效率=0.00%。
  - 耗时拆解：packing=0.03s，main_topup=0.00s，retry=0.00s，failed_pool=0.00s，repack=0.00s，total=0.03s。
正在处理托盘类型：MH423C，销售订单号：LAID16306DN03S__SPLITREST__
  - 该分组不适合列式（多非满柱）→ 回退 beam + 配方优先。
  - 配方优先[fast]：规划 0 实例，实装成功 0，配方路径不可用 → 采用基线方案。
  - 指数诊断：箱子 2 个，总指数 4，目标 192，理论最多达标托盘 0 个，剩余指数 4。
  - 几何诊断：典型整层堆叠单盘参考上限 4/192。 当前目标可能受托盘高度/箱型组合限制。
  - 几何不可达标记：典型整层上限 4 < 目标 192，救援优先压缩托盘数和填充率。
  - 失败托盘互借诊断：未合并（no_target_or_single_plan）。
托盘类型 MH423C（销售订单号：LAID16306DN03S__SPLITREST__）处理完成：总托盘 1，指数达标 0，未达标 1，平均缺口 188.00，最大缺口 188.00，失败托盘互借修复成功 0。
  - KPI：near/mid/deep=0/0/1，救回率=0.00%，pair效率=0.00%。
  - 耗时拆解：packing=0.00s，main_topup=0.00s，retry=0.00s，failed_pool=0.00s，repack=0.00s，total=0.01s。
正在处理托盘类型：MH423C，销售订单号：PAID16306DN01S
  - 主算法：全局列式装箱 + 柱级组合优化（GCP）。
  - 失败托盘互借诊断：未合并（no_target_or_single_plan）。
托盘类型 MH423C（销售订单号：PAID16306DN01S）处理完成：总托盘 1，指数达标 0，未达标 1，平均缺口 156.00，最大缺口 156.00，失败托盘互借修复成功 0。
  - KPI：near/mid/deep=0/0/1，救回率=0.00%，pair效率=0.00%。
  - 耗时拆解：packing=0.11s，main_topup=0.00s，retry=0.00s，failed_pool=0.00s，repack=0.00s，total=0.11s。
正在处理托盘类型：MH423C，销售订单号：PAID16295BD02S
  - 主算法：全局列式装箱 + 柱级组合优化（GCP）。
  - 失败托盘互借诊断：未合并（no_target_or_single_plan）。
托盘类型 MH423C（销售订单号：PAID16295BD02S）处理完成：总托盘 1，指数达标 0，未达标 1，平均缺口 156.00，最大缺口 156.00，失败托盘互借修复成功 0。
  - KPI：near/mid/deep=0/0/1，救回率=0.00%，pair效率=0.00%。
  - 耗时拆解：packing=0.05s，main_topup=0.00s，retry=0.00s，failed_pool=0.00s，repack=0.00s，total=0.05s。
正在处理托盘类型：MH423C，销售订单号：PAID16305BN01S
  - 该分组不适合列式（多非满柱）→ 回退 beam + 配方优先。
  - 配方优先[fast]：规划 0 实例，实装成功 0，配方路径不可用 → 采用基线方案。
  - 指数诊断：箱子 2 个，总指数 4，目标 192，理论最多达标托盘 0 个，剩余指数 4。
  - 几何诊断：典型整层堆叠单盘参考上限 4/192。 当前目标可能受托盘高度/箱型组合限制。
  - 几何不可达标记：典型整层上限 4 < 目标 192，救援优先压缩托盘数和填充率。
  - 失败托盘互借诊断：未合并（no_target_or_single_plan）。
托盘类型 MH423C（销售订单号：PAID16305BN01S）处理完成：总托盘 1，指数达标 0，未达标 1，平均缺口 188.00，最大缺口 188.00，失败托盘互借修复成功 0。
  - KPI：near/mid/deep=0/0/1，救回率=0.00%，pair效率=0.00%。
  - 耗时拆解：packing=0.00s，main_topup=0.00s，retry=0.00s，failed_pool=0.00s，repack=0.00s，total=0.01s。
  - 失败盘装满压实：合并/吸收 1 次（纯减盘数）。
  - 跨子组装满压实（MH423C / LAID16306DN01S）：合并 1 次（纯减盘数）。
  - 失败盘装满压实：合并/吸收 1 次（纯减盘数）。
  - 跨子组装满压实（MH423C / LAID16296DN01S）：合并 1 次（纯减盘数）。
  - 失败盘装满压实：合并/吸收 2 次（纯减盘数）。
  - 跨子组装满压实（MH423C / LAID16285EN01S__CASEGROUP__1）：合并 2 次（纯减盘数）。
  - 失败盘装满压实：合并/吸收 1 次（纯减盘数）。
  - 跨子组装满压实（MH423C / PAIN26286EN01S）：合并 1 次（纯减盘数）。
  - 失败盘装满压实：合并/吸收 1 次（纯减盘数）。
  - 跨子组装满压实（MH423C / LFEG16290IN03S）：合并 1 次（纯减盘数）。
  - 失败盘装满压实：合并/吸收 1 次（纯减盘数）。
  - 跨子组装满压实（MH423C / LAID16295EN02S）：合并 1 次（纯减盘数）。
  - 失败盘装满压实：合并/吸收 1 次（纯减盘数）。
  - 跨子组装满压实（MH423C / LAMY16315FN01S）：合并 1 次（纯减盘数）。
  - 失败盘装满压实：合并/吸收 1 次（纯减盘数）。
  - 跨子组装满压实（MH423C / LAID16305BN01S）：合并 1 次（纯减盘数）。
  - 失败盘装满压实：合并/吸收 1 次（纯减盘数）。
  - 跨子组装满压实（MH423C / LAID16295EN01S__CASEGROUP__1）：合并 1 次（纯减盘数）。
  - 失败盘装满压实：合并/吸收 1 次（纯减盘数）。
  - 跨子组装满压实（MH423C / LAID16306DN02S）：合并 1 次（纯减盘数）。
  - 失败盘装满压实：合并/吸收 1 次（纯减盘数）。
  - 跨子组装满压实（MH423C / LAID16306DN03S）：合并 1 次（纯减盘数）。
========================================
统计汇总：总托盘 90，指数达标 1，未达标 89，未知 0，平均缺口 134.25，最大缺口 191.50，失败托盘互借修复成功 0
KPI汇总：near/mid/deep=2/4/83，pair尝试=0，pair改进=0，pair效率=0.00%
耗时汇总：packing=24.49s，main_topup=0.08s，retry=0.00s，repack=26.98s，end_to_end=80.01s
========================================
[WCS-装] SUCCESS 产品码 48 个，DB 更新达标 48 行；FAILED 盘 89 个保持未达标。
[WCS-装] 本轮结束；等待下一次「新插入」再开算。
[WCS-装] 装箱报告已保存：E:\Homework\AA装箱\A装箱和可视化\zhuang\packing-workspace\output\packing_plan_20260720_164747.json
[WCS-装] 接口 2 发送体已保存：E:\Homework\AA装箱\A装箱和可视化\zhuang\packing-workspace\output\wcs_plan_20260720_164747.json（90 个 case）
[WCS-装] 已跳过接口 2 推送（仅本地保存）。
[UI-RESULT] E:\Homework\AA装箱\A装箱和可视化\zhuang\packing-workspace\output\packing_plan_20260720_164747.json
[WCS-装] 等待数据库新插入（有新 product_code 才开算）…
============================================================
[WCS-拉] 20260720_165102：拉取接口 1 …
[WCS-拉] 原始响应已保存：E:\Homework\AA装箱\A装箱和可视化\zhuang\packing-workspace\input\raw\20260720_165102.json
[WCS-拉] 已剔除 case_type≠MH423C 的品类 67 条（类型：['WR246']），保留 2004 条。
[WCS-DB] product_code 已存在、跳过 1993 条
[WCS-拉] 落库完成：候选 2004 条，新插入 11 条（新行 up_to_standard=0）。
[WCS-拉] 有新插入 → 唤醒装箱线程。
[WCS] 已加载 BMS 参考表：E:\Homework\AA装箱\A装箱和可视化\zhuang\packing-workspace\data\selected_5000_boxes_9_1_concentrated_3orders.xlsx
============================================================
[WCS-装] 20260720_165108：未达标行 2200 条，开始装箱 …
[WCS-装] 展开为 2200 个箱子。
数据预处理和箱子分组完成（按托盘类型+销售订单号）。
----------------------------------------
  - 组内子聚类：19 个混合订单拆出规则子集走 GCP、杂箱走 baseline。
正在处理托盘类型：MH423C，销售订单号：LAID16285EN01S
  - 主算法：全局列式装箱 + 柱级组合优化（GCP）。
  - 失败托盘互借诊断：未合并（no_target_or_single_plan）。
托盘类型 MH423C（销售订单号：LAID16285EN01S）处理完成：总托盘 1，指数达标 0，未达标 1，平均缺口 136.00，最大缺口 136.00，失败托盘互借修复成功 0。
  - KPI：near/mid/deep=0/0/1，救回率=0.00%，pair效率=0.00%。
  - 耗时拆解：packing=0.02s，main_topup=0.00s，retry=0.00s，failed_pool=0.00s，repack=0.00s，total=0.02s。
正在处理托盘类型：MH423C，销售订单号：LAID16285EN01S__SPLITREST__
  - 该分组不适合列式（多非满柱）→ 回退 beam + 配方优先。
  - 配方优先[fast]：规划 0 实例，实装成功 0，配方路径不可用 → 采用基线方案。
  - 指数诊断：箱子 4 个，总指数 9.5，目标 192，理论最多达标托盘 0 个，剩余指数 9.5。
  - 几何诊断：典型整层堆叠单盘参考上限 9.5/192。 当前目标可能受托盘高度/箱型组合限制。
  - 几何不可达标记：典型整层上限 9.5 < 目标 192，救援优先压缩托盘数和填充率。
  - 失败托盘互借诊断：未合并（no_target_or_single_plan）。
托盘类型 MH423C（销售订单号：LAID16285EN01S__SPLITREST__）处理完成：总托盘 1，指数达标 0，未达标 1，平均缺口 182.50，最大缺口 182.50，失败托盘互借修复成功 0。
  - KPI：near/mid/deep=0/0/1，救回率=0.00%，pair效率=0.00%。
  - 耗时拆解：packing=0.01s，main_topup=0.00s，retry=0.00s，failed_pool=0.00s，repack=0.00s，total=0.02s。
正在处理托盘类型：MH423C，销售订单号：LAID16286DN02S
  - 该分组不适合列式（多非满柱）→ 回退 beam + 配方优先。
  - 配方优先[fast]：规划 0 实例，实装成功 0，配方路径不可用 → 采用基线方案。
  - 指数诊断：箱子 1 个，总指数 0.5，目标 192，理论最多达标托盘 0 个，剩余指数 0.5。
  - 几何诊断：典型整层堆叠单盘参考上限 0.5/192。 当前目标可能受托盘高度/箱型组合限制。
  - 几何不可达标记：典型整层上限 0.5 < 目标 192，救援优先压缩托盘数和填充率。
  - 失败托盘互借诊断：未合并（no_target_or_single_plan）。
托盘类型 MH423C（销售订单号：LAID16286DN02S）处理完成：总托盘 1，指数达标 0，未达标 1，平均缺口 191.50，最大缺口 191.50，失败托盘互借修复成功 0。
  - KPI：near/mid/deep=0/0/1，救回率=0.00%，pair效率=0.00%。
  - 耗时拆解：packing=0.00s，main_topup=0.00s，retry=0.00s，failed_pool=0.00s，repack=0.00s，total=0.00s。
正在处理托盘类型：MH423C，销售订单号：PAIN26280MN08S
  - 主算法：全局列式装箱 + 柱级组合优化（GCP）。
  - 失败托盘互借诊断：未合并（no_target_or_single_plan）。
托盘类型 MH423C（销售订单号：PAIN26280MN08S）处理完成：总托盘 1，指数达标 0，未达标 1，平均缺口 105.00，最大缺口 105.00，失败托盘互借修复成功 0。
  - KPI：near/mid/deep=0/0/1，救回率=0.00%，pair效率=0.00%。
  - 耗时拆解：packing=0.00s，main_topup=0.00s，retry=0.00s，failed_pool=0.00s，repack=0.00s，total=0.00s。
正在处理托盘类型：MH423C，销售订单号：PAIN26280MN01S
  - 该分组不适合列式（多非满柱）→ 回退 beam + 配方优先。
  - 配方优先[fast]：规划 0 实例，实装成功 0，配方路径不可用 → 采用基线方案。
  - 指数诊断：箱子 3 个，总指数 6，目标 192，理论最多达标托盘 0 个，剩余指数 6。
  - 几何诊断：典型整层堆叠单盘参考上限 6/192。 当前目标可能受托盘高度/箱型组合限制。
  - 几何不可达标记：典型整层上限 6 < 目标 192，救援优先压缩托盘数和填充率。
  - 失败托盘互借诊断：未合并（no_target_or_single_plan）。
托盘类型 MH423C（销售订单号：PAIN26280MN01S）处理完成：总托盘 1，指数达标 0，未达标 1，平均缺口 186.00，最大缺口 186.00，失败托盘互借修复成功 0。
  - KPI：near/mid/deep=0/0/1，救回率=0.00%，pair效率=0.00%。
  - 耗时拆解：packing=0.00s，main_topup=0.00s，retry=0.00s，failed_pool=0.00s，repack=0.00s，total=0.01s。
正在处理托盘类型：MH423C，销售订单号：LAID16306DN01S
  - 主算法：全局列式装箱 + 柱级组合优化（GCP）。
  - 失败托盘互借诊断：未合并（aborted_no_improvement_possible）。
托盘类型 MH423C（销售订单号：LAID16306DN01S）处理完成：总托盘 2，指数达标 0，未达标 2，平均缺口 90.00，最大缺口 168.00，失败托盘互借修复成功 0。
  - KPI：near/mid/deep=0/1/1，救回率=0.00%，pair效率=0.00%。
  - 耗时拆解：packing=0.02s，main_topup=0.00s，retry=0.00s，failed_pool=0.00s，repack=1.20s，total=1.22s。
正在处理托盘类型：MH423C，销售订单号：LAID16306DN01S__SPLITREST__
  - 该分组不适合列式（多非满柱）→ 回退 beam + 配方优先。
  - 托盘 MH423C-LAID16306DN01S__SPLITREST__-1 未找到可行装箱方案，启用剩余箱子守恒兜底。
  - 配方优先[fast]：规划 0 实例，实装成功 0，配方路径不可用 → 采用基线方案。
  - 指数诊断：箱子 5 个，总指数 5.5，目标 192，理论最多达标托盘 0 个，剩余指数 5.5。
  - 几何诊断：典型整层堆叠单盘参考上限 5.5/192。 当前目标可能受托盘高度/箱型组合限制。
  - 几何不可达标记：典型整层上限 5.5 < 目标 192，救援优先压缩托盘数和填充率。
  - 失败盘装满压实：合并/吸收 1 次（纯减盘数）。
  - 失败托盘互借诊断：未合并（aborted_no_improvement_possible）。
托盘类型 MH423C（销售订单号：LAID16306DN01S__SPLITREST__）处理完成：总托盘 1，指数达标 0，未达标 1，平均缺口 186.50，最大缺口 186.50，失败托盘互借修复成功 0。
  - KPI：near/mid/deep=0/0/1，救回率=0.00%，pair效率=0.00%。
  - 耗时拆解：packing=0.01s，main_topup=0.00s，retry=0.00s，failed_pool=0.00s，repack=0.03s，total=0.07s。
正在处理托盘类型：MH423C，销售订单号：LAID16296DN01S
  - 主算法：全局列式装箱 + 柱级组合优化（GCP）。
  - 失败托盘互借诊断：未合并（aborted_no_improvement_possible）。
托盘类型 MH423C（销售订单号：LAID16296DN01S）处理完成：总托盘 2，指数达标 0，未达标 2，平均缺口 163.75，最大缺口 188.00，失败托盘互借修复成功 0。
  - KPI：near/mid/deep=0/0/2，救回率=0.00%，pair效率=0.00%。
  - 耗时拆解：packing=0.06s，main_topup=0.00s，retry=0.00s，failed_pool=0.00s，repack=0.11s，total=0.18s。
正在处理托盘类型：MH423C，销售订单号：LAID16296DN01S__SPLITREST__
  - 该分组不适合列式（多非满柱）→ 回退 beam + 配方优先。
  - 配方优先[fast]：规划 0 实例，实装成功 0，配方路径不可用 → 采用基线方案。
  - 指数诊断：箱子 4 个，总指数 8，目标 192，理论最多达标托盘 0 个，剩余指数 8。
  - 几何诊断：典型整层堆叠单盘参考上限 8/192。 当前目标可能受托盘高度/箱型组合限制。
  - 几何不可达标记：典型整层上限 8 < 目标 192，救援优先压缩托盘数和填充率。
  - 失败托盘互借诊断：未合并（no_target_or_single_plan）。
托盘类型 MH423C（销售订单号：LAID16296DN01S__SPLITREST__）处理完成：总托盘 1，指数达标 0，未达标 1，平均缺口 184.00，最大缺口 184.00，失败托盘互借修复成功 0。
  - KPI：near/mid/deep=0/0/1，救回率=0.00%，pair效率=0.00%。
  - 耗时拆解：packing=0.00s，main_topup=0.00s，retry=0.00s，failed_pool=0.00s，repack=0.00s，total=0.02s。
正在处理托盘类型：MH423C，销售订单号：LAID16296DN02S
  - 主算法：全局列式装箱 + 柱级组合优化（GCP）。
  - GCP 盘数远超理论（CP-SAT 装不满）→ 回退 baseline beam + 配方优先。
  - 托盘 MH423C-LAID16296DN02S-2 未找到可行装箱方案，启用剩余箱子守恒兜底。
  - 配方优先[fast]：规划 0 实例，实装成功 0，配方路径不可用 → 采用基线方案。
  - 指数诊断：箱子 34 个，总指数 117.5，目标 192，理论最多达标托盘 0 个，剩余指数 117.5。
  - 几何诊断：典型整层堆叠单盘参考上限 97/192。 当前目标可能受托盘高度/箱型组合限制。
  - 几何不可达标记：典型整层上限 97 < 目标 192，救援优先压缩托盘数和填充率。
  - 失败盘装满压实：合并/吸收 1 次（纯减盘数）。
  - 失败托盘互借诊断：未合并（aborted_no_improvement_possible）。
托盘类型 MH423C（销售订单号：LAID16296DN02S）处理完成：总托盘 2，指数达标 0，未达标 2，平均缺口 133.25，最大缺口 189.50，失败托盘互借修复成功 0。
  - KPI：near/mid/deep=0/0/2，救回率=0.00%，pair效率=0.00%。
  - 耗时拆解：packing=0.18s，main_topup=0.00s，retry=0.00s，failed_pool=0.00s，repack=0.32s，total=1.19s。
正在处理托盘类型：MH423C，销售订单号：LAID16296DN02S__SPLITREST__
  - 该分组不适合列式（多非满柱）→ 回退 beam + 配方优先。
  - 配方优先[fast]：规划 0 实例，实装成功 0，配方路径不可用 → 采用基线方案。
  - 指数诊断：箱子 3 个，总指数 5，目标 192，理论最多达标托盘 0 个，剩余指数 5。
  - 几何诊断：典型整层堆叠单盘参考上限 5/192。 当前目标可能受托盘高度/箱型组合限制。
  - 几何不可达标记：典型整层上限 5 < 目标 192，救援优先压缩托盘数和填充率。
  - 失败托盘互借诊断：未合并（no_target_or_single_plan）。
托盘类型 MH423C（销售订单号：LAID16296DN02S__SPLITREST__）处理完成：总托盘 1，指数达标 0，未达标 1，平均缺口 187.00，最大缺口 187.00，失败托盘互借修复成功 0。
  - KPI：near/mid/deep=0/0/1，救回率=0.00%，pair效率=0.00%。
  - 耗时拆解：packing=0.00s，main_topup=0.00s，retry=0.00s，failed_pool=0.00s，repack=0.00s，total=0.01s。
正在处理托盘类型：MH423C，销售订单号：LAID16296DN03S
  - 主算法：全局列式装箱 + 柱级组合优化（GCP）。
  - 失败托盘互借诊断：未合并（no_target_or_single_plan）。
托盘类型 MH423C（销售订单号：LAID16296DN03S）处理完成：总托盘 1，指数达标 0，未达标 1，平均缺口 145.00，最大缺口 145.00，失败托盘互借修复成功 0。
  - KPI：near/mid/deep=0/0/1，救回率=0.00%，pair效率=0.00%。
  - 耗时拆解：packing=0.28s，main_topup=0.00s，retry=0.00s，failed_pool=0.00s，repack=0.00s，total=0.28s。
正在处理托盘类型：MH423C，销售订单号：LAID16285EN01S__CASEGROUP__1
  - 主算法：全局列式装箱 + 柱级组合优化（GCP）。
  - 失败托盘互借诊断：未合并（aborted_no_improvement_possible）。
托盘类型 MH423C（销售订单号：LAID16285EN01S__CASEGROUP__1）处理完成：总托盘 2，指数达标 0，未达标 2，平均缺口 170.50，最大缺口 190.00，失败托盘互借修复成功 0。
  - KPI：near/mid/deep=0/0/2，救回率=0.00%，pair效率=0.00%。
  - 耗时拆解：packing=0.69s，main_topup=0.00s，retry=0.00s，failed_pool=0.00s，repack=1.09s，total=1.78s。
正在处理托盘类型：MH423C，销售订单号：LAID16285EN01S__CASEGROUP__1__SPLITREST__
  - 该分组不适合列式（多非满柱）→ 回退 beam + 配方优先。
  - 配方优先[fast]：规划 0 实例，实装成功 0，配方路径不可用 → 采用基线方案。
  - 指数诊断：箱子 2 个，总指数 3，目标 192，理论最多达标托盘 0 个，剩余指数 3。
  - 几何诊断：典型整层堆叠单盘参考上限 3/192。 当前目标可能受托盘高度/箱型组合限制。
  - 几何不可达标记：典型整层上限 3 < 目标 192，救援优先压缩托盘数和填充率。
  - 失败托盘互借诊断：未合并（no_target_or_single_plan）。
托盘类型 MH423C（销售订单号：LAID16285EN01S__CASEGROUP__1__SPLITREST__）处理完成：总托盘 1，指数达标 0，未达标 1，平均缺口 189.00，最大缺口 189.00，失败托盘互借修复成功 0。
  - KPI：near/mid/deep=0/0/1，救回率=0.00%，pair效率=0.00%。
  - 耗时拆解：packing=0.00s，main_topup=0.00s，retry=0.00s，failed_pool=0.00s，repack=0.00s，total=0.01s。
正在处理托盘类型：MH423C，销售订单号：PAIN26286EN01S
  - 主算法：全局列式装箱 + 柱级组合优化（GCP）。
  - 失败托盘互借诊断：未合并（no_target_or_single_plan）。
托盘类型 MH423C（销售订单号：PAIN26286EN01S）处理完成：总托盘 1，指数达标 0，未达标 1，平均缺口 84.00，最大缺口 84.00，失败托盘互借修复成功 0。
  - KPI：near/mid/deep=0/0/1，救回率=0.00%，pair效率=0.00%。
  - 耗时拆解：packing=0.00s，main_topup=0.00s，retry=0.00s，failed_pool=0.00s，repack=0.00s，total=0.00s。
正在处理托盘类型：MH423C，销售订单号：PAIN26286EN01S__SPLITREST__
  - 该分组不适合列式（多非满柱）→ 回退 beam + 配方优先。
  - 配方优先[fast]：规划 0 实例，实装成功 0，配方路径不可用 → 采用基线方案。
  - 指数诊断：箱子 2 个，总指数 8，目标 192，理论最多达标托盘 0 个，剩余指数 8。
  - 几何诊断：典型整层堆叠单盘参考上限 8/192。 当前目标可能受托盘高度/箱型组合限制。
  - 几何不可达标记：典型整层上限 8 < 目标 192，救援优先压缩托盘数和填充率。
  - 失败托盘互借诊断：未合并（no_target_or_single_plan）。
托盘类型 MH423C（销售订单号：PAIN26286EN01S__SPLITREST__）处理完成：总托盘 1，指数达标 0，未达标 1，平均缺口 184.00，最大缺口 184.00，失败托盘互借修复成功 0。
  - KPI：near/mid/deep=0/0/1，救回率=0.00%，pair效率=0.00%。
  - 耗时拆解：packing=0.00s，main_topup=0.00s，retry=0.00s，failed_pool=0.00s，repack=0.00s，total=0.00s。
正在处理托盘类型：MH423C，销售订单号：LFEG16290IN02S
  - 该分组不适合列式（多非满柱）→ 回退 beam + 配方优先。
  - 配方优先[fast]：规划 0 实例，实装成功 0，配方路径不可用 → 采用基线方案。
  - 指数诊断：箱子 63 个，总指数 109.5，目标 192，理论最多达标托盘 0 个，剩余指数 109.5。
  - 几何诊断：典型整层堆叠单盘参考上限 83/192。 当前目标可能受托盘高度/箱型组合限制。
  - 几何不可达标记：典型整层上限 83 < 目标 192，救援优先压缩托盘数和填充率。
  - 失败托盘互借诊断：未合并（aborted_no_improvement_possible）。
托盘类型 MH423C（销售订单号：LFEG16290IN02S）处理完成：总托盘 2，指数达标 0，未达标 2，平均缺口 137.25，最大缺口 191.50，失败托盘互借修复成功 0。
  - KPI：near/mid/deep=0/0/2，救回率=0.00%，pair效率=0.00%。
  - 耗时拆解：packing=0.90s，main_topup=0.01s，retry=0.00s，failed_pool=0.00s，repack=1.26s，total=4.30s。
正在处理托盘类型：MH423C，销售订单号：LAID16295BN02S
  - 主算法：全局列式装箱 + 柱级组合优化（GCP）。
  - 失败托盘互借诊断：未合并（aborted_no_improvement_possible）。
托盘类型 MH423C（销售订单号：LAID16295BN02S）处理完成：总托盘 2，指数达标 0，未达标 2，平均缺口 155.75，最大缺口 184.00，失败托盘互借修复成功 0。
  - KPI：near/mid/deep=0/0/2，救回率=0.00%，pair效率=0.00%。
  - 耗时拆解：packing=0.35s，main_topup=0.00s，retry=0.00s，failed_pool=0.00s，repack=0.68s，total=1.03s。
正在处理托盘类型：MH423C，销售订单号：LFEG16290IN03S
  - 主算法：全局列式装箱 + 柱级组合优化（GCP）。
  - GCP 盘数远超理论（CP-SAT 装不满）→ 回退 baseline beam + 配方优先。
  - 配方优先[fast]：规划 0 实例，实装成功 0，配方路径不可用 → 采用基线方案。
  - 指数诊断：箱子 88 个，总指数 157，目标 192，理论最多达标托盘 0 个，剩余指数 157。
  - 几何诊断：典型整层堆叠单盘参考上限 115/192。 当前目标可能受托盘高度/箱型组合限制。
  - 几何不可达标记：典型整层上限 115 < 目标 192，救援优先压缩托盘数和填充率。
  - 失败托盘互借诊断：未合并（aborted_no_improvement_possible）。
托盘类型 MH423C（销售订单号：LFEG16290IN03S）处理完成：总托盘 2，指数达标 0，未达标 2，平均缺口 113.50，最大缺口 174.50，失败托盘互借修复成功 0。
  - KPI：near/mid/deep=0/0/2，救回率=0.00%，pair效率=0.00%。
  - 耗时拆解：packing=5.30s，main_topup=0.00s，retry=0.00s，failed_pool=0.00s，repack=3.07s，total=10.29s。
正在处理托盘类型：MH423C，销售订单号：LFEG16290IN03S__SPLITREST__
  - 该分组不适合列式（多非满柱）→ 回退 beam + 配方优先。
  - 配方优先[fast]：规划 0 实例，实装成功 0，配方路径不可用 → 采用基线方案。
  - 指数诊断：箱子 19 个，总指数 21，目标 192，理论最多达标托盘 0 个，剩余指数 21。
  - 几何诊断：典型整层堆叠单盘参考上限 21/192。 当前目标可能受托盘高度/箱型组合限制。
  - 几何不可达标记：典型整层上限 21 < 目标 192，救援优先压缩托盘数和填充率。
  - 失败托盘互借诊断：未合并（no_target_or_single_plan）。
托盘类型 MH423C（销售订单号：LFEG16290IN03S__SPLITREST__）处理完成：总托盘 1，指数达标 0，未达标 1，平均缺口 171.00，最大缺口 171.00，失败托盘互借修复成功 0。
  - KPI：near/mid/deep=0/0/1，救回率=0.00%，pair效率=0.00%。
  - 耗时拆解：packing=0.15s，main_topup=0.00s，retry=0.00s，failed_pool=0.00s，repack=0.00s，total=0.15s。
正在处理托盘类型：MH423C，销售订单号：LAMY16295FN01S
  - 该分组不适合列式（多非满柱）→ 回退 beam + 配方优先。
  - 配方优先[fast]：规划 0 实例，实装成功 0，配方路径不可用 → 采用基线方案。
  - 指数诊断：箱子 26 个，总指数 86.5，目标 192，理论最多达标托盘 0 个，剩余指数 86.5。
  - 几何诊断：典型整层堆叠单盘参考上限 70/192。 当前目标可能受托盘高度/箱型组合限制。
  - 几何不可达标记：典型整层上限 70 < 目标 192，救援优先压缩托盘数和填充率。
  - 失败托盘互借诊断：未合并（no_target_or_single_plan）。
托盘类型 MH423C（销售订单号：LAMY16295FN01S）处理完成：总托盘 1，指数达标 0，未达标 1，平均缺口 105.50，最大缺口 105.50，失败托盘互借修复成功 0。
  - KPI：near/mid/deep=0/0/1，救回率=0.00%，pair效率=0.00%。
  - 耗时拆解：packing=0.24s，main_topup=0.00s，retry=0.00s，failed_pool=0.00s，repack=0.00s，total=0.24s。
正在处理托盘类型：MH423C，销售订单号：LFEG16300IN02S
  - 该分组不适合列式（多非满柱）→ 回退 beam + 配方优先。
  - 配方优先[fast]：规划 0 实例，实装成功 0，配方路径不可用 → 采用基线方案。
  - 指数诊断：箱子 4 个，总指数 8，目标 192，理论最多达标托盘 0 个，剩余指数 8。
  - 几何诊断：典型整层堆叠单盘参考上限 8/192。 当前目标可能受托盘高度/箱型组合限制。
  - 几何不可达标记：典型整层上限 8 < 目标 192，救援优先压缩托盘数和填充率。
  - 失败托盘互借诊断：未合并（no_target_or_single_plan）。
托盘类型 MH423C（销售订单号：LFEG16300IN02S）处理完成：总托盘 1，指数达标 0，未达标 1，平均缺口 184.00，最大缺口 184.00，失败托盘互借修复成功 0。
  - KPI：near/mid/deep=0/0/1，救回率=0.00%，pair效率=0.00%。
  - 耗时拆解：packing=0.00s，main_topup=0.00s，retry=0.00s，failed_pool=0.00s，repack=0.00s，total=0.02s。
正在处理托盘类型：MH423C，销售订单号：PAIN26290BN01S
  - 主算法：全局列式装箱 + 柱级组合优化（GCP）。
  - 失败托盘互借诊断：未合并（no_target_or_single_plan）。
托盘类型 MH423C（销售订单号：PAIN26290BN01S）处理完成：总托盘 1，指数达标 0，未达标 1，平均缺口 115.00，最大缺口 115.00，失败托盘互借修复成功 0。
  - KPI：near/mid/deep=0/0/1，救回率=0.00%，pair效率=0.00%。
  - 耗时拆解：packing=1.36s，main_topup=0.00s，retry=0.00s，failed_pool=0.00s，repack=0.00s，total=1.36s。
正在处理托盘类型：MH423C，销售订单号：PAIN26290BN01S__SPLITREST__
  - 该分组不适合列式（多非满柱）→ 回退 beam + 配方优先。
  - 配方优先[fast]：规划 0 实例，实装成功 0，配方路径不可用 → 采用基线方案。
  - 指数诊断：箱子 9 个，总指数 9，目标 192，理论最多达标托盘 0 个，剩余指数 9。
  - 几何诊断：典型整层堆叠单盘参考上限 9/192。 当前目标可能受托盘高度/箱型组合限制。
  - 几何不可达标记：典型整层上限 9 < 目标 192，救援优先压缩托盘数和填充率。
  - 失败托盘互借诊断：未合并（no_target_or_single_plan）。
托盘类型 MH423C（销售订单号：PAIN26290BN01S__SPLITREST__）处理完成：总托盘 1，指数达标 0，未达标 1，平均缺口 183.00，最大缺口 183.00，失败托盘互借修复成功 0。
  - KPI：near/mid/deep=0/0/1，救回率=0.00%，pair效率=0.00%。
  - 耗时拆解：packing=0.04s，main_topup=0.00s，retry=0.00s，failed_pool=0.00s，repack=0.00s，total=0.04s。
正在处理托盘类型：MH423C，销售订单号：PAIN26290BC02S
  - 主算法：全局列式装箱 + 柱级组合优化（GCP）。
  - 失败托盘互借诊断：未合并（no_target_or_single_plan）。
托盘类型 MH423C（销售订单号：PAIN26290BC02S）处理完成：总托盘 1，指数达标 0，未达标 1，平均缺口 80.00，最大缺口 80.00，失败托盘互借修复成功 0。
  - KPI：near/mid/deep=0/0/1，救回率=0.00%，pair效率=0.00%。
  - 耗时拆解：packing=0.01s，main_topup=0.00s，retry=0.00s，failed_pool=0.00s，repack=0.00s，total=0.01s。
正在处理托盘类型：MH423C，销售订单号：PAIN26290BC02S__SPLITREST__
  - 该分组不适合列式（多非满柱）→ 回退 beam + 配方优先。
  - 配方优先[fast]：规划 0 实例，实装成功 0，配方路径不可用 → 采用基线方案。
  - 指数诊断：箱子 2 个，总指数 1，目标 192，理论最多达标托盘 0 个，剩余指数 1。
  - 几何诊断：典型整层堆叠单盘参考上限 1/192。 当前目标可能受托盘高度/箱型组合限制。
  - 几何不可达标记：典型整层上限 1 < 目标 192，救援优先压缩托盘数和填充率。
  - 失败托盘互借诊断：未合并（no_target_or_single_plan）。
托盘类型 MH423C（销售订单号：PAIN26290BC02S__SPLITREST__）处理完成：总托盘 1，指数达标 0，未达标 1，平均缺口 191.00，最大缺口 191.00，失败托盘互借修复成功 0。
  - KPI：near/mid/deep=0/0/1，救回率=0.00%，pair效率=0.00%。
  - 耗时拆解：packing=0.00s，main_topup=0.00s，retry=0.00s，failed_pool=0.00s，repack=0.00s，total=0.01s。
正在处理托盘类型：MH423C，销售订单号：PAIN26290GN01S
  - 该分组不适合列式（多非满柱）→ 回退 beam + 配方优先。
  - 配方优先[fast]：规划 0 实例，实装成功 0，配方路径不可用 → 采用基线方案。
  - 指数诊断：箱子 51 个，总指数 78.5，目标 192，理论最多达标托盘 0 个，剩余指数 78.5。
  - 几何诊断：典型整层堆叠单盘参考上限 58/192。 当前目标可能受托盘高度/箱型组合限制。
  - 几何不可达标记：典型整层上限 58 < 目标 192，救援优先压缩托盘数和填充率。
  - 失败托盘互借诊断：未合并（aborted_no_improvement_possible）。
托盘类型 MH423C（销售订单号：PAIN26290GN01S）处理完成：总托盘 2，指数达标 0，未达标 2，平均缺口 152.75，最大缺口 189.00，失败托盘互借修复成功 0。
  - KPI：near/mid/deep=0/0/2，救回率=0.00%，pair效率=0.00%。
  - 耗时拆解：packing=0.54s，main_topup=0.01s，retry=0.00s，failed_pool=0.00s，repack=0.98s，total=3.04s。
正在处理托盘类型：MH423C，销售订单号：PEG126290LN01S
  - 主算法：全局列式装箱 + 柱级组合优化（GCP）。
  - 失败托盘互借诊断：未合并（no_target_or_single_plan）。
托盘类型 MH423C（销售订单号：PEG126290LN01S）处理完成：总托盘 1，指数达标 0，未达标 1，平均缺口 128.00，最大缺口 128.00，失败托盘互借修复成功 0。
  - KPI：near/mid/deep=0/0/1，救回率=0.00%，pair效率=0.00%。
  - 耗时拆解：packing=0.47s，main_topup=0.00s，retry=0.00s，failed_pool=0.00s，repack=0.00s，total=0.47s。
正在处理托盘类型：MH423C，销售订单号：PAIN26280GN01S
  - 该分组不适合列式（多非满柱）→ 回退 beam + 配方优先。
  - 配方优先[fast]：规划 0 实例，实装成功 0，配方路径不可用 → 采用基线方案。
  - 指数诊断：箱子 1 个，总指数 4，目标 192，理论最多达标托盘 0 个，剩余指数 4。
  - 几何诊断：典型整层堆叠单盘参考上限 4/192。 当前目标可能受托盘高度/箱型组合限制。
  - 几何不可达标记：典型整层上限 4 < 目标 192，救援优先压缩托盘数和填充率。
  - 失败托盘互借诊断：未合并（no_target_or_single_plan）。
托盘类型 MH423C（销售订单号：PAIN26280GN01S）处理完成：总托盘 1，指数达标 0，未达标 1，平均缺口 188.00，最大缺口 188.00，失败托盘互借修复成功 0。
  - KPI：near/mid/deep=0/0/1，救回率=0.00%，pair效率=0.00%。
  - 耗时拆解：packing=0.00s，main_topup=0.00s，retry=0.00s，failed_pool=0.00s，repack=0.00s，total=0.00s。
正在处理托盘类型：MH423C，销售订单号：LAID16295EN02S
  - 主算法：全局列式装箱 + 柱级组合优化（GCP）。
  - 失败托盘互借诊断：未合并（aborted_no_improvement_possible）。
托盘类型 MH423C（销售订单号：LAID16295EN02S）处理完成：总托盘 2，指数达标 0，未达标 2，平均缺口 95.50，最大缺口 175.00，失败托盘互借修复成功 0。
  - KPI：near/mid/deep=0/1/1，救回率=0.00%，pair效率=0.00%。
  - 耗时拆解：packing=2.28s，main_topup=0.00s，retry=0.00s，failed_pool=0.00s，repack=4.89s，total=7.17s。
正在处理托盘类型：MH423C，销售订单号：LAID16295EN02S__SPLITREST__
  - 该分组不适合列式（多非满柱）→ 回退 beam + 配方优先。
  - 配方优先[fast]：规划 0 实例，实装成功 0，配方路径不可用 → 采用基线方案。
  - 指数诊断：箱子 2 个，总指数 14，目标 192，理论最多达标托盘 0 个，剩余指数 14。
  - 几何诊断：典型整层堆叠单盘参考上限 14/192。 当前目标可能受托盘高度/箱型组合限制。
  - 几何不可达标记：典型整层上限 14 < 目标 192，救援优先压缩托盘数和填充率。
  - 失败托盘互借诊断：未合并（no_target_or_single_plan）。
托盘类型 MH423C（销售订单号：LAID16295EN02S__SPLITREST__）处理完成：总托盘 1，指数达标 0，未达标 1，平均缺口 178.00，最大缺口 178.00，失败托盘互借修复成功 0。
  - KPI：near/mid/deep=0/0/1，救回率=0.00%，pair效率=0.00%。
  - 耗时拆解：packing=0.00s，main_topup=0.00s，retry=0.00s，failed_pool=0.00s，repack=0.00s，total=0.01s。
正在处理托盘类型：MH423C，销售订单号：PAIN26280MN07S
  - 主算法：全局列式装箱 + 柱级组合优化（GCP）。
  - 失败托盘互借诊断：未合并（no_target_or_single_plan）。
托盘类型 MH423C（销售订单号：PAIN26280MN07S）处理完成：总托盘 1，指数达标 0，未达标 1，平均缺口 108.00，最大缺口 108.00，失败托盘互借修复成功 0。
  - KPI：near/mid/deep=0/0/1，救回率=0.00%，pair效率=0.00%。
  - 耗时拆解：packing=0.00s，main_topup=0.00s，retry=0.00s，failed_pool=0.00s，repack=0.00s，total=0.00s。
正在处理托盘类型：MH423C，销售订单号：PEG086250LN01S
  - 该分组不适合列式（多非满柱）→ 回退 beam + 配方优先。
  - 配方优先[fast]：规划 0 实例，实装成功 0，配方路径不可用 → 采用基线方案。
  - 指数诊断：箱子 1 个，总指数 4，目标 192，理论最多达标托盘 0 个，剩余指数 4。
  - 几何诊断：典型整层堆叠单盘参考上限 4/192。 当前目标可能受托盘高度/箱型组合限制。
  - 几何不可达标记：典型整层上限 4 < 目标 192，救援优先压缩托盘数和填充率。
  - 失败托盘互借诊断：未合并（no_target_or_single_plan）。
托盘类型 MH423C（销售订单号：PEG086250LN01S）处理完成：总托盘 1，指数达标 0，未达标 1，平均缺口 188.00，最大缺口 188.00，失败托盘互借修复成功 0。
  - KPI：near/mid/deep=0/0/1，救回率=0.00%，pair效率=0.00%。
  - 耗时拆解：packing=0.00s，main_topup=0.00s，retry=0.00s，failed_pool=0.00s，repack=0.00s，total=0.00s。
正在处理托盘类型：MH423C，销售订单号：LFEG16290IN01S
  - 主算法：全局列式装箱 + 柱级组合优化（GCP）。
  - 失败托盘互借诊断：未合并（no_target_or_single_plan）。
托盘类型 MH423C（销售订单号：LFEG16290IN01S）处理完成：总托盘 1，指数达标 0，未达标 1，平均缺口 67.00，最大缺口 67.00，失败托盘互借修复成功 0。
  - KPI：near/mid/deep=0/0/1，救回率=0.00%，pair效率=0.00%。
  - 耗时拆解：packing=0.01s，main_topup=0.00s，retry=0.00s，failed_pool=0.00s，repack=0.00s，total=0.01s。
正在处理托盘类型：MH423C，销售订单号：LFEG16290IN01S__SPLITREST__
  - 该分组不适合列式（多非满柱）→ 回退 beam + 配方优先。
  - 配方优先[fast]：规划 0 实例，实装成功 0，配方路径不可用 → 采用基线方案。
  - 指数诊断：箱子 3 个，总指数 8.5，目标 192，理论最多达标托盘 0 个，剩余指数 8.5。
  - 几何诊断：典型整层堆叠单盘参考上限 8.5/192。 当前目标可能受托盘高度/箱型组合限制。
  - 几何不可达标记：典型整层上限 8.5 < 目标 192，救援优先压缩托盘数和填充率。
  - 失败托盘互借诊断：未合并（no_target_or_single_plan）。
托盘类型 MH423C（销售订单号：LFEG16290IN01S__SPLITREST__）处理完成：总托盘 1，指数达标 0，未达标 1，平均缺口 183.50，最大缺口 183.50，失败托盘互借修复成功 0。
  - KPI：near/mid/deep=0/0/1，救回率=0.00%，pair效率=0.00%。
  - 耗时拆解：packing=0.00s，main_topup=0.00s，retry=0.00s，failed_pool=0.00s，repack=0.00s，total=0.01s。
正在处理托盘类型：MH423C，销售订单号：LAID16295EN01S
  - 主算法：全局列式装箱 + 柱级组合优化（GCP）。
  - GCP 盘数远超理论（CP-SAT 装不满）→ 回退 baseline beam + 配方优先。
  - 托盘 MH423C-LAID16295EN01S-2 未找到可行装箱方案，启用剩余箱子守恒兜底。
  - 配方优先[fast]：规划 0 实例，实装成功 0，配方路径不可用 → 采用基线方案。
  - 指数诊断：箱子 71 个，总指数 170.5，目标 192，理论最多达标托盘 0 个，剩余指数 170.5。
  - 几何诊断：典型整层堆叠单盘参考上限 125/192。 当前目标可能受托盘高度/箱型组合限制。
  - 几何不可达标记：典型整层上限 125 < 目标 192，救援优先压缩托盘数和填充率。
  - 失败盘装满压实：合并/吸收 1 次（纯减盘数）。
  - 失败托盘互借诊断：未合并（aborted_no_improvement_possible）。
托盘类型 MH423C（销售订单号：LAID16295EN01S）处理完成：总托盘 3，指数达标 0，未达标 3，平均缺口 135.17，最大缺口 189.50，失败托盘互借修复成功 0。
  - KPI：near/mid/deep=0/0/3，救回率=0.00%，pair效率=0.00%。
  - 耗时拆解：packing=1.38s，main_topup=0.02s，retry=0.00s，failed_pool=0.00s，repack=4.08s，total=10.75s。
正在处理托盘类型：MH423C，销售订单号：PAID16295EN06S
  - 主算法：全局列式装箱 + 柱级组合优化（GCP）。
  - GCP 盘数远超理论（CP-SAT 装不满）→ 回退 baseline beam + 配方优先。
  - 配方优先[fast]：规划 0 实例，实装成功 0，配方路径不可用 → 采用基线方案。
  - 指数诊断：箱子 66 个，总指数 189，目标 192，理论最多达标托盘 0 个，剩余指数 189。
  - 几何诊断：典型整层堆叠单盘参考上限 97/192。 当前目标可能受托盘高度/箱型组合限制。
  - 几何不可达标记：典型整层上限 97 < 目标 192，救援优先压缩托盘数和填充率。
  - 失败托盘互借诊断：未合并（less_than_2_consolidatable）。
托盘类型 MH423C（销售订单号：PAID16295EN06S）处理完成：总托盘 1，指数达标 0，未达标 1，平均缺口 3.00，最大缺口 3.00，失败托盘互借修复成功 0。
  - KPI：near/mid/deep=1/0/0，救回率=0.00%，pair效率=0.00%。
  - 耗时拆解：packing=0.99s，main_topup=0.01s，retry=0.00s，failed_pool=0.00s，repack=0.01s，total=4.02s。
正在处理托盘类型：MH423C，销售订单号：PAID16295EN06S__SPLITREST__
  - 该分组不适合列式（多非满柱）→ 回退 beam + 配方优先。
  - 配方优先[fast]：规划 0 实例，实装成功 0，配方路径不可用 → 采用基线方案。
  - 指数诊断：箱子 6 个，总指数 14.5，目标 192，理论最多达标托盘 0 个，剩余指数 14.5。
  - 几何诊断：典型整层堆叠单盘参考上限 14.5/192。 当前目标可能受托盘高度/箱型组合限制。
  - 几何不可达标记：典型整层上限 14.5 < 目标 192，救援优先压缩托盘数和填充率。
  - 失败托盘互借诊断：未合并（no_target_or_single_plan）。
托盘类型 MH423C（销售订单号：PAID16295EN06S__SPLITREST__）处理完成：总托盘 1，指数达标 0，未达标 1，平均缺口 177.50，最大缺口 177.50，失败托盘互借修复成功 0。
  - KPI：near/mid/deep=0/0/1，救回率=0.00%，pair效率=0.00%。
  - 耗时拆解：packing=0.02s，main_topup=0.00s，retry=0.00s，failed_pool=0.00s，repack=0.00s，total=0.02s。
正在处理托盘类型：MH423C，销售订单号：LAID16295BN01S
  - 主算法：全局列式装箱 + 柱级组合优化（GCP）。
  - 失败托盘互借诊断：未合并（no_target_or_single_plan）。
托盘类型 MH423C（销售订单号：LAID16295BN01S）处理完成：总托盘 1，指数达标 0，未达标 1，平均缺口 127.00，最大缺口 127.00，失败托盘互借修复成功 0。
  - KPI：near/mid/deep=0/0/1，救回率=0.00%，pair效率=0.00%。
  - 耗时拆解：packing=0.11s，main_topup=0.00s，retry=0.00s，failed_pool=0.00s，repack=0.00s，total=0.11s。
正在处理托盘类型：MH423C，销售订单号：LFEG16310IN02S
  - 该分组不适合列式（多非满柱）→ 回退 beam + 配方优先。
  - 配方优先[fast]：规划 0 实例，实装成功 0，配方路径不可用 → 采用基线方案。
  - 指数诊断：箱子 1 个，总指数 1，目标 192，理论最多达标托盘 0 个，剩余指数 1。
  - 几何诊断：典型整层堆叠单盘参考上限 1/192。 当前目标可能受托盘高度/箱型组合限制。
  - 几何不可达标记：典型整层上限 1 < 目标 192，救援优先压缩托盘数和填充率。
  - 失败托盘互借诊断：未合并（no_target_or_single_plan）。
托盘类型 MH423C（销售订单号：LFEG16310IN02S）处理完成：总托盘 1，指数达标 0，未达标 1，平均缺口 191.00，最大缺口 191.00，失败托盘互借修复成功 0。
  - KPI：near/mid/deep=0/0/1，救回率=0.00%，pair效率=0.00%。
  - 耗时拆解：packing=0.00s，main_topup=0.00s，retry=0.00s，failed_pool=0.00s，repack=0.00s，total=0.00s。
正在处理托盘类型：MH423C，销售订单号：LFEG16310IN01S
  - 该分组不适合列式（多非满柱）→ 回退 beam + 配方优先。
  - 配方优先[fast]：规划 0 实例，实装成功 0，配方路径不可用 → 采用基线方案。
  - 指数诊断：箱子 1 个，总指数 1，目标 192，理论最多达标托盘 0 个，剩余指数 1。
  - 几何诊断：典型整层堆叠单盘参考上限 1/192。 当前目标可能受托盘高度/箱型组合限制。
  - 几何不可达标记：典型整层上限 1 < 目标 192，救援优先压缩托盘数和填充率。
  - 失败托盘互借诊断：未合并（no_target_or_single_plan）。
托盘类型 MH423C（销售订单号：LFEG16310IN01S）处理完成：总托盘 1，指数达标 0，未达标 1，平均缺口 191.00，最大缺口 191.00，失败托盘互借修复成功 0。
  - KPI：near/mid/deep=0/0/1，救回率=0.00%，pair效率=0.00%。
  - 耗时拆解：packing=0.00s，main_topup=0.00s，retry=0.00s，failed_pool=0.00s，repack=0.00s，total=0.00s。
正在处理托盘类型：MH423C，销售订单号：PEG086300LN01S
  - 主算法：全局列式装箱 + 柱级组合优化（GCP）。
  - 失败托盘互借诊断：未合并（no_target_or_single_plan）。
托盘类型 MH423C（销售订单号：PEG086300LN01S）处理完成：总托盘 1，指数达标 0，未达标 1，平均缺口 76.00，最大缺口 76.00，失败托盘互借修复成功 0。
  - KPI：near/mid/deep=0/0/1，救回率=0.00%，pair效率=0.00%。
  - 耗时拆解：packing=0.01s，main_topup=0.00s，retry=0.00s，failed_pool=0.00s，repack=0.00s，total=0.01s。
正在处理托盘类型：MH423C，销售订单号：PAID162808N01S
  - 该分组不适合列式（多非满柱）→ 回退 beam + 配方优先。
  - 配方优先[fast]：规划 0 实例，实装成功 0，配方路径不可用 → 采用基线方案。
  - 指数诊断：箱子 12 个，总指数 20.5，目标 192，理论最多达标托盘 0 个，剩余指数 20.5。
  - 几何诊断：典型整层堆叠单盘参考上限 20.5/192。 当前目标可能受托盘高度/箱型组合限制。
  - 几何不可达标记：典型整层上限 20.5 < 目标 192，救援优先压缩托盘数和填充率。
  - 失败托盘互借诊断：未合并（no_target_or_single_plan）。
托盘类型 MH423C（销售订单号：PAID162808N01S）处理完成：总托盘 1，指数达标 0，未达标 1，平均缺口 171.50，最大缺口 171.50，失败托盘互借修复成功 0。
  - KPI：near/mid/deep=0/0/1，救回率=0.00%，pair效率=0.00%。
  - 耗时拆解：packing=0.03s，main_topup=0.00s，retry=0.00s，failed_pool=0.00s，repack=0.01s，total=0.12s。
正在处理托盘类型：MH423C，销售订单号：PAID16290FN01S
  - 主算法：全局列式装箱 + 柱级组合优化（GCP）。
  - GCP 盘数远超理论（CP-SAT 装不满）→ 回退 baseline beam + 配方优先。
  - 配方优先[fast]：规划 0 实例，实装成功 0，配方路径不可用 → 采用基线方案。
  - 指数诊断：箱子 7 个，总指数 19，目标 192，理论最多达标托盘 0 个，剩余指数 19。
  - 几何诊断：典型整层堆叠单盘参考上限 18/192。 当前目标可能受托盘高度/箱型组合限制。
  - 几何不可达标记：典型整层上限 18 < 目标 192，救援优先压缩托盘数和填充率。
  - 失败托盘互借诊断：未合并（no_target_or_single_plan）。
托盘类型 MH423C（销售订单号：PAID16290FN01S）处理完成：总托盘 1，指数达标 0，未达标 1，平均缺口 173.00，最大缺口 173.00，失败托盘互借修复成功 0。
  - KPI：near/mid/deep=0/0/1，救回率=0.00%，pair效率=0.00%。
  - 耗时拆解：packing=0.01s，main_topup=0.00s，retry=0.00s，failed_pool=0.00s，repack=0.00s，total=0.06s。
正在处理托盘类型：MH423C，销售订单号：PAID16290FN01S__SPLITREST__
  - 该分组不适合列式（多非满柱）→ 回退 beam + 配方优先。
  - 配方优先[fast]：规划 0 实例，实装成功 0，配方路径不可用 → 采用基线方案。
  - 指数诊断：箱子 1 个，总指数 0.5，目标 192，理论最多达标托盘 0 个，剩余指数 0.5。
  - 几何诊断：典型整层堆叠单盘参考上限 0.5/192。 当前目标可能受托盘高度/箱型组合限制。
  - 几何不可达标记：典型整层上限 0.5 < 目标 192，救援优先压缩托盘数和填充率。
  - 失败托盘互借诊断：未合并（no_target_or_single_plan）。
托盘类型 MH423C（销售订单号：PAID16290FN01S__SPLITREST__）处理完成：总托盘 1，指数达标 0，未达标 1，平均缺口 191.50，最大缺口 191.50，失败托盘互借修复成功 0。
  - KPI：near/mid/deep=0/0/1，救回率=0.00%，pair效率=0.00%。
  - 耗时拆解：packing=0.00s，main_topup=0.00s，retry=0.00s，failed_pool=0.00s，repack=0.00s，total=0.00s。
正在处理托盘类型：MH423C，销售订单号：LAID16296DN03S__CASEGROUP__1
  - 主算法：全局列式装箱 + 柱级组合优化（GCP）。
  - 失败托盘互借诊断：未合并（no_target_or_single_plan）。
托盘类型 MH423C（销售订单号：LAID16296DN03S__CASEGROUP__1）处理完成：总托盘 1，指数达标 0，未达标 1，平均缺口 90.00，最大缺口 90.00，失败托盘互借修复成功 0。
  - KPI：near/mid/deep=0/0/1，救回率=0.00%，pair效率=0.00%。
  - 耗时拆解：packing=0.00s，main_topup=0.00s，retry=0.00s，failed_pool=0.00s，repack=0.00s，total=0.00s。
正在处理托盘类型：MH423C，销售订单号：LAID16296DN03S__CASEGROUP__1__SPLITREST__
  - 该分组不适合列式（多非满柱）→ 回退 beam + 配方优先。
  - 配方优先[fast]：规划 0 实例，实装成功 0，配方路径不可用 → 采用基线方案。
  - 指数诊断：箱子 4 个，总指数 2，目标 192，理论最多达标托盘 0 个，剩余指数 2。
  - 几何诊断：典型整层堆叠单盘参考上限 2/192。 当前目标可能受托盘高度/箱型组合限制。
  - 几何不可达标记：典型整层上限 2 < 目标 192，救援优先压缩托盘数和填充率。
  - 失败托盘互借诊断：未合并（no_target_or_single_plan）。
托盘类型 MH423C（销售订单号：LAID16296DN03S__CASEGROUP__1__SPLITREST__）处理完成：总托盘 1，指数达标 0，未达标 1，平均缺口 190.00，最大缺口 190.00，失败托盘互借修复成功 0。
  - KPI：near/mid/deep=0/0/1，救回率=0.00%，pair效率=0.00%。
  - 耗时拆解：packing=0.00s，main_topup=0.00s，retry=0.00s，failed_pool=0.00s，repack=0.00s，total=0.02s。
正在处理托盘类型：MH423C，销售订单号：PAID162808C02S
  - 主算法：全局列式装箱 + 柱级组合优化（GCP）。
  - GCP 盘数远超理论（CP-SAT 装不满）→ 回退 baseline beam + 配方优先。
  - 配方优先[fast]：规划 0 实例，实装成功 0，配方路径不可用 → 采用基线方案。
  - 指数诊断：箱子 6 个，总指数 12，目标 192，理论最多达标托盘 0 个，剩余指数 12。
  - 几何诊断：典型整层堆叠单盘参考上限 12/192。 当前目标可能受托盘高度/箱型组合限制。
  - 几何不可达标记：典型整层上限 12 < 目标 192，救援优先压缩托盘数和填充率。
  - 失败托盘互借诊断：未合并（no_target_or_single_plan）。
托盘类型 MH423C（销售订单号：PAID162808C02S）处理完成：总托盘 1，指数达标 0，未达标 1，平均缺口 180.00，最大缺口 180.00，失败托盘互借修复成功 0。
  - KPI：near/mid/deep=0/0/1，救回率=0.00%，pair效率=0.00%。
  - 耗时拆解：packing=0.01s，main_topup=0.00s，retry=0.00s，failed_pool=0.00s，repack=0.00s，total=0.06s。
正在处理托盘类型：MH423C，销售订单号：LFEG16300IN01S
  - 该分组不适合列式（多非满柱）→ 回退 beam + 配方优先。
  - 配方优先[fast]：规划 0 实例，实装成功 0，配方路径不可用 → 采用基线方案。
  - 指数诊断：箱子 3 个，总指数 10，目标 192，理论最多达标托盘 0 个，剩余指数 10。
  - 几何诊断：典型整层堆叠单盘参考上限 10/192。 当前目标可能受托盘高度/箱型组合限制。
  - 几何不可达标记：典型整层上限 10 < 目标 192，救援优先压缩托盘数和填充率。
  - 失败托盘互借诊断：未合并（no_target_or_single_plan）。
托盘类型 MH423C（销售订单号：LFEG16300IN01S）处理完成：总托盘 1，指数达标 0，未达标 1，平均缺口 182.00，最大缺口 182.00，失败托盘互借修复成功 0。
  - KPI：near/mid/deep=0/0/1，救回率=0.00%，pair效率=0.00%。
  - 耗时拆解：packing=0.00s，main_topup=0.00s，retry=0.00s，failed_pool=0.00s，repack=0.00s，total=0.01s。
正在处理托盘类型：MH423C，销售订单号：LAMY16315FN01S
  - 主算法：全局列式装箱 + 柱级组合优化（GCP）。
  - 失败托盘互借诊断：未合并（no_target_or_single_plan）。
托盘类型 MH423C（销售订单号：LAMY16315FN01S）处理完成：总托盘 1，指数达标 0，未达标 1，平均缺口 120.00，最大缺口 120.00，失败托盘互借修复成功 0。
  - KPI：near/mid/deep=0/0/1，救回率=0.00%，pair效率=0.00%。
  - 耗时拆解：packing=0.00s，main_topup=0.00s，retry=0.00s，failed_pool=0.00s，repack=0.00s，total=0.00s。
正在处理托盘类型：MH423C，销售订单号：LAMY16315FN01S__SPLITREST__
  - 该分组不适合列式（多非满柱）→ 回退 beam + 配方优先。
  - 配方优先[fast]：规划 0 实例，实装成功 0，配方路径不可用 → 采用基线方案。
  - 指数诊断：箱子 2 个，总指数 4，目标 192，理论最多达标托盘 0 个，剩余指数 4。
  - 几何诊断：典型整层堆叠单盘参考上限 4/192。 当前目标可能受托盘高度/箱型组合限制。
  - 几何不可达标记：典型整层上限 4 < 目标 192，救援优先压缩托盘数和填充率。
  - 失败托盘互借诊断：未合并（no_target_or_single_plan）。
托盘类型 MH423C（销售订单号：LAMY16315FN01S__SPLITREST__）处理完成：总托盘 1，指数达标 0，未达标 1，平均缺口 188.00，最大缺口 188.00，失败托盘互借修复成功 0。
  - KPI：near/mid/deep=0/0/1，救回率=0.00%，pair效率=0.00%。
  - 耗时拆解：packing=0.00s，main_topup=0.00s，retry=0.00s，failed_pool=0.00s，repack=0.00s，total=0.00s。
正在处理托盘类型：MH423C，销售订单号：LAID16305BN02S
  - 主算法：全局列式装箱 + 柱级组合优化（GCP）。
  - 失败托盘互借诊断：未合并（no_target_or_single_plan）。
托盘类型 MH423C（销售订单号：LAID16305BN02S）处理完成：总托盘 1，指数达标 0，未达标 1，平均缺口 88.00，最大缺口 88.00，失败托盘互借修复成功 0。
  - KPI：near/mid/deep=0/0/1，救回率=0.00%，pair效率=0.00%。
  - 耗时拆解：packing=0.58s，main_topup=0.00s，retry=0.00s，failed_pool=0.00s，repack=0.00s，total=0.58s。
正在处理托盘类型：MH423C，销售订单号：LFEG16300IN03S
  - 该分组不适合列式（多非满柱）→ 回退 beam + 配方优先。
  - 配方优先[fast]：规划 0 实例，实装成功 0，配方路径不可用 → 采用基线方案。
  - 指数诊断：箱子 1 个，总指数 2，目标 192，理论最多达标托盘 0 个，剩余指数 2。
  - 几何诊断：典型整层堆叠单盘参考上限 2/192。 当前目标可能受托盘高度/箱型组合限制。
  - 几何不可达标记：典型整层上限 2 < 目标 192，救援优先压缩托盘数和填充率。
  - 失败托盘互借诊断：未合并（no_target_or_single_plan）。
托盘类型 MH423C（销售订单号：LFEG16300IN03S）处理完成：总托盘 1，指数达标 0，未达标 1，平均缺口 190.00，最大缺口 190.00，失败托盘互借修复成功 0。
  - KPI：near/mid/deep=0/0/1，救回率=0.00%，pair效率=0.00%。
  - 耗时拆解：packing=0.00s，main_topup=0.00s，retry=0.00s，failed_pool=0.00s，repack=0.00s，total=0.00s。
正在处理托盘类型：MH423C，销售订单号：LAID16305BN01S
  - 主算法：全局列式装箱 + 柱级组合优化（GCP）。
  - 失败托盘互借诊断：未合并（no_target_or_single_plan）。
托盘类型 MH423C（销售订单号：LAID16305BN01S）处理完成：总托盘 1，指数达标 0，未达标 1，平均缺口 164.00，最大缺口 164.00，失败托盘互借修复成功 0。
  - KPI：near/mid/deep=0/0/1，救回率=0.00%，pair效率=0.00%。
  - 耗时拆解：packing=0.06s，main_topup=0.00s，retry=0.00s，failed_pool=0.00s，repack=0.00s，total=0.06s。
正在处理托盘类型：MH423C，销售订单号：LAID16305BN01S__SPLITREST__
  - 该分组不适合列式（多非满柱）→ 回退 beam + 配方优先。
  - 配方优先[fast]：规划 0 实例，实装成功 0，配方路径不可用 → 采用基线方案。
  - 指数诊断：箱子 3 个，总指数 6，目标 192，理论最多达标托盘 0 个，剩余指数 6。
  - 几何诊断：典型整层堆叠单盘参考上限 6/192。 当前目标可能受托盘高度/箱型组合限制。
  - 几何不可达标记：典型整层上限 6 < 目标 192，救援优先压缩托盘数和填充率。
  - 失败托盘互借诊断：未合并（no_target_or_single_plan）。
托盘类型 MH423C（销售订单号：LAID16305BN01S__SPLITREST__）处理完成：总托盘 1，指数达标 0，未达标 1，平均缺口 186.00，最大缺口 186.00，失败托盘互借修复成功 0。
  - KPI：near/mid/deep=0/0/1，救回率=0.00%，pair效率=0.00%。
  - 耗时拆解：packing=0.00s，main_topup=0.00s，retry=0.00s，failed_pool=0.00s，repack=0.00s，total=0.01s。
正在处理托盘类型：MH423C，销售订单号：LAID16305EN01S
  - 该分组不适合列式（多非满柱）→ 回退 beam + 配方优先。
  - 配方优先[fast]：规划 0 实例，实装成功 0，配方路径不可用 → 采用基线方案。
  - 指数诊断：箱子 29 个，总指数 132.5，目标 192，理论最多达标托盘 0 个，剩余指数 132.5。
  - 几何诊断：典型整层堆叠单盘参考上限 78/192。 当前目标可能受托盘高度/箱型组合限制。
  - 几何不可达标记：典型整层上限 78 < 目标 192，救援优先压缩托盘数和填充率。
  - 失败托盘互借诊断：未合并（aborted_no_improvement_possible）。
托盘类型 MH423C（销售订单号：LAID16305EN01S）处理完成：总托盘 2，指数达标 0，未达标 2，平均缺口 125.75，最大缺口 183.50，失败托盘互借修复成功 0。
  - KPI：near/mid/deep=0/0/2，救回率=0.00%，pair效率=0.00%。
  - 耗时拆解：packing=0.13s，main_topup=0.00s，retry=0.00s，failed_pool=0.00s，repack=0.26s，total=0.71s。
正在处理托盘类型：MH423C，销售订单号：PAIN26290GC02S
  - 主算法：全局列式装箱 + 柱级组合优化（GCP）。
  - GCP 盘数远超理论（CP-SAT 装不满）→ 回退 baseline beam + 配方优先。
  - 配方优先[fast]：规划 0 实例，实装成功 0，配方路径不可用 → 采用基线方案。
  - 指数诊断：箱子 41 个，总指数 178，目标 192，理论最多达标托盘 0 个，剩余指数 178。
  - 几何诊断：典型整层堆叠单盘参考上限 136/192。 当前目标可能受托盘高度/箱型组合限制。
  - 几何不可达标记：典型整层上限 136 < 目标 192，救援优先压缩托盘数和填充率。
  - 失败托盘互借诊断：未合并（not_better）。
托盘类型 MH423C（销售订单号：PAIN26290GC02S）处理完成：总托盘 2，指数达标 0，未达标 2，平均缺口 103.00，最大缺口 122.00，失败托盘互借修复成功 0。
  - KPI：near/mid/deep=0/0/2，救回率=0.00%，pair效率=0.00%。
  - 耗时拆解：packing=0.05s，main_topup=0.00s，retry=0.00s，failed_pool=0.00s，repack=0.28s，total=0.59s。
正在处理托盘类型：MH423C，销售订单号：PAID16280FC02S
  - 主算法：全局列式装箱 + 柱级组合优化（GCP）。
  - GCP 盘数远超理论（CP-SAT 装不满）→ 回退 baseline beam + 配方优先。
  - 配方优先[fast]：规划 0 实例，实装成功 0，配方路径不可用 → 采用基线方案。
  - 指数诊断：箱子 4 个，总指数 16，目标 192，理论最多达标托盘 0 个，剩余指数 16。
  - 几何诊断：典型整层堆叠单盘参考上限 16/192。 当前目标可能受托盘高度/箱型组合限制。
  - 几何不可达标记：典型整层上限 16 < 目标 192，救援优先压缩托盘数和填充率。
  - 失败托盘互借诊断：未合并（no_target_or_single_plan）。
托盘类型 MH423C（销售订单号：PAID16280FC02S）处理完成：总托盘 1，指数达标 0，未达标 1，平均缺口 176.00，最大缺口 176.00，失败托盘互借修复成功 0。
  - KPI：near/mid/deep=0/0/1，救回率=0.00%，pair效率=0.00%。
  - 耗时拆解：packing=0.00s，main_topup=0.00s，retry=0.00s，failed_pool=0.00s，repack=0.00s，total=0.03s。
正在处理托盘类型：MH423C，销售订单号：PAIN26296EC02S
  - 主算法：全局列式装箱 + 柱级组合优化（GCP）。
  - 失败托盘互借诊断：未合并（aborted_no_improvement_possible）。
托盘类型 MH423C（销售订单号：PAIN26296EC02S）处理完成：总托盘 2，指数达标 0，未达标 2，平均缺口 84.00，最大缺口 162.00，失败托盘互借修复成功 0。
  - KPI：near/mid/deep=1/0/1，救回率=0.00%，pair效率=0.00%。
  - 耗时拆解：packing=0.05s，main_topup=0.00s，retry=0.00s，failed_pool=0.00s，repack=5.75s，total=5.80s。
正在处理托盘类型：MH423C，销售订单号：PAID16290FC02S
  - 该分组不适合列式（多非满柱）→ 回退 beam + 配方优先。
  - 配方优先[fast]：规划 0 实例，实装成功 0，配方路径不可用 → 采用基线方案。
  - 指数诊断：箱子 6 个，总指数 14，目标 192，理论最多达标托盘 0 个，剩余指数 14。
  - 几何诊断：典型整层堆叠单盘参考上限 14/192。 当前目标可能受托盘高度/箱型组合限制。
  - 几何不可达标记：典型整层上限 14 < 目标 192，救援优先压缩托盘数和填充率。
  - 失败托盘互借诊断：未合并（no_target_or_single_plan）。
托盘类型 MH423C（销售订单号：PAID16290FC02S）处理完成：总托盘 1，指数达标 0，未达标 1，平均缺口 178.00，最大缺口 178.00，失败托盘互借修复成功 0。
  - KPI：near/mid/deep=0/0/1，救回率=0.00%，pair效率=0.00%。
  - 耗时拆解：packing=0.01s，main_topup=0.00s，retry=0.00s，failed_pool=0.00s，repack=0.00s，total=0.06s。
正在处理托盘类型：MH423C，销售订单号：LAID16295EN01S__CASEGROUP__1
  - 主算法：全局列式装箱 + 柱级组合优化（GCP）。
  - 失败托盘互借诊断：未合并（no_target_or_single_plan）。
托盘类型 MH423C（销售订单号：LAID16295EN01S__CASEGROUP__1）处理完成：总托盘 1，指数达标 0，未达标 1，平均缺口 52.00，最大缺口 52.00，失败托盘互借修复成功 0。
  - KPI：near/mid/deep=0/0/1，救回率=0.00%，pair效率=0.00%。
  - 耗时拆解：packing=2.19s，main_topup=0.00s，retry=0.00s，failed_pool=0.00s，repack=0.00s，total=2.19s。
正在处理托盘类型：MH423C，销售订单号：LAID16295EN01S__CASEGROUP__1__SPLITREST__
  - 该分组不适合列式（多非满柱）→ 回退 beam + 配方优先。
  - 配方优先[fast]：规划 0 实例，实装成功 0，配方路径不可用 → 采用基线方案。
  - 指数诊断：箱子 5 个，总指数 16，目标 192，理论最多达标托盘 0 个，剩余指数 16。
  - 几何诊断：典型整层堆叠单盘参考上限 16/192。 当前目标可能受托盘高度/箱型组合限制。
  - 几何不可达标记：典型整层上限 16 < 目标 192，救援优先压缩托盘数和填充率。
  - 失败托盘互借诊断：未合并（no_target_or_single_plan）。
托盘类型 MH423C（销售订单号：LAID16295EN01S__CASEGROUP__1__SPLITREST__）处理完成：总托盘 1，指数达标 0，未达标 1，平均缺口 176.00，最大缺口 176.00，失败托盘互借修复成功 0。
  - KPI：near/mid/deep=0/0/1，救回率=0.00%，pair效率=0.00%。
  - 耗时拆解：packing=0.01s，main_topup=0.00s，retry=0.00s，failed_pool=0.00s，repack=0.00s，total=0.01s。
正在处理托盘类型：MH423C，销售订单号：PEG146296CN01S
  - 主算法：全局列式装箱 + 柱级组合优化（GCP）。
  - 失败托盘互借诊断：未合并（no_target_or_single_plan）。
托盘类型 MH423C（销售订单号：PEG146296CN01S）处理完成：总托盘 1，指数达标 0，未达标 1，平均缺口 68.00，最大缺口 68.00，失败托盘互借修复成功 0。
  - KPI：near/mid/deep=0/0/1，救回率=0.00%，pair效率=0.00%。
  - 耗时拆解：packing=0.00s，main_topup=0.00s，retry=0.00s，failed_pool=0.00s，repack=0.00s，total=0.00s。
正在处理托盘类型：MH423C，销售订单号：LAID16284AN02S
  - 主算法：全局列式装箱 + 柱级组合优化（GCP）。
  - GCP 盘数远超理论（CP-SAT 装不满）→ 回退 baseline beam + 配方优先。
  - 配方优先[fast]：规划 0 实例，实装成功 0，配方路径不可用 → 采用基线方案。
  - 指数诊断：箱子 7 个，总指数 22，目标 192，理论最多达标托盘 0 个，剩余指数 22。
  - 几何诊断：典型整层堆叠单盘参考上限 22/192。 当前目标可能受托盘高度/箱型组合限制。
  - 几何不可达标记：典型整层上限 22 < 目标 192，救援优先压缩托盘数和填充率。
  - 失败托盘互借诊断：未合并（no_target_or_single_plan）。
托盘类型 MH423C（销售订单号：LAID16284AN02S）处理完成：总托盘 1，指数达标 0，未达标 1，平均缺口 170.00，最大缺口 170.00，失败托盘互借修复成功 0。
  - KPI：near/mid/deep=0/0/1，救回率=0.00%，pair效率=0.00%。
  - 耗时拆解：packing=0.01s，main_topup=0.00s，retry=0.00s，failed_pool=0.00s，repack=0.00s，total=0.05s。
正在处理托盘类型：MH423C，销售订单号：PAIN26290MN09S
  - 主算法：全局列式装箱 + 柱级组合优化（GCP）。
  - 失败托盘互借诊断：未合并（no_target_or_single_plan）。
托盘类型 MH423C（销售订单号：PAIN26290MN09S）处理完成：总托盘 1，指数达标 0，未达标 1，平均缺口 84.00，最大缺口 84.00，失败托盘互借修复成功 0。
  - KPI：near/mid/deep=0/0/1，救回率=0.00%，pair效率=0.00%。
  - 耗时拆解：packing=0.04s，main_topup=0.00s，retry=0.00s，failed_pool=0.00s，repack=0.00s，total=0.04s。
正在处理托盘类型：MH423C，销售订单号：LAID16294AN01S
  - 该分组不适合列式（多非满柱）→ 回退 beam + 配方优先。
  - 配方优先[fast]：规划 0 实例，实装成功 0，配方路径不可用 → 采用基线方案。
  - 指数诊断：箱子 9 个，总指数 23，目标 192，理论最多达标托盘 0 个，剩余指数 23。
  - 几何诊断：典型整层堆叠单盘参考上限 20/192。 当前目标可能受托盘高度/箱型组合限制。
  - 几何不可达标记：典型整层上限 20 < 目标 192，救援优先压缩托盘数和填充率。
  - 失败托盘互借诊断：未合并（no_target_or_single_plan）。
托盘类型 MH423C（销售订单号：LAID16294AN01S）处理完成：总托盘 1，指数达标 0，未达标 1，平均缺口 169.00，最大缺口 169.00，失败托盘互借修复成功 0。
  - KPI：near/mid/deep=0/0/1，救回率=0.00%，pair效率=0.00%。
  - 耗时拆解：packing=0.04s，main_topup=0.00s，retry=0.00s，failed_pool=0.00s，repack=0.00s，total=0.04s。
正在处理托盘类型：MH423C，销售订单号：LAMY16305FN01S
  - 主算法：全局列式装箱 + 柱级组合优化（GCP）。
  - 失败托盘互借诊断：未合并（no_target_or_single_plan）。
托盘类型 MH423C（销售订单号：LAMY16305FN01S）处理完成：总托盘 1，指数达标 0，未达标 1，平均缺口 170.00，最大缺口 170.00，失败托盘互借修复成功 0。
  - KPI：near/mid/deep=0/0/1，救回率=0.00%，pair效率=0.00%。
  - 耗时拆解：packing=0.02s，main_topup=0.00s，retry=0.00s，failed_pool=0.00s，repack=0.00s，total=0.02s。
正在处理托盘类型：MH423C，销售订单号：PAID16295BN01S
  - 主算法：全局列式装箱 + 柱级组合优化（GCP）。
  - 失败托盘互借诊断：未合并（no_target_or_single_plan）。
托盘类型 MH423C（销售订单号：PAID16295BN01S）处理完成：总托盘 1，指数达标 0，未达标 1，平均缺口 124.00，最大缺口 124.00，失败托盘互借修复成功 0。
  - KPI：near/mid/deep=0/0/1，救回率=0.00%，pair效率=0.00%。
  - 耗时拆解：packing=0.01s，main_topup=0.00s，retry=0.00s，failed_pool=0.00s，repack=0.00s，total=0.01s。
正在处理托盘类型：MH423C，销售订单号：PAID16296DN01S
  - 主算法：全局列式装箱 + 柱级组合优化（GCP）。
  - GCP 盘数远超理论（CP-SAT 装不满）→ 回退 baseline beam + 配方优先。
  - 配方优先[fast]：规划 0 实例，实装成功 0，配方路径不可用 → 采用基线方案。
  - 指数诊断：箱子 10 个，总指数 20，目标 192，理论最多达标托盘 0 个，剩余指数 20。
  - 几何诊断：典型整层堆叠单盘参考上限 20/192。 当前目标可能受托盘高度/箱型组合限制。
  - 几何不可达标记：典型整层上限 20 < 目标 192，救援优先压缩托盘数和填充率。
  - 失败托盘互借诊断：未合并（no_target_or_single_plan）。
托盘类型 MH423C（销售订单号：PAID16296DN01S）处理完成：总托盘 1，指数达标 0，未达标 1，平均缺口 172.00，最大缺口 172.00，失败托盘互借修复成功 0。
  - KPI：near/mid/deep=0/0/1，救回率=0.00%，pair效率=0.00%。
  - 耗时拆解：packing=0.02s，main_topup=0.00s，retry=0.00s，failed_pool=0.00s，repack=0.00s，total=0.10s。
正在处理托盘类型：MH423C，销售订单号：PAID16295EL05S
  - 该分组不适合列式（多非满柱）→ 回退 beam + 配方优先。
  - 配方优先[fast]：规划 0 实例，实装成功 0，配方路径不可用 → 采用基线方案。
  - 指数诊断：箱子 1 个，总指数 2，目标 192，理论最多达标托盘 0 个，剩余指数 2。
  - 几何诊断：典型整层堆叠单盘参考上限 2/192。 当前目标可能受托盘高度/箱型组合限制。
  - 几何不可达标记：典型整层上限 2 < 目标 192，救援优先压缩托盘数和填充率。
  - 失败托盘互借诊断：未合并（no_target_or_single_plan）。
托盘类型 MH423C（销售订单号：PAID16295EL05S）处理完成：总托盘 1，指数达标 0，未达标 1，平均缺口 190.00，最大缺口 190.00，失败托盘互借修复成功 0。
  - KPI：near/mid/deep=0/0/1，救回率=0.00%，pair效率=0.00%。
  - 耗时拆解：packing=0.00s，main_topup=0.00s，retry=0.00s，failed_pool=0.00s，repack=0.00s，total=0.00s。
正在处理托盘类型：MH423C，销售订单号：PAID16290FL03S
  - 该分组不适合列式（多非满柱）→ 回退 beam + 配方优先。
  - 配方优先[fast]：规划 0 实例，实装成功 0，配方路径不可用 → 采用基线方案。
  - 指数诊断：箱子 3 个，总指数 6，目标 192，理论最多达标托盘 0 个，剩余指数 6。
  - 几何诊断：典型整层堆叠单盘参考上限 6/192。 当前目标可能受托盘高度/箱型组合限制。
  - 几何不可达标记：典型整层上限 6 < 目标 192，救援优先压缩托盘数和填充率。
  - 失败托盘互借诊断：未合并（no_target_or_single_plan）。
托盘类型 MH423C（销售订单号：PAID16290FL03S）处理完成：总托盘 1，指数达标 0，未达标 1，平均缺口 186.00，最大缺口 186.00，失败托盘互借修复成功 0。
  - KPI：near/mid/deep=0/0/1，救回率=0.00%，pair效率=0.00%。
  - 耗时拆解：packing=0.00s，main_topup=0.00s，retry=0.00s，failed_pool=0.00s，repack=0.00s，total=0.01s。
正在处理托盘类型：MH423C，销售订单号：PAIN26290MN02S
  - 该分组不适合列式（多非满柱）→ 回退 beam + 配方优先。
  - 配方优先[fast]：规划 0 实例，实装成功 0，配方路径不可用 → 采用基线方案。
  - 指数诊断：箱子 56 个，总指数 88，目标 192，理论最多达标托盘 0 个，剩余指数 88。
  - 几何诊断：典型整层堆叠单盘参考上限 85/192。 当前目标可能受托盘高度/箱型组合限制。
  - 几何不可达标记：典型整层上限 85 < 目标 192，救援优先压缩托盘数和填充率。
  - 失败托盘互借诊断：未合并（no_target_or_single_plan）。
托盘类型 MH423C（销售订单号：PAIN26290MN02S）处理完成：总托盘 1，指数达标 0，未达标 1，平均缺口 104.00，最大缺口 104.00，失败托盘互借修复成功 0。
  - KPI：near/mid/deep=0/0/1，救回率=0.00%，pair效率=0.00%。
  - 耗时拆解：packing=1.80s，main_topup=0.00s，retry=0.00s，failed_pool=0.00s，repack=0.00s，total=1.81s。
正在处理托盘类型：MH423C，销售订单号：PAIN26296EN01S
  - 主算法：全局列式装箱 + 柱级组合优化（GCP）。
  - GCP 盘数远超理论（CP-SAT 装不满）→ 回退 baseline beam + 配方优先。
  - 配方优先[fast]：规划 0 实例，实装成功 0，配方路径不可用 → 采用基线方案。
  - 指数诊断：箱子 88 个，总指数 202，目标 192，理论最多达标托盘 1 个，剩余指数 10。
  - 几何诊断：典型整层堆叠单盘参考上限 132/192。 当前目标可能受托盘高度/箱型组合限制。
  - 几何不可达标记：典型整层上限 132 < 目标 192，救援优先压缩托盘数和填充率。
  - 失败托盘互借诊断：未合并（not_better）。
托盘类型 MH423C（销售订单号：PAIN26296EN01S）处理完成：总托盘 2，指数达标 0，未达标 2，平均缺口 91.00，最大缺口 164.00，失败托盘互借修复成功 0。
  - KPI：near/mid/deep=0/1/1，救回率=0.00%，pair效率=0.00%。
  - 耗时拆解：packing=1.57s，main_topup=0.02s，retry=0.00s，failed_pool=0.00s，repack=5.11s，total=6.74s。
正在处理托盘类型：MH423C，销售订单号：PAIN26290MN10S
  - 主算法：全局列式装箱 + 柱级组合优化（GCP）。
  - 失败托盘互借诊断：未合并（no_target_or_single_plan）。
托盘类型 MH423C（销售订单号：PAIN26290MN10S）处理完成：总托盘 1，指数达标 0，未达标 1，平均缺口 124.00，最大缺口 124.00，失败托盘互借修复成功 0。
  - KPI：near/mid/deep=0/0/1，救回率=0.00%，pair效率=0.00%。
  - 耗时拆解：packing=0.00s，main_topup=0.00s，retry=0.00s，failed_pool=0.00s，repack=0.00s，total=0.00s。
正在处理托盘类型：MH423C，销售订单号：PAIN26290MZ07S
  - 该分组不适合列式（多非满柱）→ 回退 beam + 配方优先。
  - 配方优先[fast]：规划 0 实例，实装成功 0，配方路径不可用 → 采用基线方案。
  - 指数诊断：箱子 72 个，总指数 210，目标 192，理论最多达标托盘 1 个，剩余指数 18。
  - 几何诊断：典型整层堆叠单盘参考上限 124/192。 当前目标可能受托盘高度/箱型组合限制。
  - 几何不可达标记：典型整层上限 124 < 目标 192，救援优先压缩托盘数和填充率。
  - 失败托盘互借诊断：未合并（aborted_no_improvement_possible）。
托盘类型 MH423C（销售订单号：PAIN26290MZ07S）处理完成：总托盘 2，指数达标 0，未达标 2，平均缺口 87.00，最大缺口 106.00，失败托盘互借修复成功 0。
  - KPI：near/mid/deep=0/0/2，救回率=0.00%，pair效率=0.00%。
  - 耗时拆解：packing=1.51s，main_topup=0.00s，retry=0.00s，failed_pool=0.00s，repack=2.42s，total=3.94s。
正在处理托盘类型：MH423C，销售订单号：PEG106290LN01S
  - 主算法：全局列式装箱 + 柱级组合优化（GCP）。
  - 失败托盘互借诊断：未合并（no_target_or_single_plan）。
托盘类型 MH423C（销售订单号：PEG106290LN01S）处理完成：总托盘 1，指数达标 0，未达标 1，平均缺口 76.00，最大缺口 76.00，失败托盘互借修复成功 0。
  - KPI：near/mid/deep=0/0/1，救回率=0.00%，pair效率=0.00%。
  - 耗时拆解：packing=0.01s，main_topup=0.00s，retry=0.00s，failed_pool=0.00s，repack=0.00s，total=0.01s。
正在处理托盘类型：MH423C，销售订单号：LAID16306DN02S
  - 主算法：全局列式装箱 + 柱级组合优化（GCP）。
  - 失败托盘互借诊断：未合并（no_target_or_single_plan）。
托盘类型 MH423C（销售订单号：LAID16306DN02S）处理完成：总托盘 1，指数达标 0，未达标 1，平均缺口 116.00，最大缺口 116.00，失败托盘互借修复成功 0。
  - KPI：near/mid/deep=0/0/1，救回率=0.00%，pair效率=0.00%。
  - 耗时拆解：packing=0.00s，main_topup=0.00s，retry=0.00s，failed_pool=0.00s，repack=0.00s，total=0.00s。
正在处理托盘类型：MH423C，销售订单号：LAID16306DN02S__SPLITREST__
  - 该分组不适合列式（多非满柱）→ 回退 beam + 配方优先。
  - 配方优先[fast]：规划 0 实例，实装成功 0，配方路径不可用 → 采用基线方案。
  - 指数诊断：箱子 2 个，总指数 4，目标 192，理论最多达标托盘 0 个，剩余指数 4。
  - 几何诊断：典型整层堆叠单盘参考上限 4/192。 当前目标可能受托盘高度/箱型组合限制。
  - 几何不可达标记：典型整层上限 4 < 目标 192，救援优先压缩托盘数和填充率。
  - 失败托盘互借诊断：未合并（no_target_or_single_plan）。
托盘类型 MH423C（销售订单号：LAID16306DN02S__SPLITREST__）处理完成：总托盘 1，指数达标 0，未达标 1，平均缺口 188.00，最大缺口 188.00，失败托盘互借修复成功 0。
  - KPI：near/mid/deep=0/0/1，救回率=0.00%，pair效率=0.00%。
  - 耗时拆解：packing=0.00s，main_topup=0.00s，retry=0.00s，failed_pool=0.00s，repack=0.00s，total=0.00s。
正在处理托盘类型：MH423C，销售订单号：PAIN26280MZ06S
  - 主算法：全局列式装箱 + 柱级组合优化（GCP）。
  - 失败托盘互借诊断：未合并（no_target_or_single_plan）。
托盘类型 MH423C（销售订单号：PAIN26280MZ06S）处理完成：总托盘 1，指数达标 0，未达标 1，平均缺口 18.00，最大缺口 18.00，失败托盘互借修复成功 0。
  - KPI：near/mid/deep=0/1/0，救回率=0.00%，pair效率=0.00%。
  - 耗时拆解：packing=1.78s，main_topup=0.00s，retry=0.00s，failed_pool=0.00s，repack=0.00s，total=1.78s。
正在处理托盘类型：MH423C，销售订单号：PAIN26280BN01S
  - 主算法：全局列式装箱 + 柱级组合优化（GCP）。
  - 失败托盘互借诊断：未合并（no_target_or_single_plan）。
托盘类型 MH423C（销售订单号：PAIN26280BN01S）处理完成：总托盘 1，指数达标 0，未达标 1，平均缺口 148.00，最大缺口 148.00，失败托盘互借修复成功 0。
  - KPI：near/mid/deep=0/0/1，救回率=0.00%，pair效率=0.00%。
  - 耗时拆解：packing=0.07s，main_topup=0.00s，retry=0.00s，failed_pool=0.00s，repack=0.00s，total=0.07s。
正在处理托盘类型：MH423C，销售订单号：PAID16300FN01S
  - 该分组不适合列式（多非满柱）→ 回退 beam + 配方优先。
  - 配方优先[fast]：规划 0 实例，实装成功 0，配方路径不可用 → 采用基线方案。
  - 指数诊断：箱子 1 个，总指数 4，目标 192，理论最多达标托盘 0 个，剩余指数 4。
  - 几何诊断：典型整层堆叠单盘参考上限 4/192。 当前目标可能受托盘高度/箱型组合限制。
  - 几何不可达标记：典型整层上限 4 < 目标 192，救援优先压缩托盘数和填充率。
  - 失败托盘互借诊断：未合并（no_target_or_single_plan）。
托盘类型 MH423C（销售订单号：PAID16300FN01S）处理完成：总托盘 1，指数达标 0，未达标 1，平均缺口 188.00，最大缺口 188.00，失败托盘互借修复成功 0。
  - KPI：near/mid/deep=0/0/1，救回率=0.00%，pair效率=0.00%。
  - 耗时拆解：packing=0.00s，main_topup=0.00s，retry=0.00s，failed_pool=0.00s，repack=0.00s，total=0.00s。
正在处理托盘类型：MH423C，销售订单号：LAID16306DN03S
  - 主算法：全局列式装箱 + 柱级组合优化（GCP）。
  - 失败托盘互借诊断：未合并（no_target_or_single_plan）。
托盘类型 MH423C（销售订单号：LAID16306DN03S）处理完成：总托盘 1，指数达标 0，未达标 1，平均缺口 132.00，最大缺口 132.00，失败托盘互借修复成功 0。
  - KPI：near/mid/deep=0/0/1，救回率=0.00%，pair效率=0.00%。
  - 耗时拆解：packing=0.03s，main_topup=0.00s，retry=0.00s，failed_pool=0.00s，repack=0.00s，total=0.03s。
正在处理托盘类型：MH423C，销售订单号：LAID16306DN03S__SPLITREST__
  - 该分组不适合列式（多非满柱）→ 回退 beam + 配方优先。
  - 配方优先[fast]：规划 0 实例，实装成功 0，配方路径不可用 → 采用基线方案。
  - 指数诊断：箱子 2 个，总指数 4，目标 192，理论最多达标托盘 0 个，剩余指数 4。
  - 几何诊断：典型整层堆叠单盘参考上限 4/192。 当前目标可能受托盘高度/箱型组合限制。
  - 几何不可达标记：典型整层上限 4 < 目标 192，救援优先压缩托盘数和填充率。
  - 失败托盘互借诊断：未合并（no_target_or_single_plan）。
托盘类型 MH423C（销售订单号：LAID16306DN03S__SPLITREST__）处理完成：总托盘 1，指数达标 0，未达标 1，平均缺口 188.00，最大缺口 188.00，失败托盘互借修复成功 0。
  - KPI：near/mid/deep=0/0/1，救回率=0.00%，pair效率=0.00%。
  - 耗时拆解：packing=0.00s，main_topup=0.00s，retry=0.00s，failed_pool=0.00s，repack=0.00s，total=0.01s。
正在处理托盘类型：MH423C，销售订单号：PAID16306DN01S
  - 主算法：全局列式装箱 + 柱级组合优化（GCP）。
  - 失败托盘互借诊断：未合并（no_target_or_single_plan）。
托盘类型 MH423C（销售订单号：PAID16306DN01S）处理完成：总托盘 1，指数达标 0，未达标 1，平均缺口 156.00，最大缺口 156.00，失败托盘互借修复成功 0。
  - KPI：near/mid/deep=0/0/1，救回率=0.00%，pair效率=0.00%。
  - 耗时拆解：packing=0.11s，main_topup=0.00s，retry=0.00s，failed_pool=0.00s，repack=0.00s，total=0.11s。
正在处理托盘类型：MH423C，销售订单号：PAID16295BD02S
  - 主算法：全局列式装箱 + 柱级组合优化（GCP）。
  - 失败托盘互借诊断：未合并（no_target_or_single_plan）。
托盘类型 MH423C（销售订单号：PAID16295BD02S）处理完成：总托盘 1，指数达标 0，未达标 1，平均缺口 156.00，最大缺口 156.00，失败托盘互借修复成功 0。
  - KPI：near/mid/deep=0/0/1，救回率=0.00%，pair效率=0.00%。
  - 耗时拆解：packing=0.05s，main_topup=0.00s，retry=0.00s，failed_pool=0.00s，repack=0.00s，total=0.05s。
正在处理托盘类型：MH423C，销售订单号：PAID16305BN01S
  - 该分组不适合列式（多非满柱）→ 回退 beam + 配方优先。
  - 配方优先[fast]：规划 0 实例，实装成功 0，配方路径不可用 → 采用基线方案。
  - 指数诊断：箱子 2 个，总指数 4，目标 192，理论最多达标托盘 0 个，剩余指数 4。
  - 几何诊断：典型整层堆叠单盘参考上限 4/192。 当前目标可能受托盘高度/箱型组合限制。
  - 几何不可达标记：典型整层上限 4 < 目标 192，救援优先压缩托盘数和填充率。
  - 失败托盘互借诊断：未合并（no_target_or_single_plan）。
托盘类型 MH423C（销售订单号：PAID16305BN01S）处理完成：总托盘 1，指数达标 0，未达标 1，平均缺口 188.00，最大缺口 188.00，失败托盘互借修复成功 0。
  - KPI：near/mid/deep=0/0/1，救回率=0.00%，pair效率=0.00%。
  - 耗时拆解：packing=0.00s，main_topup=0.00s，retry=0.00s，failed_pool=0.00s，repack=0.00s，total=0.01s。
  - 失败盘装满压实：合并/吸收 1 次（纯减盘数）。
  - 跨子组装满压实（MH423C / LAID16306DN01S）：合并 1 次（纯减盘数）。
  - 失败盘装满压实：合并/吸收 1 次（纯减盘数）。
  - 跨子组装满压实（MH423C / LAID16296DN01S）：合并 1 次（纯减盘数）。
  - 失败盘装满压实：合并/吸收 2 次（纯减盘数）。
  - 跨子组装满压实（MH423C / LAID16285EN01S__CASEGROUP__1）：合并 2 次（纯减盘数）。
  - 失败盘装满压实：合并/吸收 1 次（纯减盘数）。
  - 跨子组装满压实（MH423C / PAIN26286EN01S）：合并 1 次（纯减盘数）。
  - 失败盘装满压实：合并/吸收 1 次（纯减盘数）。
  - 跨子组装满压实（MH423C / LFEG16290IN03S）：合并 1 次（纯减盘数）。
  - 失败盘装满压实：合并/吸收 1 次（纯减盘数）。
  - 跨子组装满压实（MH423C / LAID16295EN02S）：合并 1 次（纯减盘数）。
  - 失败盘装满压实：合并/吸收 1 次（纯减盘数）。
  - 跨子组装满压实（MH423C / LAMY16315FN01S）：合并 1 次（纯减盘数）。
  - 失败盘装满压实：合并/吸收 1 次（纯减盘数）。
  - 跨子组装满压实（MH423C / LAID16305BN01S）：合并 1 次（纯减盘数）。
  - 失败盘装满压实：合并/吸收 1 次（纯减盘数）。
  - 跨子组装满压实（MH423C / LAID16295EN01S__CASEGROUP__1）：合并 1 次（纯减盘数）。
  - 失败盘装满压实：合并/吸收 1 次（纯减盘数）。
  - 跨子组装满压实（MH423C / LAID16306DN02S）：合并 1 次（纯减盘数）。
  - 失败盘装满压实：合并/吸收 1 次（纯减盘数）。
  - 跨子组装满压实（MH423C / LAID16306DN03S）：合并 1 次（纯减盘数）。
========================================
统计汇总：总托盘 90，指数达标 0，未达标 90，未知 0，平均缺口 134.61，最大缺口 191.50，失败托盘互借修复成功 0
KPI汇总：near/mid/deep=2/4/84，pair尝试=0，pair改进=0，pair效率=0.00%
耗时汇总：packing=25.69s，main_topup=0.09s，retry=0.00s，repack=31.55s，end_to_end=85.30s
========================================
[WCS-装] SUCCESS 产品码 0 个，DB 更新达标 0 行；FAILED 盘 90 个保持未达标。
[WCS-装] 本轮结束；等待下一次「新插入」再开算。
[WCS-装] 装箱报告已保存：E:\Homework\AA装箱\A装箱和可视化\zhuang\packing-workspace\output\packing_plan_20260720_165108.json
[WCS-装] 接口 2 发送体已保存：E:\Homework\AA装箱\A装箱和可视化\zhuang\packing-workspace\output\wcs_plan_20260720_165108.json（90 个 case）
[WCS-装] 已跳过接口 2 推送（仅本地保存）。
[UI-RESULT] E:\Homework\AA装箱\A装箱和可视化\zhuang\packing-workspace\output\packing_plan_20260720_165108.json
[WCS-装] 等待数据库新插入（有新 product_code 才开算）…
============================================================
[WCS-拉] 20260720_165424：拉取接口 1 …
[WCS-拉] 原始响应已保存：E:\Homework\AA装箱\A装箱和可视化\zhuang\packing-workspace\input\raw\20260720_165424.json
[WCS-拉] 已剔除 case_type≠MH423C 的品类 67 条（类型：['WR246']），保留 2019 条。
[WCS-DB] product_code 已存在、跳过 2004 条
[WCS-拉] 落库完成：候选 2019 条，新插入 15 条（新行 up_to_standard=0）。
[WCS-拉] 有新插入 → 唤醒装箱线程。
[WCS] 已加载 BMS 参考表：E:\Homework\AA装箱\A装箱和可视化\zhuang\packing-workspace\data\selected_5000_boxes_9_1_concentrated_3orders.xlsx
============================================================
[WCS-装] 20260720_165429：未达标行 2215 条，开始装箱 …
[WCS-装] 展开为 2215 个箱子。
数据预处理和箱子分组完成（按托盘类型+销售订单号）。
----------------------------------------
  - 组内子聚类：19 个混合订单拆出规则子集走 GCP、杂箱走 baseline。
正在处理托盘类型：MH423C，销售订单号：LAID16285EN01S
  - 主算法：全局列式装箱 + 柱级组合优化（GCP）。
  - 失败托盘互借诊断：未合并（no_target_or_single_plan）。
托盘类型 MH423C（销售订单号：LAID16285EN01S）处理完成：总托盘 1，指数达标 0，未达标 1，平均缺口 136.00，最大缺口 136.00，失败托盘互借修复成功 0。
  - KPI：near/mid/deep=0/0/1，救回率=0.00%，pair效率=0.00%。
  - 耗时拆解：packing=0.02s，main_topup=0.00s，retry=0.00s，failed_pool=0.00s，repack=0.00s，total=0.02s。
正在处理托盘类型：MH423C，销售订单号：LAID16285EN01S__SPLITREST__
  - 该分组不适合列式（多非满柱）→ 回退 beam + 配方优先。
  - 配方优先[fast]：规划 0 实例，实装成功 0，配方路径不可用 → 采用基线方案。
  - 指数诊断：箱子 4 个，总指数 9.5，目标 192，理论最多达标托盘 0 个，剩余指数 9.5。
  - 几何诊断：典型整层堆叠单盘参考上限 9.5/192。 当前目标可能受托盘高度/箱型组合限制。
  - 几何不可达标记：典型整层上限 9.5 < 目标 192，救援优先压缩托盘数和填充率。
  - 失败托盘互借诊断：未合并（no_target_or_single_plan）。
托盘类型 MH423C（销售订单号：LAID16285EN01S__SPLITREST__）处理完成：总托盘 1，指数达标 0，未达标 1，平均缺口 182.50，最大缺口 182.50，失败托盘互借修复成功 0。
  - KPI：near/mid/deep=0/0/1，救回率=0.00%，pair效率=0.00%。
  - 耗时拆解：packing=0.00s，main_topup=0.00s，retry=0.00s，failed_pool=0.00s，repack=0.00s，total=0.02s。
正在处理托盘类型：MH423C，销售订单号：LAID16286DN02S
  - 该分组不适合列式（多非满柱）→ 回退 beam + 配方优先。
  - 配方优先[fast]：规划 0 实例，实装成功 0，配方路径不可用 → 采用基线方案。
  - 指数诊断：箱子 1 个，总指数 0.5，目标 192，理论最多达标托盘 0 个，剩余指数 0.5。
  - 几何诊断：典型整层堆叠单盘参考上限 0.5/192。 当前目标可能受托盘高度/箱型组合限制。
  - 几何不可达标记：典型整层上限 0.5 < 目标 192，救援优先压缩托盘数和填充率。
  - 失败托盘互借诊断：未合并（no_target_or_single_plan）。
托盘类型 MH423C（销售订单号：LAID16286DN02S）处理完成：总托盘 1，指数达标 0，未达标 1，平均缺口 191.50，最大缺口 191.50，失败托盘互借修复成功 0。
  - KPI：near/mid/deep=0/0/1，救回率=0.00%，pair效率=0.00%。
  - 耗时拆解：packing=0.00s，main_topup=0.00s，retry=0.00s，failed_pool=0.00s，repack=0.00s，total=0.00s。
正在处理托盘类型：MH423C，销售订单号：PAIN26280MN08S
  - 主算法：全局列式装箱 + 柱级组合优化（GCP）。
  - 失败托盘互借诊断：未合并（no_target_or_single_plan）。
托盘类型 MH423C（销售订单号：PAIN26280MN08S）处理完成：总托盘 1，指数达标 0，未达标 1，平均缺口 105.00，最大缺口 105.00，失败托盘互借修复成功 0。
  - KPI：near/mid/deep=0/0/1，救回率=0.00%，pair效率=0.00%。
  - 耗时拆解：packing=0.00s，main_topup=0.00s，retry=0.00s，failed_pool=0.00s，repack=0.00s，total=0.00s。
正在处理托盘类型：MH423C，销售订单号：PAIN26280MN01S
  - 该分组不适合列式（多非满柱）→ 回退 beam + 配方优先。
  - 配方优先[fast]：规划 0 实例，实装成功 0，配方路径不可用 → 采用基线方案。
  - 指数诊断：箱子 3 个，总指数 6，目标 192，理论最多达标托盘 0 个，剩余指数 6。
  - 几何诊断：典型整层堆叠单盘参考上限 6/192。 当前目标可能受托盘高度/箱型组合限制。
  - 几何不可达标记：典型整层上限 6 < 目标 192，救援优先压缩托盘数和填充率。
  - 失败托盘互借诊断：未合并（no_target_or_single_plan）。
托盘类型 MH423C（销售订单号：PAIN26280MN01S）处理完成：总托盘 1，指数达标 0，未达标 1，平均缺口 186.00，最大缺口 186.00，失败托盘互借修复成功 0。
  - KPI：near/mid/deep=0/0/1，救回率=0.00%，pair效率=0.00%。
  - 耗时拆解：packing=0.00s，main_topup=0.00s，retry=0.00s，failed_pool=0.00s，repack=0.00s，total=0.01s。
正在处理托盘类型：MH423C，销售订单号：LAID16306DN01S
  - 主算法：全局列式装箱 + 柱级组合优化（GCP）。
  - 失败托盘互借诊断：未合并（aborted_no_improvement_possible）。
托盘类型 MH423C（销售订单号：LAID16306DN01S）处理完成：总托盘 2，指数达标 0，未达标 2，平均缺口 90.00，最大缺口 168.00，失败托盘互借修复成功 0。
  - KPI：near/mid/deep=0/1/1，救回率=0.00%，pair效率=0.00%。
  - 耗时拆解：packing=0.02s，main_topup=0.00s，retry=0.00s，failed_pool=0.00s，repack=1.18s，total=1.20s。
正在处理托盘类型：MH423C，销售订单号：LAID16306DN01S__SPLITREST__
  - 该分组不适合列式（多非满柱）→ 回退 beam + 配方优先。
  - 托盘 MH423C-LAID16306DN01S__SPLITREST__-1 未找到可行装箱方案，启用剩余箱子守恒兜底。
  - 配方优先[fast]：规划 0 实例，实装成功 0，配方路径不可用 → 采用基线方案。
  - 指数诊断：箱子 5 个，总指数 5.5，目标 192，理论最多达标托盘 0 个，剩余指数 5.5。
  - 几何诊断：典型整层堆叠单盘参考上限 5.5/192。 当前目标可能受托盘高度/箱型组合限制。
  - 几何不可达标记：典型整层上限 5.5 < 目标 192，救援优先压缩托盘数和填充率。
  - 失败盘装满压实：合并/吸收 1 次（纯减盘数）。
  - 失败托盘互借诊断：未合并（aborted_no_improvement_possible）。
托盘类型 MH423C（销售订单号：LAID16306DN01S__SPLITREST__）处理完成：总托盘 1，指数达标 0，未达标 1，平均缺口 186.50，最大缺口 186.50，失败托盘互借修复成功 0。
  - KPI：near/mid/deep=0/0/1，救回率=0.00%，pair效率=0.00%。
  - 耗时拆解：packing=0.01s，main_topup=0.00s，retry=0.00s，failed_pool=0.00s，repack=0.02s，total=0.07s。
正在处理托盘类型：MH423C，销售订单号：LAID16296DN01S
  - 主算法：全局列式装箱 + 柱级组合优化（GCP）。
  - 失败托盘互借诊断：未合并（aborted_no_improvement_possible）。
托盘类型 MH423C（销售订单号：LAID16296DN01S）处理完成：总托盘 2，指数达标 0，未达标 2，平均缺口 163.75，最大缺口 188.00，失败托盘互借修复成功 0。
  - KPI：near/mid/deep=0/0/2，救回率=0.00%，pair效率=0.00%。
  - 耗时拆解：packing=0.06s，main_topup=0.00s，retry=0.00s，failed_pool=0.00s，repack=0.11s，total=0.18s。
正在处理托盘类型：MH423C，销售订单号：LAID16296DN01S__SPLITREST__
  - 该分组不适合列式（多非满柱）→ 回退 beam + 配方优先。
  - 配方优先[fast]：规划 0 实例，实装成功 0，配方路径不可用 → 采用基线方案。
  - 指数诊断：箱子 4 个，总指数 8，目标 192，理论最多达标托盘 0 个，剩余指数 8。
  - 几何诊断：典型整层堆叠单盘参考上限 8/192。 当前目标可能受托盘高度/箱型组合限制。
  - 几何不可达标记：典型整层上限 8 < 目标 192，救援优先压缩托盘数和填充率。
  - 失败托盘互借诊断：未合并（no_target_or_single_plan）。
托盘类型 MH423C（销售订单号：LAID16296DN01S__SPLITREST__）处理完成：总托盘 1，指数达标 0，未达标 1，平均缺口 184.00，最大缺口 184.00，失败托盘互借修复成功 0。
  - KPI：near/mid/deep=0/0/1，救回率=0.00%，pair效率=0.00%。
  - 耗时拆解：packing=0.00s，main_topup=0.00s，retry=0.00s，failed_pool=0.00s，repack=0.00s，total=0.02s。
正在处理托盘类型：MH423C，销售订单号：LAID16296DN02S
  - 主算法：全局列式装箱 + 柱级组合优化（GCP）。
  - GCP 盘数远超理论（CP-SAT 装不满）→ 回退 baseline beam + 配方优先。
  - 托盘 MH423C-LAID16296DN02S-2 未找到可行装箱方案，启用剩余箱子守恒兜底。
  - 配方优先[fast]：规划 0 实例，实装成功 0，配方路径不可用 → 采用基线方案。
  - 指数诊断：箱子 34 个，总指数 117.5，目标 192，理论最多达标托盘 0 个，剩余指数 117.5。
  - 几何诊断：典型整层堆叠单盘参考上限 97/192。 当前目标可能受托盘高度/箱型组合限制。
  - 几何不可达标记：典型整层上限 97 < 目标 192，救援优先压缩托盘数和填充率。
  - 失败盘装满压实：合并/吸收 1 次（纯减盘数）。
  - 失败托盘互借诊断：未合并（aborted_no_improvement_possible）。
托盘类型 MH423C（销售订单号：LAID16296DN02S）处理完成：总托盘 2，指数达标 0，未达标 2，平均缺口 133.25，最大缺口 189.50，失败托盘互借修复成功 0。
  - KPI：near/mid/deep=0/0/2，救回率=0.00%，pair效率=0.00%。
  - 耗时拆解：packing=0.18s，main_topup=0.00s，retry=0.00s，failed_pool=0.00s，repack=0.32s，total=1.18s。
正在处理托盘类型：MH423C，销售订单号：LAID16296DN02S__SPLITREST__
  - 该分组不适合列式（多非满柱）→ 回退 beam + 配方优先。
  - 配方优先[fast]：规划 0 实例，实装成功 0，配方路径不可用 → 采用基线方案。
  - 指数诊断：箱子 3 个，总指数 5，目标 192，理论最多达标托盘 0 个，剩余指数 5。
  - 几何诊断：典型整层堆叠单盘参考上限 5/192。 当前目标可能受托盘高度/箱型组合限制。
  - 几何不可达标记：典型整层上限 5 < 目标 192，救援优先压缩托盘数和填充率。
  - 失败托盘互借诊断：未合并（no_target_or_single_plan）。
托盘类型 MH423C（销售订单号：LAID16296DN02S__SPLITREST__）处理完成：总托盘 1，指数达标 0，未达标 1，平均缺口 187.00，最大缺口 187.00，失败托盘互借修复成功 0。
  - KPI：near/mid/deep=0/0/1，救回率=0.00%，pair效率=0.00%。
  - 耗时拆解：packing=0.00s，main_topup=0.00s，retry=0.00s，failed_pool=0.00s，repack=0.00s，total=0.01s。
正在处理托盘类型：MH423C，销售订单号：LAID16296DN03S
  - 主算法：全局列式装箱 + 柱级组合优化（GCP）。
  - 失败托盘互借诊断：未合并（no_target_or_single_plan）。
托盘类型 MH423C（销售订单号：LAID16296DN03S）处理完成：总托盘 1，指数达标 0，未达标 1，平均缺口 145.00，最大缺口 145.00，失败托盘互借修复成功 0。
  - KPI：near/mid/deep=0/0/1，救回率=0.00%，pair效率=0.00%。
  - 耗时拆解：packing=0.27s，main_topup=0.00s，retry=0.00s，failed_pool=0.00s，repack=0.00s，total=0.27s。
正在处理托盘类型：MH423C，销售订单号：LAID16285EN01S__CASEGROUP__1
  - 主算法：全局列式装箱 + 柱级组合优化（GCP）。
  - 失败托盘互借诊断：未合并（aborted_no_improvement_possible）。
托盘类型 MH423C（销售订单号：LAID16285EN01S__CASEGROUP__1）处理完成：总托盘 2，指数达标 0，未达标 2，平均缺口 170.50，最大缺口 190.00，失败托盘互借修复成功 0。
  - KPI：near/mid/deep=0/0/2，救回率=0.00%，pair效率=0.00%。
  - 耗时拆解：packing=0.69s，main_topup=0.00s，retry=0.00s，failed_pool=0.00s，repack=1.07s，total=1.76s。
正在处理托盘类型：MH423C，销售订单号：LAID16285EN01S__CASEGROUP__1__SPLITREST__
  - 该分组不适合列式（多非满柱）→ 回退 beam + 配方优先。
  - 配方优先[fast]：规划 0 实例，实装成功 0，配方路径不可用 → 采用基线方案。
  - 指数诊断：箱子 2 个，总指数 3，目标 192，理论最多达标托盘 0 个，剩余指数 3。
  - 几何诊断：典型整层堆叠单盘参考上限 3/192。 当前目标可能受托盘高度/箱型组合限制。
  - 几何不可达标记：典型整层上限 3 < 目标 192，救援优先压缩托盘数和填充率。
  - 失败托盘互借诊断：未合并（no_target_or_single_plan）。
托盘类型 MH423C（销售订单号：LAID16285EN01S__CASEGROUP__1__SPLITREST__）处理完成：总托盘 1，指数达标 0，未达标 1，平均缺口 189.00，最大缺口 189.00，失败托盘互借修复成功 0。
  - KPI：near/mid/deep=0/0/1，救回率=0.00%，pair效率=0.00%。
  - 耗时拆解：packing=0.00s，main_topup=0.00s，retry=0.00s，failed_pool=0.00s，repack=0.00s，total=0.01s。
正在处理托盘类型：MH423C，销售订单号：PAIN26286EN01S
  - 主算法：全局列式装箱 + 柱级组合优化（GCP）。
  - 失败托盘互借诊断：未合并（no_target_or_single_plan）。
托盘类型 MH423C（销售订单号：PAIN26286EN01S）处理完成：总托盘 1，指数达标 0，未达标 1，平均缺口 84.00，最大缺口 84.00，失败托盘互借修复成功 0。
  - KPI：near/mid/deep=0/0/1，救回率=0.00%，pair效率=0.00%。
  - 耗时拆解：packing=0.00s，main_topup=0.00s，retry=0.00s，failed_pool=0.00s，repack=0.00s，total=0.00s。
正在处理托盘类型：MH423C，销售订单号：PAIN26286EN01S__SPLITREST__
  - 该分组不适合列式（多非满柱）→ 回退 beam + 配方优先。
  - 配方优先[fast]：规划 0 实例，实装成功 0，配方路径不可用 → 采用基线方案。
  - 指数诊断：箱子 2 个，总指数 8，目标 192，理论最多达标托盘 0 个，剩余指数 8。
  - 几何诊断：典型整层堆叠单盘参考上限 8/192。 当前目标可能受托盘高度/箱型组合限制。
  - 几何不可达标记：典型整层上限 8 < 目标 192，救援优先压缩托盘数和填充率。
  - 失败托盘互借诊断：未合并（no_target_or_single_plan）。
托盘类型 MH423C（销售订单号：PAIN26286EN01S__SPLITREST__）处理完成：总托盘 1，指数达标 0，未达标 1，平均缺口 184.00，最大缺口 184.00，失败托盘互借修复成功 0。
  - KPI：near/mid/deep=0/0/1，救回率=0.00%，pair效率=0.00%。
  - 耗时拆解：packing=0.00s，main_topup=0.00s，retry=0.00s，failed_pool=0.00s，repack=0.00s，total=0.01s。
正在处理托盘类型：MH423C，销售订单号：LFEG16290IN02S
  - 该分组不适合列式（多非满柱）→ 回退 beam + 配方优先。
  - 配方优先[fast]：规划 0 实例，实装成功 0，配方路径不可用 → 采用基线方案。
  - 指数诊断：箱子 63 个，总指数 109.5，目标 192，理论最多达标托盘 0 个，剩余指数 109.5。
  - 几何诊断：典型整层堆叠单盘参考上限 83/192。 当前目标可能受托盘高度/箱型组合限制。
  - 几何不可达标记：典型整层上限 83 < 目标 192，救援优先压缩托盘数和填充率。
  - 失败托盘互借诊断：未合并（aborted_no_improvement_possible）。
托盘类型 MH423C（销售订单号：LFEG16290IN02S）处理完成：总托盘 2，指数达标 0，未达标 2，平均缺口 137.25，最大缺口 191.50，失败托盘互借修复成功 0。
  - KPI：near/mid/deep=0/0/2，救回率=0.00%，pair效率=0.00%。
  - 耗时拆解：packing=0.76s，main_topup=0.01s，retry=0.00s，failed_pool=0.00s，repack=1.20s，total=4.06s。
正在处理托盘类型：MH423C，销售订单号：LAID16295BN02S
  - 主算法：全局列式装箱 + 柱级组合优化（GCP）。
  - 失败托盘互借诊断：未合并（aborted_no_improvement_possible）。
托盘类型 MH423C（销售订单号：LAID16295BN02S）处理完成：总托盘 2，指数达标 0，未达标 2，平均缺口 155.75，最大缺口 184.00，失败托盘互借修复成功 0。
  - KPI：near/mid/deep=0/0/2，救回率=0.00%，pair效率=0.00%。
  - 耗时拆解：packing=0.35s，main_topup=0.00s，retry=0.00s，failed_pool=0.00s，repack=0.66s，total=1.01s。
正在处理托盘类型：MH423C，销售订单号：LFEG16290IN03S
  - 主算法：全局列式装箱 + 柱级组合优化（GCP）。
  - GCP 盘数远超理论（CP-SAT 装不满）→ 回退 baseline beam + 配方优先。
  - 配方优先[fast]：规划 0 实例，实装成功 0，配方路径不可用 → 采用基线方案。
  - 指数诊断：箱子 88 个，总指数 157，目标 192，理论最多达标托盘 0 个，剩余指数 157。
  - 几何诊断：典型整层堆叠单盘参考上限 115/192。 当前目标可能受托盘高度/箱型组合限制。
  - 几何不可达标记：典型整层上限 115 < 目标 192，救援优先压缩托盘数和填充率。
  - 失败托盘互借诊断：未合并（aborted_no_improvement_possible）。
托盘类型 MH423C（销售订单号：LFEG16290IN03S）处理完成：总托盘 2，指数达标 0，未达标 2，平均缺口 113.50，最大缺口 174.50，失败托盘互借修复成功 0。
  - KPI：near/mid/deep=0/0/2，救回率=0.00%，pair效率=0.00%。
  - 耗时拆解：packing=5.32s，main_topup=0.00s，retry=0.00s，failed_pool=0.00s，repack=2.99s，total=10.18s。
正在处理托盘类型：MH423C，销售订单号：LFEG16290IN03S__SPLITREST__
  - 该分组不适合列式（多非满柱）→ 回退 beam + 配方优先。
  - 配方优先[fast]：规划 0 实例，实装成功 0，配方路径不可用 → 采用基线方案。
  - 指数诊断：箱子 19 个，总指数 21，目标 192，理论最多达标托盘 0 个，剩余指数 21。
  - 几何诊断：典型整层堆叠单盘参考上限 21/192。 当前目标可能受托盘高度/箱型组合限制。
  - 几何不可达标记：典型整层上限 21 < 目标 192，救援优先压缩托盘数和填充率。
  - 失败托盘互借诊断：未合并（no_target_or_single_plan）。
托盘类型 MH423C（销售订单号：LFEG16290IN03S__SPLITREST__）处理完成：总托盘 1，指数达标 0，未达标 1，平均缺口 171.00，最大缺口 171.00，失败托盘互借修复成功 0。
  - KPI：near/mid/deep=0/0/1，救回率=0.00%，pair效率=0.00%。
  - 耗时拆解：packing=0.14s，main_topup=0.00s，retry=0.00s，failed_pool=0.00s，repack=0.00s，total=0.14s。
正在处理托盘类型：MH423C，销售订单号：LAMY16295FN01S
  - 该分组不适合列式（多非满柱）→ 回退 beam + 配方优先。
  - 配方优先[fast]：规划 0 实例，实装成功 0，配方路径不可用 → 采用基线方案。
  - 指数诊断：箱子 26 个，总指数 86.5，目标 192，理论最多达标托盘 0 个，剩余指数 86.5。
  - 几何诊断：典型整层堆叠单盘参考上限 70/192。 当前目标可能受托盘高度/箱型组合限制。
  - 几何不可达标记：典型整层上限 70 < 目标 192，救援优先压缩托盘数和填充率。
  - 失败托盘互借诊断：未合并（no_target_or_single_plan）。
托盘类型 MH423C（销售订单号：LAMY16295FN01S）处理完成：总托盘 1，指数达标 0，未达标 1，平均缺口 105.50，最大缺口 105.50，失败托盘互借修复成功 0。
  - KPI：near/mid/deep=0/0/1，救回率=0.00%，pair效率=0.00%。
  - 耗时拆解：packing=0.23s，main_topup=0.00s，retry=0.00s，failed_pool=0.00s，repack=0.00s，total=0.23s。
正在处理托盘类型：MH423C，销售订单号：LFEG16300IN02S
  - 该分组不适合列式（多非满柱）→ 回退 beam + 配方优先。
  - 配方优先[fast]：规划 0 实例，实装成功 0，配方路径不可用 → 采用基线方案。
  - 指数诊断：箱子 4 个，总指数 8，目标 192，理论最多达标托盘 0 个，剩余指数 8。
  - 几何诊断：典型整层堆叠单盘参考上限 8/192。 当前目标可能受托盘高度/箱型组合限制。
  - 几何不可达标记：典型整层上限 8 < 目标 192，救援优先压缩托盘数和填充率。
  - 失败托盘互借诊断：未合并（no_target_or_single_plan）。
托盘类型 MH423C（销售订单号：LFEG16300IN02S）处理完成：总托盘 1，指数达标 0，未达标 1，平均缺口 184.00，最大缺口 184.00，失败托盘互借修复成功 0。
  - KPI：near/mid/deep=0/0/1，救回率=0.00%，pair效率=0.00%。
  - 耗时拆解：packing=0.00s，main_topup=0.00s，retry=0.00s，failed_pool=0.00s，repack=0.00s，total=0.02s。
正在处理托盘类型：MH423C，销售订单号：PAIN26290BN01S
  - 主算法：全局列式装箱 + 柱级组合优化（GCP）。
  - 失败托盘互借诊断：未合并（no_target_or_single_plan）。
托盘类型 MH423C（销售订单号：PAIN26290BN01S）处理完成：总托盘 1，指数达标 0，未达标 1，平均缺口 115.00，最大缺口 115.00，失败托盘互借修复成功 0。
  - KPI：near/mid/deep=0/0/1，救回率=0.00%，pair效率=0.00%。
  - 耗时拆解：packing=1.30s，main_topup=0.00s，retry=0.00s，failed_pool=0.00s，repack=0.00s，total=1.30s。
正在处理托盘类型：MH423C，销售订单号：PAIN26290BN01S__SPLITREST__
  - 该分组不适合列式（多非满柱）→ 回退 beam + 配方优先。
  - 配方优先[fast]：规划 0 实例，实装成功 0，配方路径不可用 → 采用基线方案。
  - 指数诊断：箱子 9 个，总指数 9，目标 192，理论最多达标托盘 0 个，剩余指数 9。
  - 几何诊断：典型整层堆叠单盘参考上限 9/192。 当前目标可能受托盘高度/箱型组合限制。
  - 几何不可达标记：典型整层上限 9 < 目标 192，救援优先压缩托盘数和填充率。
  - 失败托盘互借诊断：未合并（no_target_or_single_plan）。
托盘类型 MH423C（销售订单号：PAIN26290BN01S__SPLITREST__）处理完成：总托盘 1，指数达标 0，未达标 1，平均缺口 183.00，最大缺口 183.00，失败托盘互借修复成功 0。
  - KPI：near/mid/deep=0/0/1，救回率=0.00%，pair效率=0.00%。
  - 耗时拆解：packing=0.04s，main_topup=0.00s，retry=0.00s，failed_pool=0.00s，repack=0.00s，total=0.04s。
正在处理托盘类型：MH423C，销售订单号：PAIN26290BC02S
  - 主算法：全局列式装箱 + 柱级组合优化（GCP）。
  - 失败托盘互借诊断：未合并（no_target_or_single_plan）。
托盘类型 MH423C（销售订单号：PAIN26290BC02S）处理完成：总托盘 1，指数达标 0，未达标 1，平均缺口 80.00，最大缺口 80.00，失败托盘互借修复成功 0。
  - KPI：near/mid/deep=0/0/1，救回率=0.00%，pair效率=0.00%。
  - 耗时拆解：packing=0.01s，main_topup=0.00s，retry=0.00s，failed_pool=0.00s，repack=0.00s，total=0.01s。
正在处理托盘类型：MH423C，销售订单号：PAIN26290BC02S__SPLITREST__
  - 该分组不适合列式（多非满柱）→ 回退 beam + 配方优先。
  - 配方优先[fast]：规划 0 实例，实装成功 0，配方路径不可用 → 采用基线方案。
  - 指数诊断：箱子 2 个，总指数 1，目标 192，理论最多达标托盘 0 个，剩余指数 1。
  - 几何诊断：典型整层堆叠单盘参考上限 1/192。 当前目标可能受托盘高度/箱型组合限制。
  - 几何不可达标记：典型整层上限 1 < 目标 192，救援优先压缩托盘数和填充率。
  - 失败托盘互借诊断：未合并（no_target_or_single_plan）。
托盘类型 MH423C（销售订单号：PAIN26290BC02S__SPLITREST__）处理完成：总托盘 1，指数达标 0，未达标 1，平均缺口 191.00，最大缺口 191.00，失败托盘互借修复成功 0。
  - KPI：near/mid/deep=0/0/1，救回率=0.00%，pair效率=0.00%。
  - 耗时拆解：packing=0.00s，main_topup=0.00s，retry=0.00s，failed_pool=0.00s，repack=0.00s，total=0.00s。
正在处理托盘类型：MH423C，销售订单号：PAIN26290GN01S
  - 该分组不适合列式（多非满柱）→ 回退 beam + 配方优先。
  - 配方优先[fast]：规划 0 实例，实装成功 0，配方路径不可用 → 采用基线方案。
  - 指数诊断：箱子 51 个，总指数 78.5，目标 192，理论最多达标托盘 0 个，剩余指数 78.5。
  - 几何诊断：典型整层堆叠单盘参考上限 58/192。 当前目标可能受托盘高度/箱型组合限制。
  - 几何不可达标记：典型整层上限 58 < 目标 192，救援优先压缩托盘数和填充率。
  - 失败托盘互借诊断：未合并（aborted_no_improvement_possible）。
托盘类型 MH423C（销售订单号：PAIN26290GN01S）处理完成：总托盘 2，指数达标 0，未达标 2，平均缺口 152.75，最大缺口 189.00，失败托盘互借修复成功 0。
  - KPI：near/mid/deep=0/0/2，救回率=0.00%，pair效率=0.00%。
  - 耗时拆解：packing=0.54s，main_topup=0.01s，retry=0.00s，failed_pool=0.00s，repack=0.97s，total=2.96s。
正在处理托盘类型：MH423C，销售订单号：PEG126290LN01S
  - 主算法：全局列式装箱 + 柱级组合优化（GCP）。
  - 失败托盘互借诊断：未合并（no_target_or_single_plan）。
托盘类型 MH423C（销售订单号：PEG126290LN01S）处理完成：总托盘 1，指数达标 0，未达标 1，平均缺口 128.00，最大缺口 128.00，失败托盘互借修复成功 0。
  - KPI：near/mid/deep=0/0/1，救回率=0.00%，pair效率=0.00%。
  - 耗时拆解：packing=0.49s，main_topup=0.00s，retry=0.00s，failed_pool=0.00s，repack=0.00s，total=0.49s。
正在处理托盘类型：MH423C，销售订单号：PAIN26280GN01S
  - 该分组不适合列式（多非满柱）→ 回退 beam + 配方优先。
  - 配方优先[fast]：规划 0 实例，实装成功 0，配方路径不可用 → 采用基线方案。
  - 指数诊断：箱子 1 个，总指数 4，目标 192，理论最多达标托盘 0 个，剩余指数 4。
  - 几何诊断：典型整层堆叠单盘参考上限 4/192。 当前目标可能受托盘高度/箱型组合限制。
  - 几何不可达标记：典型整层上限 4 < 目标 192，救援优先压缩托盘数和填充率。
  - 失败托盘互借诊断：未合并（no_target_or_single_plan）。
托盘类型 MH423C（销售订单号：PAIN26280GN01S）处理完成：总托盘 1，指数达标 0，未达标 1，平均缺口 188.00，最大缺口 188.00，失败托盘互借修复成功 0。
  - KPI：near/mid/deep=0/0/1，救回率=0.00%，pair效率=0.00%。
  - 耗时拆解：packing=0.00s，main_topup=0.00s，retry=0.00s，failed_pool=0.00s，repack=0.00s，total=0.00s。
正在处理托盘类型：MH423C，销售订单号：LAID16295EN02S
  - 主算法：全局列式装箱 + 柱级组合优化（GCP）。
  - 失败托盘互借诊断：未合并（aborted_no_improvement_possible）。
托盘类型 MH423C（销售订单号：LAID16295EN02S）处理完成：总托盘 2，指数达标 0，未达标 2，平均缺口 95.50，最大缺口 175.00，失败托盘互借修复成功 0。
  - KPI：near/mid/deep=0/1/1，救回率=0.00%，pair效率=0.00%。
  - 耗时拆解：packing=2.29s，main_topup=0.00s，retry=0.00s，failed_pool=0.00s，repack=4.91s，total=7.20s。
正在处理托盘类型：MH423C，销售订单号：LAID16295EN02S__SPLITREST__
  - 该分组不适合列式（多非满柱）→ 回退 beam + 配方优先。
  - 配方优先[fast]：规划 0 实例，实装成功 0，配方路径不可用 → 采用基线方案。
  - 指数诊断：箱子 2 个，总指数 14，目标 192，理论最多达标托盘 0 个，剩余指数 14。
  - 几何诊断：典型整层堆叠单盘参考上限 14/192。 当前目标可能受托盘高度/箱型组合限制。
  - 几何不可达标记：典型整层上限 14 < 目标 192，救援优先压缩托盘数和填充率。
  - 失败托盘互借诊断：未合并（no_target_or_single_plan）。
托盘类型 MH423C（销售订单号：LAID16295EN02S__SPLITREST__）处理完成：总托盘 1，指数达标 0，未达标 1，平均缺口 178.00，最大缺口 178.00，失败托盘互借修复成功 0。
  - KPI：near/mid/deep=0/0/1，救回率=0.00%，pair效率=0.00%。
  - 耗时拆解：packing=0.00s，main_topup=0.00s，retry=0.00s，failed_pool=0.00s，repack=0.00s，total=0.01s。
正在处理托盘类型：MH423C，销售订单号：PAIN26280MN07S
  - 主算法：全局列式装箱 + 柱级组合优化（GCP）。
  - 失败托盘互借诊断：未合并（no_target_or_single_plan）。
托盘类型 MH423C（销售订单号：PAIN26280MN07S）处理完成：总托盘 1，指数达标 0，未达标 1，平均缺口 108.00，最大缺口 108.00，失败托盘互借修复成功 0。
  - KPI：near/mid/deep=0/0/1，救回率=0.00%，pair效率=0.00%。
  - 耗时拆解：packing=0.00s，main_topup=0.00s，retry=0.00s，failed_pool=0.00s，repack=0.00s，total=0.00s。
正在处理托盘类型：MH423C，销售订单号：PEG086250LN01S
  - 该分组不适合列式（多非满柱）→ 回退 beam + 配方优先。
  - 配方优先[fast]：规划 0 实例，实装成功 0，配方路径不可用 → 采用基线方案。
  - 指数诊断：箱子 1 个，总指数 4，目标 192，理论最多达标托盘 0 个，剩余指数 4。
  - 几何诊断：典型整层堆叠单盘参考上限 4/192。 当前目标可能受托盘高度/箱型组合限制。
  - 几何不可达标记：典型整层上限 4 < 目标 192，救援优先压缩托盘数和填充率。
  - 失败托盘互借诊断：未合并（no_target_or_single_plan）。
托盘类型 MH423C（销售订单号：PEG086250LN01S）处理完成：总托盘 1，指数达标 0，未达标 1，平均缺口 188.00，最大缺口 188.00，失败托盘互借修复成功 0。
  - KPI：near/mid/deep=0/0/1，救回率=0.00%，pair效率=0.00%。
  - 耗时拆解：packing=0.00s，main_topup=0.00s，retry=0.00s，failed_pool=0.00s，repack=0.00s，total=0.00s。
正在处理托盘类型：MH423C，销售订单号：LFEG16290IN01S
  - 主算法：全局列式装箱 + 柱级组合优化（GCP）。
  - 失败托盘互借诊断：未合并（no_target_or_single_plan）。
托盘类型 MH423C（销售订单号：LFEG16290IN01S）处理完成：总托盘 1，指数达标 0，未达标 1，平均缺口 67.00，最大缺口 67.00，失败托盘互借修复成功 0。
  - KPI：near/mid/deep=0/0/1，救回率=0.00%，pair效率=0.00%。
  - 耗时拆解：packing=0.01s，main_topup=0.00s，retry=0.00s，failed_pool=0.00s，repack=0.00s，total=0.01s。
正在处理托盘类型：MH423C，销售订单号：LFEG16290IN01S__SPLITREST__
  - 该分组不适合列式（多非满柱）→ 回退 beam + 配方优先。
  - 配方优先[fast]：规划 0 实例，实装成功 0，配方路径不可用 → 采用基线方案。
  - 指数诊断：箱子 3 个，总指数 8.5，目标 192，理论最多达标托盘 0 个，剩余指数 8.5。
  - 几何诊断：典型整层堆叠单盘参考上限 8.5/192。 当前目标可能受托盘高度/箱型组合限制。
  - 几何不可达标记：典型整层上限 8.5 < 目标 192，救援优先压缩托盘数和填充率。
  - 失败托盘互借诊断：未合并（no_target_or_single_plan）。
托盘类型 MH423C（销售订单号：LFEG16290IN01S__SPLITREST__）处理完成：总托盘 1，指数达标 0，未达标 1，平均缺口 183.50，最大缺口 183.50，失败托盘互借修复成功 0。
  - KPI：near/mid/deep=0/0/1，救回率=0.00%，pair效率=0.00%。
  - 耗时拆解：packing=0.00s，main_topup=0.00s，retry=0.00s，failed_pool=0.00s，repack=0.00s，total=0.01s。
正在处理托盘类型：MH423C，销售订单号：LAID16295EN01S
  - 主算法：全局列式装箱 + 柱级组合优化（GCP）。
  - GCP 盘数远超理论（CP-SAT 装不满）→ 回退 baseline beam + 配方优先。
  - 托盘 MH423C-LAID16295EN01S-2 未找到可行装箱方案，启用剩余箱子守恒兜底。
  - 配方优先[fast]：规划 0 实例，实装成功 0，配方路径不可用 → 采用基线方案。
  - 指数诊断：箱子 71 个，总指数 170.5，目标 192，理论最多达标托盘 0 个，剩余指数 170.5。
  - 几何诊断：典型整层堆叠单盘参考上限 125/192。 当前目标可能受托盘高度/箱型组合限制。
  - 几何不可达标记：典型整层上限 125 < 目标 192，救援优先压缩托盘数和填充率。
  - 失败盘装满压实：合并/吸收 1 次（纯减盘数）。
  - 失败托盘互借诊断：未合并（aborted_no_improvement_possible）。
托盘类型 MH423C（销售订单号：LAID16295EN01S）处理完成：总托盘 3，指数达标 0，未达标 3，平均缺口 135.17，最大缺口 189.50，失败托盘互借修复成功 0。
  - KPI：near/mid/deep=0/0/3，救回率=0.00%，pair效率=0.00%。
  - 耗时拆解：packing=1.41s，main_topup=0.02s，retry=0.00s，failed_pool=0.00s，repack=4.09s，total=10.74s。
正在处理托盘类型：MH423C，销售订单号：PAID16295EN06S
  - 主算法：全局列式装箱 + 柱级组合优化（GCP）。
  - GCP 盘数远超理论（CP-SAT 装不满）→ 回退 baseline beam + 配方优先。
  - 配方优先[fast]：规划 0 实例，实装成功 0，配方路径不可用 → 采用基线方案。
  - 指数诊断：箱子 66 个，总指数 189，目标 192，理论最多达标托盘 0 个，剩余指数 189。
  - 几何诊断：典型整层堆叠单盘参考上限 97/192。 当前目标可能受托盘高度/箱型组合限制。
  - 几何不可达标记：典型整层上限 97 < 目标 192，救援优先压缩托盘数和填充率。
  - 失败托盘互借诊断：未合并（less_than_2_consolidatable）。
托盘类型 MH423C（销售订单号：PAID16295EN06S）处理完成：总托盘 1，指数达标 0，未达标 1，平均缺口 3.00，最大缺口 3.00，失败托盘互借修复成功 0。
  - KPI：near/mid/deep=1/0/0，救回率=0.00%，pair效率=0.00%。
  - 耗时拆解：packing=0.97s，main_topup=0.01s，retry=0.00s，failed_pool=0.00s，repack=0.01s，total=3.94s。
正在处理托盘类型：MH423C，销售订单号：PAID16295EN06S__SPLITREST__
  - 该分组不适合列式（多非满柱）→ 回退 beam + 配方优先。
  - 配方优先[fast]：规划 0 实例，实装成功 0，配方路径不可用 → 采用基线方案。
  - 指数诊断：箱子 6 个，总指数 14.5，目标 192，理论最多达标托盘 0 个，剩余指数 14.5。
  - 几何诊断：典型整层堆叠单盘参考上限 14.5/192。 当前目标可能受托盘高度/箱型组合限制。
  - 几何不可达标记：典型整层上限 14.5 < 目标 192，救援优先压缩托盘数和填充率。
  - 失败托盘互借诊断：未合并（no_target_or_single_plan）。
托盘类型 MH423C（销售订单号：PAID16295EN06S__SPLITREST__）处理完成：总托盘 1，指数达标 0，未达标 1，平均缺口 177.50，最大缺口 177.50，失败托盘互借修复成功 0。
  - KPI：near/mid/deep=0/0/1，救回率=0.00%，pair效率=0.00%。
  - 耗时拆解：packing=0.02s，main_topup=0.00s，retry=0.00s，failed_pool=0.00s，repack=0.00s，total=0.02s。
正在处理托盘类型：MH423C，销售订单号：LAID16295BN01S
  - 主算法：全局列式装箱 + 柱级组合优化（GCP）。
  - 失败托盘互借诊断：未合并（no_target_or_single_plan）。
托盘类型 MH423C（销售订单号：LAID16295BN01S）处理完成：总托盘 1，指数达标 0，未达标 1，平均缺口 127.00，最大缺口 127.00，失败托盘互借修复成功 0。
  - KPI：near/mid/deep=0/0/1，救回率=0.00%，pair效率=0.00%。
  - 耗时拆解：packing=0.10s，main_topup=0.00s，retry=0.00s，failed_pool=0.00s，repack=0.00s，total=0.10s。
正在处理托盘类型：MH423C，销售订单号：LFEG16310IN02S
  - 该分组不适合列式（多非满柱）→ 回退 beam + 配方优先。
  - 配方优先[fast]：规划 0 实例，实装成功 0，配方路径不可用 → 采用基线方案。
  - 指数诊断：箱子 1 个，总指数 1，目标 192，理论最多达标托盘 0 个，剩余指数 1。
  - 几何诊断：典型整层堆叠单盘参考上限 1/192。 当前目标可能受托盘高度/箱型组合限制。
  - 几何不可达标记：典型整层上限 1 < 目标 192，救援优先压缩托盘数和填充率。
  - 失败托盘互借诊断：未合并（no_target_or_single_plan）。
托盘类型 MH423C（销售订单号：LFEG16310IN02S）处理完成：总托盘 1，指数达标 0，未达标 1，平均缺口 191.00，最大缺口 191.00，失败托盘互借修复成功 0。
  - KPI：near/mid/deep=0/0/1，救回率=0.00%，pair效率=0.00%。
  - 耗时拆解：packing=0.00s，main_topup=0.00s，retry=0.00s，failed_pool=0.00s，repack=0.00s，total=0.00s。
正在处理托盘类型：MH423C，销售订单号：LFEG16310IN01S
  - 该分组不适合列式（多非满柱）→ 回退 beam + 配方优先。
  - 配方优先[fast]：规划 0 实例，实装成功 0，配方路径不可用 → 采用基线方案。
  - 指数诊断：箱子 1 个，总指数 1，目标 192，理论最多达标托盘 0 个，剩余指数 1。
  - 几何诊断：典型整层堆叠单盘参考上限 1/192。 当前目标可能受托盘高度/箱型组合限制。
  - 几何不可达标记：典型整层上限 1 < 目标 192，救援优先压缩托盘数和填充率。
  - 失败托盘互借诊断：未合并（no_target_or_single_plan）。
托盘类型 MH423C（销售订单号：LFEG16310IN01S）处理完成：总托盘 1，指数达标 0，未达标 1，平均缺口 191.00，最大缺口 191.00，失败托盘互借修复成功 0。
  - KPI：near/mid/deep=0/0/1，救回率=0.00%，pair效率=0.00%。
  - 耗时拆解：packing=0.00s，main_topup=0.00s，retry=0.00s，failed_pool=0.00s，repack=0.00s，total=0.00s。
正在处理托盘类型：MH423C，销售订单号：PEG086300LN01S
  - 主算法：全局列式装箱 + 柱级组合优化（GCP）。
  - 失败托盘互借诊断：未合并（no_target_or_single_plan）。
托盘类型 MH423C（销售订单号：PEG086300LN01S）处理完成：总托盘 1，指数达标 0，未达标 1，平均缺口 76.00，最大缺口 76.00，失败托盘互借修复成功 0。
  - KPI：near/mid/deep=0/0/1，救回率=0.00%，pair效率=0.00%。
  - 耗时拆解：packing=0.01s，main_topup=0.00s，retry=0.00s，failed_pool=0.00s，repack=0.00s，total=0.01s。
正在处理托盘类型：MH423C，销售订单号：PAID162808N01S
  - 该分组不适合列式（多非满柱）→ 回退 beam + 配方优先。
  - 配方优先[fast]：规划 0 实例，实装成功 0，配方路径不可用 → 采用基线方案。
  - 指数诊断：箱子 12 个，总指数 20.5，目标 192，理论最多达标托盘 0 个，剩余指数 20.5。
  - 几何诊断：典型整层堆叠单盘参考上限 20.5/192。 当前目标可能受托盘高度/箱型组合限制。
  - 几何不可达标记：典型整层上限 20.5 < 目标 192，救援优先压缩托盘数和填充率。
  - 失败托盘互借诊断：未合并（no_target_or_single_plan）。
托盘类型 MH423C（销售订单号：PAID162808N01S）处理完成：总托盘 1，指数达标 0，未达标 1，平均缺口 171.50，最大缺口 171.50，失败托盘互借修复成功 0。
  - KPI：near/mid/deep=0/0/1，救回率=0.00%，pair效率=0.00%。
  - 耗时拆解：packing=0.03s，main_topup=0.00s，retry=0.00s，failed_pool=0.00s，repack=0.01s，total=0.11s。
正在处理托盘类型：MH423C，销售订单号：PAID16290FN01S
  - 主算法：全局列式装箱 + 柱级组合优化（GCP）。
  - GCP 盘数远超理论（CP-SAT 装不满）→ 回退 baseline beam + 配方优先。
  - 配方优先[fast]：规划 0 实例，实装成功 0，配方路径不可用 → 采用基线方案。
  - 指数诊断：箱子 7 个，总指数 19，目标 192，理论最多达标托盘 0 个，剩余指数 19。
  - 几何诊断：典型整层堆叠单盘参考上限 18/192。 当前目标可能受托盘高度/箱型组合限制。
  - 几何不可达标记：典型整层上限 18 < 目标 192，救援优先压缩托盘数和填充率。
  - 失败托盘互借诊断：未合并（no_target_or_single_plan）。
托盘类型 MH423C（销售订单号：PAID16290FN01S）处理完成：总托盘 1，指数达标 0，未达标 1，平均缺口 173.00，最大缺口 173.00，失败托盘互借修复成功 0。
  - KPI：near/mid/deep=0/0/1，救回率=0.00%，pair效率=0.00%。
  - 耗时拆解：packing=0.01s，main_topup=0.00s，retry=0.00s，failed_pool=0.00s，repack=0.00s，total=0.06s。
正在处理托盘类型：MH423C，销售订单号：PAID16290FN01S__SPLITREST__
  - 该分组不适合列式（多非满柱）→ 回退 beam + 配方优先。
  - 配方优先[fast]：规划 0 实例，实装成功 0，配方路径不可用 → 采用基线方案。
  - 指数诊断：箱子 1 个，总指数 0.5，目标 192，理论最多达标托盘 0 个，剩余指数 0.5。
  - 几何诊断：典型整层堆叠单盘参考上限 0.5/192。 当前目标可能受托盘高度/箱型组合限制。
  - 几何不可达标记：典型整层上限 0.5 < 目标 192，救援优先压缩托盘数和填充率。
  - 失败托盘互借诊断：未合并（no_target_or_single_plan）。
托盘类型 MH423C（销售订单号：PAID16290FN01S__SPLITREST__）处理完成：总托盘 1，指数达标 0，未达标 1，平均缺口 191.50，最大缺口 191.50，失败托盘互借修复成功 0。
  - KPI：near/mid/deep=0/0/1，救回率=0.00%，pair效率=0.00%。
  - 耗时拆解：packing=0.00s，main_topup=0.00s，retry=0.00s，failed_pool=0.00s，repack=0.00s，total=0.00s。
正在处理托盘类型：MH423C，销售订单号：LAID16296DN03S__CASEGROUP__1
  - 主算法：全局列式装箱 + 柱级组合优化（GCP）。
  - 失败托盘互借诊断：未合并（no_target_or_single_plan）。
托盘类型 MH423C（销售订单号：LAID16296DN03S__CASEGROUP__1）处理完成：总托盘 1，指数达标 0，未达标 1，平均缺口 90.00，最大缺口 90.00，失败托盘互借修复成功 0。
  - KPI：near/mid/deep=0/0/1，救回率=0.00%，pair效率=0.00%。
  - 耗时拆解：packing=0.00s，main_topup=0.00s，retry=0.00s，failed_pool=0.00s，repack=0.00s，total=0.00s。
正在处理托盘类型：MH423C，销售订单号：LAID16296DN03S__CASEGROUP__1__SPLITREST__
  - 该分组不适合列式（多非满柱）→ 回退 beam + 配方优先。
  - 配方优先[fast]：规划 0 实例，实装成功 0，配方路径不可用 → 采用基线方案。
  - 指数诊断：箱子 4 个，总指数 2，目标 192，理论最多达标托盘 0 个，剩余指数 2。
  - 几何诊断：典型整层堆叠单盘参考上限 2/192。 当前目标可能受托盘高度/箱型组合限制。
  - 几何不可达标记：典型整层上限 2 < 目标 192，救援优先压缩托盘数和填充率。
  - 失败托盘互借诊断：未合并（no_target_or_single_plan）。
托盘类型 MH423C（销售订单号：LAID16296DN03S__CASEGROUP__1__SPLITREST__）处理完成：总托盘 1，指数达标 0，未达标 1，平均缺口 190.00，最大缺口 190.00，失败托盘互借修复成功 0。
  - KPI：near/mid/deep=0/0/1，救回率=0.00%，pair效率=0.00%。
  - 耗时拆解：packing=0.00s，main_topup=0.00s，retry=0.00s，failed_pool=0.00s，repack=0.00s，total=0.02s。
正在处理托盘类型：MH423C，销售订单号：PAID162808C02S
  - 主算法：全局列式装箱 + 柱级组合优化（GCP）。
  - GCP 盘数远超理论（CP-SAT 装不满）→ 回退 baseline beam + 配方优先。
  - 配方优先[fast]：规划 0 实例，实装成功 0，配方路径不可用 → 采用基线方案。
  - 指数诊断：箱子 6 个，总指数 12，目标 192，理论最多达标托盘 0 个，剩余指数 12。
  - 几何诊断：典型整层堆叠单盘参考上限 12/192。 当前目标可能受托盘高度/箱型组合限制。
  - 几何不可达标记：典型整层上限 12 < 目标 192，救援优先压缩托盘数和填充率。
  - 失败托盘互借诊断：未合并（no_target_or_single_plan）。
托盘类型 MH423C（销售订单号：PAID162808C02S）处理完成：总托盘 1，指数达标 0，未达标 1，平均缺口 180.00，最大缺口 180.00，失败托盘互借修复成功 0。
  - KPI：near/mid/deep=0/0/1，救回率=0.00%，pair效率=0.00%。
  - 耗时拆解：packing=0.01s，main_topup=0.00s，retry=0.00s，failed_pool=0.00s，repack=0.00s，total=0.06s。
正在处理托盘类型：MH423C，销售订单号：LFEG16300IN01S
  - 该分组不适合列式（多非满柱）→ 回退 beam + 配方优先。
  - 配方优先[fast]：规划 0 实例，实装成功 0，配方路径不可用 → 采用基线方案。
  - 指数诊断：箱子 3 个，总指数 10，目标 192，理论最多达标托盘 0 个，剩余指数 10。
  - 几何诊断：典型整层堆叠单盘参考上限 10/192。 当前目标可能受托盘高度/箱型组合限制。
  - 几何不可达标记：典型整层上限 10 < 目标 192，救援优先压缩托盘数和填充率。
  - 失败托盘互借诊断：未合并（no_target_or_single_plan）。
托盘类型 MH423C（销售订单号：LFEG16300IN01S）处理完成：总托盘 1，指数达标 0，未达标 1，平均缺口 182.00，最大缺口 182.00，失败托盘互借修复成功 0。
  - KPI：near/mid/deep=0/0/1，救回率=0.00%，pair效率=0.00%。
  - 耗时拆解：packing=0.00s，main_topup=0.00s，retry=0.00s，failed_pool=0.00s，repack=0.00s，total=0.01s。
正在处理托盘类型：MH423C，销售订单号：LAMY16315FN01S
  - 主算法：全局列式装箱 + 柱级组合优化（GCP）。
  - 失败托盘互借诊断：未合并（no_target_or_single_plan）。
托盘类型 MH423C（销售订单号：LAMY16315FN01S）处理完成：总托盘 1，指数达标 0，未达标 1，平均缺口 120.00，最大缺口 120.00，失败托盘互借修复成功 0。
  - KPI：near/mid/deep=0/0/1，救回率=0.00%，pair效率=0.00%。
  - 耗时拆解：packing=0.00s，main_topup=0.00s，retry=0.00s，failed_pool=0.00s，repack=0.00s，total=0.00s。
正在处理托盘类型：MH423C，销售订单号：LAMY16315FN01S__SPLITREST__
  - 该分组不适合列式（多非满柱）→ 回退 beam + 配方优先。
  - 配方优先[fast]：规划 0 实例，实装成功 0，配方路径不可用 → 采用基线方案。
  - 指数诊断：箱子 2 个，总指数 4，目标 192，理论最多达标托盘 0 个，剩余指数 4。
  - 几何诊断：典型整层堆叠单盘参考上限 4/192。 当前目标可能受托盘高度/箱型组合限制。
  - 几何不可达标记：典型整层上限 4 < 目标 192，救援优先压缩托盘数和填充率。
  - 失败托盘互借诊断：未合并（no_target_or_single_plan）。
托盘类型 MH423C（销售订单号：LAMY16315FN01S__SPLITREST__）处理完成：总托盘 1，指数达标 0，未达标 1，平均缺口 188.00，最大缺口 188.00，失败托盘互借修复成功 0。
  - KPI：near/mid/deep=0/0/1，救回率=0.00%，pair效率=0.00%。
  - 耗时拆解：packing=0.00s，main_topup=0.00s，retry=0.00s，failed_pool=0.00s，repack=0.00s，total=0.01s。
正在处理托盘类型：MH423C，销售订单号：LAID16305BN02S
  - 主算法：全局列式装箱 + 柱级组合优化（GCP）。
  - 失败托盘互借诊断：未合并（no_target_or_single_plan）。
托盘类型 MH423C（销售订单号：LAID16305BN02S）处理完成：总托盘 1，指数达标 0，未达标 1，平均缺口 88.00，最大缺口 88.00，失败托盘互借修复成功 0。
  - KPI：near/mid/deep=0/0/1，救回率=0.00%，pair效率=0.00%。
  - 耗时拆解：packing=0.56s，main_topup=0.00s，retry=0.00s，failed_pool=0.00s，repack=0.00s，total=0.56s。
正在处理托盘类型：MH423C，销售订单号：LFEG16300IN03S
  - 该分组不适合列式（多非满柱）→ 回退 beam + 配方优先。
  - 配方优先[fast]：规划 0 实例，实装成功 0，配方路径不可用 → 采用基线方案。
  - 指数诊断：箱子 1 个，总指数 2，目标 192，理论最多达标托盘 0 个，剩余指数 2。
  - 几何诊断：典型整层堆叠单盘参考上限 2/192。 当前目标可能受托盘高度/箱型组合限制。
  - 几何不可达标记：典型整层上限 2 < 目标 192，救援优先压缩托盘数和填充率。
  - 失败托盘互借诊断：未合并（no_target_or_single_plan）。
托盘类型 MH423C（销售订单号：LFEG16300IN03S）处理完成：总托盘 1，指数达标 0，未达标 1，平均缺口 190.00，最大缺口 190.00，失败托盘互借修复成功 0。
  - KPI：near/mid/deep=0/0/1，救回率=0.00%，pair效率=0.00%。
  - 耗时拆解：packing=0.00s，main_topup=0.00s，retry=0.00s，failed_pool=0.00s，repack=0.00s，total=0.00s。
正在处理托盘类型：MH423C，销售订单号：LAID16305BN01S
  - 主算法：全局列式装箱 + 柱级组合优化（GCP）。
  - 失败托盘互借诊断：未合并（no_target_or_single_plan）。
托盘类型 MH423C（销售订单号：LAID16305BN01S）处理完成：总托盘 1，指数达标 0，未达标 1，平均缺口 164.00，最大缺口 164.00，失败托盘互借修复成功 0。
  - KPI：near/mid/deep=0/0/1，救回率=0.00%，pair效率=0.00%。
  - 耗时拆解：packing=0.06s，main_topup=0.00s，retry=0.00s，failed_pool=0.00s，repack=0.00s，total=0.06s。
正在处理托盘类型：MH423C，销售订单号：LAID16305BN01S__SPLITREST__
  - 该分组不适合列式（多非满柱）→ 回退 beam + 配方优先。
  - 配方优先[fast]：规划 0 实例，实装成功 0，配方路径不可用 → 采用基线方案。
  - 指数诊断：箱子 3 个，总指数 6，目标 192，理论最多达标托盘 0 个，剩余指数 6。
  - 几何诊断：典型整层堆叠单盘参考上限 6/192。 当前目标可能受托盘高度/箱型组合限制。
  - 几何不可达标记：典型整层上限 6 < 目标 192，救援优先压缩托盘数和填充率。
  - 失败托盘互借诊断：未合并（no_target_or_single_plan）。
托盘类型 MH423C（销售订单号：LAID16305BN01S__SPLITREST__）处理完成：总托盘 1，指数达标 0，未达标 1，平均缺口 186.00，最大缺口 186.00，失败托盘互借修复成功 0。
  - KPI：near/mid/deep=0/0/1，救回率=0.00%，pair效率=0.00%。
  - 耗时拆解：packing=0.00s，main_topup=0.00s，retry=0.00s，failed_pool=0.00s，repack=0.00s，total=0.01s。
正在处理托盘类型：MH423C，销售订单号：LAID16305EN01S
  - 该分组不适合列式（多非满柱）→ 回退 beam + 配方优先。
  - 配方优先[fast]：规划 0 实例，实装成功 0，配方路径不可用 → 采用基线方案。
  - 指数诊断：箱子 29 个，总指数 132.5，目标 192，理论最多达标托盘 0 个，剩余指数 132.5。
  - 几何诊断：典型整层堆叠单盘参考上限 78/192。 当前目标可能受托盘高度/箱型组合限制。
  - 几何不可达标记：典型整层上限 78 < 目标 192，救援优先压缩托盘数和填充率。
  - 失败托盘互借诊断：未合并（aborted_no_improvement_possible）。
托盘类型 MH423C（销售订单号：LAID16305EN01S）处理完成：总托盘 2，指数达标 0，未达标 2，平均缺口 125.75，最大缺口 183.50，失败托盘互借修复成功 0。
  - KPI：near/mid/deep=0/0/2，救回率=0.00%，pair效率=0.00%。
  - 耗时拆解：packing=0.13s，main_topup=0.00s，retry=0.00s，failed_pool=0.00s，repack=0.28s，total=0.73s。
正在处理托盘类型：MH423C，销售订单号：PAIN26290GC02S
  - 主算法：全局列式装箱 + 柱级组合优化（GCP）。
  - GCP 盘数远超理论（CP-SAT 装不满）→ 回退 baseline beam + 配方优先。
  - 配方优先[fast]：规划 0 实例，实装成功 0，配方路径不可用 → 采用基线方案。
  - 指数诊断：箱子 41 个，总指数 178，目标 192，理论最多达标托盘 0 个，剩余指数 178。
  - 几何诊断：典型整层堆叠单盘参考上限 136/192。 当前目标可能受托盘高度/箱型组合限制。
  - 几何不可达标记：典型整层上限 136 < 目标 192，救援优先压缩托盘数和填充率。
  - 失败托盘互借诊断：未合并（not_better）。
托盘类型 MH423C（销售订单号：PAIN26290GC02S）处理完成：总托盘 2，指数达标 0，未达标 2，平均缺口 103.00，最大缺口 122.00，失败托盘互借修复成功 0。
  - KPI：near/mid/deep=0/0/2，救回率=0.00%，pair效率=0.00%。
  - 耗时拆解：packing=0.05s，main_topup=0.00s，retry=0.00s，failed_pool=0.00s，repack=0.29s，total=0.61s。
正在处理托盘类型：MH423C，销售订单号：PAID16280FC02S
  - 主算法：全局列式装箱 + 柱级组合优化（GCP）。
  - GCP 盘数远超理论（CP-SAT 装不满）→ 回退 baseline beam + 配方优先。
  - 配方优先[fast]：规划 0 实例，实装成功 0，配方路径不可用 → 采用基线方案。
  - 指数诊断：箱子 4 个，总指数 16，目标 192，理论最多达标托盘 0 个，剩余指数 16。
  - 几何诊断：典型整层堆叠单盘参考上限 16/192。 当前目标可能受托盘高度/箱型组合限制。
  - 几何不可达标记：典型整层上限 16 < 目标 192，救援优先压缩托盘数和填充率。
  - 失败托盘互借诊断：未合并（no_target_or_single_plan）。
托盘类型 MH423C（销售订单号：PAID16280FC02S）处理完成：总托盘 1，指数达标 0，未达标 1，平均缺口 176.00，最大缺口 176.00，失败托盘互借修复成功 0。
  - KPI：near/mid/deep=0/0/1，救回率=0.00%，pair效率=0.00%。
  - 耗时拆解：packing=0.00s，main_topup=0.00s，retry=0.00s，failed_pool=0.00s，repack=0.00s，total=0.03s。
正在处理托盘类型：MH423C，销售订单号：PAIN26296EC02S
  - 主算法：全局列式装箱 + 柱级组合优化（GCP）。
  - 失败托盘互借诊断：未合并（aborted_no_improvement_possible）。
托盘类型 MH423C（销售订单号：PAIN26296EC02S）处理完成：总托盘 2，指数达标 0，未达标 2，平均缺口 84.00，最大缺口 162.00，失败托盘互借修复成功 0。
  - KPI：near/mid/deep=1/0/1，救回率=0.00%，pair效率=0.00%。
  - 耗时拆解：packing=0.05s，main_topup=0.00s，retry=0.00s，failed_pool=0.00s，repack=5.73s，total=5.79s。
正在处理托盘类型：MH423C，销售订单号：PAID16290FC02S
  - 该分组不适合列式（多非满柱）→ 回退 beam + 配方优先。
  - 配方优先[fast]：规划 0 实例，实装成功 0，配方路径不可用 → 采用基线方案。
  - 指数诊断：箱子 6 个，总指数 14，目标 192，理论最多达标托盘 0 个，剩余指数 14。
  - 几何诊断：典型整层堆叠单盘参考上限 14/192。 当前目标可能受托盘高度/箱型组合限制。
  - 几何不可达标记：典型整层上限 14 < 目标 192，救援优先压缩托盘数和填充率。
  - 失败托盘互借诊断：未合并（no_target_or_single_plan）。
托盘类型 MH423C（销售订单号：PAID16290FC02S）处理完成：总托盘 1，指数达标 0，未达标 1，平均缺口 178.00，最大缺口 178.00，失败托盘互借修复成功 0。
  - KPI：near/mid/deep=0/0/1，救回率=0.00%，pair效率=0.00%。
  - 耗时拆解：packing=0.01s，main_topup=0.00s，retry=0.00s，failed_pool=0.00s，repack=0.00s，total=0.06s。
正在处理托盘类型：MH423C，销售订单号：LAID16295EN01S__CASEGROUP__1
  - 主算法：全局列式装箱 + 柱级组合优化（GCP）。
  - 失败托盘互借诊断：未合并（no_target_or_single_plan）。
托盘类型 MH423C（销售订单号：LAID16295EN01S__CASEGROUP__1）处理完成：总托盘 1，指数达标 0，未达标 1，平均缺口 52.00，最大缺口 52.00，失败托盘互借修复成功 0。
  - KPI：near/mid/deep=0/0/1，救回率=0.00%，pair效率=0.00%。
  - 耗时拆解：packing=2.13s，main_topup=0.00s，retry=0.00s，failed_pool=0.00s，repack=0.00s，total=2.13s。
正在处理托盘类型：MH423C，销售订单号：LAID16295EN01S__CASEGROUP__1__SPLITREST__
  - 该分组不适合列式（多非满柱）→ 回退 beam + 配方优先。
  - 配方优先[fast]：规划 0 实例，实装成功 0，配方路径不可用 → 采用基线方案。
  - 指数诊断：箱子 5 个，总指数 16，目标 192，理论最多达标托盘 0 个，剩余指数 16。
  - 几何诊断：典型整层堆叠单盘参考上限 16/192。 当前目标可能受托盘高度/箱型组合限制。
  - 几何不可达标记：典型整层上限 16 < 目标 192，救援优先压缩托盘数和填充率。
  - 失败托盘互借诊断：未合并（no_target_or_single_plan）。
托盘类型 MH423C（销售订单号：LAID16295EN01S__CASEGROUP__1__SPLITREST__）处理完成：总托盘 1，指数达标 0，未达标 1，平均缺口 176.00，最大缺口 176.00，失败托盘互借修复成功 0。
  - KPI：near/mid/deep=0/0/1，救回率=0.00%，pair效率=0.00%。
  - 耗时拆解：packing=0.01s，main_topup=0.00s，retry=0.00s，failed_pool=0.00s，repack=0.00s，total=0.01s。
正在处理托盘类型：MH423C，销售订单号：PEG146296CN01S
  - 主算法：全局列式装箱 + 柱级组合优化（GCP）。
  - 失败托盘互借诊断：未合并（no_target_or_single_plan）。
托盘类型 MH423C（销售订单号：PEG146296CN01S）处理完成：总托盘 1，指数达标 0，未达标 1，平均缺口 68.00，最大缺口 68.00，失败托盘互借修复成功 0。
  - KPI：near/mid/deep=0/0/1，救回率=0.00%，pair效率=0.00%。
  - 耗时拆解：packing=0.00s，main_topup=0.00s，retry=0.00s，failed_pool=0.00s，repack=0.00s，total=0.00s。
正在处理托盘类型：MH423C，销售订单号：LAID16284AN02S
  - 主算法：全局列式装箱 + 柱级组合优化（GCP）。
  - GCP 盘数远超理论（CP-SAT 装不满）→ 回退 baseline beam + 配方优先。
  - 配方优先[fast]：规划 0 实例，实装成功 0，配方路径不可用 → 采用基线方案。
  - 指数诊断：箱子 7 个，总指数 22，目标 192，理论最多达标托盘 0 个，剩余指数 22。
  - 几何诊断：典型整层堆叠单盘参考上限 22/192。 当前目标可能受托盘高度/箱型组合限制。
  - 几何不可达标记：典型整层上限 22 < 目标 192，救援优先压缩托盘数和填充率。
  - 失败托盘互借诊断：未合并（no_target_or_single_plan）。
托盘类型 MH423C（销售订单号：LAID16284AN02S）处理完成：总托盘 1，指数达标 0，未达标 1，平均缺口 170.00，最大缺口 170.00，失败托盘互借修复成功 0。
  - KPI：near/mid/deep=0/0/1，救回率=0.00%，pair效率=0.00%。
  - 耗时拆解：packing=0.01s，main_topup=0.00s，retry=0.00s，failed_pool=0.00s，repack=0.00s，total=0.05s。
正在处理托盘类型：MH423C，销售订单号：PAIN26290MN09S
  - 主算法：全局列式装箱 + 柱级组合优化（GCP）。
  - 失败托盘互借诊断：未合并（no_target_or_single_plan）。
托盘类型 MH423C（销售订单号：PAIN26290MN09S）处理完成：总托盘 1，指数达标 0，未达标 1，平均缺口 84.00，最大缺口 84.00，失败托盘互借修复成功 0。
  - KPI：near/mid/deep=0/0/1，救回率=0.00%，pair效率=0.00%。
  - 耗时拆解：packing=0.04s，main_topup=0.00s，retry=0.00s，failed_pool=0.00s，repack=0.00s，total=0.04s。
正在处理托盘类型：MH423C，销售订单号：LAID16294AN01S
  - 该分组不适合列式（多非满柱）→ 回退 beam + 配方优先。
  - 配方优先[fast]：规划 0 实例，实装成功 0，配方路径不可用 → 采用基线方案。
  - 指数诊断：箱子 9 个，总指数 23，目标 192，理论最多达标托盘 0 个，剩余指数 23。
  - 几何诊断：典型整层堆叠单盘参考上限 20/192。 当前目标可能受托盘高度/箱型组合限制。
  - 几何不可达标记：典型整层上限 20 < 目标 192，救援优先压缩托盘数和填充率。
  - 失败托盘互借诊断：未合并（no_target_or_single_plan）。
托盘类型 MH423C（销售订单号：LAID16294AN01S）处理完成：总托盘 1，指数达标 0，未达标 1，平均缺口 169.00，最大缺口 169.00，失败托盘互借修复成功 0。
  - KPI：near/mid/deep=0/0/1，救回率=0.00%，pair效率=0.00%。
  - 耗时拆解：packing=0.04s，main_topup=0.00s，retry=0.00s，failed_pool=0.00s，repack=0.00s，total=0.04s。
正在处理托盘类型：MH423C，销售订单号：LAMY16305FN01S
  - 主算法：全局列式装箱 + 柱级组合优化（GCP）。
  - 失败托盘互借诊断：未合并（no_target_or_single_plan）。
托盘类型 MH423C（销售订单号：LAMY16305FN01S）处理完成：总托盘 1，指数达标 0，未达标 1，平均缺口 170.00，最大缺口 170.00，失败托盘互借修复成功 0。
  - KPI：near/mid/deep=0/0/1，救回率=0.00%，pair效率=0.00%。
  - 耗时拆解：packing=0.02s，main_topup=0.00s，retry=0.00s，failed_pool=0.00s，repack=0.00s，total=0.02s。
正在处理托盘类型：MH423C，销售订单号：PAID16295BN01S
  - 主算法：全局列式装箱 + 柱级组合优化（GCP）。
  - 失败托盘互借诊断：未合并（no_target_or_single_plan）。
托盘类型 MH423C（销售订单号：PAID16295BN01S）处理完成：总托盘 1，指数达标 0，未达标 1，平均缺口 124.00，最大缺口 124.00，失败托盘互借修复成功 0。
  - KPI：near/mid/deep=0/0/1，救回率=0.00%，pair效率=0.00%。
  - 耗时拆解：packing=0.01s，main_topup=0.00s，retry=0.00s，failed_pool=0.00s，repack=0.00s，total=0.01s。
正在处理托盘类型：MH423C，销售订单号：PAID16296DN01S
  - 主算法：全局列式装箱 + 柱级组合优化（GCP）。
  - GCP 盘数远超理论（CP-SAT 装不满）→ 回退 baseline beam + 配方优先。
  - 配方优先[fast]：规划 0 实例，实装成功 0，配方路径不可用 → 采用基线方案。
  - 指数诊断：箱子 10 个，总指数 20，目标 192，理论最多达标托盘 0 个，剩余指数 20。
  - 几何诊断：典型整层堆叠单盘参考上限 20/192。 当前目标可能受托盘高度/箱型组合限制。
  - 几何不可达标记：典型整层上限 20 < 目标 192，救援优先压缩托盘数和填充率。
  - 失败托盘互借诊断：未合并（no_target_or_single_plan）。
托盘类型 MH423C（销售订单号：PAID16296DN01S）处理完成：总托盘 1，指数达标 0，未达标 1，平均缺口 172.00，最大缺口 172.00，失败托盘互借修复成功 0。
  - KPI：near/mid/deep=0/0/1，救回率=0.00%，pair效率=0.00%。
  - 耗时拆解：packing=0.02s，main_topup=0.00s，retry=0.00s，failed_pool=0.00s，repack=0.00s，total=0.10s。
正在处理托盘类型：MH423C，销售订单号：PAID16295EL05S
  - 该分组不适合列式（多非满柱）→ 回退 beam + 配方优先。
  - 配方优先[fast]：规划 0 实例，实装成功 0，配方路径不可用 → 采用基线方案。
  - 指数诊断：箱子 1 个，总指数 2，目标 192，理论最多达标托盘 0 个，剩余指数 2。
  - 几何诊断：典型整层堆叠单盘参考上限 2/192。 当前目标可能受托盘高度/箱型组合限制。
  - 几何不可达标记：典型整层上限 2 < 目标 192，救援优先压缩托盘数和填充率。
  - 失败托盘互借诊断：未合并（no_target_or_single_plan）。
托盘类型 MH423C（销售订单号：PAID16295EL05S）处理完成：总托盘 1，指数达标 0，未达标 1，平均缺口 190.00，最大缺口 190.00，失败托盘互借修复成功 0。
  - KPI：near/mid/deep=0/0/1，救回率=0.00%，pair效率=0.00%。
  - 耗时拆解：packing=0.00s，main_topup=0.00s，retry=0.00s，failed_pool=0.00s，repack=0.00s，total=0.00s。
正在处理托盘类型：MH423C，销售订单号：PAID16290FL03S
  - 该分组不适合列式（多非满柱）→ 回退 beam + 配方优先。
  - 配方优先[fast]：规划 0 实例，实装成功 0，配方路径不可用 → 采用基线方案。
  - 指数诊断：箱子 3 个，总指数 6，目标 192，理论最多达标托盘 0 个，剩余指数 6。
  - 几何诊断：典型整层堆叠单盘参考上限 6/192。 当前目标可能受托盘高度/箱型组合限制。
  - 几何不可达标记：典型整层上限 6 < 目标 192，救援优先压缩托盘数和填充率。
  - 失败托盘互借诊断：未合并（no_target_or_single_plan）。
托盘类型 MH423C（销售订单号：PAID16290FL03S）处理完成：总托盘 1，指数达标 0，未达标 1，平均缺口 186.00，最大缺口 186.00，失败托盘互借修复成功 0。
  - KPI：near/mid/deep=0/0/1，救回率=0.00%，pair效率=0.00%。
  - 耗时拆解：packing=0.00s，main_topup=0.00s，retry=0.00s，failed_pool=0.00s，repack=0.00s，total=0.01s。
正在处理托盘类型：MH423C，销售订单号：PAIN26290MN02S
  - 该分组不适合列式（多非满柱）→ 回退 beam + 配方优先。
  - 配方优先[fast]：规划 0 实例，实装成功 0，配方路径不可用 → 采用基线方案。
  - 指数诊断：箱子 56 个，总指数 88，目标 192，理论最多达标托盘 0 个，剩余指数 88。
  - 几何诊断：典型整层堆叠单盘参考上限 85/192。 当前目标可能受托盘高度/箱型组合限制。
  - 几何不可达标记：典型整层上限 85 < 目标 192，救援优先压缩托盘数和填充率。
  - 失败托盘互借诊断：未合并（no_target_or_single_plan）。
托盘类型 MH423C（销售订单号：PAIN26290MN02S）处理完成：总托盘 1，指数达标 0，未达标 1，平均缺口 104.00，最大缺口 104.00，失败托盘互借修复成功 0。
  - KPI：near/mid/deep=0/0/1，救回率=0.00%，pair效率=0.00%。
  - 耗时拆解：packing=1.74s，main_topup=0.00s，retry=0.00s，failed_pool=0.00s，repack=0.00s，total=1.74s。
正在处理托盘类型：MH423C，销售订单号：PAIN26296EN01S
  - 主算法：全局列式装箱 + 柱级组合优化（GCP）。
  - 失败托盘互借诊断：未合并（less_than_2_consolidatable）。
托盘类型 MH423C（销售订单号：PAIN26296EN01S）处理完成：总托盘 2，指数达标 1，未达标 1，平均缺口 144.00，最大缺口 144.00，失败托盘互借修复成功 0。
  - KPI：near/mid/deep=0/0/1，救回率=0.00%，pair效率=0.00%。
  - 耗时拆解：packing=0.02s，main_topup=0.00s，retry=0.00s，failed_pool=0.00s，repack=0.00s，total=0.02s。
正在处理托盘类型：MH423C，销售订单号：PAIN26290MN10S
  - 主算法：全局列式装箱 + 柱级组合优化（GCP）。
  - 失败托盘互借诊断：未合并（no_target_or_single_plan）。
托盘类型 MH423C（销售订单号：PAIN26290MN10S）处理完成：总托盘 1，指数达标 0，未达标 1，平均缺口 124.00，最大缺口 124.00，失败托盘互借修复成功 0。
  - KPI：near/mid/deep=0/0/1，救回率=0.00%，pair效率=0.00%。
  - 耗时拆解：packing=0.00s，main_topup=0.00s，retry=0.00s，failed_pool=0.00s，repack=0.00s，total=0.00s。
正在处理托盘类型：MH423C，销售订单号：PAIN26290MZ07S
  - 该分组不适合列式（多非满柱）→ 回退 beam + 配方优先。
  - 配方优先[fast]：规划 0 实例，实装成功 0，配方路径不可用 → 采用基线方案。
  - 指数诊断：箱子 72 个，总指数 210，目标 192，理论最多达标托盘 1 个，剩余指数 18。
  - 几何诊断：典型整层堆叠单盘参考上限 124/192。 当前目标可能受托盘高度/箱型组合限制。
  - 几何不可达标记：典型整层上限 124 < 目标 192，救援优先压缩托盘数和填充率。
  - 失败托盘互借诊断：未合并（aborted_no_improvement_possible）。
托盘类型 MH423C（销售订单号：PAIN26290MZ07S）处理完成：总托盘 2，指数达标 0，未达标 2，平均缺口 87.00，最大缺口 106.00，失败托盘互借修复成功 0。
  - KPI：near/mid/deep=0/0/2，救回率=0.00%，pair效率=0.00%。
  - 耗时拆解：packing=1.47s，main_topup=0.00s，retry=0.00s，failed_pool=0.00s，repack=2.38s，total=3.86s。
正在处理托盘类型：MH423C，销售订单号：PEG106290LN01S
  - 主算法：全局列式装箱 + 柱级组合优化（GCP）。
  - 失败托盘互借诊断：未合并（no_target_or_single_plan）。
托盘类型 MH423C（销售订单号：PEG106290LN01S）处理完成：总托盘 1，指数达标 0，未达标 1，平均缺口 76.00，最大缺口 76.00，失败托盘互借修复成功 0。
  - KPI：near/mid/deep=0/0/1，救回率=0.00%，pair效率=0.00%。
  - 耗时拆解：packing=0.00s，main_topup=0.00s，retry=0.00s，failed_pool=0.00s，repack=0.00s，total=0.00s。
正在处理托盘类型：MH423C，销售订单号：LAID16306DN02S
  - 主算法：全局列式装箱 + 柱级组合优化（GCP）。
  - 失败托盘互借诊断：未合并（no_target_or_single_plan）。
托盘类型 MH423C（销售订单号：LAID16306DN02S）处理完成：总托盘 1，指数达标 0，未达标 1，平均缺口 116.00，最大缺口 116.00，失败托盘互借修复成功 0。
  - KPI：near/mid/deep=0/0/1，救回率=0.00%，pair效率=0.00%。
  - 耗时拆解：packing=0.00s，main_topup=0.00s，retry=0.00s，failed_pool=0.00s，repack=0.00s，total=0.00s。
正在处理托盘类型：MH423C，销售订单号：LAID16306DN02S__SPLITREST__
  - 该分组不适合列式（多非满柱）→ 回退 beam + 配方优先。
  - 配方优先[fast]：规划 0 实例，实装成功 0，配方路径不可用 → 采用基线方案。
  - 指数诊断：箱子 2 个，总指数 4，目标 192，理论最多达标托盘 0 个，剩余指数 4。
  - 几何诊断：典型整层堆叠单盘参考上限 4/192。 当前目标可能受托盘高度/箱型组合限制。
  - 几何不可达标记：典型整层上限 4 < 目标 192，救援优先压缩托盘数和填充率。
  - 失败托盘互借诊断：未合并（no_target_or_single_plan）。
托盘类型 MH423C（销售订单号：LAID16306DN02S__SPLITREST__）处理完成：总托盘 1，指数达标 0，未达标 1，平均缺口 188.00，最大缺口 188.00，失败托盘互借修复成功 0。
  - KPI：near/mid/deep=0/0/1，救回率=0.00%，pair效率=0.00%。
  - 耗时拆解：packing=0.00s，main_topup=0.00s，retry=0.00s，failed_pool=0.00s，repack=0.00s，total=0.01s。
正在处理托盘类型：MH423C，销售订单号：PAIN26280MZ06S
  - 主算法：全局列式装箱 + 柱级组合优化（GCP）。
  - 失败托盘互借诊断：未合并（no_target_or_single_plan）。
托盘类型 MH423C（销售订单号：PAIN26280MZ06S）处理完成：总托盘 1，指数达标 0，未达标 1，平均缺口 18.00，最大缺口 18.00，失败托盘互借修复成功 0。
  - KPI：near/mid/deep=0/1/0，救回率=0.00%，pair效率=0.00%。
  - 耗时拆解：packing=1.79s，main_topup=0.00s，retry=0.00s，failed_pool=0.00s，repack=0.00s，total=1.79s。
正在处理托盘类型：MH423C，销售订单号：PAIN26280BN01S
  - 主算法：全局列式装箱 + 柱级组合优化（GCP）。
  - 失败托盘互借诊断：未合并（no_target_or_single_plan）。
托盘类型 MH423C（销售订单号：PAIN26280BN01S）处理完成：总托盘 1，指数达标 0，未达标 1，平均缺口 148.00，最大缺口 148.00，失败托盘互借修复成功 0。
  - KPI：near/mid/deep=0/0/1，救回率=0.00%，pair效率=0.00%。
  - 耗时拆解：packing=0.07s，main_topup=0.00s，retry=0.00s，failed_pool=0.00s，repack=0.00s，total=0.07s。
正在处理托盘类型：MH423C，销售订单号：PAID16300FN01S
  - 该分组不适合列式（多非满柱）→ 回退 beam + 配方优先。
  - 配方优先[fast]：规划 0 实例，实装成功 0，配方路径不可用 → 采用基线方案。
  - 指数诊断：箱子 1 个，总指数 4，目标 192，理论最多达标托盘 0 个，剩余指数 4。
  - 几何诊断：典型整层堆叠单盘参考上限 4/192。 当前目标可能受托盘高度/箱型组合限制。
  - 几何不可达标记：典型整层上限 4 < 目标 192，救援优先压缩托盘数和填充率。
  - 失败托盘互借诊断：未合并（no_target_or_single_plan）。
托盘类型 MH423C（销售订单号：PAID16300FN01S）处理完成：总托盘 1，指数达标 0，未达标 1，平均缺口 188.00，最大缺口 188.00，失败托盘互借修复成功 0。
  - KPI：near/mid/deep=0/0/1，救回率=0.00%，pair效率=0.00%。
  - 耗时拆解：packing=0.00s，main_topup=0.00s，retry=0.00s，failed_pool=0.00s，repack=0.00s，total=0.00s。
正在处理托盘类型：MH423C，销售订单号：LAID16306DN03S
  - 主算法：全局列式装箱 + 柱级组合优化（GCP）。
  - 失败托盘互借诊断：未合并（no_target_or_single_plan）。
托盘类型 MH423C（销售订单号：LAID16306DN03S）处理完成：总托盘 1，指数达标 0，未达标 1，平均缺口 132.00，最大缺口 132.00，失败托盘互借修复成功 0。
  - KPI：near/mid/deep=0/0/1，救回率=0.00%，pair效率=0.00%。
  - 耗时拆解：packing=0.03s，main_topup=0.00s，retry=0.00s，failed_pool=0.00s，repack=0.00s，total=0.03s。
正在处理托盘类型：MH423C，销售订单号：LAID16306DN03S__SPLITREST__
  - 该分组不适合列式（多非满柱）→ 回退 beam + 配方优先。
  - 配方优先[fast]：规划 0 实例，实装成功 0，配方路径不可用 → 采用基线方案。
  - 指数诊断：箱子 2 个，总指数 4，目标 192，理论最多达标托盘 0 个，剩余指数 4。
  - 几何诊断：典型整层堆叠单盘参考上限 4/192。 当前目标可能受托盘高度/箱型组合限制。
  - 几何不可达标记：典型整层上限 4 < 目标 192，救援优先压缩托盘数和填充率。
  - 失败托盘互借诊断：未合并（no_target_or_single_plan）。
托盘类型 MH423C（销售订单号：LAID16306DN03S__SPLITREST__）处理完成：总托盘 1，指数达标 0，未达标 1，平均缺口 188.00，最大缺口 188.00，失败托盘互借修复成功 0。
  - KPI：near/mid/deep=0/0/1，救回率=0.00%，pair效率=0.00%。
  - 耗时拆解：packing=0.00s，main_topup=0.00s，retry=0.00s，failed_pool=0.00s，repack=0.00s，total=0.01s。
正在处理托盘类型：MH423C，销售订单号：PAID16306DN01S
  - 主算法：全局列式装箱 + 柱级组合优化（GCP）。
  - 失败托盘互借诊断：未合并（no_target_or_single_plan）。
托盘类型 MH423C（销售订单号：PAID16306DN01S）处理完成：总托盘 1，指数达标 0，未达标 1，平均缺口 156.00，最大缺口 156.00，失败托盘互借修复成功 0。
  - KPI：near/mid/deep=0/0/1，救回率=0.00%，pair效率=0.00%。
  - 耗时拆解：packing=0.11s，main_topup=0.00s，retry=0.00s，failed_pool=0.00s，repack=0.00s，total=0.11s。
正在处理托盘类型：MH423C，销售订单号：PAID16295BD02S
  - 主算法：全局列式装箱 + 柱级组合优化（GCP）。
  - 失败托盘互借诊断：未合并（no_target_or_single_plan）。
托盘类型 MH423C（销售订单号：PAID16295BD02S）处理完成：总托盘 1，指数达标 0，未达标 1，平均缺口 156.00，最大缺口 156.00，失败托盘互借修复成功 0。
  - KPI：near/mid/deep=0/0/1，救回率=0.00%，pair效率=0.00%。
  - 耗时拆解：packing=0.05s，main_topup=0.00s，retry=0.00s，failed_pool=0.00s，repack=0.00s，total=0.05s。
正在处理托盘类型：MH423C，销售订单号：PAID16305BN01S
  - 该分组不适合列式（多非满柱）→ 回退 beam + 配方优先。
  - 配方优先[fast]：规划 0 实例，实装成功 0，配方路径不可用 → 采用基线方案。
  - 指数诊断：箱子 2 个，总指数 4，目标 192，理论最多达标托盘 0 个，剩余指数 4。
  - 几何诊断：典型整层堆叠单盘参考上限 4/192。 当前目标可能受托盘高度/箱型组合限制。
  - 几何不可达标记：典型整层上限 4 < 目标 192，救援优先压缩托盘数和填充率。
  - 失败托盘互借诊断：未合并（no_target_or_single_plan）。
托盘类型 MH423C（销售订单号：PAID16305BN01S）处理完成：总托盘 1，指数达标 0，未达标 1，平均缺口 188.00，最大缺口 188.00，失败托盘互借修复成功 0。
  - KPI：near/mid/deep=0/0/1，救回率=0.00%，pair效率=0.00%。
  - 耗时拆解：packing=0.00s，main_topup=0.00s，retry=0.00s，failed_pool=0.00s，repack=0.00s，total=0.01s。
  - 失败盘装满压实：合并/吸收 1 次（纯减盘数）。
  - 跨子组装满压实（MH423C / LAID16306DN01S）：合并 1 次（纯减盘数）。
  - 失败盘装满压实：合并/吸收 1 次（纯减盘数）。
  - 跨子组装满压实（MH423C / LAID16296DN01S）：合并 1 次（纯减盘数）。
  - 失败盘装满压实：合并/吸收 2 次（纯减盘数）。
  - 跨子组装满压实（MH423C / LAID16285EN01S__CASEGROUP__1）：合并 2 次（纯减盘数）。
  - 失败盘装满压实：合并/吸收 1 次（纯减盘数）。
  - 跨子组装满压实（MH423C / PAIN26286EN01S）：合并 1 次（纯减盘数）。
  - 失败盘装满压实：合并/吸收 1 次（纯减盘数）。
  - 跨子组装满压实（MH423C / LFEG16290IN03S）：合并 1 次（纯减盘数）。
  - 失败盘装满压实：合并/吸收 1 次（纯减盘数）。
  - 跨子组装满压实（MH423C / LAID16295EN02S）：合并 1 次（纯减盘数）。
  - 失败盘装满压实：合并/吸收 1 次（纯减盘数）。
  - 跨子组装满压实（MH423C / LAMY16315FN01S）：合并 1 次（纯减盘数）。
  - 失败盘装满压实：合并/吸收 1 次（纯减盘数）。
  - 跨子组装满压实（MH423C / LAID16305BN01S）：合并 1 次（纯减盘数）。
  - 失败盘装满压实：合并/吸收 1 次（纯减盘数）。
  - 跨子组装满压实（MH423C / LAID16295EN01S__CASEGROUP__1）：合并 1 次（纯减盘数）。
  - 失败盘装满压实：合并/吸收 1 次（纯减盘数）。
  - 跨子组装满压实（MH423C / LAID16306DN02S）：合并 1 次（纯减盘数）。
  - 失败盘装满压实：合并/吸收 1 次（纯减盘数）。
  - 跨子组装满压实（MH423C / LAID16306DN03S）：合并 1 次（纯减盘数）。
========================================
统计汇总：总托盘 90，指数达标 1，未达标 89，未知 0，平均缺口 135.69，最大缺口 191.50，失败托盘互借修复成功 0
KPI汇总：near/mid/deep=2/3/84，pair尝试=0，pair改进=0，pair效率=0.00%
耗时汇总：packing=23.77s，main_topup=0.07s，retry=0.00s，repack=26.24s，end_to_end=77.73s
========================================
[WCS-装] SUCCESS 产品码 72 个，DB 更新达标 72 行；FAILED 盘 89 个保持未达标。
[WCS-装] 本轮结束；等待下一次「新插入」再开算。
[WCS-装] 装箱报告已保存：E:\Homework\AA装箱\A装箱和可视化\zhuang\packing-workspace\output\packing_plan_20260720_165429.json
[WCS-装] 接口 2 发送体已保存：E:\Homework\AA装箱\A装箱和可视化\zhuang\packing-workspace\output\wcs_plan_20260720_165429.json（90 个 case）
[WCS-装] 已跳过接口 2 推送（仅本地保存）。
[UI-RESULT] E:\Homework\AA装箱\A装箱和可视化\zhuang\packing-workspace\output\packing_plan_20260720_165429.json
[WCS-装] 等待数据库新插入（有新 product_code 才开算）…
============================================================
[WCS-拉] 20260720_165745：拉取接口 1 …
[WCS-拉] 原始响应已保存：E:\Homework\AA装箱\A装箱和可视化\zhuang\packing-workspace\input\raw\20260720_165745.json
[WCS-拉] 已剔除 case_type≠MH423C 的品类 67 条（类型：['WR246']），保留 2035 条。
[WCS-DB] product_code 已存在、跳过 2019 条
[WCS-拉] 落库完成：候选 2035 条，新插入 16 条（新行 up_to_standard=0）。
[WCS-拉] 有新插入 → 唤醒装箱线程。
[WCS] 已加载 BMS 参考表：E:\Homework\AA装箱\A装箱和可视化\zhuang\packing-workspace\data\selected_5000_boxes_9_1_concentrated_3orders.xlsx
============================================================
[WCS-装] 20260720_165751：未达标行 2159 条，开始装箱 …
[WCS-装] 展开为 2159 个箱子。
数据预处理和箱子分组完成（按托盘类型+销售订单号）。
----------------------------------------
  - 组内子聚类：19 个混合订单拆出规则子集走 GCP、杂箱走 baseline。
正在处理托盘类型：MH423C，销售订单号：LAID16285EN01S
  - 主算法：全局列式装箱 + 柱级组合优化（GCP）。
  - 失败托盘互借诊断：未合并（no_target_or_single_plan）。
托盘类型 MH423C（销售订单号：LAID16285EN01S）处理完成：总托盘 1，指数达标 0，未达标 1，平均缺口 136.00，最大缺口 136.00，失败托盘互借修复成功 0。
  - KPI：near/mid/deep=0/0/1，救回率=0.00%，pair效率=0.00%。
  - 耗时拆解：packing=0.02s，main_topup=0.00s，retry=0.00s，failed_pool=0.00s，repack=0.00s，total=0.02s。
正在处理托盘类型：MH423C，销售订单号：LAID16285EN01S__SPLITREST__
  - 该分组不适合列式（多非满柱）→ 回退 beam + 配方优先。
  - 配方优先[fast]：规划 0 实例，实装成功 0，配方路径不可用 → 采用基线方案。
  - 指数诊断：箱子 4 个，总指数 9.5，目标 192，理论最多达标托盘 0 个，剩余指数 9.5。
  - 几何诊断：典型整层堆叠单盘参考上限 9.5/192。 当前目标可能受托盘高度/箱型组合限制。
  - 几何不可达标记：典型整层上限 9.5 < 目标 192，救援优先压缩托盘数和填充率。
  - 失败托盘互借诊断：未合并（no_target_or_single_plan）。
托盘类型 MH423C（销售订单号：LAID16285EN01S__SPLITREST__）处理完成：总托盘 1，指数达标 0，未达标 1，平均缺口 182.50，最大缺口 182.50，失败托盘互借修复成功 0。
  - KPI：near/mid/deep=0/0/1，救回率=0.00%，pair效率=0.00%。
  - 耗时拆解：packing=0.00s，main_topup=0.00s，retry=0.00s，failed_pool=0.00s，repack=0.00s，total=0.02s。
正在处理托盘类型：MH423C，销售订单号：LAID16286DN02S
  - 该分组不适合列式（多非满柱）→ 回退 beam + 配方优先。
  - 配方优先[fast]：规划 0 实例，实装成功 0，配方路径不可用 → 采用基线方案。
  - 指数诊断：箱子 1 个，总指数 0.5，目标 192，理论最多达标托盘 0 个，剩余指数 0.5。
  - 几何诊断：典型整层堆叠单盘参考上限 0.5/192。 当前目标可能受托盘高度/箱型组合限制。
  - 几何不可达标记：典型整层上限 0.5 < 目标 192，救援优先压缩托盘数和填充率。
  - 失败托盘互借诊断：未合并（no_target_or_single_plan）。
托盘类型 MH423C（销售订单号：LAID16286DN02S）处理完成：总托盘 1，指数达标 0，未达标 1，平均缺口 191.50，最大缺口 191.50，失败托盘互借修复成功 0。
  - KPI：near/mid/deep=0/0/1，救回率=0.00%，pair效率=0.00%。
  - 耗时拆解：packing=0.00s，main_topup=0.00s，retry=0.00s，failed_pool=0.00s，repack=0.00s，total=0.00s。
正在处理托盘类型：MH423C，销售订单号：PAIN26280MN08S
  - 主算法：全局列式装箱 + 柱级组合优化（GCP）。
  - 失败托盘互借诊断：未合并（no_target_or_single_plan）。
托盘类型 MH423C（销售订单号：PAIN26280MN08S）处理完成：总托盘 1，指数达标 0，未达标 1，平均缺口 105.00，最大缺口 105.00，失败托盘互借修复成功 0。
  - KPI：near/mid/deep=0/0/1，救回率=0.00%，pair效率=0.00%。
  - 耗时拆解：packing=0.00s，main_topup=0.00s，retry=0.00s，failed_pool=0.00s，repack=0.00s，total=0.00s。
正在处理托盘类型：MH423C，销售订单号：PAIN26280MN01S
  - 该分组不适合列式（多非满柱）→ 回退 beam + 配方优先。
  - 配方优先[fast]：规划 0 实例，实装成功 0，配方路径不可用 → 采用基线方案。
  - 指数诊断：箱子 3 个，总指数 6，目标 192，理论最多达标托盘 0 个，剩余指数 6。
  - 几何诊断：典型整层堆叠单盘参考上限 6/192。 当前目标可能受托盘高度/箱型组合限制。
  - 几何不可达标记：典型整层上限 6 < 目标 192，救援优先压缩托盘数和填充率。
  - 失败托盘互借诊断：未合并（no_target_or_single_plan）。
托盘类型 MH423C（销售订单号：PAIN26280MN01S）处理完成：总托盘 1，指数达标 0，未达标 1，平均缺口 186.00，最大缺口 186.00，失败托盘互借修复成功 0。
  - KPI：near/mid/deep=0/0/1，救回率=0.00%，pair效率=0.00%。
  - 耗时拆解：packing=0.00s，main_topup=0.00s，retry=0.00s，failed_pool=0.00s，repack=0.00s，total=0.01s。
正在处理托盘类型：MH423C，销售订单号：LAID16306DN01S
  - 主算法：全局列式装箱 + 柱级组合优化（GCP）。
  - 失败托盘互借诊断：未合并（aborted_no_improvement_possible）。
托盘类型 MH423C（销售订单号：LAID16306DN01S）处理完成：总托盘 2，指数达标 0，未达标 2，平均缺口 90.00，最大缺口 168.00，失败托盘互借修复成功 0。
  - KPI：near/mid/deep=0/1/1，救回率=0.00%，pair效率=0.00%。
  - 耗时拆解：packing=0.02s，main_topup=0.00s，retry=0.00s，failed_pool=0.00s，repack=1.26s，total=1.28s。
正在处理托盘类型：MH423C，销售订单号：LAID16306DN01S__SPLITREST__
  - 该分组不适合列式（多非满柱）→ 回退 beam + 配方优先。
  - 托盘 MH423C-LAID16306DN01S__SPLITREST__-1 未找到可行装箱方案，启用剩余箱子守恒兜底。
  - 配方优先[fast]：规划 0 实例，实装成功 0，配方路径不可用 → 采用基线方案。
  - 指数诊断：箱子 5 个，总指数 5.5，目标 192，理论最多达标托盘 0 个，剩余指数 5.5。
  - 几何诊断：典型整层堆叠单盘参考上限 5.5/192。 当前目标可能受托盘高度/箱型组合限制。
  - 几何不可达标记：典型整层上限 5.5 < 目标 192，救援优先压缩托盘数和填充率。
  - 失败盘装满压实：合并/吸收 1 次（纯减盘数）。
  - 失败托盘互借诊断：未合并（aborted_no_improvement_possible）。
托盘类型 MH423C（销售订单号：LAID16306DN01S__SPLITREST__）处理完成：总托盘 1，指数达标 0，未达标 1，平均缺口 186.50，最大缺口 186.50，失败托盘互借修复成功 0。
  - KPI：near/mid/deep=0/0/1，救回率=0.00%，pair效率=0.00%。
  - 耗时拆解：packing=0.01s，main_topup=0.00s，retry=0.00s，failed_pool=0.00s，repack=0.03s，total=0.07s。
正在处理托盘类型：MH423C，销售订单号：LAID16296DN01S
  - 主算法：全局列式装箱 + 柱级组合优化（GCP）。
  - 失败托盘互借诊断：未合并（aborted_no_improvement_possible）。
托盘类型 MH423C（销售订单号：LAID16296DN01S）处理完成：总托盘 2，指数达标 0，未达标 2，平均缺口 163.75，最大缺口 188.00，失败托盘互借修复成功 0。
  - KPI：near/mid/deep=0/0/2，救回率=0.00%，pair效率=0.00%。
  - 耗时拆解：packing=0.07s，main_topup=0.00s，retry=0.00s，failed_pool=0.00s，repack=0.11s，total=0.18s。
正在处理托盘类型：MH423C，销售订单号：LAID16296DN01S__SPLITREST__
  - 该分组不适合列式（多非满柱）→ 回退 beam + 配方优先。
  - 配方优先[fast]：规划 0 实例，实装成功 0，配方路径不可用 → 采用基线方案。
  - 指数诊断：箱子 4 个，总指数 8，目标 192，理论最多达标托盘 0 个，剩余指数 8。
  - 几何诊断：典型整层堆叠单盘参考上限 8/192。 当前目标可能受托盘高度/箱型组合限制。
  - 几何不可达标记：典型整层上限 8 < 目标 192，救援优先压缩托盘数和填充率。
  - 失败托盘互借诊断：未合并（no_target_or_single_plan）。
托盘类型 MH423C（销售订单号：LAID16296DN01S__SPLITREST__）处理完成：总托盘 1，指数达标 0，未达标 1，平均缺口 184.00，最大缺口 184.00，失败托盘互借修复成功 0。
  - KPI：near/mid/deep=0/0/1，救回率=0.00%，pair效率=0.00%。
  - 耗时拆解：packing=0.00s，main_topup=0.00s，retry=0.00s，failed_pool=0.00s，repack=0.00s，total=0.02s。
正在处理托盘类型：MH423C，销售订单号：LAID16296DN02S
  - 主算法：全局列式装箱 + 柱级组合优化（GCP）。
  - GCP 盘数远超理论（CP-SAT 装不满）→ 回退 baseline beam + 配方优先。
  - 托盘 MH423C-LAID16296DN02S-2 未找到可行装箱方案，启用剩余箱子守恒兜底。
  - 配方优先[fast]：规划 0 实例，实装成功 0，配方路径不可用 → 采用基线方案。
  - 指数诊断：箱子 34 个，总指数 117.5，目标 192，理论最多达标托盘 0 个，剩余指数 117.5。
  - 几何诊断：典型整层堆叠单盘参考上限 97/192。 当前目标可能受托盘高度/箱型组合限制。
  - 几何不可达标记：典型整层上限 97 < 目标 192，救援优先压缩托盘数和填充率。
  - 失败盘装满压实：合并/吸收 1 次（纯减盘数）。
  - 失败托盘互借诊断：未合并（aborted_no_improvement_possible）。
托盘类型 MH423C（销售订单号：LAID16296DN02S）处理完成：总托盘 2，指数达标 0，未达标 2，平均缺口 133.25，最大缺口 189.50，失败托盘互借修复成功 0。
  - KPI：near/mid/deep=0/0/2，救回率=0.00%，pair效率=0.00%。
  - 耗时拆解：packing=0.19s，main_topup=0.00s，retry=0.00s，failed_pool=0.00s，repack=0.34s，total=1.24s。
正在处理托盘类型：MH423C，销售订单号：LAID16296DN02S__SPLITREST__
  - 该分组不适合列式（多非满柱）→ 回退 beam + 配方优先。
  - 配方优先[fast]：规划 0 实例，实装成功 0，配方路径不可用 → 采用基线方案。
  - 指数诊断：箱子 3 个，总指数 5，目标 192，理论最多达标托盘 0 个，剩余指数 5。
  - 几何诊断：典型整层堆叠单盘参考上限 5/192。 当前目标可能受托盘高度/箱型组合限制。
  - 几何不可达标记：典型整层上限 5 < 目标 192，救援优先压缩托盘数和填充率。
  - 失败托盘互借诊断：未合并（no_target_or_single_plan）。
托盘类型 MH423C（销售订单号：LAID16296DN02S__SPLITREST__）处理完成：总托盘 1，指数达标 0，未达标 1，平均缺口 187.00，最大缺口 187.00，失败托盘互借修复成功 0。
  - KPI：near/mid/deep=0/0/1，救回率=0.00%，pair效率=0.00%。
  - 耗时拆解：packing=0.00s，main_topup=0.00s，retry=0.00s，failed_pool=0.00s，repack=0.00s，total=0.01s。
正在处理托盘类型：MH423C，销售订单号：LAID16296DN03S
  - 主算法：全局列式装箱 + 柱级组合优化（GCP）。
  - 失败托盘互借诊断：未合并（no_target_or_single_plan）。
托盘类型 MH423C（销售订单号：LAID16296DN03S）处理完成：总托盘 1，指数达标 0，未达标 1，平均缺口 145.00，最大缺口 145.00，失败托盘互借修复成功 0。
  - KPI：near/mid/deep=0/0/1，救回率=0.00%，pair效率=0.00%。
  - 耗时拆解：packing=0.29s，main_topup=0.00s，retry=0.00s，failed_pool=0.00s，repack=0.00s，total=0.29s。
正在处理托盘类型：MH423C，销售订单号：LAID16285EN01S__CASEGROUP__1
  - 主算法：全局列式装箱 + 柱级组合优化（GCP）。
  - 失败托盘互借诊断：未合并（aborted_no_improvement_possible）。
托盘类型 MH423C（销售订单号：LAID16285EN01S__CASEGROUP__1）处理完成：总托盘 2，指数达标 0，未达标 2，平均缺口 170.50，最大缺口 190.00，失败托盘互借修复成功 0。
  - KPI：near/mid/deep=0/0/2，救回率=0.00%，pair效率=0.00%。
  - 耗时拆解：packing=0.71s，main_topup=0.00s，retry=0.00s，failed_pool=0.00s，repack=1.11s，total=1.83s。
正在处理托盘类型：MH423C，销售订单号：LAID16285EN01S__CASEGROUP__1__SPLITREST__
  - 该分组不适合列式（多非满柱）→ 回退 beam + 配方优先。
  - 配方优先[fast]：规划 0 实例，实装成功 0，配方路径不可用 → 采用基线方案。
  - 指数诊断：箱子 2 个，总指数 3，目标 192，理论最多达标托盘 0 个，剩余指数 3。
  - 几何诊断：典型整层堆叠单盘参考上限 3/192。 当前目标可能受托盘高度/箱型组合限制。
  - 几何不可达标记：典型整层上限 3 < 目标 192，救援优先压缩托盘数和填充率。
  - 失败托盘互借诊断：未合并（no_target_or_single_plan）。
托盘类型 MH423C（销售订单号：LAID16285EN01S__CASEGROUP__1__SPLITREST__）处理完成：总托盘 1，指数达标 0，未达标 1，平均缺口 189.00，最大缺口 189.00，失败托盘互借修复成功 0。
  - KPI：near/mid/deep=0/0/1，救回率=0.00%，pair效率=0.00%。
  - 耗时拆解：packing=0.00s，main_topup=0.00s，retry=0.00s，failed_pool=0.00s，repack=0.00s，total=0.00s。
正在处理托盘类型：MH423C，销售订单号：PAIN26286EN01S
  - 主算法：全局列式装箱 + 柱级组合优化（GCP）。
  - 失败托盘互借诊断：未合并（no_target_or_single_plan）。
托盘类型 MH423C（销售订单号：PAIN26286EN01S）处理完成：总托盘 1，指数达标 0，未达标 1，平均缺口 84.00，最大缺口 84.00，失败托盘互借修复成功 0。
  - KPI：near/mid/deep=0/0/1，救回率=0.00%，pair效率=0.00%。
  - 耗时拆解：packing=0.00s，main_topup=0.00s，retry=0.00s，failed_pool=0.00s，repack=0.00s，total=0.00s。
正在处理托盘类型：MH423C，销售订单号：PAIN26286EN01S__SPLITREST__
  - 该分组不适合列式（多非满柱）→ 回退 beam + 配方优先。
  - 配方优先[fast]：规划 0 实例，实装成功 0，配方路径不可用 → 采用基线方案。
  - 指数诊断：箱子 2 个，总指数 8，目标 192，理论最多达标托盘 0 个，剩余指数 8。
  - 几何诊断：典型整层堆叠单盘参考上限 8/192。 当前目标可能受托盘高度/箱型组合限制。
  - 几何不可达标记：典型整层上限 8 < 目标 192，救援优先压缩托盘数和填充率。
  - 失败托盘互借诊断：未合并（no_target_or_single_plan）。
托盘类型 MH423C（销售订单号：PAIN26286EN01S__SPLITREST__）处理完成：总托盘 1，指数达标 0，未达标 1，平均缺口 184.00，最大缺口 184.00，失败托盘互借修复成功 0。
  - KPI：near/mid/deep=0/0/1，救回率=0.00%，pair效率=0.00%。
  - 耗时拆解：packing=0.00s，main_topup=0.00s，retry=0.00s，failed_pool=0.00s，repack=0.00s，total=0.01s。
正在处理托盘类型：MH423C，销售订单号：LFEG16290IN02S
  - 该分组不适合列式（多非满柱）→ 回退 beam + 配方优先。
  - 配方优先[fast]：规划 0 实例，实装成功 0，配方路径不可用 → 采用基线方案。
  - 指数诊断：箱子 63 个，总指数 109.5，目标 192，理论最多达标托盘 0 个，剩余指数 109.5。
  - 几何诊断：典型整层堆叠单盘参考上限 83/192。 当前目标可能受托盘高度/箱型组合限制。
  - 几何不可达标记：典型整层上限 83 < 目标 192，救援优先压缩托盘数和填充率。
  - 失败托盘互借诊断：未合并（aborted_no_improvement_possible）。
托盘类型 MH423C（销售订单号：LFEG16290IN02S）处理完成：总托盘 2，指数达标 0，未达标 2，平均缺口 137.25，最大缺口 191.50，失败托盘互借修复成功 0。
  - KPI：near/mid/deep=0/0/2，救回率=0.00%，pair效率=0.00%。
  - 耗时拆解：packing=0.78s，main_topup=0.01s，retry=0.00s，failed_pool=0.00s，repack=1.22s，total=4.25s。
正在处理托盘类型：MH423C，销售订单号：LAID16295BN02S
  - 主算法：全局列式装箱 + 柱级组合优化（GCP）。
  - 失败托盘互借诊断：未合并（aborted_no_improvement_possible）。
托盘类型 MH423C（销售订单号：LAID16295BN02S）处理完成：总托盘 2，指数达标 0，未达标 2，平均缺口 155.75，最大缺口 184.00，失败托盘互借修复成功 0。
  - KPI：near/mid/deep=0/0/2，救回率=0.00%，pair效率=0.00%。
  - 耗时拆解：packing=0.36s，main_topup=0.00s，retry=0.00s，failed_pool=0.00s，repack=0.66s，total=1.02s。
正在处理托盘类型：MH423C，销售订单号：LFEG16290IN03S
  - 主算法：全局列式装箱 + 柱级组合优化（GCP）。
  - GCP 盘数远超理论（CP-SAT 装不满）→ 回退 baseline beam + 配方优先。
  - 配方优先[fast]：规划 0 实例，实装成功 0，配方路径不可用 → 采用基线方案。
  - 指数诊断：箱子 88 个，总指数 157，目标 192，理论最多达标托盘 0 个，剩余指数 157。
  - 几何诊断：典型整层堆叠单盘参考上限 115/192。 当前目标可能受托盘高度/箱型组合限制。
  - 几何不可达标记：典型整层上限 115 < 目标 192，救援优先压缩托盘数和填充率。
  - 失败托盘互借诊断：未合并（aborted_no_improvement_possible）。
托盘类型 MH423C（销售订单号：LFEG16290IN03S）处理完成：总托盘 2，指数达标 0，未达标 2，平均缺口 113.50，最大缺口 174.50，失败托盘互借修复成功 0。
  - KPI：near/mid/deep=0/0/2，救回率=0.00%，pair效率=0.00%。
  - 耗时拆解：packing=5.44s，main_topup=0.00s，retry=0.00s，failed_pool=0.00s，repack=3.08s，total=10.44s。
正在处理托盘类型：MH423C，销售订单号：LFEG16290IN03S__SPLITREST__
  - 该分组不适合列式（多非满柱）→ 回退 beam + 配方优先。
  - 配方优先[fast]：规划 0 实例，实装成功 0，配方路径不可用 → 采用基线方案。
  - 指数诊断：箱子 19 个，总指数 21，目标 192，理论最多达标托盘 0 个，剩余指数 21。
  - 几何诊断：典型整层堆叠单盘参考上限 21/192。 当前目标可能受托盘高度/箱型组合限制。
  - 几何不可达标记：典型整层上限 21 < 目标 192，救援优先压缩托盘数和填充率。
  - 失败托盘互借诊断：未合并（no_target_or_single_plan）。
托盘类型 MH423C（销售订单号：LFEG16290IN03S__SPLITREST__）处理完成：总托盘 1，指数达标 0，未达标 1，平均缺口 171.00，最大缺口 171.00，失败托盘互借修复成功 0。
  - KPI：near/mid/deep=0/0/1，救回率=0.00%，pair效率=0.00%。
  - 耗时拆解：packing=0.17s，main_topup=0.00s，retry=0.00s，failed_pool=0.00s，repack=0.00s，total=0.17s。
正在处理托盘类型：MH423C，销售订单号：LAMY16295FN01S
  - 该分组不适合列式（多非满柱）→ 回退 beam + 配方优先。
  - 配方优先[fast]：规划 0 实例，实装成功 0，配方路径不可用 → 采用基线方案。
  - 指数诊断：箱子 26 个，总指数 86.5，目标 192，理论最多达标托盘 0 个，剩余指数 86.5。
  - 几何诊断：典型整层堆叠单盘参考上限 70/192。 当前目标可能受托盘高度/箱型组合限制。
  - 几何不可达标记：典型整层上限 70 < 目标 192，救援优先压缩托盘数和填充率。
  - 失败托盘互借诊断：未合并（no_target_or_single_plan）。
托盘类型 MH423C（销售订单号：LAMY16295FN01S）处理完成：总托盘 1，指数达标 0，未达标 1，平均缺口 105.50，最大缺口 105.50，失败托盘互借修复成功 0。
  - KPI：near/mid/deep=0/0/1，救回率=0.00%，pair效率=0.00%。
  - 耗时拆解：packing=0.24s，main_topup=0.00s，retry=0.00s，failed_pool=0.00s，repack=0.00s，total=0.24s。
正在处理托盘类型：MH423C，销售订单号：LFEG16300IN02S
  - 该分组不适合列式（多非满柱）→ 回退 beam + 配方优先。
  - 配方优先[fast]：规划 0 实例，实装成功 0，配方路径不可用 → 采用基线方案。
  - 指数诊断：箱子 4 个，总指数 8，目标 192，理论最多达标托盘 0 个，剩余指数 8。
  - 几何诊断：典型整层堆叠单盘参考上限 8/192。 当前目标可能受托盘高度/箱型组合限制。
  - 几何不可达标记：典型整层上限 8 < 目标 192，救援优先压缩托盘数和填充率。
  - 失败托盘互借诊断：未合并（no_target_or_single_plan）。
托盘类型 MH423C（销售订单号：LFEG16300IN02S）处理完成：总托盘 1，指数达标 0，未达标 1，平均缺口 184.00，最大缺口 184.00，失败托盘互借修复成功 0。
  - KPI：near/mid/deep=0/0/1，救回率=0.00%，pair效率=0.00%。
  - 耗时拆解：packing=0.01s，main_topup=0.00s，retry=0.00s，failed_pool=0.00s，repack=0.00s，total=0.02s。
正在处理托盘类型：MH423C，销售订单号：PAIN26290BN01S
  - 主算法：全局列式装箱 + 柱级组合优化（GCP）。
  - 失败托盘互借诊断：未合并（no_target_or_single_plan）。
托盘类型 MH423C（销售订单号：PAIN26290BN01S）处理完成：总托盘 1，指数达标 0，未达标 1，平均缺口 115.00，最大缺口 115.00，失败托盘互借修复成功 0。
  - KPI：near/mid/deep=0/0/1，救回率=0.00%，pair效率=0.00%。
  - 耗时拆解：packing=1.35s，main_topup=0.00s，retry=0.00s，failed_pool=0.00s，repack=0.00s，total=1.35s。
正在处理托盘类型：MH423C，销售订单号：PAIN26290BN01S__SPLITREST__
  - 该分组不适合列式（多非满柱）→ 回退 beam + 配方优先。
  - 配方优先[fast]：规划 0 实例，实装成功 0，配方路径不可用 → 采用基线方案。
  - 指数诊断：箱子 9 个，总指数 9，目标 192，理论最多达标托盘 0 个，剩余指数 9。
  - 几何诊断：典型整层堆叠单盘参考上限 9/192。 当前目标可能受托盘高度/箱型组合限制。
  - 几何不可达标记：典型整层上限 9 < 目标 192，救援优先压缩托盘数和填充率。
  - 失败托盘互借诊断：未合并（no_target_or_single_plan）。
托盘类型 MH423C（销售订单号：PAIN26290BN01S__SPLITREST__）处理完成：总托盘 1，指数达标 0，未达标 1，平均缺口 183.00，最大缺口 183.00，失败托盘互借修复成功 0。
  - KPI：near/mid/deep=0/0/1，救回率=0.00%，pair效率=0.00%。
  - 耗时拆解：packing=0.04s，main_topup=0.00s，retry=0.00s，failed_pool=0.00s，repack=0.00s，total=0.04s。
正在处理托盘类型：MH423C，销售订单号：PAIN26290BC02S
  - 主算法：全局列式装箱 + 柱级组合优化（GCP）。
  - 失败托盘互借诊断：未合并（no_target_or_single_plan）。
托盘类型 MH423C（销售订单号：PAIN26290BC02S）处理完成：总托盘 1，指数达标 0，未达标 1，平均缺口 80.00，最大缺口 80.00，失败托盘互借修复成功 0。
  - KPI：near/mid/deep=0/0/1，救回率=0.00%，pair效率=0.00%。
  - 耗时拆解：packing=0.01s，main_topup=0.00s，retry=0.00s，failed_pool=0.00s，repack=0.00s，total=0.01s。
正在处理托盘类型：MH423C，销售订单号：PAIN26290BC02S__SPLITREST__
  - 该分组不适合列式（多非满柱）→ 回退 beam + 配方优先。
  - 配方优先[fast]：规划 0 实例，实装成功 0，配方路径不可用 → 采用基线方案。
  - 指数诊断：箱子 2 个，总指数 1，目标 192，理论最多达标托盘 0 个，剩余指数 1。
  - 几何诊断：典型整层堆叠单盘参考上限 1/192。 当前目标可能受托盘高度/箱型组合限制。
  - 几何不可达标记：典型整层上限 1 < 目标 192，救援优先压缩托盘数和填充率。
  - 失败托盘互借诊断：未合并（no_target_or_single_plan）。
托盘类型 MH423C（销售订单号：PAIN26290BC02S__SPLITREST__）处理完成：总托盘 1，指数达标 0，未达标 1，平均缺口 191.00，最大缺口 191.00，失败托盘互借修复成功 0。
  - KPI：near/mid/deep=0/0/1，救回率=0.00%，pair效率=0.00%。
  - 耗时拆解：packing=0.00s，main_topup=0.00s，retry=0.00s，failed_pool=0.00s，repack=0.00s，total=0.01s。
正在处理托盘类型：MH423C，销售订单号：PAIN26290GN01S
  - 该分组不适合列式（多非满柱）→ 回退 beam + 配方优先。
  - 配方优先[fast]：规划 0 实例，实装成功 0，配方路径不可用 → 采用基线方案。
  - 指数诊断：箱子 51 个，总指数 78.5，目标 192，理论最多达标托盘 0 个，剩余指数 78.5。
  - 几何诊断：典型整层堆叠单盘参考上限 58/192。 当前目标可能受托盘高度/箱型组合限制。
  - 几何不可达标记：典型整层上限 58 < 目标 192，救援优先压缩托盘数和填充率。
  - 失败托盘互借诊断：未合并（aborted_no_improvement_possible）。
托盘类型 MH423C（销售订单号：PAIN26290GN01S）处理完成：总托盘 2，指数达标 0，未达标 2，平均缺口 152.75，最大缺口 189.00，失败托盘互借修复成功 0。
  - KPI：near/mid/deep=0/0/2，救回率=0.00%，pair效率=0.00%。
  - 耗时拆解：packing=0.53s，main_topup=0.01s，retry=0.00s，failed_pool=0.00s，repack=1.00s，total=3.00s。
正在处理托盘类型：MH423C，销售订单号：PEG126290LN01S
  - 主算法：全局列式装箱 + 柱级组合优化（GCP）。
  - 失败托盘互借诊断：未合并（no_target_or_single_plan）。
托盘类型 MH423C（销售订单号：PEG126290LN01S）处理完成：总托盘 1，指数达标 0，未达标 1，平均缺口 128.00，最大缺口 128.00，失败托盘互借修复成功 0。
  - KPI：near/mid/deep=0/0/1，救回率=0.00%，pair效率=0.00%。
  - 耗时拆解：packing=0.51s，main_topup=0.00s，retry=0.00s，failed_pool=0.00s，repack=0.00s，total=0.51s。
正在处理托盘类型：MH423C，销售订单号：PAIN26280GN01S
  - 该分组不适合列式（多非满柱）→ 回退 beam + 配方优先。
  - 配方优先[fast]：规划 0 实例，实装成功 0，配方路径不可用 → 采用基线方案。
  - 指数诊断：箱子 1 个，总指数 4，目标 192，理论最多达标托盘 0 个，剩余指数 4。
  - 几何诊断：典型整层堆叠单盘参考上限 4/192。 当前目标可能受托盘高度/箱型组合限制。
  - 几何不可达标记：典型整层上限 4 < 目标 192，救援优先压缩托盘数和填充率。
  - 失败托盘互借诊断：未合并（no_target_or_single_plan）。
托盘类型 MH423C（销售订单号：PAIN26280GN01S）处理完成：总托盘 1，指数达标 0，未达标 1，平均缺口 188.00，最大缺口 188.00，失败托盘互借修复成功 0。
  - KPI：near/mid/deep=0/0/1，救回率=0.00%，pair效率=0.00%。
  - 耗时拆解：packing=0.00s，main_topup=0.00s，retry=0.00s，failed_pool=0.00s，repack=0.00s，total=0.00s。
正在处理托盘类型：MH423C，销售订单号：LAID16295EN02S
  - 主算法：全局列式装箱 + 柱级组合优化（GCP）。
  - 失败托盘互借诊断：未合并（aborted_no_improvement_possible）。
托盘类型 MH423C（销售订单号：LAID16295EN02S）处理完成：总托盘 2，指数达标 0，未达标 2，平均缺口 95.50，最大缺口 175.00，失败托盘互借修复成功 0。
  - KPI：near/mid/deep=0/1/1，救回率=0.00%，pair效率=0.00%。
  - 耗时拆解：packing=2.35s，main_topup=0.00s，retry=0.00s，failed_pool=0.00s，repack=5.12s，total=7.48s。
正在处理托盘类型：MH423C，销售订单号：LAID16295EN02S__SPLITREST__
  - 该分组不适合列式（多非满柱）→ 回退 beam + 配方优先。
  - 配方优先[fast]：规划 0 实例，实装成功 0，配方路径不可用 → 采用基线方案。
  - 指数诊断：箱子 2 个，总指数 14，目标 192，理论最多达标托盘 0 个，剩余指数 14。
  - 几何诊断：典型整层堆叠单盘参考上限 14/192。 当前目标可能受托盘高度/箱型组合限制。
  - 几何不可达标记：典型整层上限 14 < 目标 192，救援优先压缩托盘数和填充率。
  - 失败托盘互借诊断：未合并（no_target_or_single_plan）。
托盘类型 MH423C（销售订单号：LAID16295EN02S__SPLITREST__）处理完成：总托盘 1，指数达标 0，未达标 1，平均缺口 178.00，最大缺口 178.00，失败托盘互借修复成功 0。
  - KPI：near/mid/deep=0/0/1，救回率=0.00%，pair效率=0.00%。
  - 耗时拆解：packing=0.00s，main_topup=0.00s，retry=0.00s，failed_pool=0.00s，repack=0.00s，total=0.01s。
正在处理托盘类型：MH423C，销售订单号：PAIN26280MN07S
  - 主算法：全局列式装箱 + 柱级组合优化（GCP）。
  - 失败托盘互借诊断：未合并（no_target_or_single_plan）。
托盘类型 MH423C（销售订单号：PAIN26280MN07S）处理完成：总托盘 1，指数达标 0，未达标 1，平均缺口 108.00，最大缺口 108.00，失败托盘互借修复成功 0。
  - KPI：near/mid/deep=0/0/1，救回率=0.00%，pair效率=0.00%。
  - 耗时拆解：packing=0.00s，main_topup=0.00s，retry=0.00s，failed_pool=0.00s，repack=0.00s，total=0.00s。
正在处理托盘类型：MH423C，销售订单号：PEG086250LN01S
  - 该分组不适合列式（多非满柱）→ 回退 beam + 配方优先。
  - 配方优先[fast]：规划 0 实例，实装成功 0，配方路径不可用 → 采用基线方案。
  - 指数诊断：箱子 1 个，总指数 4，目标 192，理论最多达标托盘 0 个，剩余指数 4。
  - 几何诊断：典型整层堆叠单盘参考上限 4/192。 当前目标可能受托盘高度/箱型组合限制。
  - 几何不可达标记：典型整层上限 4 < 目标 192，救援优先压缩托盘数和填充率。
  - 失败托盘互借诊断：未合并（no_target_or_single_plan）。
托盘类型 MH423C（销售订单号：PEG086250LN01S）处理完成：总托盘 1，指数达标 0，未达标 1，平均缺口 188.00，最大缺口 188.00，失败托盘互借修复成功 0。
  - KPI：near/mid/deep=0/0/1，救回率=0.00%，pair效率=0.00%。
  - 耗时拆解：packing=0.00s，main_topup=0.00s，retry=0.00s，failed_pool=0.00s，repack=0.00s，total=0.00s。
正在处理托盘类型：MH423C，销售订单号：LFEG16290IN01S
  - 主算法：全局列式装箱 + 柱级组合优化（GCP）。
  - 失败托盘互借诊断：未合并（no_target_or_single_plan）。
托盘类型 MH423C（销售订单号：LFEG16290IN01S）处理完成：总托盘 1，指数达标 0，未达标 1，平均缺口 67.00，最大缺口 67.00，失败托盘互借修复成功 0。
  - KPI：near/mid/deep=0/0/1，救回率=0.00%，pair效率=0.00%。
  - 耗时拆解：packing=0.01s，main_topup=0.00s，retry=0.00s，failed_pool=0.00s，repack=0.00s，total=0.01s。
正在处理托盘类型：MH423C，销售订单号：LFEG16290IN01S__SPLITREST__
  - 该分组不适合列式（多非满柱）→ 回退 beam + 配方优先。
  - 配方优先[fast]：规划 0 实例，实装成功 0，配方路径不可用 → 采用基线方案。
  - 指数诊断：箱子 3 个，总指数 8.5，目标 192，理论最多达标托盘 0 个，剩余指数 8.5。
  - 几何诊断：典型整层堆叠单盘参考上限 8.5/192。 当前目标可能受托盘高度/箱型组合限制。
  - 几何不可达标记：典型整层上限 8.5 < 目标 192，救援优先压缩托盘数和填充率。
  - 失败托盘互借诊断：未合并（no_target_or_single_plan）。
托盘类型 MH423C（销售订单号：LFEG16290IN01S__SPLITREST__）处理完成：总托盘 1，指数达标 0，未达标 1，平均缺口 183.50，最大缺口 183.50，失败托盘互借修复成功 0。
  - KPI：near/mid/deep=0/0/1，救回率=0.00%，pair效率=0.00%。
  - 耗时拆解：packing=0.00s，main_topup=0.00s，retry=0.00s，failed_pool=0.00s，repack=0.00s，total=0.01s。
正在处理托盘类型：MH423C，销售订单号：LAID16295EN01S
  - 主算法：全局列式装箱 + 柱级组合优化（GCP）。
  - GCP 盘数远超理论（CP-SAT 装不满）→ 回退 baseline beam + 配方优先。
  - 托盘 MH423C-LAID16295EN01S-2 未找到可行装箱方案，启用剩余箱子守恒兜底。
  - 配方优先[fast]：规划 0 实例，实装成功 0，配方路径不可用 → 采用基线方案。
  - 指数诊断：箱子 71 个，总指数 170.5，目标 192，理论最多达标托盘 0 个，剩余指数 170.5。
  - 几何诊断：典型整层堆叠单盘参考上限 125/192。 当前目标可能受托盘高度/箱型组合限制。
  - 几何不可达标记：典型整层上限 125 < 目标 192，救援优先压缩托盘数和填充率。
  - 失败盘装满压实：合并/吸收 1 次（纯减盘数）。
  - 失败托盘互借诊断：未合并（aborted_no_improvement_possible）。
托盘类型 MH423C（销售订单号：LAID16295EN01S）处理完成：总托盘 3，指数达标 0，未达标 3，平均缺口 135.17，最大缺口 189.50，失败托盘互借修复成功 0。
  - KPI：near/mid/deep=0/0/3，救回率=0.00%，pair效率=0.00%。
  - 耗时拆解：packing=1.40s，main_topup=0.02s，retry=0.00s，failed_pool=0.00s，repack=4.13s，total=10.78s。
正在处理托盘类型：MH423C，销售订单号：PAID16295EN06S
  - 主算法：全局列式装箱 + 柱级组合优化（GCP）。
  - GCP 盘数远超理论（CP-SAT 装不满）→ 回退 baseline beam + 配方优先。
  - 配方优先[fast]：规划 0 实例，实装成功 0，配方路径不可用 → 采用基线方案。
  - 指数诊断：箱子 66 个，总指数 189，目标 192，理论最多达标托盘 0 个，剩余指数 189。
  - 几何诊断：典型整层堆叠单盘参考上限 97/192。 当前目标可能受托盘高度/箱型组合限制。
  - 几何不可达标记：典型整层上限 97 < 目标 192，救援优先压缩托盘数和填充率。
  - 失败托盘互借诊断：未合并（less_than_2_consolidatable）。
托盘类型 MH423C（销售订单号：PAID16295EN06S）处理完成：总托盘 1，指数达标 0，未达标 1，平均缺口 3.00，最大缺口 3.00，失败托盘互借修复成功 0。
  - KPI：near/mid/deep=1/0/0，救回率=0.00%，pair效率=0.00%。
  - 耗时拆解：packing=0.97s，main_topup=0.01s，retry=0.00s，failed_pool=0.00s，repack=0.01s，total=4.02s。
正在处理托盘类型：MH423C，销售订单号：PAID16295EN06S__SPLITREST__
  - 该分组不适合列式（多非满柱）→ 回退 beam + 配方优先。
  - 配方优先[fast]：规划 0 实例，实装成功 0，配方路径不可用 → 采用基线方案。
  - 指数诊断：箱子 6 个，总指数 14.5，目标 192，理论最多达标托盘 0 个，剩余指数 14.5。
  - 几何诊断：典型整层堆叠单盘参考上限 14.5/192。 当前目标可能受托盘高度/箱型组合限制。
  - 几何不可达标记：典型整层上限 14.5 < 目标 192，救援优先压缩托盘数和填充率。
  - 失败托盘互借诊断：未合并（no_target_or_single_plan）。
托盘类型 MH423C（销售订单号：PAID16295EN06S__SPLITREST__）处理完成：总托盘 1，指数达标 0，未达标 1，平均缺口 177.50，最大缺口 177.50，失败托盘互借修复成功 0。
  - KPI：near/mid/deep=0/0/1，救回率=0.00%，pair效率=0.00%。
  - 耗时拆解：packing=0.02s，main_topup=0.00s，retry=0.00s，failed_pool=0.00s，repack=0.00s，total=0.02s。
正在处理托盘类型：MH423C，销售订单号：LAID16295BN01S
  - 主算法：全局列式装箱 + 柱级组合优化（GCP）。
  - 失败托盘互借诊断：未合并（no_target_or_single_plan）。
托盘类型 MH423C（销售订单号：LAID16295BN01S）处理完成：总托盘 1，指数达标 0，未达标 1，平均缺口 127.00，最大缺口 127.00，失败托盘互借修复成功 0。
  - KPI：near/mid/deep=0/0/1，救回率=0.00%，pair效率=0.00%。
  - 耗时拆解：packing=0.10s，main_topup=0.00s，retry=0.00s，failed_pool=0.00s，repack=0.00s，total=0.11s。
正在处理托盘类型：MH423C，销售订单号：LFEG16310IN02S
  - 该分组不适合列式（多非满柱）→ 回退 beam + 配方优先。
  - 配方优先[fast]：规划 0 实例，实装成功 0，配方路径不可用 → 采用基线方案。
  - 指数诊断：箱子 1 个，总指数 1，目标 192，理论最多达标托盘 0 个，剩余指数 1。
  - 几何诊断：典型整层堆叠单盘参考上限 1/192。 当前目标可能受托盘高度/箱型组合限制。
  - 几何不可达标记：典型整层上限 1 < 目标 192，救援优先压缩托盘数和填充率。
  - 失败托盘互借诊断：未合并（no_target_or_single_plan）。
托盘类型 MH423C（销售订单号：LFEG16310IN02S）处理完成：总托盘 1，指数达标 0，未达标 1，平均缺口 191.00，最大缺口 191.00，失败托盘互借修复成功 0。
  - KPI：near/mid/deep=0/0/1，救回率=0.00%，pair效率=0.00%。
  - 耗时拆解：packing=0.00s，main_topup=0.00s，retry=0.00s，failed_pool=0.00s，repack=0.00s，total=0.00s。
正在处理托盘类型：MH423C，销售订单号：LFEG16310IN01S
  - 该分组不适合列式（多非满柱）→ 回退 beam + 配方优先。
  - 配方优先[fast]：规划 0 实例，实装成功 0，配方路径不可用 → 采用基线方案。
  - 指数诊断：箱子 1 个，总指数 1，目标 192，理论最多达标托盘 0 个，剩余指数 1。
  - 几何诊断：典型整层堆叠单盘参考上限 1/192。 当前目标可能受托盘高度/箱型组合限制。
  - 几何不可达标记：典型整层上限 1 < 目标 192，救援优先压缩托盘数和填充率。
  - 失败托盘互借诊断：未合并（no_target_or_single_plan）。
托盘类型 MH423C（销售订单号：LFEG16310IN01S）处理完成：总托盘 1，指数达标 0，未达标 1，平均缺口 191.00，最大缺口 191.00，失败托盘互借修复成功 0。
  - KPI：near/mid/deep=0/0/1，救回率=0.00%，pair效率=0.00%。
  - 耗时拆解：packing=0.00s，main_topup=0.00s，retry=0.00s，failed_pool=0.00s，repack=0.00s，total=0.00s。
正在处理托盘类型：MH423C，销售订单号：PEG086300LN01S
  - 主算法：全局列式装箱 + 柱级组合优化（GCP）。
  - 失败托盘互借诊断：未合并（no_target_or_single_plan）。
托盘类型 MH423C（销售订单号：PEG086300LN01S）处理完成：总托盘 1，指数达标 0，未达标 1，平均缺口 76.00，最大缺口 76.00，失败托盘互借修复成功 0。
  - KPI：near/mid/deep=0/0/1，救回率=0.00%，pair效率=0.00%。
  - 耗时拆解：packing=0.01s，main_topup=0.00s，retry=0.00s，failed_pool=0.00s，repack=0.00s，total=0.01s。
正在处理托盘类型：MH423C，销售订单号：PAID162808N01S
  - 该分组不适合列式（多非满柱）→ 回退 beam + 配方优先。
  - 配方优先[fast]：规划 0 实例，实装成功 0，配方路径不可用 → 采用基线方案。
  - 指数诊断：箱子 12 个，总指数 20.5，目标 192，理论最多达标托盘 0 个，剩余指数 20.5。
  - 几何诊断：典型整层堆叠单盘参考上限 20.5/192。 当前目标可能受托盘高度/箱型组合限制。
  - 几何不可达标记：典型整层上限 20.5 < 目标 192，救援优先压缩托盘数和填充率。
  - 失败托盘互借诊断：未合并（no_target_or_single_plan）。
托盘类型 MH423C（销售订单号：PAID162808N01S）处理完成：总托盘 1，指数达标 0，未达标 1，平均缺口 171.50，最大缺口 171.50，失败托盘互借修复成功 0。
  - KPI：near/mid/deep=0/0/1，救回率=0.00%，pair效率=0.00%。
  - 耗时拆解：packing=0.03s，main_topup=0.00s，retry=0.00s，failed_pool=0.00s，repack=0.01s，total=0.11s。
正在处理托盘类型：MH423C，销售订单号：PAID16290FN01S
  - 主算法：全局列式装箱 + 柱级组合优化（GCP）。
  - GCP 盘数远超理论（CP-SAT 装不满）→ 回退 baseline beam + 配方优先。
  - 配方优先[fast]：规划 0 实例，实装成功 0，配方路径不可用 → 采用基线方案。
  - 指数诊断：箱子 7 个，总指数 19，目标 192，理论最多达标托盘 0 个，剩余指数 19。
  - 几何诊断：典型整层堆叠单盘参考上限 18/192。 当前目标可能受托盘高度/箱型组合限制。
  - 几何不可达标记：典型整层上限 18 < 目标 192，救援优先压缩托盘数和填充率。
  - 失败托盘互借诊断：未合并（no_target_or_single_plan）。
托盘类型 MH423C（销售订单号：PAID16290FN01S）处理完成：总托盘 1，指数达标 0，未达标 1，平均缺口 173.00，最大缺口 173.00，失败托盘互借修复成功 0。
  - KPI：near/mid/deep=0/0/1，救回率=0.00%，pair效率=0.00%。
  - 耗时拆解：packing=0.01s，main_topup=0.00s，retry=0.00s，failed_pool=0.00s，repack=0.00s，total=0.06s。
正在处理托盘类型：MH423C，销售订单号：PAID16290FN01S__SPLITREST__
  - 该分组不适合列式（多非满柱）→ 回退 beam + 配方优先。
  - 配方优先[fast]：规划 0 实例，实装成功 0，配方路径不可用 → 采用基线方案。
  - 指数诊断：箱子 1 个，总指数 0.5，目标 192，理论最多达标托盘 0 个，剩余指数 0.5。
  - 几何诊断：典型整层堆叠单盘参考上限 0.5/192。 当前目标可能受托盘高度/箱型组合限制。
  - 几何不可达标记：典型整层上限 0.5 < 目标 192，救援优先压缩托盘数和填充率。
  - 失败托盘互借诊断：未合并（no_target_or_single_plan）。
托盘类型 MH423C（销售订单号：PAID16290FN01S__SPLITREST__）处理完成：总托盘 1，指数达标 0，未达标 1，平均缺口 191.50，最大缺口 191.50，失败托盘互借修复成功 0。
  - KPI：near/mid/deep=0/0/1，救回率=0.00%，pair效率=0.00%。
  - 耗时拆解：packing=0.00s，main_topup=0.00s，retry=0.00s，failed_pool=0.00s，repack=0.00s，total=0.00s。
正在处理托盘类型：MH423C，销售订单号：LAID16296DN03S__CASEGROUP__1
  - 主算法：全局列式装箱 + 柱级组合优化（GCP）。
  - 失败托盘互借诊断：未合并（no_target_or_single_plan）。
托盘类型 MH423C（销售订单号：LAID16296DN03S__CASEGROUP__1）处理完成：总托盘 1，指数达标 0，未达标 1，平均缺口 90.00，最大缺口 90.00，失败托盘互借修复成功 0。
  - KPI：near/mid/deep=0/0/1，救回率=0.00%，pair效率=0.00%。
  - 耗时拆解：packing=0.00s，main_topup=0.00s，retry=0.00s，failed_pool=0.00s，repack=0.00s，total=0.01s。
正在处理托盘类型：MH423C，销售订单号：LAID16296DN03S__CASEGROUP__1__SPLITREST__
  - 该分组不适合列式（多非满柱）→ 回退 beam + 配方优先。
  - 配方优先[fast]：规划 0 实例，实装成功 0，配方路径不可用 → 采用基线方案。
  - 指数诊断：箱子 4 个，总指数 2，目标 192，理论最多达标托盘 0 个，剩余指数 2。
  - 几何诊断：典型整层堆叠单盘参考上限 2/192。 当前目标可能受托盘高度/箱型组合限制。
  - 几何不可达标记：典型整层上限 2 < 目标 192，救援优先压缩托盘数和填充率。
  - 失败托盘互借诊断：未合并（no_target_or_single_plan）。
托盘类型 MH423C（销售订单号：LAID16296DN03S__CASEGROUP__1__SPLITREST__）处理完成：总托盘 1，指数达标 0，未达标 1，平均缺口 190.00，最大缺口 190.00，失败托盘互借修复成功 0。
  - KPI：near/mid/deep=0/0/1，救回率=0.00%，pair效率=0.00%。
  - 耗时拆解：packing=0.00s，main_topup=0.00s，retry=0.00s，failed_pool=0.00s，repack=0.00s，total=0.02s。
正在处理托盘类型：MH423C，销售订单号：PAID162808C02S
  - 主算法：全局列式装箱 + 柱级组合优化（GCP）。
  - GCP 盘数远超理论（CP-SAT 装不满）→ 回退 baseline beam + 配方优先。
  - 配方优先[fast]：规划 0 实例，实装成功 0，配方路径不可用 → 采用基线方案。
  - 指数诊断：箱子 6 个，总指数 12，目标 192，理论最多达标托盘 0 个，剩余指数 12。
  - 几何诊断：典型整层堆叠单盘参考上限 12/192。 当前目标可能受托盘高度/箱型组合限制。
  - 几何不可达标记：典型整层上限 12 < 目标 192，救援优先压缩托盘数和填充率。
  - 失败托盘互借诊断：未合并（no_target_or_single_plan）。
托盘类型 MH423C（销售订单号：PAID162808C02S）处理完成：总托盘 1，指数达标 0，未达标 1，平均缺口 180.00，最大缺口 180.00，失败托盘互借修复成功 0。
  - KPI：near/mid/deep=0/0/1，救回率=0.00%，pair效率=0.00%。
  - 耗时拆解：packing=0.01s，main_topup=0.00s，retry=0.00s，failed_pool=0.00s，repack=0.00s，total=0.06s。
正在处理托盘类型：MH423C，销售订单号：LFEG16300IN01S
  - 该分组不适合列式（多非满柱）→ 回退 beam + 配方优先。
  - 配方优先[fast]：规划 0 实例，实装成功 0，配方路径不可用 → 采用基线方案。
  - 指数诊断：箱子 3 个，总指数 10，目标 192，理论最多达标托盘 0 个，剩余指数 10。
  - 几何诊断：典型整层堆叠单盘参考上限 10/192。 当前目标可能受托盘高度/箱型组合限制。
  - 几何不可达标记：典型整层上限 10 < 目标 192，救援优先压缩托盘数和填充率。
  - 失败托盘互借诊断：未合并（no_target_or_single_plan）。
托盘类型 MH423C（销售订单号：LFEG16300IN01S）处理完成：总托盘 1，指数达标 0，未达标 1，平均缺口 182.00，最大缺口 182.00，失败托盘互借修复成功 0。
  - KPI：near/mid/deep=0/0/1，救回率=0.00%，pair效率=0.00%。
  - 耗时拆解：packing=0.00s，main_topup=0.00s，retry=0.00s，failed_pool=0.00s，repack=0.00s，total=0.01s。
正在处理托盘类型：MH423C，销售订单号：LAMY16315FN01S
  - 主算法：全局列式装箱 + 柱级组合优化（GCP）。
  - 失败托盘互借诊断：未合并（no_target_or_single_plan）。
托盘类型 MH423C（销售订单号：LAMY16315FN01S）处理完成：总托盘 1，指数达标 0，未达标 1，平均缺口 120.00，最大缺口 120.00，失败托盘互借修复成功 0。
  - KPI：near/mid/deep=0/0/1，救回率=0.00%，pair效率=0.00%。
  - 耗时拆解：packing=0.00s，main_topup=0.00s，retry=0.00s，failed_pool=0.00s，repack=0.00s，total=0.00s。
正在处理托盘类型：MH423C，销售订单号：LAMY16315FN01S__SPLITREST__
  - 该分组不适合列式（多非满柱）→ 回退 beam + 配方优先。
  - 配方优先[fast]：规划 0 实例，实装成功 0，配方路径不可用 → 采用基线方案。
  - 指数诊断：箱子 2 个，总指数 4，目标 192，理论最多达标托盘 0 个，剩余指数 4。
  - 几何诊断：典型整层堆叠单盘参考上限 4/192。 当前目标可能受托盘高度/箱型组合限制。
  - 几何不可达标记：典型整层上限 4 < 目标 192，救援优先压缩托盘数和填充率。
  - 失败托盘互借诊断：未合并（no_target_or_single_plan）。
托盘类型 MH423C（销售订单号：LAMY16315FN01S__SPLITREST__）处理完成：总托盘 1，指数达标 0，未达标 1，平均缺口 188.00，最大缺口 188.00，失败托盘互借修复成功 0。
  - KPI：near/mid/deep=0/0/1，救回率=0.00%，pair效率=0.00%。
  - 耗时拆解：packing=0.00s，main_topup=0.00s，retry=0.00s，failed_pool=0.00s，repack=0.00s，total=0.01s。
正在处理托盘类型：MH423C，销售订单号：LAID16305BN02S
  - 主算法：全局列式装箱 + 柱级组合优化（GCP）。
  - 失败托盘互借诊断：未合并（no_target_or_single_plan）。
托盘类型 MH423C（销售订单号：LAID16305BN02S）处理完成：总托盘 1，指数达标 0，未达标 1，平均缺口 88.00，最大缺口 88.00，失败托盘互借修复成功 0。
  - KPI：near/mid/deep=0/0/1，救回率=0.00%，pair效率=0.00%。
  - 耗时拆解：packing=0.57s，main_topup=0.00s，retry=0.00s，failed_pool=0.00s，repack=0.00s，total=0.57s。
正在处理托盘类型：MH423C，销售订单号：LFEG16300IN03S
  - 该分组不适合列式（多非满柱）→ 回退 beam + 配方优先。
  - 配方优先[fast]：规划 0 实例，实装成功 0，配方路径不可用 → 采用基线方案。
  - 指数诊断：箱子 1 个，总指数 2，目标 192，理论最多达标托盘 0 个，剩余指数 2。
  - 几何诊断：典型整层堆叠单盘参考上限 2/192。 当前目标可能受托盘高度/箱型组合限制。
  - 几何不可达标记：典型整层上限 2 < 目标 192，救援优先压缩托盘数和填充率。
  - 失败托盘互借诊断：未合并（no_target_or_single_plan）。
托盘类型 MH423C（销售订单号：LFEG16300IN03S）处理完成：总托盘 1，指数达标 0，未达标 1，平均缺口 190.00，最大缺口 190.00，失败托盘互借修复成功 0。
  - KPI：near/mid/deep=0/0/1，救回率=0.00%，pair效率=0.00%。
  - 耗时拆解：packing=0.00s，main_topup=0.00s，retry=0.00s，failed_pool=0.00s，repack=0.00s，total=0.00s。
正在处理托盘类型：MH423C，销售订单号：LAID16305BN01S
  - 主算法：全局列式装箱 + 柱级组合优化（GCP）。
  - 失败托盘互借诊断：未合并（no_target_or_single_plan）。
托盘类型 MH423C（销售订单号：LAID16305BN01S）处理完成：总托盘 1，指数达标 0，未达标 1，平均缺口 164.00，最大缺口 164.00，失败托盘互借修复成功 0。
  - KPI：near/mid/deep=0/0/1，救回率=0.00%，pair效率=0.00%。
  - 耗时拆解：packing=0.07s，main_topup=0.00s，retry=0.00s，failed_pool=0.00s，repack=0.00s，total=0.07s。
正在处理托盘类型：MH423C，销售订单号：LAID16305BN01S__SPLITREST__
  - 该分组不适合列式（多非满柱）→ 回退 beam + 配方优先。
  - 配方优先[fast]：规划 0 实例，实装成功 0，配方路径不可用 → 采用基线方案。
  - 指数诊断：箱子 3 个，总指数 6，目标 192，理论最多达标托盘 0 个，剩余指数 6。
  - 几何诊断：典型整层堆叠单盘参考上限 6/192。 当前目标可能受托盘高度/箱型组合限制。
  - 几何不可达标记：典型整层上限 6 < 目标 192，救援优先压缩托盘数和填充率。
  - 失败托盘互借诊断：未合并（no_target_or_single_plan）。
托盘类型 MH423C（销售订单号：LAID16305BN01S__SPLITREST__）处理完成：总托盘 1，指数达标 0，未达标 1，平均缺口 186.00，最大缺口 186.00，失败托盘互借修复成功 0。
  - KPI：near/mid/deep=0/0/1，救回率=0.00%，pair效率=0.00%。
  - 耗时拆解：packing=0.00s，main_topup=0.00s，retry=0.00s，failed_pool=0.00s，repack=0.00s，total=0.01s。
正在处理托盘类型：MH423C，销售订单号：LAID16305EN01S
  - 该分组不适合列式（多非满柱）→ 回退 beam + 配方优先。
  - 配方优先[fast]：规划 0 实例，实装成功 0，配方路径不可用 → 采用基线方案。
  - 指数诊断：箱子 29 个，总指数 132.5，目标 192，理论最多达标托盘 0 个，剩余指数 132.5。
  - 几何诊断：典型整层堆叠单盘参考上限 78/192。 当前目标可能受托盘高度/箱型组合限制。
  - 几何不可达标记：典型整层上限 78 < 目标 192，救援优先压缩托盘数和填充率。
  - 失败托盘互借诊断：未合并（aborted_no_improvement_possible）。
托盘类型 MH423C（销售订单号：LAID16305EN01S）处理完成：总托盘 2，指数达标 0，未达标 2，平均缺口 125.75，最大缺口 183.50，失败托盘互借修复成功 0。
  - KPI：near/mid/deep=0/0/2，救回率=0.00%，pair效率=0.00%。
  - 耗时拆解：packing=0.13s，main_topup=0.00s，retry=0.00s，failed_pool=0.00s，repack=0.28s，total=0.73s。
正在处理托盘类型：MH423C，销售订单号：PAIN26290GC02S
  - 主算法：全局列式装箱 + 柱级组合优化（GCP）。
  - GCP 盘数远超理论（CP-SAT 装不满）→ 回退 baseline beam + 配方优先。
  - 配方优先[fast]：规划 0 实例，实装成功 0，配方路径不可用 → 采用基线方案。
  - 指数诊断：箱子 41 个，总指数 178，目标 192，理论最多达标托盘 0 个，剩余指数 178。
  - 几何诊断：典型整层堆叠单盘参考上限 136/192。 当前目标可能受托盘高度/箱型组合限制。
  - 几何不可达标记：典型整层上限 136 < 目标 192，救援优先压缩托盘数和填充率。
  - 失败托盘互借诊断：未合并（not_better）。
托盘类型 MH423C（销售订单号：PAIN26290GC02S）处理完成：总托盘 2，指数达标 0，未达标 2，平均缺口 103.00，最大缺口 122.00，失败托盘互借修复成功 0。
  - KPI：near/mid/deep=0/0/2，救回率=0.00%，pair效率=0.00%。
  - 耗时拆解：packing=0.05s，main_topup=0.00s，retry=0.00s，failed_pool=0.00s，repack=0.29s，total=0.62s。
正在处理托盘类型：MH423C，销售订单号：PAID16280FC02S
  - 主算法：全局列式装箱 + 柱级组合优化（GCP）。
  - GCP 盘数远超理论（CP-SAT 装不满）→ 回退 baseline beam + 配方优先。
  - 配方优先[fast]：规划 0 实例，实装成功 0，配方路径不可用 → 采用基线方案。
  - 指数诊断：箱子 4 个，总指数 16，目标 192，理论最多达标托盘 0 个，剩余指数 16。
  - 几何诊断：典型整层堆叠单盘参考上限 16/192。 当前目标可能受托盘高度/箱型组合限制。
  - 几何不可达标记：典型整层上限 16 < 目标 192，救援优先压缩托盘数和填充率。
  - 失败托盘互借诊断：未合并（no_target_or_single_plan）。
托盘类型 MH423C（销售订单号：PAID16280FC02S）处理完成：总托盘 1，指数达标 0，未达标 1，平均缺口 176.00，最大缺口 176.00，失败托盘互借修复成功 0。
  - KPI：near/mid/deep=0/0/1，救回率=0.00%，pair效率=0.00%。
  - 耗时拆解：packing=0.01s，main_topup=0.00s，retry=0.00s，failed_pool=0.00s，repack=0.00s，total=0.03s。
正在处理托盘类型：MH423C，销售订单号：PAIN26296EC02S
  - 主算法：全局列式装箱 + 柱级组合优化（GCP）。
  - 失败托盘互借诊断：未合并（aborted_no_improvement_possible）。
托盘类型 MH423C（销售订单号：PAIN26296EC02S）处理完成：总托盘 2，指数达标 0，未达标 2，平均缺口 84.00，最大缺口 162.00，失败托盘互借修复成功 0。
  - KPI：near/mid/deep=1/0/1，救回率=0.00%，pair效率=0.00%。
  - 耗时拆解：packing=0.06s，main_topup=0.00s，retry=0.00s，failed_pool=0.00s，repack=5.81s，total=5.86s。
正在处理托盘类型：MH423C，销售订单号：PAID16290FC02S
  - 该分组不适合列式（多非满柱）→ 回退 beam + 配方优先。
  - 配方优先[fast]：规划 0 实例，实装成功 0，配方路径不可用 → 采用基线方案。
  - 指数诊断：箱子 6 个，总指数 14，目标 192，理论最多达标托盘 0 个，剩余指数 14。
  - 几何诊断：典型整层堆叠单盘参考上限 14/192。 当前目标可能受托盘高度/箱型组合限制。
  - 几何不可达标记：典型整层上限 14 < 目标 192，救援优先压缩托盘数和填充率。
  - 失败托盘互借诊断：未合并（no_target_or_single_plan）。
托盘类型 MH423C（销售订单号：PAID16290FC02S）处理完成：总托盘 1，指数达标 0，未达标 1，平均缺口 178.00，最大缺口 178.00，失败托盘互借修复成功 0。
  - KPI：near/mid/deep=0/0/1，救回率=0.00%，pair效率=0.00%。
  - 耗时拆解：packing=0.01s，main_topup=0.00s，retry=0.00s，failed_pool=0.00s，repack=0.00s，total=0.06s。
正在处理托盘类型：MH423C，销售订单号：LAID16295EN01S__CASEGROUP__1
  - 主算法：全局列式装箱 + 柱级组合优化（GCP）。
  - 失败托盘互借诊断：未合并（no_target_or_single_plan）。
托盘类型 MH423C（销售订单号：LAID16295EN01S__CASEGROUP__1）处理完成：总托盘 1，指数达标 0，未达标 1，平均缺口 52.00，最大缺口 52.00，失败托盘互借修复成功 0。
  - KPI：near/mid/deep=0/0/1，救回率=0.00%，pair效率=0.00%。
  - 耗时拆解：packing=2.13s，main_topup=0.00s，retry=0.00s，failed_pool=0.00s，repack=0.00s，total=2.13s。
正在处理托盘类型：MH423C，销售订单号：LAID16295EN01S__CASEGROUP__1__SPLITREST__
  - 该分组不适合列式（多非满柱）→ 回退 beam + 配方优先。
  - 配方优先[fast]：规划 0 实例，实装成功 0，配方路径不可用 → 采用基线方案。
  - 指数诊断：箱子 5 个，总指数 16，目标 192，理论最多达标托盘 0 个，剩余指数 16。
  - 几何诊断：典型整层堆叠单盘参考上限 16/192。 当前目标可能受托盘高度/箱型组合限制。
  - 几何不可达标记：典型整层上限 16 < 目标 192，救援优先压缩托盘数和填充率。
  - 失败托盘互借诊断：未合并（no_target_or_single_plan）。
托盘类型 MH423C（销售订单号：LAID16295EN01S__CASEGROUP__1__SPLITREST__）处理完成：总托盘 1，指数达标 0，未达标 1，平均缺口 176.00，最大缺口 176.00，失败托盘互借修复成功 0。
  - KPI：near/mid/deep=0/0/1，救回率=0.00%，pair效率=0.00%。
  - 耗时拆解：packing=0.01s，main_topup=0.00s，retry=0.00s，failed_pool=0.00s，repack=0.00s，total=0.01s。
正在处理托盘类型：MH423C，销售订单号：PEG146296CN01S
  - 主算法：全局列式装箱 + 柱级组合优化（GCP）。
  - 失败托盘互借诊断：未合并（no_target_or_single_plan）。
托盘类型 MH423C（销售订单号：PEG146296CN01S）处理完成：总托盘 1，指数达标 0，未达标 1，平均缺口 68.00，最大缺口 68.00，失败托盘互借修复成功 0。
  - KPI：near/mid/deep=0/0/1，救回率=0.00%，pair效率=0.00%。
  - 耗时拆解：packing=0.00s，main_topup=0.00s，retry=0.00s，failed_pool=0.00s，repack=0.00s，total=0.00s。
正在处理托盘类型：MH423C，销售订单号：LAID16284AN02S
  - 主算法：全局列式装箱 + 柱级组合优化（GCP）。
  - GCP 盘数远超理论（CP-SAT 装不满）→ 回退 baseline beam + 配方优先。
  - 配方优先[fast]：规划 0 实例，实装成功 0，配方路径不可用 → 采用基线方案。
  - 指数诊断：箱子 7 个，总指数 22，目标 192，理论最多达标托盘 0 个，剩余指数 22。
  - 几何诊断：典型整层堆叠单盘参考上限 22/192。 当前目标可能受托盘高度/箱型组合限制。
  - 几何不可达标记：典型整层上限 22 < 目标 192，救援优先压缩托盘数和填充率。
  - 失败托盘互借诊断：未合并（no_target_or_single_plan）。
托盘类型 MH423C（销售订单号：LAID16284AN02S）处理完成：总托盘 1，指数达标 0，未达标 1，平均缺口 170.00，最大缺口 170.00，失败托盘互借修复成功 0。
  - KPI：near/mid/deep=0/0/1，救回率=0.00%，pair效率=0.00%。
  - 耗时拆解：packing=0.01s，main_topup=0.00s，retry=0.00s，failed_pool=0.00s，repack=0.00s，total=0.06s。
正在处理托盘类型：MH423C，销售订单号：PAIN26290MN09S
  - 主算法：全局列式装箱 + 柱级组合优化（GCP）。
  - 失败托盘互借诊断：未合并（no_target_or_single_plan）。
托盘类型 MH423C（销售订单号：PAIN26290MN09S）处理完成：总托盘 1，指数达标 0，未达标 1，平均缺口 84.00，最大缺口 84.00，失败托盘互借修复成功 0。
  - KPI：near/mid/deep=0/0/1，救回率=0.00%，pair效率=0.00%。
  - 耗时拆解：packing=0.04s，main_topup=0.00s，retry=0.00s，failed_pool=0.00s，repack=0.00s，total=0.04s。
正在处理托盘类型：MH423C，销售订单号：LAID16294AN01S
  - 该分组不适合列式（多非满柱）→ 回退 beam + 配方优先。
  - 配方优先[fast]：规划 0 实例，实装成功 0，配方路径不可用 → 采用基线方案。
  - 指数诊断：箱子 9 个，总指数 23，目标 192，理论最多达标托盘 0 个，剩余指数 23。
  - 几何诊断：典型整层堆叠单盘参考上限 20/192。 当前目标可能受托盘高度/箱型组合限制。
  - 几何不可达标记：典型整层上限 20 < 目标 192，救援优先压缩托盘数和填充率。
  - 失败托盘互借诊断：未合并（no_target_or_single_plan）。
托盘类型 MH423C（销售订单号：LAID16294AN01S）处理完成：总托盘 1，指数达标 0，未达标 1，平均缺口 169.00，最大缺口 169.00，失败托盘互借修复成功 0。
  - KPI：near/mid/deep=0/0/1，救回率=0.00%，pair效率=0.00%。
  - 耗时拆解：packing=0.04s，main_topup=0.00s，retry=0.00s，failed_pool=0.00s，repack=0.00s，total=0.04s。
正在处理托盘类型：MH423C，销售订单号：LAMY16305FN01S
  - 主算法：全局列式装箱 + 柱级组合优化（GCP）。
  - 失败托盘互借诊断：未合并（no_target_or_single_plan）。
托盘类型 MH423C（销售订单号：LAMY16305FN01S）处理完成：总托盘 1，指数达标 0，未达标 1，平均缺口 170.00，最大缺口 170.00，失败托盘互借修复成功 0。
  - KPI：near/mid/deep=0/0/1，救回率=0.00%，pair效率=0.00%。
  - 耗时拆解：packing=0.02s，main_topup=0.00s，retry=0.00s，failed_pool=0.00s，repack=0.00s，total=0.02s。
正在处理托盘类型：MH423C，销售订单号：PAID16295BN01S
  - 主算法：全局列式装箱 + 柱级组合优化（GCP）。
  - 失败托盘互借诊断：未合并（no_target_or_single_plan）。
托盘类型 MH423C（销售订单号：PAID16295BN01S）处理完成：总托盘 1，指数达标 0，未达标 1，平均缺口 124.00，最大缺口 124.00，失败托盘互借修复成功 0。
  - KPI：near/mid/deep=0/0/1，救回率=0.00%，pair效率=0.00%。
  - 耗时拆解：packing=0.01s，main_topup=0.00s，retry=0.00s，failed_pool=0.00s，repack=0.00s，total=0.01s。
正在处理托盘类型：MH423C，销售订单号：PAID16296DN01S
  - 主算法：全局列式装箱 + 柱级组合优化（GCP）。
  - GCP 盘数远超理论（CP-SAT 装不满）→ 回退 baseline beam + 配方优先。
  - 配方优先[fast]：规划 0 实例，实装成功 0，配方路径不可用 → 采用基线方案。
  - 指数诊断：箱子 10 个，总指数 20，目标 192，理论最多达标托盘 0 个，剩余指数 20。
  - 几何诊断：典型整层堆叠单盘参考上限 20/192。 当前目标可能受托盘高度/箱型组合限制。
  - 几何不可达标记：典型整层上限 20 < 目标 192，救援优先压缩托盘数和填充率。
  - 失败托盘互借诊断：未合并（no_target_or_single_plan）。
托盘类型 MH423C（销售订单号：PAID16296DN01S）处理完成：总托盘 1，指数达标 0，未达标 1，平均缺口 172.00，最大缺口 172.00，失败托盘互借修复成功 0。
  - KPI：near/mid/deep=0/0/1，救回率=0.00%，pair效率=0.00%。
  - 耗时拆解：packing=0.02s，main_topup=0.00s，retry=0.00s，failed_pool=0.00s，repack=0.00s，total=0.10s。
正在处理托盘类型：MH423C，销售订单号：PAID16295EL05S
  - 该分组不适合列式（多非满柱）→ 回退 beam + 配方优先。
  - 配方优先[fast]：规划 0 实例，实装成功 0，配方路径不可用 → 采用基线方案。
  - 指数诊断：箱子 1 个，总指数 2，目标 192，理论最多达标托盘 0 个，剩余指数 2。
  - 几何诊断：典型整层堆叠单盘参考上限 2/192。 当前目标可能受托盘高度/箱型组合限制。
  - 几何不可达标记：典型整层上限 2 < 目标 192，救援优先压缩托盘数和填充率。
  - 失败托盘互借诊断：未合并（no_target_or_single_plan）。
托盘类型 MH423C（销售订单号：PAID16295EL05S）处理完成：总托盘 1，指数达标 0，未达标 1，平均缺口 190.00，最大缺口 190.00，失败托盘互借修复成功 0。
  - KPI：near/mid/deep=0/0/1，救回率=0.00%，pair效率=0.00%。
  - 耗时拆解：packing=0.00s，main_topup=0.00s，retry=0.00s，failed_pool=0.00s，repack=0.00s，total=0.00s。
正在处理托盘类型：MH423C，销售订单号：PAID16290FL03S
  - 该分组不适合列式（多非满柱）→ 回退 beam + 配方优先。
  - 配方优先[fast]：规划 0 实例，实装成功 0，配方路径不可用 → 采用基线方案。
  - 指数诊断：箱子 3 个，总指数 6，目标 192，理论最多达标托盘 0 个，剩余指数 6。
  - 几何诊断：典型整层堆叠单盘参考上限 6/192。 当前目标可能受托盘高度/箱型组合限制。
  - 几何不可达标记：典型整层上限 6 < 目标 192，救援优先压缩托盘数和填充率。
  - 失败托盘互借诊断：未合并（no_target_or_single_plan）。
托盘类型 MH423C（销售订单号：PAID16290FL03S）处理完成：总托盘 1，指数达标 0，未达标 1，平均缺口 186.00，最大缺口 186.00，失败托盘互借修复成功 0。
  - KPI：near/mid/deep=0/0/1，救回率=0.00%，pair效率=0.00%。
  - 耗时拆解：packing=0.00s，main_topup=0.00s，retry=0.00s，failed_pool=0.00s，repack=0.00s，total=0.01s。
正在处理托盘类型：MH423C，销售订单号：PAIN26290MN02S
  - 该分组不适合列式（多非满柱）→ 回退 beam + 配方优先。
  - 配方优先[fast]：规划 0 实例，实装成功 0，配方路径不可用 → 采用基线方案。
  - 指数诊断：箱子 56 个，总指数 88，目标 192，理论最多达标托盘 0 个，剩余指数 88。
  - 几何诊断：典型整层堆叠单盘参考上限 85/192。 当前目标可能受托盘高度/箱型组合限制。
  - 几何不可达标记：典型整层上限 85 < 目标 192，救援优先压缩托盘数和填充率。
  - 失败托盘互借诊断：未合并（no_target_or_single_plan）。
托盘类型 MH423C（销售订单号：PAIN26290MN02S）处理完成：总托盘 1，指数达标 0，未达标 1，平均缺口 104.00，最大缺口 104.00，失败托盘互借修复成功 0。
  - KPI：near/mid/deep=0/0/1，救回率=0.00%，pair效率=0.00%。
  - 耗时拆解：packing=1.77s，main_topup=0.00s，retry=0.00s，failed_pool=0.00s，repack=0.00s，total=1.77s。
正在处理托盘类型：MH423C，销售订单号：PAIN26296EN01S
  - 主算法：全局列式装箱 + 柱级组合优化（GCP）。
  - 失败托盘互借诊断：未合并（no_target_or_single_plan）。
托盘类型 MH423C（销售订单号：PAIN26296EN01S）处理完成：总托盘 1，指数达标 0，未达标 1，平均缺口 94.00，最大缺口 94.00，失败托盘互借修复成功 0。
  - KPI：near/mid/deep=0/0/1，救回率=0.00%，pair效率=0.00%。
  - 耗时拆解：packing=0.01s，main_topup=0.00s，retry=0.00s，failed_pool=0.00s，repack=0.00s，total=0.01s。
正在处理托盘类型：MH423C，销售订单号：PAIN26290MN10S
  - 主算法：全局列式装箱 + 柱级组合优化（GCP）。
  - 失败托盘互借诊断：未合并（no_target_or_single_plan）。
托盘类型 MH423C（销售订单号：PAIN26290MN10S）处理完成：总托盘 1，指数达标 0，未达标 1，平均缺口 124.00，最大缺口 124.00，失败托盘互借修复成功 0。
  - KPI：near/mid/deep=0/0/1，救回率=0.00%，pair效率=0.00%。
  - 耗时拆解：packing=0.00s，main_topup=0.00s，retry=0.00s，failed_pool=0.00s，repack=0.00s，total=0.00s。
正在处理托盘类型：MH423C，销售订单号：PAIN26290MZ07S
  - 该分组不适合列式（多非满柱）→ 回退 beam + 配方优先。
  - 配方优先[fast]：规划 0 实例，实装成功 0，配方路径不可用 → 采用基线方案。
  - 指数诊断：箱子 72 个，总指数 210，目标 192，理论最多达标托盘 1 个，剩余指数 18。
  - 几何诊断：典型整层堆叠单盘参考上限 124/192。 当前目标可能受托盘高度/箱型组合限制。
  - 几何不可达标记：典型整层上限 124 < 目标 192，救援优先压缩托盘数和填充率。
  - 失败托盘互借诊断：未合并（aborted_no_improvement_possible）。
托盘类型 MH423C（销售订单号：PAIN26290MZ07S）处理完成：总托盘 2，指数达标 0，未达标 2，平均缺口 87.00，最大缺口 106.00，失败托盘互借修复成功 0。
  - KPI：near/mid/deep=0/0/2，救回率=0.00%，pair效率=0.00%。
  - 耗时拆解：packing=1.50s，main_topup=0.00s，retry=0.00s，failed_pool=0.00s，repack=2.54s，total=4.05s。
正在处理托盘类型：MH423C，销售订单号：PEG106290LN01S
  - 主算法：全局列式装箱 + 柱级组合优化（GCP）。
  - 失败托盘互借诊断：未合并（no_target_or_single_plan）。
托盘类型 MH423C（销售订单号：PEG106290LN01S）处理完成：总托盘 1，指数达标 0，未达标 1，平均缺口 76.00，最大缺口 76.00，失败托盘互借修复成功 0。
  - KPI：near/mid/deep=0/0/1，救回率=0.00%，pair效率=0.00%。
  - 耗时拆解：packing=0.00s，main_topup=0.00s，retry=0.00s，failed_pool=0.00s，repack=0.00s，total=0.00s。
正在处理托盘类型：MH423C，销售订单号：LAID16306DN02S
  - 主算法：全局列式装箱 + 柱级组合优化（GCP）。
  - 失败托盘互借诊断：未合并（no_target_or_single_plan）。
托盘类型 MH423C（销售订单号：LAID16306DN02S）处理完成：总托盘 1，指数达标 0，未达标 1，平均缺口 116.00，最大缺口 116.00，失败托盘互借修复成功 0。
  - KPI：near/mid/deep=0/0/1，救回率=0.00%，pair效率=0.00%。
  - 耗时拆解：packing=0.00s，main_topup=0.00s，retry=0.00s，failed_pool=0.00s，repack=0.00s，total=0.00s。
正在处理托盘类型：MH423C，销售订单号：LAID16306DN02S__SPLITREST__
  - 该分组不适合列式（多非满柱）→ 回退 beam + 配方优先。
  - 配方优先[fast]：规划 0 实例，实装成功 0，配方路径不可用 → 采用基线方案。
  - 指数诊断：箱子 2 个，总指数 4，目标 192，理论最多达标托盘 0 个，剩余指数 4。
  - 几何诊断：典型整层堆叠单盘参考上限 4/192。 当前目标可能受托盘高度/箱型组合限制。
  - 几何不可达标记：典型整层上限 4 < 目标 192，救援优先压缩托盘数和填充率。
  - 失败托盘互借诊断：未合并（no_target_or_single_plan）。
托盘类型 MH423C（销售订单号：LAID16306DN02S__SPLITREST__）处理完成：总托盘 1，指数达标 0，未达标 1，平均缺口 188.00，最大缺口 188.00，失败托盘互借修复成功 0。
  - KPI：near/mid/deep=0/0/1，救回率=0.00%，pair效率=0.00%。
  - 耗时拆解：packing=0.00s，main_topup=0.00s，retry=0.00s，failed_pool=0.00s，repack=0.00s，total=0.01s。
正在处理托盘类型：MH423C，销售订单号：PAIN26280MZ06S
  - 主算法：全局列式装箱 + 柱级组合优化（GCP）。
  - 失败托盘互借诊断：未合并（no_target_or_single_plan）。
托盘类型 MH423C（销售订单号：PAIN26280MZ06S）处理完成：总托盘 1，指数达标 0，未达标 1，平均缺口 18.00，最大缺口 18.00，失败托盘互借修复成功 0。
  - KPI：near/mid/deep=0/1/0，救回率=0.00%，pair效率=0.00%。
  - 耗时拆解：packing=1.84s，main_topup=0.00s，retry=0.00s，failed_pool=0.00s，repack=0.00s，total=1.84s。
正在处理托盘类型：MH423C，销售订单号：PAIN26280BN01S
  - 主算法：全局列式装箱 + 柱级组合优化（GCP）。
  - 失败托盘互借诊断：未合并（no_target_or_single_plan）。
托盘类型 MH423C（销售订单号：PAIN26280BN01S）处理完成：总托盘 1，指数达标 0，未达标 1，平均缺口 148.00，最大缺口 148.00，失败托盘互借修复成功 0。
  - KPI：near/mid/deep=0/0/1，救回率=0.00%，pair效率=0.00%。
  - 耗时拆解：packing=0.07s，main_topup=0.00s，retry=0.00s，failed_pool=0.00s，repack=0.00s，total=0.07s。
正在处理托盘类型：MH423C，销售订单号：PAID16300FN01S
  - 该分组不适合列式（多非满柱）→ 回退 beam + 配方优先。
  - 配方优先[fast]：规划 0 实例，实装成功 0，配方路径不可用 → 采用基线方案。
  - 指数诊断：箱子 1 个，总指数 4，目标 192，理论最多达标托盘 0 个，剩余指数 4。
  - 几何诊断：典型整层堆叠单盘参考上限 4/192。 当前目标可能受托盘高度/箱型组合限制。
  - 几何不可达标记：典型整层上限 4 < 目标 192，救援优先压缩托盘数和填充率。
  - 失败托盘互借诊断：未合并（no_target_or_single_plan）。
托盘类型 MH423C（销售订单号：PAID16300FN01S）处理完成：总托盘 1，指数达标 0，未达标 1，平均缺口 188.00，最大缺口 188.00，失败托盘互借修复成功 0。
  - KPI：near/mid/deep=0/0/1，救回率=0.00%，pair效率=0.00%。
  - 耗时拆解：packing=0.00s，main_topup=0.00s，retry=0.00s，failed_pool=0.00s，repack=0.00s，total=0.00s。
正在处理托盘类型：MH423C，销售订单号：LAID16306DN03S
  - 主算法：全局列式装箱 + 柱级组合优化（GCP）。
  - 失败托盘互借诊断：未合并（no_target_or_single_plan）。
托盘类型 MH423C（销售订单号：LAID16306DN03S）处理完成：总托盘 1，指数达标 0，未达标 1，平均缺口 132.00，最大缺口 132.00，失败托盘互借修复成功 0。
  - KPI：near/mid/deep=0/0/1，救回率=0.00%，pair效率=0.00%。
  - 耗时拆解：packing=0.04s，main_topup=0.00s，retry=0.00s，failed_pool=0.00s，repack=0.00s，total=0.04s。
正在处理托盘类型：MH423C，销售订单号：LAID16306DN03S__SPLITREST__
  - 该分组不适合列式（多非满柱）→ 回退 beam + 配方优先。
  - 配方优先[fast]：规划 0 实例，实装成功 0，配方路径不可用 → 采用基线方案。
  - 指数诊断：箱子 2 个，总指数 4，目标 192，理论最多达标托盘 0 个，剩余指数 4。
  - 几何诊断：典型整层堆叠单盘参考上限 4/192。 当前目标可能受托盘高度/箱型组合限制。
  - 几何不可达标记：典型整层上限 4 < 目标 192，救援优先压缩托盘数和填充率。
  - 失败托盘互借诊断：未合并（no_target_or_single_plan）。
托盘类型 MH423C（销售订单号：LAID16306DN03S__SPLITREST__）处理完成：总托盘 1，指数达标 0，未达标 1，平均缺口 188.00，最大缺口 188.00，失败托盘互借修复成功 0。
  - KPI：near/mid/deep=0/0/1，救回率=0.00%，pair效率=0.00%。
  - 耗时拆解：packing=0.00s，main_topup=0.00s，retry=0.00s，failed_pool=0.00s，repack=0.00s，total=0.01s。
正在处理托盘类型：MH423C，销售订单号：PAID16306DN01S
  - 主算法：全局列式装箱 + 柱级组合优化（GCP）。
  - 失败托盘互借诊断：未合并（no_target_or_single_plan）。
托盘类型 MH423C（销售订单号：PAID16306DN01S）处理完成：总托盘 1，指数达标 0，未达标 1，平均缺口 156.00，最大缺口 156.00，失败托盘互借修复成功 0。
  - KPI：near/mid/deep=0/0/1，救回率=0.00%，pair效率=0.00%。
  - 耗时拆解：packing=0.11s，main_topup=0.00s，retry=0.00s，failed_pool=0.00s，repack=0.00s，total=0.11s。
正在处理托盘类型：MH423C，销售订单号：PAID16295BD02S
  - 主算法：全局列式装箱 + 柱级组合优化（GCP）。
  - 失败托盘互借诊断：未合并（no_target_or_single_plan）。
托盘类型 MH423C（销售订单号：PAID16295BD02S）处理完成：总托盘 1，指数达标 0，未达标 1，平均缺口 156.00，最大缺口 156.00，失败托盘互借修复成功 0。
  - KPI：near/mid/deep=0/0/1，救回率=0.00%，pair效率=0.00%。
  - 耗时拆解：packing=0.05s，main_topup=0.00s，retry=0.00s，failed_pool=0.00s，repack=0.00s，total=0.05s。
正在处理托盘类型：MH423C，销售订单号：PAID16305BN01S
  - 该分组不适合列式（多非满柱）→ 回退 beam + 配方优先。
  - 配方优先[fast]：规划 0 实例，实装成功 0，配方路径不可用 → 采用基线方案。
  - 指数诊断：箱子 2 个，总指数 4，目标 192，理论最多达标托盘 0 个，剩余指数 4。
  - 几何诊断：典型整层堆叠单盘参考上限 4/192。 当前目标可能受托盘高度/箱型组合限制。
  - 几何不可达标记：典型整层上限 4 < 目标 192，救援优先压缩托盘数和填充率。
  - 失败托盘互借诊断：未合并（no_target_or_single_plan）。
托盘类型 MH423C（销售订单号：PAID16305BN01S）处理完成：总托盘 1，指数达标 0，未达标 1，平均缺口 188.00，最大缺口 188.00，失败托盘互借修复成功 0。
  - KPI：near/mid/deep=0/0/1，救回率=0.00%，pair效率=0.00%。
  - 耗时拆解：packing=0.00s，main_topup=0.00s，retry=0.00s，failed_pool=0.00s，repack=0.00s，total=0.01s。
  - 失败盘装满压实：合并/吸收 1 次（纯减盘数）。
  - 跨子组装满压实（MH423C / LAID16306DN01S）：合并 1 次（纯减盘数）。
  - 失败盘装满压实：合并/吸收 1 次（纯减盘数）。
  - 跨子组装满压实（MH423C / LAID16296DN01S）：合并 1 次（纯减盘数）。
  - 失败盘装满压实：合并/吸收 2 次（纯减盘数）。
  - 跨子组装满压实（MH423C / LAID16285EN01S__CASEGROUP__1）：合并 2 次（纯减盘数）。
  - 失败盘装满压实：合并/吸收 1 次（纯减盘数）。
  - 跨子组装满压实（MH423C / PAIN26286EN01S）：合并 1 次（纯减盘数）。
  - 失败盘装满压实：合并/吸收 1 次（纯减盘数）。
  - 跨子组装满压实（MH423C / LFEG16290IN03S）：合并 1 次（纯减盘数）。
  - 失败盘装满压实：合并/吸收 1 次（纯减盘数）。
  - 跨子组装满压实（MH423C / LAID16295EN02S）：合并 1 次（纯减盘数）。
  - 失败盘装满压实：合并/吸收 1 次（纯减盘数）。
  - 跨子组装满压实（MH423C / LAMY16315FN01S）：合并 1 次（纯减盘数）。
  - 失败盘装满压实：合并/吸收 1 次（纯减盘数）。
  - 跨子组装满压实（MH423C / LAID16305BN01S）：合并 1 次（纯减盘数）。
  - 失败盘装满压实：合并/吸收 1 次（纯减盘数）。
  - 跨子组装满压实（MH423C / LAID16295EN01S__CASEGROUP__1）：合并 1 次（纯减盘数）。
  - 失败盘装满压实：合并/吸收 1 次（纯减盘数）。
  - 跨子组装满压实（MH423C / LAID16306DN02S）：合并 1 次（纯减盘数）。
  - 失败盘装满压实：合并/吸收 1 次（纯减盘数）。
  - 跨子组装满压实（MH423C / LAID16306DN03S）：合并 1 次（纯减盘数）。
========================================
统计汇总：总托盘 89，指数达标 0，未达标 89，未知 0，平均缺口 135.13，最大缺口 191.50，失败托盘互借修复成功 0
KPI汇总：near/mid/deep=2/3/84，pair尝试=0，pair改进=0，pair效率=0.00%
耗时汇总：packing=24.30s，main_topup=0.08s，retry=0.00s，repack=27.02s，end_to_end=80.20s
========================================
[WCS-装] SUCCESS 产品码 0 个，DB 更新达标 0 行；FAILED 盘 89 个保持未达标。
[WCS-装] 本轮结束；等待下一次「新插入」再开算。
[WCS-装] 装箱报告已保存：E:\Homework\AA装箱\A装箱和可视化\zhuang\packing-workspace\output\packing_plan_20260720_165751.json
[WCS-装] 接口 2 发送体已保存：E:\Homework\AA装箱\A装箱和可视化\zhuang\packing-workspace\output\wcs_plan_20260720_165751.json（89 个 case）
[WCS-装] 已跳过接口 2 推送（仅本地保存）。
[UI-RESULT] E:\Homework\AA装箱\A装箱和可视化\zhuang\packing-workspace\output\packing_plan_20260720_165751.json
[WCS-装] 等待数据库新插入（有新 product_code 才开算）…
============================================================
[WCS-拉] 20260720_170107：拉取接口 1 …
[WCS-拉] 原始响应已保存：E:\Homework\AA装箱\A装箱和可视化\zhuang\packing-workspace\input\raw\20260720_170107.json
[WCS-拉] 已剔除 case_type≠MH423C 的品类 67 条（类型：['WR246']），保留 2046 条。
[WCS-DB] product_code 已存在、跳过 2035 条
[WCS-拉] 落库完成：候选 2046 条，新插入 11 条（新行 up_to_standard=0）。
[WCS-拉] 有新插入 → 唤醒装箱线程。
[WCS] 已加载 BMS 参考表：E:\Homework\AA装箱\A装箱和可视化\zhuang\packing-workspace\data\selected_5000_boxes_9_1_concentrated_3orders.xlsx
============================================================
[WCS-装] 20260720_170117：未达标行 2170 条，开始装箱 …
[WCS-装] 展开为 2170 个箱子。
数据预处理和箱子分组完成（按托盘类型+销售订单号）。
----------------------------------------
  - 组内子聚类：19 个混合订单拆出规则子集走 GCP、杂箱走 baseline。
正在处理托盘类型：MH423C，销售订单号：LAID16285EN01S
  - 主算法：全局列式装箱 + 柱级组合优化（GCP）。
  - 失败托盘互借诊断：未合并（no_target_or_single_plan）。
托盘类型 MH423C（销售订单号：LAID16285EN01S）处理完成：总托盘 1，指数达标 0，未达标 1，平均缺口 136.00，最大缺口 136.00，失败托盘互借修复成功 0。
  - KPI：near/mid/deep=0/0/1，救回率=0.00%，pair效率=0.00%。
  - 耗时拆解：packing=0.02s，main_topup=0.00s，retry=0.00s，failed_pool=0.00s，repack=0.00s，total=0.02s。
正在处理托盘类型：MH423C，销售订单号：LAID16285EN01S__SPLITREST__
  - 该分组不适合列式（多非满柱）→ 回退 beam + 配方优先。
  - 配方优先[fast]：规划 0 实例，实装成功 0，配方路径不可用 → 采用基线方案。
  - 指数诊断：箱子 4 个，总指数 9.5，目标 192，理论最多达标托盘 0 个，剩余指数 9.5。
  - 几何诊断：典型整层堆叠单盘参考上限 9.5/192。 当前目标可能受托盘高度/箱型组合限制。
  - 几何不可达标记：典型整层上限 9.5 < 目标 192，救援优先压缩托盘数和填充率。
  - 失败托盘互借诊断：未合并（no_target_or_single_plan）。
托盘类型 MH423C（销售订单号：LAID16285EN01S__SPLITREST__）处理完成：总托盘 1，指数达标 0，未达标 1，平均缺口 182.50，最大缺口 182.50，失败托盘互借修复成功 0。
  - KPI：near/mid/deep=0/0/1，救回率=0.00%，pair效率=0.00%。
  - 耗时拆解：packing=0.01s，main_topup=0.00s，retry=0.00s，failed_pool=0.00s，repack=0.00s，total=0.02s。
正在处理托盘类型：MH423C，销售订单号：LAID16286DN02S
  - 该分组不适合列式（多非满柱）→ 回退 beam + 配方优先。
  - 配方优先[fast]：规划 0 实例，实装成功 0，配方路径不可用 → 采用基线方案。
  - 指数诊断：箱子 1 个，总指数 0.5，目标 192，理论最多达标托盘 0 个，剩余指数 0.5。
  - 几何诊断：典型整层堆叠单盘参考上限 0.5/192。 当前目标可能受托盘高度/箱型组合限制。
  - 几何不可达标记：典型整层上限 0.5 < 目标 192，救援优先压缩托盘数和填充率。
  - 失败托盘互借诊断：未合并（no_target_or_single_plan）。
托盘类型 MH423C（销售订单号：LAID16286DN02S）处理完成：总托盘 1，指数达标 0，未达标 1，平均缺口 191.50，最大缺口 191.50，失败托盘互借修复成功 0。
  - KPI：near/mid/deep=0/0/1，救回率=0.00%，pair效率=0.00%。
  - 耗时拆解：packing=0.00s，main_topup=0.00s，retry=0.00s，failed_pool=0.00s，repack=0.00s，total=0.00s。
正在处理托盘类型：MH423C，销售订单号：PAIN26280MN08S
  - 主算法：全局列式装箱 + 柱级组合优化（GCP）。
  - 失败托盘互借诊断：未合并（no_target_or_single_plan）。
托盘类型 MH423C（销售订单号：PAIN26280MN08S）处理完成：总托盘 1，指数达标 0，未达标 1，平均缺口 105.00，最大缺口 105.00，失败托盘互借修复成功 0。
  - KPI：near/mid/deep=0/0/1，救回率=0.00%，pair效率=0.00%。
  - 耗时拆解：packing=0.00s，main_topup=0.00s，retry=0.00s，failed_pool=0.00s，repack=0.00s，total=0.00s。
正在处理托盘类型：MH423C，销售订单号：PAIN26280MN01S
  - 该分组不适合列式（多非满柱）→ 回退 beam + 配方优先。
  - 配方优先[fast]：规划 0 实例，实装成功 0，配方路径不可用 → 采用基线方案。
  - 指数诊断：箱子 3 个，总指数 6，目标 192，理论最多达标托盘 0 个，剩余指数 6。
  - 几何诊断：典型整层堆叠单盘参考上限 6/192。 当前目标可能受托盘高度/箱型组合限制。
  - 几何不可达标记：典型整层上限 6 < 目标 192，救援优先压缩托盘数和填充率。
  - 失败托盘互借诊断：未合并（no_target_or_single_plan）。
托盘类型 MH423C（销售订单号：PAIN26280MN01S）处理完成：总托盘 1，指数达标 0，未达标 1，平均缺口 186.00，最大缺口 186.00，失败托盘互借修复成功 0。
  - KPI：near/mid/deep=0/0/1，救回率=0.00%，pair效率=0.00%。
  - 耗时拆解：packing=0.00s，main_topup=0.00s，retry=0.00s，failed_pool=0.00s，repack=0.00s，total=0.01s。
正在处理托盘类型：MH423C，销售订单号：LAID16306DN01S
  - 主算法：全局列式装箱 + 柱级组合优化（GCP）。
  - 失败托盘互借诊断：未合并（aborted_no_improvement_possible）。
托盘类型 MH423C（销售订单号：LAID16306DN01S）处理完成：总托盘 2，指数达标 0，未达标 2，平均缺口 90.00，最大缺口 168.00，失败托盘互借修复成功 0。
  - KPI：near/mid/deep=0/1/1，救回率=0.00%，pair效率=0.00%。
  - 耗时拆解：packing=0.02s，main_topup=0.00s，retry=0.00s，failed_pool=0.00s，repack=1.29s，total=1.31s。
正在处理托盘类型：MH423C，销售订单号：LAID16306DN01S__SPLITREST__
  - 该分组不适合列式（多非满柱）→ 回退 beam + 配方优先。
  - 托盘 MH423C-LAID16306DN01S__SPLITREST__-1 未找到可行装箱方案，启用剩余箱子守恒兜底。
  - 配方优先[fast]：规划 0 实例，实装成功 0，配方路径不可用 → 采用基线方案。
  - 指数诊断：箱子 5 个，总指数 5.5，目标 192，理论最多达标托盘 0 个，剩余指数 5.5。
  - 几何诊断：典型整层堆叠单盘参考上限 5.5/192。 当前目标可能受托盘高度/箱型组合限制。
  - 几何不可达标记：典型整层上限 5.5 < 目标 192，救援优先压缩托盘数和填充率。
  - 失败盘装满压实：合并/吸收 1 次（纯减盘数）。
  - 失败托盘互借诊断：未合并（aborted_no_improvement_possible）。
托盘类型 MH423C（销售订单号：LAID16306DN01S__SPLITREST__）处理完成：总托盘 1，指数达标 0，未达标 1，平均缺口 186.50，最大缺口 186.50，失败托盘互借修复成功 0。
  - KPI：near/mid/deep=0/0/1，救回率=0.00%，pair效率=0.00%。
  - 耗时拆解：packing=0.01s，main_topup=0.00s，retry=0.00s，failed_pool=0.00s，repack=0.02s，total=0.07s。
正在处理托盘类型：MH423C，销售订单号：LAID16296DN01S
  - 主算法：全局列式装箱 + 柱级组合优化（GCP）。
  - 失败托盘互借诊断：未合并（aborted_no_improvement_possible）。
托盘类型 MH423C（销售订单号：LAID16296DN01S）处理完成：总托盘 2，指数达标 0，未达标 2，平均缺口 163.75，最大缺口 188.00，失败托盘互借修复成功 0。
  - KPI：near/mid/deep=0/0/2，救回率=0.00%，pair效率=0.00%。
  - 耗时拆解：packing=0.07s，main_topup=0.00s，retry=0.00s，failed_pool=0.00s，repack=0.12s，total=0.18s。
正在处理托盘类型：MH423C，销售订单号：LAID16296DN01S__SPLITREST__
  - 该分组不适合列式（多非满柱）→ 回退 beam + 配方优先。
  - 配方优先[fast]：规划 0 实例，实装成功 0，配方路径不可用 → 采用基线方案。
  - 指数诊断：箱子 4 个，总指数 8，目标 192，理论最多达标托盘 0 个，剩余指数 8。
  - 几何诊断：典型整层堆叠单盘参考上限 8/192。 当前目标可能受托盘高度/箱型组合限制。
  - 几何不可达标记：典型整层上限 8 < 目标 192，救援优先压缩托盘数和填充率。
  - 失败托盘互借诊断：未合并（no_target_or_single_plan）。
托盘类型 MH423C（销售订单号：LAID16296DN01S__SPLITREST__）处理完成：总托盘 1，指数达标 0，未达标 1，平均缺口 184.00，最大缺口 184.00，失败托盘互借修复成功 0。
  - KPI：near/mid/deep=0/0/1，救回率=0.00%，pair效率=0.00%。
  - 耗时拆解：packing=0.00s，main_topup=0.00s，retry=0.00s，failed_pool=0.00s，repack=0.00s，total=0.02s。
正在处理托盘类型：MH423C，销售订单号：LAID16296DN02S
  - 主算法：全局列式装箱 + 柱级组合优化（GCP）。
  - GCP 盘数远超理论（CP-SAT 装不满）→ 回退 baseline beam + 配方优先。
  - 托盘 MH423C-LAID16296DN02S-2 未找到可行装箱方案，启用剩余箱子守恒兜底。
  - 配方优先[fast]：规划 0 实例，实装成功 0，配方路径不可用 → 采用基线方案。
  - 指数诊断：箱子 34 个，总指数 117.5，目标 192，理论最多达标托盘 0 个，剩余指数 117.5。
  - 几何诊断：典型整层堆叠单盘参考上限 97/192。 当前目标可能受托盘高度/箱型组合限制。
  - 几何不可达标记：典型整层上限 97 < 目标 192，救援优先压缩托盘数和填充率。
  - 失败盘装满压实：合并/吸收 1 次（纯减盘数）。
  - 失败托盘互借诊断：未合并（aborted_no_improvement_possible）。
托盘类型 MH423C（销售订单号：LAID16296DN02S）处理完成：总托盘 2，指数达标 0，未达标 2，平均缺口 133.25，最大缺口 189.50，失败托盘互借修复成功 0。
  - KPI：near/mid/deep=0/0/2，救回率=0.00%，pair效率=0.00%。
  - 耗时拆解：packing=0.22s，main_topup=0.00s，retry=0.00s，failed_pool=0.00s，repack=0.33s，total=1.26s。
正在处理托盘类型：MH423C，销售订单号：LAID16296DN02S__SPLITREST__
  - 该分组不适合列式（多非满柱）→ 回退 beam + 配方优先。
  - 配方优先[fast]：规划 0 实例，实装成功 0，配方路径不可用 → 采用基线方案。
  - 指数诊断：箱子 3 个，总指数 5，目标 192，理论最多达标托盘 0 个，剩余指数 5。
  - 几何诊断：典型整层堆叠单盘参考上限 5/192。 当前目标可能受托盘高度/箱型组合限制。
  - 几何不可达标记：典型整层上限 5 < 目标 192，救援优先压缩托盘数和填充率。
  - 失败托盘互借诊断：未合并（no_target_or_single_plan）。
托盘类型 MH423C（销售订单号：LAID16296DN02S__SPLITREST__）处理完成：总托盘 1，指数达标 0，未达标 1，平均缺口 187.00，最大缺口 187.00，失败托盘互借修复成功 0。
  - KPI：near/mid/deep=0/0/1，救回率=0.00%，pair效率=0.00%。
  - 耗时拆解：packing=0.00s，main_topup=0.00s，retry=0.00s，failed_pool=0.00s，repack=0.00s，total=0.01s。
正在处理托盘类型：MH423C，销售订单号：LAID16296DN03S
  - 主算法：全局列式装箱 + 柱级组合优化（GCP）。
  - 失败托盘互借诊断：未合并（no_target_or_single_plan）。
托盘类型 MH423C（销售订单号：LAID16296DN03S）处理完成：总托盘 1，指数达标 0，未达标 1，平均缺口 145.00，最大缺口 145.00，失败托盘互借修复成功 0。
  - KPI：near/mid/deep=0/0/1，救回率=0.00%，pair效率=0.00%。
  - 耗时拆解：packing=0.28s，main_topup=0.00s，retry=0.00s，failed_pool=0.00s，repack=0.00s，total=0.28s。
正在处理托盘类型：MH423C，销售订单号：LAID16285EN01S__CASEGROUP__1
  - 主算法：全局列式装箱 + 柱级组合优化（GCP）。
  - 失败托盘互借诊断：未合并（aborted_no_improvement_possible）。
托盘类型 MH423C（销售订单号：LAID16285EN01S__CASEGROUP__1）处理完成：总托盘 2，指数达标 0，未达标 2，平均缺口 170.50，最大缺口 190.00，失败托盘互借修复成功 0。
  - KPI：near/mid/deep=0/0/2，救回率=0.00%，pair效率=0.00%。
  - 耗时拆解：packing=0.71s，main_topup=0.00s，retry=0.00s，failed_pool=0.00s，repack=1.11s，total=1.82s。
正在处理托盘类型：MH423C，销售订单号：LAID16285EN01S__CASEGROUP__1__SPLITREST__
  - 该分组不适合列式（多非满柱）→ 回退 beam + 配方优先。
  - 配方优先[fast]：规划 0 实例，实装成功 0，配方路径不可用 → 采用基线方案。
  - 指数诊断：箱子 2 个，总指数 3，目标 192，理论最多达标托盘 0 个，剩余指数 3。
  - 几何诊断：典型整层堆叠单盘参考上限 3/192。 当前目标可能受托盘高度/箱型组合限制。
  - 几何不可达标记：典型整层上限 3 < 目标 192，救援优先压缩托盘数和填充率。
  - 失败托盘互借诊断：未合并（no_target_or_single_plan）。
托盘类型 MH423C（销售订单号：LAID16285EN01S__CASEGROUP__1__SPLITREST__）处理完成：总托盘 1，指数达标 0，未达标 1，平均缺口 189.00，最大缺口 189.00，失败托盘互借修复成功 0。
  - KPI：near/mid/deep=0/0/1，救回率=0.00%，pair效率=0.00%。
  - 耗时拆解：packing=0.00s，main_topup=0.00s，retry=0.00s，failed_pool=0.00s，repack=0.00s，total=0.01s。
正在处理托盘类型：MH423C，销售订单号：PAIN26286EN01S
  - 主算法：全局列式装箱 + 柱级组合优化（GCP）。
  - 失败托盘互借诊断：未合并（no_target_or_single_plan）。
托盘类型 MH423C（销售订单号：PAIN26286EN01S）处理完成：总托盘 1，指数达标 0，未达标 1，平均缺口 84.00，最大缺口 84.00，失败托盘互借修复成功 0。
  - KPI：near/mid/deep=0/0/1，救回率=0.00%，pair效率=0.00%。
  - 耗时拆解：packing=0.00s，main_topup=0.00s，retry=0.00s，failed_pool=0.00s，repack=0.00s，total=0.00s。
正在处理托盘类型：MH423C，销售订单号：PAIN26286EN01S__SPLITREST__
  - 该分组不适合列式（多非满柱）→ 回退 beam + 配方优先。
  - 配方优先[fast]：规划 0 实例，实装成功 0，配方路径不可用 → 采用基线方案。
  - 指数诊断：箱子 2 个，总指数 8，目标 192，理论最多达标托盘 0 个，剩余指数 8。
  - 几何诊断：典型整层堆叠单盘参考上限 8/192。 当前目标可能受托盘高度/箱型组合限制。
  - 几何不可达标记：典型整层上限 8 < 目标 192，救援优先压缩托盘数和填充率。
  - 失败托盘互借诊断：未合并（no_target_or_single_plan）。
托盘类型 MH423C（销售订单号：PAIN26286EN01S__SPLITREST__）处理完成：总托盘 1，指数达标 0，未达标 1，平均缺口 184.00，最大缺口 184.00，失败托盘互借修复成功 0。
  - KPI：near/mid/deep=0/0/1，救回率=0.00%，pair效率=0.00%。
  - 耗时拆解：packing=0.00s，main_topup=0.00s，retry=0.00s，failed_pool=0.00s，repack=0.00s，total=0.01s。
正在处理托盘类型：MH423C，销售订单号：LFEG16290IN02S
  - 该分组不适合列式（多非满柱）→ 回退 beam + 配方优先。
  - 配方优先[fast]：规划 0 实例，实装成功 0，配方路径不可用 → 采用基线方案。
  - 指数诊断：箱子 63 个，总指数 109.5，目标 192，理论最多达标托盘 0 个，剩余指数 109.5。
  - 几何诊断：典型整层堆叠单盘参考上限 83/192。 当前目标可能受托盘高度/箱型组合限制。
  - 几何不可达标记：典型整层上限 83 < 目标 192，救援优先压缩托盘数和填充率。
  - 失败托盘互借诊断：未合并（aborted_no_improvement_possible）。
托盘类型 MH423C（销售订单号：LFEG16290IN02S）处理完成：总托盘 2，指数达标 0，未达标 2，平均缺口 137.25，最大缺口 191.50，失败托盘互借修复成功 0。
  - KPI：near/mid/deep=0/0/2，救回率=0.00%，pair效率=0.00%。
  - 耗时拆解：packing=0.77s，main_topup=0.01s，retry=0.00s，failed_pool=0.00s，repack=1.32s，total=4.27s。
正在处理托盘类型：MH423C，销售订单号：LAID16295BN02S
  - 主算法：全局列式装箱 + 柱级组合优化（GCP）。
  - 失败托盘互借诊断：未合并（aborted_no_improvement_possible）。
托盘类型 MH423C（销售订单号：LAID16295BN02S）处理完成：总托盘 2，指数达标 0，未达标 2，平均缺口 155.75，最大缺口 184.00，失败托盘互借修复成功 0。
  - KPI：near/mid/deep=0/0/2，救回率=0.00%，pair效率=0.00%。
  - 耗时拆解：packing=0.38s，main_topup=0.00s，retry=0.00s，failed_pool=0.00s，repack=0.69s，total=1.06s。
正在处理托盘类型：MH423C，销售订单号：LFEG16290IN03S
  - 主算法：全局列式装箱 + 柱级组合优化（GCP）。
  - GCP 盘数远超理论（CP-SAT 装不满）→ 回退 baseline beam + 配方优先。
  - 配方优先[fast]：规划 0 实例，实装成功 0，配方路径不可用 → 采用基线方案。
  - 指数诊断：箱子 88 个，总指数 157，目标 192，理论最多达标托盘 0 个，剩余指数 157。
  - 几何诊断：典型整层堆叠单盘参考上限 115/192。 当前目标可能受托盘高度/箱型组合限制。
  - 几何不可达标记：典型整层上限 115 < 目标 192，救援优先压缩托盘数和填充率。
  - 失败托盘互借诊断：未合并（aborted_no_improvement_possible）。
托盘类型 MH423C（销售订单号：LFEG16290IN03S）处理完成：总托盘 2，指数达标 0，未达标 2，平均缺口 113.50，最大缺口 174.50，失败托盘互借修复成功 0。
  - KPI：near/mid/deep=0/0/2，救回率=0.00%，pair效率=0.00%。
  - 耗时拆解：packing=5.55s，main_topup=0.00s，retry=0.00s，failed_pool=0.00s，repack=3.10s，total=10.60s。
正在处理托盘类型：MH423C，销售订单号：LFEG16290IN03S__SPLITREST__
  - 该分组不适合列式（多非满柱）→ 回退 beam + 配方优先。
  - 配方优先[fast]：规划 0 实例，实装成功 0，配方路径不可用 → 采用基线方案。
  - 指数诊断：箱子 19 个，总指数 21，目标 192，理论最多达标托盘 0 个，剩余指数 21。
  - 几何诊断：典型整层堆叠单盘参考上限 21/192。 当前目标可能受托盘高度/箱型组合限制。
  - 几何不可达标记：典型整层上限 21 < 目标 192，救援优先压缩托盘数和填充率。
  - 失败托盘互借诊断：未合并（no_target_or_single_plan）。
托盘类型 MH423C（销售订单号：LFEG16290IN03S__SPLITREST__）处理完成：总托盘 1，指数达标 0，未达标 1，平均缺口 171.00，最大缺口 171.00，失败托盘互借修复成功 0。
  - KPI：near/mid/deep=0/0/1，救回率=0.00%，pair效率=0.00%。
  - 耗时拆解：packing=0.15s，main_topup=0.00s，retry=0.00s，failed_pool=0.00s，repack=0.00s，total=0.15s。
正在处理托盘类型：MH423C，销售订单号：LAMY16295FN01S
  - 该分组不适合列式（多非满柱）→ 回退 beam + 配方优先。
  - 配方优先[fast]：规划 0 实例，实装成功 0，配方路径不可用 → 采用基线方案。
  - 指数诊断：箱子 26 个，总指数 86.5，目标 192，理论最多达标托盘 0 个，剩余指数 86.5。
  - 几何诊断：典型整层堆叠单盘参考上限 70/192。 当前目标可能受托盘高度/箱型组合限制。
  - 几何不可达标记：典型整层上限 70 < 目标 192，救援优先压缩托盘数和填充率。
  - 失败托盘互借诊断：未合并（no_target_or_single_plan）。
托盘类型 MH423C（销售订单号：LAMY16295FN01S）处理完成：总托盘 1，指数达标 0，未达标 1，平均缺口 105.50，最大缺口 105.50，失败托盘互借修复成功 0。
  - KPI：near/mid/deep=0/0/1，救回率=0.00%，pair效率=0.00%。
  - 耗时拆解：packing=0.23s，main_topup=0.00s，retry=0.00s，failed_pool=0.00s，repack=0.00s，total=0.23s。
正在处理托盘类型：MH423C，销售订单号：LFEG16300IN02S
  - 该分组不适合列式（多非满柱）→ 回退 beam + 配方优先。
  - 配方优先[fast]：规划 0 实例，实装成功 0，配方路径不可用 → 采用基线方案。
  - 指数诊断：箱子 4 个，总指数 8，目标 192，理论最多达标托盘 0 个，剩余指数 8。
  - 几何诊断：典型整层堆叠单盘参考上限 8/192。 当前目标可能受托盘高度/箱型组合限制。
  - 几何不可达标记：典型整层上限 8 < 目标 192，救援优先压缩托盘数和填充率。
  - 失败托盘互借诊断：未合并（no_target_or_single_plan）。
托盘类型 MH423C（销售订单号：LFEG16300IN02S）处理完成：总托盘 1，指数达标 0，未达标 1，平均缺口 184.00，最大缺口 184.00，失败托盘互借修复成功 0。
  - KPI：near/mid/deep=0/0/1，救回率=0.00%，pair效率=0.00%。
  - 耗时拆解：packing=0.00s，main_topup=0.00s，retry=0.00s，failed_pool=0.00s，repack=0.00s，total=0.02s。
正在处理托盘类型：MH423C，销售订单号：PAIN26290BN01S
  - 主算法：全局列式装箱 + 柱级组合优化（GCP）。
  - 失败托盘互借诊断：未合并（no_target_or_single_plan）。
托盘类型 MH423C（销售订单号：PAIN26290BN01S）处理完成：总托盘 1，指数达标 0，未达标 1，平均缺口 115.00，最大缺口 115.00，失败托盘互借修复成功 0。
  - KPI：near/mid/deep=0/0/1，救回率=0.00%，pair效率=0.00%。
  - 耗时拆解：packing=1.32s，main_topup=0.00s，retry=0.00s，failed_pool=0.00s，repack=0.00s，total=1.32s。
正在处理托盘类型：MH423C，销售订单号：PAIN26290BN01S__SPLITREST__
  - 该分组不适合列式（多非满柱）→ 回退 beam + 配方优先。
  - 配方优先[fast]：规划 0 实例，实装成功 0，配方路径不可用 → 采用基线方案。
  - 指数诊断：箱子 9 个，总指数 9，目标 192，理论最多达标托盘 0 个，剩余指数 9。
  - 几何诊断：典型整层堆叠单盘参考上限 9/192。 当前目标可能受托盘高度/箱型组合限制。
  - 几何不可达标记：典型整层上限 9 < 目标 192，救援优先压缩托盘数和填充率。
  - 失败托盘互借诊断：未合并（no_target_or_single_plan）。
托盘类型 MH423C（销售订单号：PAIN26290BN01S__SPLITREST__）处理完成：总托盘 1，指数达标 0，未达标 1，平均缺口 183.00，最大缺口 183.00，失败托盘互借修复成功 0。
  - KPI：near/mid/deep=0/0/1，救回率=0.00%，pair效率=0.00%。
  - 耗时拆解：packing=0.04s，main_topup=0.00s，retry=0.00s，failed_pool=0.00s，repack=0.00s，total=0.04s。
正在处理托盘类型：MH423C，销售订单号：PAIN26290BC02S
  - 主算法：全局列式装箱 + 柱级组合优化（GCP）。
  - 失败托盘互借诊断：未合并（no_target_or_single_plan）。
托盘类型 MH423C（销售订单号：PAIN26290BC02S）处理完成：总托盘 1，指数达标 0，未达标 1，平均缺口 80.00，最大缺口 80.00，失败托盘互借修复成功 0。
  - KPI：near/mid/deep=0/0/1，救回率=0.00%，pair效率=0.00%。
  - 耗时拆解：packing=0.01s，main_topup=0.00s，retry=0.00s，failed_pool=0.00s，repack=0.00s，total=0.01s。
正在处理托盘类型：MH423C，销售订单号：PAIN26290BC02S__SPLITREST__
  - 该分组不适合列式（多非满柱）→ 回退 beam + 配方优先。
  - 配方优先[fast]：规划 0 实例，实装成功 0，配方路径不可用 → 采用基线方案。
  - 指数诊断：箱子 2 个，总指数 1，目标 192，理论最多达标托盘 0 个，剩余指数 1。
  - 几何诊断：典型整层堆叠单盘参考上限 1/192。 当前目标可能受托盘高度/箱型组合限制。
  - 几何不可达标记：典型整层上限 1 < 目标 192，救援优先压缩托盘数和填充率。
  - 失败托盘互借诊断：未合并（no_target_or_single_plan）。
托盘类型 MH423C（销售订单号：PAIN26290BC02S__SPLITREST__）处理完成：总托盘 1，指数达标 0，未达标 1，平均缺口 191.00，最大缺口 191.00，失败托盘互借修复成功 0。
  - KPI：near/mid/deep=0/0/1，救回率=0.00%，pair效率=0.00%。
  - 耗时拆解：packing=0.00s，main_topup=0.00s，retry=0.00s，failed_pool=0.00s，repack=0.00s，total=0.00s。
正在处理托盘类型：MH423C，销售订单号：PAIN26290GN01S
  - 该分组不适合列式（多非满柱）→ 回退 beam + 配方优先。
  - 配方优先[fast]：规划 0 实例，实装成功 0，配方路径不可用 → 采用基线方案。
  - 指数诊断：箱子 51 个，总指数 78.5，目标 192，理论最多达标托盘 0 个，剩余指数 78.5。
  - 几何诊断：典型整层堆叠单盘参考上限 58/192。 当前目标可能受托盘高度/箱型组合限制。
  - 几何不可达标记：典型整层上限 58 < 目标 192，救援优先压缩托盘数和填充率。
  - 失败托盘互借诊断：未合并（aborted_no_improvement_possible）。
托盘类型 MH423C（销售订单号：PAIN26290GN01S）处理完成：总托盘 2，指数达标 0，未达标 2，平均缺口 152.75，最大缺口 189.00，失败托盘互借修复成功 0。
  - KPI：near/mid/deep=0/0/2，救回率=0.00%，pair效率=0.00%。
  - 耗时拆解：packing=0.59s，main_topup=0.01s，retry=0.00s，failed_pool=0.00s，repack=1.05s，total=3.14s。
正在处理托盘类型：MH423C，销售订单号：PEG126290LN01S
  - 主算法：全局列式装箱 + 柱级组合优化（GCP）。
  - 失败托盘互借诊断：未合并（no_target_or_single_plan）。
托盘类型 MH423C（销售订单号：PEG126290LN01S）处理完成：总托盘 1，指数达标 0，未达标 1，平均缺口 128.00，最大缺口 128.00，失败托盘互借修复成功 0。
  - KPI：near/mid/deep=0/0/1，救回率=0.00%，pair效率=0.00%。
  - 耗时拆解：packing=0.49s，main_topup=0.00s，retry=0.00s，failed_pool=0.00s，repack=0.00s，total=0.49s。
正在处理托盘类型：MH423C，销售订单号：PAIN26280GN01S
  - 该分组不适合列式（多非满柱）→ 回退 beam + 配方优先。
  - 配方优先[fast]：规划 0 实例，实装成功 0，配方路径不可用 → 采用基线方案。
  - 指数诊断：箱子 1 个，总指数 4，目标 192，理论最多达标托盘 0 个，剩余指数 4。
  - 几何诊断：典型整层堆叠单盘参考上限 4/192。 当前目标可能受托盘高度/箱型组合限制。
  - 几何不可达标记：典型整层上限 4 < 目标 192，救援优先压缩托盘数和填充率。
  - 失败托盘互借诊断：未合并（no_target_or_single_plan）。
托盘类型 MH423C（销售订单号：PAIN26280GN01S）处理完成：总托盘 1，指数达标 0，未达标 1，平均缺口 188.00，最大缺口 188.00，失败托盘互借修复成功 0。
  - KPI：near/mid/deep=0/0/1，救回率=0.00%，pair效率=0.00%。
  - 耗时拆解：packing=0.00s，main_topup=0.00s，retry=0.00s，failed_pool=0.00s，repack=0.00s，total=0.00s。
正在处理托盘类型：MH423C，销售订单号：LAID16295EN02S
  - 主算法：全局列式装箱 + 柱级组合优化（GCP）。
  - 失败托盘互借诊断：未合并（aborted_no_improvement_possible）。
托盘类型 MH423C（销售订单号：LAID16295EN02S）处理完成：总托盘 2，指数达标 0，未达标 2，平均缺口 95.50，最大缺口 175.00，失败托盘互借修复成功 0。
  - KPI：near/mid/deep=0/1/1，救回率=0.00%，pair效率=0.00%。
  - 耗时拆解：packing=2.37s，main_topup=0.00s，retry=0.00s，failed_pool=0.00s，repack=5.02s，total=7.40s。
正在处理托盘类型：MH423C，销售订单号：LAID16295EN02S__SPLITREST__
  - 该分组不适合列式（多非满柱）→ 回退 beam + 配方优先。
  - 配方优先[fast]：规划 0 实例，实装成功 0，配方路径不可用 → 采用基线方案。
  - 指数诊断：箱子 2 个，总指数 14，目标 192，理论最多达标托盘 0 个，剩余指数 14。
  - 几何诊断：典型整层堆叠单盘参考上限 14/192。 当前目标可能受托盘高度/箱型组合限制。
  - 几何不可达标记：典型整层上限 14 < 目标 192，救援优先压缩托盘数和填充率。
  - 失败托盘互借诊断：未合并（no_target_or_single_plan）。
托盘类型 MH423C（销售订单号：LAID16295EN02S__SPLITREST__）处理完成：总托盘 1，指数达标 0，未达标 1，平均缺口 178.00，最大缺口 178.00，失败托盘互借修复成功 0。
  - KPI：near/mid/deep=0/0/1，救回率=0.00%，pair效率=0.00%。
  - 耗时拆解：packing=0.00s，main_topup=0.00s，retry=0.00s，failed_pool=0.00s，repack=0.00s，total=0.01s。
正在处理托盘类型：MH423C，销售订单号：PAIN26280MN07S
  - 主算法：全局列式装箱 + 柱级组合优化（GCP）。
  - 失败托盘互借诊断：未合并（no_target_or_single_plan）。
托盘类型 MH423C（销售订单号：PAIN26280MN07S）处理完成：总托盘 1，指数达标 0，未达标 1，平均缺口 108.00，最大缺口 108.00，失败托盘互借修复成功 0。
  - KPI：near/mid/deep=0/0/1，救回率=0.00%，pair效率=0.00%。
  - 耗时拆解：packing=0.00s，main_topup=0.00s，retry=0.00s，failed_pool=0.00s，repack=0.00s，total=0.00s。
正在处理托盘类型：MH423C，销售订单号：PEG086250LN01S
  - 该分组不适合列式（多非满柱）→ 回退 beam + 配方优先。
  - 配方优先[fast]：规划 0 实例，实装成功 0，配方路径不可用 → 采用基线方案。
  - 指数诊断：箱子 1 个，总指数 4，目标 192，理论最多达标托盘 0 个，剩余指数 4。
  - 几何诊断：典型整层堆叠单盘参考上限 4/192。 当前目标可能受托盘高度/箱型组合限制。
  - 几何不可达标记：典型整层上限 4 < 目标 192，救援优先压缩托盘数和填充率。
  - 失败托盘互借诊断：未合并（no_target_or_single_plan）。
托盘类型 MH423C（销售订单号：PEG086250LN01S）处理完成：总托盘 1，指数达标 0，未达标 1，平均缺口 188.00，最大缺口 188.00，失败托盘互借修复成功 0。
  - KPI：near/mid/deep=0/0/1，救回率=0.00%，pair效率=0.00%。
  - 耗时拆解：packing=0.00s，main_topup=0.00s，retry=0.00s，failed_pool=0.00s，repack=0.00s，total=0.00s。
正在处理托盘类型：MH423C，销售订单号：LFEG16290IN01S
  - 主算法：全局列式装箱 + 柱级组合优化（GCP）。
  - 失败托盘互借诊断：未合并（no_target_or_single_plan）。
托盘类型 MH423C（销售订单号：LFEG16290IN01S）处理完成：总托盘 1，指数达标 0，未达标 1，平均缺口 67.00，最大缺口 67.00，失败托盘互借修复成功 0。
  - KPI：near/mid/deep=0/0/1，救回率=0.00%，pair效率=0.00%。
  - 耗时拆解：packing=0.01s，main_topup=0.00s，retry=0.00s，failed_pool=0.00s，repack=0.00s，total=0.01s。
正在处理托盘类型：MH423C，销售订单号：LFEG16290IN01S__SPLITREST__
  - 该分组不适合列式（多非满柱）→ 回退 beam + 配方优先。
  - 配方优先[fast]：规划 0 实例，实装成功 0，配方路径不可用 → 采用基线方案。
  - 指数诊断：箱子 3 个，总指数 8.5，目标 192，理论最多达标托盘 0 个，剩余指数 8.5。
  - 几何诊断：典型整层堆叠单盘参考上限 8.5/192。 当前目标可能受托盘高度/箱型组合限制。
  - 几何不可达标记：典型整层上限 8.5 < 目标 192，救援优先压缩托盘数和填充率。
  - 失败托盘互借诊断：未合并（no_target_or_single_plan）。
托盘类型 MH423C（销售订单号：LFEG16290IN01S__SPLITREST__）处理完成：总托盘 1，指数达标 0，未达标 1，平均缺口 183.50，最大缺口 183.50，失败托盘互借修复成功 0。
  - KPI：near/mid/deep=0/0/1，救回率=0.00%，pair效率=0.00%。
  - 耗时拆解：packing=0.00s，main_topup=0.00s，retry=0.00s，failed_pool=0.00s，repack=0.00s，total=0.01s。
正在处理托盘类型：MH423C，销售订单号：LAID16295EN01S
  - 主算法：全局列式装箱 + 柱级组合优化（GCP）。
  - GCP 盘数远超理论（CP-SAT 装不满）→ 回退 baseline beam + 配方优先。
  - 托盘 MH423C-LAID16295EN01S-2 未找到可行装箱方案，启用剩余箱子守恒兜底。
  - 配方优先[fast]：规划 0 实例，实装成功 0，配方路径不可用 → 采用基线方案。
  - 指数诊断：箱子 71 个，总指数 170.5，目标 192，理论最多达标托盘 0 个，剩余指数 170.5。
  - 几何诊断：典型整层堆叠单盘参考上限 125/192。 当前目标可能受托盘高度/箱型组合限制。
  - 几何不可达标记：典型整层上限 125 < 目标 192，救援优先压缩托盘数和填充率。
  - 失败盘装满压实：合并/吸收 1 次（纯减盘数）。
  - 失败托盘互借诊断：未合并（aborted_no_improvement_possible）。
托盘类型 MH423C（销售订单号：LAID16295EN01S）处理完成：总托盘 3，指数达标 0，未达标 3，平均缺口 135.17，最大缺口 189.50，失败托盘互借修复成功 0。
  - KPI：near/mid/deep=0/0/3，救回率=0.00%，pair效率=0.00%。
  - 耗时拆解：packing=1.43s，main_topup=0.02s，retry=0.00s，failed_pool=0.00s，repack=4.19s，total=10.98s。
正在处理托盘类型：MH423C，销售订单号：PAID16295EN06S
  - 主算法：全局列式装箱 + 柱级组合优化（GCP）。
  - GCP 盘数远超理论（CP-SAT 装不满）→ 回退 baseline beam + 配方优先。
  - 配方优先[fast]：规划 0 实例，实装成功 0，配方路径不可用 → 采用基线方案。
  - 指数诊断：箱子 66 个，总指数 189，目标 192，理论最多达标托盘 0 个，剩余指数 189。
  - 几何诊断：典型整层堆叠单盘参考上限 97/192。 当前目标可能受托盘高度/箱型组合限制。
  - 几何不可达标记：典型整层上限 97 < 目标 192，救援优先压缩托盘数和填充率。
  - 失败托盘互借诊断：未合并（less_than_2_consolidatable）。
托盘类型 MH423C（销售订单号：PAID16295EN06S）处理完成：总托盘 1，指数达标 0，未达标 1，平均缺口 3.00，最大缺口 3.00，失败托盘互借修复成功 0。
  - KPI：near/mid/deep=1/0/0，救回率=0.00%，pair效率=0.00%。
  - 耗时拆解：packing=0.99s，main_topup=0.01s，retry=0.00s，failed_pool=0.00s，repack=0.01s，total=3.99s。
正在处理托盘类型：MH423C，销售订单号：PAID16295EN06S__SPLITREST__
  - 该分组不适合列式（多非满柱）→ 回退 beam + 配方优先。
  - 配方优先[fast]：规划 0 实例，实装成功 0，配方路径不可用 → 采用基线方案。
  - 指数诊断：箱子 6 个，总指数 14.5，目标 192，理论最多达标托盘 0 个，剩余指数 14.5。
  - 几何诊断：典型整层堆叠单盘参考上限 14.5/192。 当前目标可能受托盘高度/箱型组合限制。
  - 几何不可达标记：典型整层上限 14.5 < 目标 192，救援优先压缩托盘数和填充率。
  - 失败托盘互借诊断：未合并（no_target_or_single_plan）。
托盘类型 MH423C（销售订单号：PAID16295EN06S__SPLITREST__）处理完成：总托盘 1，指数达标 0，未达标 1，平均缺口 177.50，最大缺口 177.50，失败托盘互借修复成功 0。
  - KPI：near/mid/deep=0/0/1，救回率=0.00%，pair效率=0.00%。
  - 耗时拆解：packing=0.02s，main_topup=0.00s，retry=0.00s，failed_pool=0.00s，repack=0.00s，total=0.02s。
正在处理托盘类型：MH423C，销售订单号：LAID16295BN01S
  - 主算法：全局列式装箱 + 柱级组合优化（GCP）。
  - 失败托盘互借诊断：未合并（no_target_or_single_plan）。
托盘类型 MH423C（销售订单号：LAID16295BN01S）处理完成：总托盘 1，指数达标 0，未达标 1，平均缺口 127.00，最大缺口 127.00，失败托盘互借修复成功 0。
  - KPI：near/mid/deep=0/0/1，救回率=0.00%，pair效率=0.00%。
  - 耗时拆解：packing=0.10s，main_topup=0.00s，retry=0.00s，failed_pool=0.00s，repack=0.00s，total=0.10s。
正在处理托盘类型：MH423C，销售订单号：LFEG16310IN02S
  - 该分组不适合列式（多非满柱）→ 回退 beam + 配方优先。
  - 配方优先[fast]：规划 0 实例，实装成功 0，配方路径不可用 → 采用基线方案。
  - 指数诊断：箱子 1 个，总指数 1，目标 192，理论最多达标托盘 0 个，剩余指数 1。
  - 几何诊断：典型整层堆叠单盘参考上限 1/192。 当前目标可能受托盘高度/箱型组合限制。
  - 几何不可达标记：典型整层上限 1 < 目标 192，救援优先压缩托盘数和填充率。
  - 失败托盘互借诊断：未合并（no_target_or_single_plan）。
托盘类型 MH423C（销售订单号：LFEG16310IN02S）处理完成：总托盘 1，指数达标 0，未达标 1，平均缺口 191.00，最大缺口 191.00，失败托盘互借修复成功 0。
  - KPI：near/mid/deep=0/0/1，救回率=0.00%，pair效率=0.00%。
  - 耗时拆解：packing=0.00s，main_topup=0.00s，retry=0.00s，failed_pool=0.00s，repack=0.00s，total=0.00s。
正在处理托盘类型：MH423C，销售订单号：LFEG16310IN01S
  - 该分组不适合列式（多非满柱）→ 回退 beam + 配方优先。
  - 配方优先[fast]：规划 0 实例，实装成功 0，配方路径不可用 → 采用基线方案。
  - 指数诊断：箱子 1 个，总指数 1，目标 192，理论最多达标托盘 0 个，剩余指数 1。
  - 几何诊断：典型整层堆叠单盘参考上限 1/192。 当前目标可能受托盘高度/箱型组合限制。
  - 几何不可达标记：典型整层上限 1 < 目标 192，救援优先压缩托盘数和填充率。
  - 失败托盘互借诊断：未合并（no_target_or_single_plan）。
托盘类型 MH423C（销售订单号：LFEG16310IN01S）处理完成：总托盘 1，指数达标 0，未达标 1，平均缺口 191.00，最大缺口 191.00，失败托盘互借修复成功 0。
  - KPI：near/mid/deep=0/0/1，救回率=0.00%，pair效率=0.00%。
  - 耗时拆解：packing=0.00s，main_topup=0.00s，retry=0.00s，failed_pool=0.00s，repack=0.00s，total=0.00s。
正在处理托盘类型：MH423C，销售订单号：PEG086300LN01S
  - 主算法：全局列式装箱 + 柱级组合优化（GCP）。
  - 失败托盘互借诊断：未合并（no_target_or_single_plan）。
托盘类型 MH423C（销售订单号：PEG086300LN01S）处理完成：总托盘 1，指数达标 0，未达标 1，平均缺口 76.00，最大缺口 76.00，失败托盘互借修复成功 0。
  - KPI：near/mid/deep=0/0/1，救回率=0.00%，pair效率=0.00%。
  - 耗时拆解：packing=0.01s，main_topup=0.00s，retry=0.00s，failed_pool=0.00s，repack=0.00s，total=0.01s。
正在处理托盘类型：MH423C，销售订单号：PAID162808N01S
  - 该分组不适合列式（多非满柱）→ 回退 beam + 配方优先。
  - 配方优先[fast]：规划 0 实例，实装成功 0，配方路径不可用 → 采用基线方案。
  - 指数诊断：箱子 12 个，总指数 20.5，目标 192，理论最多达标托盘 0 个，剩余指数 20.5。
  - 几何诊断：典型整层堆叠单盘参考上限 20.5/192。 当前目标可能受托盘高度/箱型组合限制。
  - 几何不可达标记：典型整层上限 20.5 < 目标 192，救援优先压缩托盘数和填充率。
  - 失败托盘互借诊断：未合并（no_target_or_single_plan）。
托盘类型 MH423C（销售订单号：PAID162808N01S）处理完成：总托盘 1，指数达标 0，未达标 1，平均缺口 171.50，最大缺口 171.50，失败托盘互借修复成功 0。
  - KPI：near/mid/deep=0/0/1，救回率=0.00%，pair效率=0.00%。
  - 耗时拆解：packing=0.03s，main_topup=0.00s，retry=0.00s，failed_pool=0.00s，repack=0.01s，total=0.11s。
正在处理托盘类型：MH423C，销售订单号：PAID16290FN01S
  - 主算法：全局列式装箱 + 柱级组合优化（GCP）。
  - GCP 盘数远超理论（CP-SAT 装不满）→ 回退 baseline beam + 配方优先。
  - 配方优先[fast]：规划 0 实例，实装成功 0，配方路径不可用 → 采用基线方案。
  - 指数诊断：箱子 7 个，总指数 19，目标 192，理论最多达标托盘 0 个，剩余指数 19。
  - 几何诊断：典型整层堆叠单盘参考上限 18/192。 当前目标可能受托盘高度/箱型组合限制。
  - 几何不可达标记：典型整层上限 18 < 目标 192，救援优先压缩托盘数和填充率。
  - 失败托盘互借诊断：未合并（no_target_or_single_plan）。
托盘类型 MH423C（销售订单号：PAID16290FN01S）处理完成：总托盘 1，指数达标 0，未达标 1，平均缺口 173.00，最大缺口 173.00，失败托盘互借修复成功 0。
  - KPI：near/mid/deep=0/0/1，救回率=0.00%，pair效率=0.00%。
  - 耗时拆解：packing=0.01s，main_topup=0.00s，retry=0.00s，failed_pool=0.00s，repack=0.00s，total=0.06s。
正在处理托盘类型：MH423C，销售订单号：PAID16290FN01S__SPLITREST__
  - 该分组不适合列式（多非满柱）→ 回退 beam + 配方优先。
  - 配方优先[fast]：规划 0 实例，实装成功 0，配方路径不可用 → 采用基线方案。
  - 指数诊断：箱子 1 个，总指数 0.5，目标 192，理论最多达标托盘 0 个，剩余指数 0.5。
  - 几何诊断：典型整层堆叠单盘参考上限 0.5/192。 当前目标可能受托盘高度/箱型组合限制。
  - 几何不可达标记：典型整层上限 0.5 < 目标 192，救援优先压缩托盘数和填充率。
  - 失败托盘互借诊断：未合并（no_target_or_single_plan）。
托盘类型 MH423C（销售订单号：PAID16290FN01S__SPLITREST__）处理完成：总托盘 1，指数达标 0，未达标 1，平均缺口 191.50，最大缺口 191.50，失败托盘互借修复成功 0。
  - KPI：near/mid/deep=0/0/1，救回率=0.00%，pair效率=0.00%。
  - 耗时拆解：packing=0.00s，main_topup=0.00s，retry=0.00s，failed_pool=0.00s，repack=0.00s，total=0.00s。
正在处理托盘类型：MH423C，销售订单号：LAID16296DN03S__CASEGROUP__1
  - 主算法：全局列式装箱 + 柱级组合优化（GCP）。
  - 失败托盘互借诊断：未合并（no_target_or_single_plan）。
托盘类型 MH423C（销售订单号：LAID16296DN03S__CASEGROUP__1）处理完成：总托盘 1，指数达标 0，未达标 1，平均缺口 90.00，最大缺口 90.00，失败托盘互借修复成功 0。
  - KPI：near/mid/deep=0/0/1，救回率=0.00%，pair效率=0.00%。
  - 耗时拆解：packing=0.00s，main_topup=0.00s，retry=0.00s，failed_pool=0.00s，repack=0.00s，total=0.00s。
正在处理托盘类型：MH423C，销售订单号：LAID16296DN03S__CASEGROUP__1__SPLITREST__
  - 该分组不适合列式（多非满柱）→ 回退 beam + 配方优先。
  - 配方优先[fast]：规划 0 实例，实装成功 0，配方路径不可用 → 采用基线方案。
  - 指数诊断：箱子 4 个，总指数 2，目标 192，理论最多达标托盘 0 个，剩余指数 2。
  - 几何诊断：典型整层堆叠单盘参考上限 2/192。 当前目标可能受托盘高度/箱型组合限制。
  - 几何不可达标记：典型整层上限 2 < 目标 192，救援优先压缩托盘数和填充率。
  - 失败托盘互借诊断：未合并（no_target_or_single_plan）。
托盘类型 MH423C（销售订单号：LAID16296DN03S__CASEGROUP__1__SPLITREST__）处理完成：总托盘 1，指数达标 0，未达标 1，平均缺口 190.00，最大缺口 190.00，失败托盘互借修复成功 0。
  - KPI：near/mid/deep=0/0/1，救回率=0.00%，pair效率=0.00%。
  - 耗时拆解：packing=0.00s，main_topup=0.00s，retry=0.00s，failed_pool=0.00s，repack=0.00s，total=0.03s。
正在处理托盘类型：MH423C，销售订单号：PAID162808C02S
  - 主算法：全局列式装箱 + 柱级组合优化（GCP）。
  - GCP 盘数远超理论（CP-SAT 装不满）→ 回退 baseline beam + 配方优先。
  - 配方优先[fast]：规划 0 实例，实装成功 0，配方路径不可用 → 采用基线方案。
  - 指数诊断：箱子 6 个，总指数 12，目标 192，理论最多达标托盘 0 个，剩余指数 12。
  - 几何诊断：典型整层堆叠单盘参考上限 12/192。 当前目标可能受托盘高度/箱型组合限制。
  - 几何不可达标记：典型整层上限 12 < 目标 192，救援优先压缩托盘数和填充率。
  - 失败托盘互借诊断：未合并（no_target_or_single_plan）。
托盘类型 MH423C（销售订单号：PAID162808C02S）处理完成：总托盘 1，指数达标 0，未达标 1，平均缺口 180.00，最大缺口 180.00，失败托盘互借修复成功 0。
  - KPI：near/mid/deep=0/0/1，救回率=0.00%，pair效率=0.00%。
  - 耗时拆解：packing=0.01s，main_topup=0.00s，retry=0.00s，failed_pool=0.00s，repack=0.00s，total=0.06s。
正在处理托盘类型：MH423C，销售订单号：LFEG16300IN01S
  - 该分组不适合列式（多非满柱）→ 回退 beam + 配方优先。
  - 配方优先[fast]：规划 0 实例，实装成功 0，配方路径不可用 → 采用基线方案。
  - 指数诊断：箱子 3 个，总指数 10，目标 192，理论最多达标托盘 0 个，剩余指数 10。
  - 几何诊断：典型整层堆叠单盘参考上限 10/192。 当前目标可能受托盘高度/箱型组合限制。
  - 几何不可达标记：典型整层上限 10 < 目标 192，救援优先压缩托盘数和填充率。
  - 失败托盘互借诊断：未合并（no_target_or_single_plan）。
托盘类型 MH423C（销售订单号：LFEG16300IN01S）处理完成：总托盘 1，指数达标 0，未达标 1，平均缺口 182.00，最大缺口 182.00，失败托盘互借修复成功 0。
  - KPI：near/mid/deep=0/0/1，救回率=0.00%，pair效率=0.00%。
  - 耗时拆解：packing=0.00s，main_topup=0.00s，retry=0.00s，failed_pool=0.00s，repack=0.00s，total=0.01s。
正在处理托盘类型：MH423C，销售订单号：LAMY16315FN01S
  - 主算法：全局列式装箱 + 柱级组合优化（GCP）。
  - 失败托盘互借诊断：未合并（no_target_or_single_plan）。
托盘类型 MH423C（销售订单号：LAMY16315FN01S）处理完成：总托盘 1，指数达标 0，未达标 1，平均缺口 120.00，最大缺口 120.00，失败托盘互借修复成功 0。
  - KPI：near/mid/deep=0/0/1，救回率=0.00%，pair效率=0.00%。
  - 耗时拆解：packing=0.00s，main_topup=0.00s，retry=0.00s，failed_pool=0.00s，repack=0.00s，total=0.00s。
正在处理托盘类型：MH423C，销售订单号：LAMY16315FN01S__SPLITREST__
  - 该分组不适合列式（多非满柱）→ 回退 beam + 配方优先。
  - 配方优先[fast]：规划 0 实例，实装成功 0，配方路径不可用 → 采用基线方案。
  - 指数诊断：箱子 2 个，总指数 4，目标 192，理论最多达标托盘 0 个，剩余指数 4。
  - 几何诊断：典型整层堆叠单盘参考上限 4/192。 当前目标可能受托盘高度/箱型组合限制。
  - 几何不可达标记：典型整层上限 4 < 目标 192，救援优先压缩托盘数和填充率。
  - 失败托盘互借诊断：未合并（no_target_or_single_plan）。
托盘类型 MH423C（销售订单号：LAMY16315FN01S__SPLITREST__）处理完成：总托盘 1，指数达标 0，未达标 1，平均缺口 188.00，最大缺口 188.00，失败托盘互借修复成功 0。
  - KPI：near/mid/deep=0/0/1，救回率=0.00%，pair效率=0.00%。
  - 耗时拆解：packing=0.00s，main_topup=0.00s，retry=0.00s，failed_pool=0.00s，repack=0.00s，total=0.00s。
正在处理托盘类型：MH423C，销售订单号：LAID16305BN02S
  - 主算法：全局列式装箱 + 柱级组合优化（GCP）。
  - 失败托盘互借诊断：未合并（no_target_or_single_plan）。
托盘类型 MH423C（销售订单号：LAID16305BN02S）处理完成：总托盘 1，指数达标 0，未达标 1，平均缺口 88.00，最大缺口 88.00，失败托盘互借修复成功 0。
  - KPI：near/mid/deep=0/0/1，救回率=0.00%，pair效率=0.00%。
  - 耗时拆解：packing=0.58s，main_topup=0.00s，retry=0.00s，failed_pool=0.00s，repack=0.00s，total=0.58s。
正在处理托盘类型：MH423C，销售订单号：LFEG16300IN03S
  - 该分组不适合列式（多非满柱）→ 回退 beam + 配方优先。
  - 配方优先[fast]：规划 0 实例，实装成功 0，配方路径不可用 → 采用基线方案。
  - 指数诊断：箱子 1 个，总指数 2，目标 192，理论最多达标托盘 0 个，剩余指数 2。
  - 几何诊断：典型整层堆叠单盘参考上限 2/192。 当前目标可能受托盘高度/箱型组合限制。
  - 几何不可达标记：典型整层上限 2 < 目标 192，救援优先压缩托盘数和填充率。
  - 失败托盘互借诊断：未合并（no_target_or_single_plan）。
托盘类型 MH423C（销售订单号：LFEG16300IN03S）处理完成：总托盘 1，指数达标 0，未达标 1，平均缺口 190.00，最大缺口 190.00，失败托盘互借修复成功 0。
  - KPI：near/mid/deep=0/0/1，救回率=0.00%，pair效率=0.00%。
  - 耗时拆解：packing=0.00s，main_topup=0.00s，retry=0.00s，failed_pool=0.00s，repack=0.00s，total=0.00s。
正在处理托盘类型：MH423C，销售订单号：LAID16305BN01S
  - 主算法：全局列式装箱 + 柱级组合优化（GCP）。
  - 失败托盘互借诊断：未合并（no_target_or_single_plan）。
托盘类型 MH423C（销售订单号：LAID16305BN01S）处理完成：总托盘 1，指数达标 0，未达标 1，平均缺口 164.00，最大缺口 164.00，失败托盘互借修复成功 0。
  - KPI：near/mid/deep=0/0/1，救回率=0.00%，pair效率=0.00%。
  - 耗时拆解：packing=0.07s，main_topup=0.00s，retry=0.00s，failed_pool=0.00s，repack=0.00s，total=0.07s。
正在处理托盘类型：MH423C，销售订单号：LAID16305BN01S__SPLITREST__
  - 该分组不适合列式（多非满柱）→ 回退 beam + 配方优先。
  - 配方优先[fast]：规划 0 实例，实装成功 0，配方路径不可用 → 采用基线方案。
  - 指数诊断：箱子 3 个，总指数 6，目标 192，理论最多达标托盘 0 个，剩余指数 6。
  - 几何诊断：典型整层堆叠单盘参考上限 6/192。 当前目标可能受托盘高度/箱型组合限制。
  - 几何不可达标记：典型整层上限 6 < 目标 192，救援优先压缩托盘数和填充率。
  - 失败托盘互借诊断：未合并（no_target_or_single_plan）。
托盘类型 MH423C（销售订单号：LAID16305BN01S__SPLITREST__）处理完成：总托盘 1，指数达标 0，未达标 1，平均缺口 186.00，最大缺口 186.00，失败托盘互借修复成功 0。
  - KPI：near/mid/deep=0/0/1，救回率=0.00%，pair效率=0.00%。
  - 耗时拆解：packing=0.00s，main_topup=0.00s，retry=0.00s，failed_pool=0.00s，repack=0.00s，total=0.01s。
正在处理托盘类型：MH423C，销售订单号：LAID16305EN01S
  - 该分组不适合列式（多非满柱）→ 回退 beam + 配方优先。
  - 配方优先[fast]：规划 0 实例，实装成功 0，配方路径不可用 → 采用基线方案。
  - 指数诊断：箱子 29 个，总指数 132.5，目标 192，理论最多达标托盘 0 个，剩余指数 132.5。
  - 几何诊断：典型整层堆叠单盘参考上限 78/192。 当前目标可能受托盘高度/箱型组合限制。
  - 几何不可达标记：典型整层上限 78 < 目标 192，救援优先压缩托盘数和填充率。
  - 失败托盘互借诊断：未合并（aborted_no_improvement_possible）。
托盘类型 MH423C（销售订单号：LAID16305EN01S）处理完成：总托盘 2，指数达标 0，未达标 2，平均缺口 125.75，最大缺口 183.50，失败托盘互借修复成功 0。
  - KPI：near/mid/deep=0/0/2，救回率=0.00%，pair效率=0.00%。
  - 耗时拆解：packing=0.13s，main_topup=0.00s，retry=0.00s，failed_pool=0.00s，repack=0.27s，total=0.72s。
正在处理托盘类型：MH423C，销售订单号：PAIN26290GC02S
  - 主算法：全局列式装箱 + 柱级组合优化（GCP）。
  - GCP 盘数远超理论（CP-SAT 装不满）→ 回退 baseline beam + 配方优先。
  - 配方优先[fast]：规划 0 实例，实装成功 0，配方路径不可用 → 采用基线方案。
  - 指数诊断：箱子 41 个，总指数 178，目标 192，理论最多达标托盘 0 个，剩余指数 178。
  - 几何诊断：典型整层堆叠单盘参考上限 136/192。 当前目标可能受托盘高度/箱型组合限制。
  - 几何不可达标记：典型整层上限 136 < 目标 192，救援优先压缩托盘数和填充率。
  - 失败托盘互借诊断：未合并（not_better）。
托盘类型 MH423C（销售订单号：PAIN26290GC02S）处理完成：总托盘 2，指数达标 0，未达标 2，平均缺口 103.00，最大缺口 122.00，失败托盘互借修复成功 0。
  - KPI：near/mid/deep=0/0/2，救回率=0.00%，pair效率=0.00%。
  - 耗时拆解：packing=0.05s，main_topup=0.00s，retry=0.00s，failed_pool=0.00s，repack=0.29s，total=0.61s。
正在处理托盘类型：MH423C，销售订单号：PAID16280FC02S
  - 主算法：全局列式装箱 + 柱级组合优化（GCP）。
  - GCP 盘数远超理论（CP-SAT 装不满）→ 回退 baseline beam + 配方优先。
  - 配方优先[fast]：规划 0 实例，实装成功 0，配方路径不可用 → 采用基线方案。
  - 指数诊断：箱子 4 个，总指数 16，目标 192，理论最多达标托盘 0 个，剩余指数 16。
  - 几何诊断：典型整层堆叠单盘参考上限 16/192。 当前目标可能受托盘高度/箱型组合限制。
  - 几何不可达标记：典型整层上限 16 < 目标 192，救援优先压缩托盘数和填充率。
  - 失败托盘互借诊断：未合并（no_target_or_single_plan）。
托盘类型 MH423C（销售订单号：PAID16280FC02S）处理完成：总托盘 1，指数达标 0，未达标 1，平均缺口 176.00，最大缺口 176.00，失败托盘互借修复成功 0。
  - KPI：near/mid/deep=0/0/1，救回率=0.00%，pair效率=0.00%。
  - 耗时拆解：packing=0.00s，main_topup=0.00s，retry=0.00s，failed_pool=0.00s，repack=0.00s，total=0.03s。
正在处理托盘类型：MH423C，销售订单号：PAIN26296EC02S
  - 主算法：全局列式装箱 + 柱级组合优化（GCP）。
  - 失败托盘互借诊断：未合并（aborted_no_improvement_possible）。
托盘类型 MH423C（销售订单号：PAIN26296EC02S）处理完成：总托盘 2，指数达标 0，未达标 2，平均缺口 84.00，最大缺口 162.00，失败托盘互借修复成功 0。
  - KPI：near/mid/deep=1/0/1，救回率=0.00%，pair效率=0.00%。
  - 耗时拆解：packing=0.05s，main_topup=0.00s，retry=0.00s，failed_pool=0.00s，repack=5.82s，total=5.88s。
正在处理托盘类型：MH423C，销售订单号：PAID16290FC02S
  - 该分组不适合列式（多非满柱）→ 回退 beam + 配方优先。
  - 配方优先[fast]：规划 0 实例，实装成功 0，配方路径不可用 → 采用基线方案。
  - 指数诊断：箱子 6 个，总指数 14，目标 192，理论最多达标托盘 0 个，剩余指数 14。
  - 几何诊断：典型整层堆叠单盘参考上限 14/192。 当前目标可能受托盘高度/箱型组合限制。
  - 几何不可达标记：典型整层上限 14 < 目标 192，救援优先压缩托盘数和填充率。
  - 失败托盘互借诊断：未合并（no_target_or_single_plan）。
托盘类型 MH423C（销售订单号：PAID16290FC02S）处理完成：总托盘 1，指数达标 0，未达标 1，平均缺口 178.00，最大缺口 178.00，失败托盘互借修复成功 0。
  - KPI：near/mid/deep=0/0/1，救回率=0.00%，pair效率=0.00%。
  - 耗时拆解：packing=0.01s，main_topup=0.00s，retry=0.00s，failed_pool=0.00s，repack=0.00s，total=0.07s。
正在处理托盘类型：MH423C，销售订单号：LAID16295EN01S__CASEGROUP__1
  - 主算法：全局列式装箱 + 柱级组合优化（GCP）。
  - 失败托盘互借诊断：未合并（no_target_or_single_plan）。
托盘类型 MH423C（销售订单号：LAID16295EN01S__CASEGROUP__1）处理完成：总托盘 1，指数达标 0，未达标 1，平均缺口 52.00，最大缺口 52.00，失败托盘互借修复成功 0。
  - KPI：near/mid/deep=0/0/1，救回率=0.00%，pair效率=0.00%。
  - 耗时拆解：packing=2.15s，main_topup=0.00s，retry=0.00s，failed_pool=0.00s，repack=0.00s，total=2.15s。
正在处理托盘类型：MH423C，销售订单号：LAID16295EN01S__CASEGROUP__1__SPLITREST__
  - 该分组不适合列式（多非满柱）→ 回退 beam + 配方优先。
  - 配方优先[fast]：规划 0 实例，实装成功 0，配方路径不可用 → 采用基线方案。
  - 指数诊断：箱子 5 个，总指数 16，目标 192，理论最多达标托盘 0 个，剩余指数 16。
  - 几何诊断：典型整层堆叠单盘参考上限 16/192。 当前目标可能受托盘高度/箱型组合限制。
  - 几何不可达标记：典型整层上限 16 < 目标 192，救援优先压缩托盘数和填充率。
  - 失败托盘互借诊断：未合并（no_target_or_single_plan）。
托盘类型 MH423C（销售订单号：LAID16295EN01S__CASEGROUP__1__SPLITREST__）处理完成：总托盘 1，指数达标 0，未达标 1，平均缺口 176.00，最大缺口 176.00，失败托盘互借修复成功 0。
  - KPI：near/mid/deep=0/0/1，救回率=0.00%，pair效率=0.00%。
  - 耗时拆解：packing=0.01s，main_topup=0.00s，retry=0.00s，failed_pool=0.00s，repack=0.00s，total=0.01s。
正在处理托盘类型：MH423C，销售订单号：PEG146296CN01S
  - 主算法：全局列式装箱 + 柱级组合优化（GCP）。
  - 失败托盘互借诊断：未合并（no_target_or_single_plan）。
托盘类型 MH423C（销售订单号：PEG146296CN01S）处理完成：总托盘 1，指数达标 0，未达标 1，平均缺口 68.00，最大缺口 68.00，失败托盘互借修复成功 0。
  - KPI：near/mid/deep=0/0/1，救回率=0.00%，pair效率=0.00%。
  - 耗时拆解：packing=0.00s，main_topup=0.00s，retry=0.00s，failed_pool=0.00s，repack=0.00s，total=0.00s。
正在处理托盘类型：MH423C，销售订单号：LAID16284AN02S
  - 主算法：全局列式装箱 + 柱级组合优化（GCP）。
  - GCP 盘数远超理论（CP-SAT 装不满）→ 回退 baseline beam + 配方优先。
  - 配方优先[fast]：规划 0 实例，实装成功 0，配方路径不可用 → 采用基线方案。
  - 指数诊断：箱子 7 个，总指数 22，目标 192，理论最多达标托盘 0 个，剩余指数 22。
  - 几何诊断：典型整层堆叠单盘参考上限 22/192。 当前目标可能受托盘高度/箱型组合限制。
  - 几何不可达标记：典型整层上限 22 < 目标 192，救援优先压缩托盘数和填充率。
  - 失败托盘互借诊断：未合并（no_target_or_single_plan）。
托盘类型 MH423C（销售订单号：LAID16284AN02S）处理完成：总托盘 1，指数达标 0，未达标 1，平均缺口 170.00，最大缺口 170.00，失败托盘互借修复成功 0。
  - KPI：near/mid/deep=0/0/1，救回率=0.00%，pair效率=0.00%。
  - 耗时拆解：packing=0.01s，main_topup=0.00s，retry=0.00s，failed_pool=0.00s，repack=0.00s，total=0.05s。
正在处理托盘类型：MH423C，销售订单号：PAIN26290MN09S
  - 主算法：全局列式装箱 + 柱级组合优化（GCP）。
  - 失败托盘互借诊断：未合并（no_target_or_single_plan）。
托盘类型 MH423C（销售订单号：PAIN26290MN09S）处理完成：总托盘 1，指数达标 0，未达标 1，平均缺口 84.00，最大缺口 84.00，失败托盘互借修复成功 0。
  - KPI：near/mid/deep=0/0/1，救回率=0.00%，pair效率=0.00%。
  - 耗时拆解：packing=0.04s，main_topup=0.00s，retry=0.00s，failed_pool=0.00s，repack=0.00s，total=0.04s。
正在处理托盘类型：MH423C，销售订单号：LAID16294AN01S
  - 该分组不适合列式（多非满柱）→ 回退 beam + 配方优先。
  - 配方优先[fast]：规划 0 实例，实装成功 0，配方路径不可用 → 采用基线方案。
  - 指数诊断：箱子 9 个，总指数 23，目标 192，理论最多达标托盘 0 个，剩余指数 23。
  - 几何诊断：典型整层堆叠单盘参考上限 20/192。 当前目标可能受托盘高度/箱型组合限制。
  - 几何不可达标记：典型整层上限 20 < 目标 192，救援优先压缩托盘数和填充率。
  - 失败托盘互借诊断：未合并（no_target_or_single_plan）。
托盘类型 MH423C（销售订单号：LAID16294AN01S）处理完成：总托盘 1，指数达标 0，未达标 1，平均缺口 169.00，最大缺口 169.00，失败托盘互借修复成功 0。
  - KPI：near/mid/deep=0/0/1，救回率=0.00%，pair效率=0.00%。
  - 耗时拆解：packing=0.04s，main_topup=0.00s，retry=0.00s，failed_pool=0.00s，repack=0.00s，total=0.04s。
正在处理托盘类型：MH423C，销售订单号：LAMY16305FN01S
  - 主算法：全局列式装箱 + 柱级组合优化（GCP）。
  - 失败托盘互借诊断：未合并（no_target_or_single_plan）。
托盘类型 MH423C（销售订单号：LAMY16305FN01S）处理完成：总托盘 1，指数达标 0，未达标 1，平均缺口 170.00，最大缺口 170.00，失败托盘互借修复成功 0。
  - KPI：near/mid/deep=0/0/1，救回率=0.00%，pair效率=0.00%。
  - 耗时拆解：packing=0.02s，main_topup=0.00s，retry=0.00s，failed_pool=0.00s，repack=0.00s，total=0.02s。
正在处理托盘类型：MH423C，销售订单号：PAID16295BN01S
  - 主算法：全局列式装箱 + 柱级组合优化（GCP）。
  - 失败托盘互借诊断：未合并（no_target_or_single_plan）。
托盘类型 MH423C（销售订单号：PAID16295BN01S）处理完成：总托盘 1，指数达标 0，未达标 1，平均缺口 124.00，最大缺口 124.00，失败托盘互借修复成功 0。
  - KPI：near/mid/deep=0/0/1，救回率=0.00%，pair效率=0.00%。
  - 耗时拆解：packing=0.01s，main_topup=0.00s，retry=0.00s，failed_pool=0.00s，repack=0.00s，total=0.01s。
正在处理托盘类型：MH423C，销售订单号：PAID16296DN01S
  - 主算法：全局列式装箱 + 柱级组合优化（GCP）。
  - GCP 盘数远超理论（CP-SAT 装不满）→ 回退 baseline beam + 配方优先。
  - 配方优先[fast]：规划 0 实例，实装成功 0，配方路径不可用 → 采用基线方案。
  - 指数诊断：箱子 10 个，总指数 20，目标 192，理论最多达标托盘 0 个，剩余指数 20。
  - 几何诊断：典型整层堆叠单盘参考上限 20/192。 当前目标可能受托盘高度/箱型组合限制。
  - 几何不可达标记：典型整层上限 20 < 目标 192，救援优先压缩托盘数和填充率。
  - 失败托盘互借诊断：未合并（no_target_or_single_plan）。
托盘类型 MH423C（销售订单号：PAID16296DN01S）处理完成：总托盘 1，指数达标 0，未达标 1，平均缺口 172.00，最大缺口 172.00，失败托盘互借修复成功 0。
  - KPI：near/mid/deep=0/0/1，救回率=0.00%，pair效率=0.00%。
  - 耗时拆解：packing=0.02s，main_topup=0.00s，retry=0.00s，failed_pool=0.00s，repack=0.00s，total=0.10s。
正在处理托盘类型：MH423C，销售订单号：PAID16295EL05S
  - 该分组不适合列式（多非满柱）→ 回退 beam + 配方优先。
  - 配方优先[fast]：规划 0 实例，实装成功 0，配方路径不可用 → 采用基线方案。
  - 指数诊断：箱子 1 个，总指数 2，目标 192，理论最多达标托盘 0 个，剩余指数 2。
  - 几何诊断：典型整层堆叠单盘参考上限 2/192。 当前目标可能受托盘高度/箱型组合限制。
  - 几何不可达标记：典型整层上限 2 < 目标 192，救援优先压缩托盘数和填充率。
  - 失败托盘互借诊断：未合并（no_target_or_single_plan）。
托盘类型 MH423C（销售订单号：PAID16295EL05S）处理完成：总托盘 1，指数达标 0，未达标 1，平均缺口 190.00，最大缺口 190.00，失败托盘互借修复成功 0。
  - KPI：near/mid/deep=0/0/1，救回率=0.00%，pair效率=0.00%。
  - 耗时拆解：packing=0.00s，main_topup=0.00s，retry=0.00s，failed_pool=0.00s，repack=0.00s，total=0.00s。
正在处理托盘类型：MH423C，销售订单号：PAID16290FL03S
  - 该分组不适合列式（多非满柱）→ 回退 beam + 配方优先。
  - 配方优先[fast]：规划 0 实例，实装成功 0，配方路径不可用 → 采用基线方案。
  - 指数诊断：箱子 3 个，总指数 6，目标 192，理论最多达标托盘 0 个，剩余指数 6。
  - 几何诊断：典型整层堆叠单盘参考上限 6/192。 当前目标可能受托盘高度/箱型组合限制。
  - 几何不可达标记：典型整层上限 6 < 目标 192，救援优先压缩托盘数和填充率。
  - 失败托盘互借诊断：未合并（no_target_or_single_plan）。
托盘类型 MH423C（销售订单号：PAID16290FL03S）处理完成：总托盘 1，指数达标 0，未达标 1，平均缺口 186.00，最大缺口 186.00，失败托盘互借修复成功 0。
  - KPI：near/mid/deep=0/0/1，救回率=0.00%，pair效率=0.00%。
  - 耗时拆解：packing=0.00s，main_topup=0.00s，retry=0.00s，failed_pool=0.00s，repack=0.00s，total=0.01s。
正在处理托盘类型：MH423C，销售订单号：PAIN26290MN02S
  - 该分组不适合列式（多非满柱）→ 回退 beam + 配方优先。
  - 配方优先[fast]：规划 0 实例，实装成功 0，配方路径不可用 → 采用基线方案。
  - 指数诊断：箱子 56 个，总指数 88，目标 192，理论最多达标托盘 0 个，剩余指数 88。
  - 几何诊断：典型整层堆叠单盘参考上限 85/192。 当前目标可能受托盘高度/箱型组合限制。
  - 几何不可达标记：典型整层上限 85 < 目标 192，救援优先压缩托盘数和填充率。
  - 失败托盘互借诊断：未合并（no_target_or_single_plan）。
托盘类型 MH423C（销售订单号：PAIN26290MN02S）处理完成：总托盘 1，指数达标 0，未达标 1，平均缺口 104.00，最大缺口 104.00，失败托盘互借修复成功 0。
  - KPI：near/mid/deep=0/0/1，救回率=0.00%，pair效率=0.00%。
  - 耗时拆解：packing=1.80s，main_topup=0.00s，retry=0.00s，failed_pool=0.00s，repack=0.00s，total=1.80s。
正在处理托盘类型：MH423C，销售订单号：PAIN26296EN01S
  - 主算法：全局列式装箱 + 柱级组合优化（GCP）。
  - 失败托盘互借诊断：未合并（no_target_or_single_plan）。
托盘类型 MH423C（销售订单号：PAIN26296EN01S）处理完成：总托盘 1，指数达标 0，未达标 1，平均缺口 58.00，最大缺口 58.00，失败托盘互借修复成功 0。
  - KPI：near/mid/deep=0/0/1，救回率=0.00%，pair效率=0.00%。
  - 耗时拆解：packing=0.01s，main_topup=0.00s，retry=0.00s，failed_pool=0.00s，repack=0.00s，total=0.01s。
正在处理托盘类型：MH423C，销售订单号：PAIN26290MN10S
  - 主算法：全局列式装箱 + 柱级组合优化（GCP）。
  - 失败托盘互借诊断：未合并（no_target_or_single_plan）。
托盘类型 MH423C（销售订单号：PAIN26290MN10S）处理完成：总托盘 1，指数达标 0，未达标 1，平均缺口 124.00，最大缺口 124.00，失败托盘互借修复成功 0。
  - KPI：near/mid/deep=0/0/1，救回率=0.00%，pair效率=0.00%。
  - 耗时拆解：packing=0.00s，main_topup=0.00s，retry=0.00s，failed_pool=0.00s，repack=0.00s，total=0.00s。
正在处理托盘类型：MH423C，销售订单号：PAIN26290MZ07S
  - 该分组不适合列式（多非满柱）→ 回退 beam + 配方优先。
  - 配方优先[fast]：规划 0 实例，实装成功 0，配方路径不可用 → 采用基线方案。
  - 指数诊断：箱子 72 个，总指数 210，目标 192，理论最多达标托盘 1 个，剩余指数 18。
  - 几何诊断：典型整层堆叠单盘参考上限 124/192。 当前目标可能受托盘高度/箱型组合限制。
  - 几何不可达标记：典型整层上限 124 < 目标 192，救援优先压缩托盘数和填充率。
  - 失败托盘互借诊断：未合并（aborted_no_improvement_possible）。
托盘类型 MH423C（销售订单号：PAIN26290MZ07S）处理完成：总托盘 2，指数达标 0，未达标 2，平均缺口 87.00，最大缺口 106.00，失败托盘互借修复成功 0。
  - KPI：near/mid/deep=0/0/2，救回率=0.00%，pair效率=0.00%。
  - 耗时拆解：packing=1.49s，main_topup=0.01s，retry=0.00s，failed_pool=0.00s，repack=2.52s，total=4.02s。
正在处理托盘类型：MH423C，销售订单号：PEG106290LN01S
  - 主算法：全局列式装箱 + 柱级组合优化（GCP）。
  - 失败托盘互借诊断：未合并（no_target_or_single_plan）。
托盘类型 MH423C（销售订单号：PEG106290LN01S）处理完成：总托盘 1，指数达标 0，未达标 1，平均缺口 76.00，最大缺口 76.00，失败托盘互借修复成功 0。
  - KPI：near/mid/deep=0/0/1，救回率=0.00%，pair效率=0.00%。
  - 耗时拆解：packing=0.00s，main_topup=0.00s，retry=0.00s，failed_pool=0.00s，repack=0.00s，total=0.00s。
正在处理托盘类型：MH423C，销售订单号：LAID16306DN02S
  - 主算法：全局列式装箱 + 柱级组合优化（GCP）。
  - 失败托盘互借诊断：未合并（no_target_or_single_plan）。
托盘类型 MH423C（销售订单号：LAID16306DN02S）处理完成：总托盘 1，指数达标 0，未达标 1，平均缺口 116.00，最大缺口 116.00，失败托盘互借修复成功 0。
  - KPI：near/mid/deep=0/0/1，救回率=0.00%，pair效率=0.00%。
  - 耗时拆解：packing=0.00s，main_topup=0.00s，retry=0.00s，failed_pool=0.00s，repack=0.00s，total=0.00s。
正在处理托盘类型：MH423C，销售订单号：LAID16306DN02S__SPLITREST__
  - 该分组不适合列式（多非满柱）→ 回退 beam + 配方优先。
  - 配方优先[fast]：规划 0 实例，实装成功 0，配方路径不可用 → 采用基线方案。
  - 指数诊断：箱子 2 个，总指数 4，目标 192，理论最多达标托盘 0 个，剩余指数 4。
  - 几何诊断：典型整层堆叠单盘参考上限 4/192。 当前目标可能受托盘高度/箱型组合限制。
  - 几何不可达标记：典型整层上限 4 < 目标 192，救援优先压缩托盘数和填充率。
  - 失败托盘互借诊断：未合并（no_target_or_single_plan）。
托盘类型 MH423C（销售订单号：LAID16306DN02S__SPLITREST__）处理完成：总托盘 1，指数达标 0，未达标 1，平均缺口 188.00，最大缺口 188.00，失败托盘互借修复成功 0。
  - KPI：near/mid/deep=0/0/1，救回率=0.00%，pair效率=0.00%。
  - 耗时拆解：packing=0.00s，main_topup=0.00s，retry=0.00s，failed_pool=0.00s，repack=0.00s，total=0.01s。
正在处理托盘类型：MH423C，销售订单号：PAIN26280MZ06S
  - 主算法：全局列式装箱 + 柱级组合优化（GCP）。
  - 失败托盘互借诊断：未合并（no_target_or_single_plan）。
托盘类型 MH423C（销售订单号：PAIN26280MZ06S）处理完成：总托盘 1，指数达标 0，未达标 1，平均缺口 18.00，最大缺口 18.00，失败托盘互借修复成功 0。
  - KPI：near/mid/deep=0/1/0，救回率=0.00%，pair效率=0.00%。
  - 耗时拆解：packing=1.80s，main_topup=0.00s，retry=0.00s，failed_pool=0.00s，repack=0.00s，total=1.80s。
正在处理托盘类型：MH423C，销售订单号：PAIN26280BN01S
  - 主算法：全局列式装箱 + 柱级组合优化（GCP）。
  - 失败托盘互借诊断：未合并（no_target_or_single_plan）。
托盘类型 MH423C（销售订单号：PAIN26280BN01S）处理完成：总托盘 1，指数达标 0，未达标 1，平均缺口 148.00，最大缺口 148.00，失败托盘互借修复成功 0。
  - KPI：near/mid/deep=0/0/1，救回率=0.00%，pair效率=0.00%。
  - 耗时拆解：packing=0.07s，main_topup=0.00s，retry=0.00s，failed_pool=0.00s，repack=0.00s，total=0.07s。
正在处理托盘类型：MH423C，销售订单号：PAID16300FN01S
  - 该分组不适合列式（多非满柱）→ 回退 beam + 配方优先。
  - 配方优先[fast]：规划 0 实例，实装成功 0，配方路径不可用 → 采用基线方案。
  - 指数诊断：箱子 1 个，总指数 4，目标 192，理论最多达标托盘 0 个，剩余指数 4。
  - 几何诊断：典型整层堆叠单盘参考上限 4/192。 当前目标可能受托盘高度/箱型组合限制。
  - 几何不可达标记：典型整层上限 4 < 目标 192，救援优先压缩托盘数和填充率。
  - 失败托盘互借诊断：未合并（no_target_or_single_plan）。
托盘类型 MH423C（销售订单号：PAID16300FN01S）处理完成：总托盘 1，指数达标 0，未达标 1，平均缺口 188.00，最大缺口 188.00，失败托盘互借修复成功 0。
  - KPI：near/mid/deep=0/0/1，救回率=0.00%，pair效率=0.00%。
  - 耗时拆解：packing=0.00s，main_topup=0.00s，retry=0.00s，failed_pool=0.00s，repack=0.00s，total=0.00s。
正在处理托盘类型：MH423C，销售订单号：LAID16306DN03S
  - 主算法：全局列式装箱 + 柱级组合优化（GCP）。
  - 失败托盘互借诊断：未合并（no_target_or_single_plan）。
托盘类型 MH423C（销售订单号：LAID16306DN03S）处理完成：总托盘 1，指数达标 0，未达标 1，平均缺口 132.00，最大缺口 132.00，失败托盘互借修复成功 0。
  - KPI：near/mid/deep=0/0/1，救回率=0.00%，pair效率=0.00%。
  - 耗时拆解：packing=0.03s，main_topup=0.00s，retry=0.00s，failed_pool=0.00s，repack=0.00s，total=0.03s。
正在处理托盘类型：MH423C，销售订单号：LAID16306DN03S__SPLITREST__
  - 该分组不适合列式（多非满柱）→ 回退 beam + 配方优先。
  - 配方优先[fast]：规划 0 实例，实装成功 0，配方路径不可用 → 采用基线方案。
  - 指数诊断：箱子 2 个，总指数 4，目标 192，理论最多达标托盘 0 个，剩余指数 4。
  - 几何诊断：典型整层堆叠单盘参考上限 4/192。 当前目标可能受托盘高度/箱型组合限制。
  - 几何不可达标记：典型整层上限 4 < 目标 192，救援优先压缩托盘数和填充率。
  - 失败托盘互借诊断：未合并（no_target_or_single_plan）。
托盘类型 MH423C（销售订单号：LAID16306DN03S__SPLITREST__）处理完成：总托盘 1，指数达标 0，未达标 1，平均缺口 188.00，最大缺口 188.00，失败托盘互借修复成功 0。
  - KPI：near/mid/deep=0/0/1，救回率=0.00%，pair效率=0.00%。
  - 耗时拆解：packing=0.00s，main_topup=0.00s，retry=0.00s，failed_pool=0.00s，repack=0.00s，total=0.01s。
正在处理托盘类型：MH423C，销售订单号：PAID16306DN01S
  - 主算法：全局列式装箱 + 柱级组合优化（GCP）。
  - 失败托盘互借诊断：未合并（no_target_or_single_plan）。
托盘类型 MH423C（销售订单号：PAID16306DN01S）处理完成：总托盘 1，指数达标 0，未达标 1，平均缺口 156.00，最大缺口 156.00，失败托盘互借修复成功 0。
  - KPI：near/mid/deep=0/0/1，救回率=0.00%，pair效率=0.00%。
  - 耗时拆解：packing=0.11s，main_topup=0.00s，retry=0.00s，failed_pool=0.00s，repack=0.00s，total=0.11s。
正在处理托盘类型：MH423C，销售订单号：PAID16295BD02S
  - 主算法：全局列式装箱 + 柱级组合优化（GCP）。
  - 失败托盘互借诊断：未合并（no_target_or_single_plan）。
托盘类型 MH423C（销售订单号：PAID16295BD02S）处理完成：总托盘 1，指数达标 0，未达标 1，平均缺口 156.00，最大缺口 156.00，失败托盘互借修复成功 0。
  - KPI：near/mid/deep=0/0/1，救回率=0.00%，pair效率=0.00%。
  - 耗时拆解：packing=0.05s，main_topup=0.00s，retry=0.00s，failed_pool=0.00s，repack=0.00s，total=0.05s。
正在处理托盘类型：MH423C，销售订单号：PAID16305BN01S
  - 该分组不适合列式（多非满柱）→ 回退 beam + 配方优先。
  - 配方优先[fast]：规划 0 实例，实装成功 0，配方路径不可用 → 采用基线方案。
  - 指数诊断：箱子 2 个，总指数 4，目标 192，理论最多达标托盘 0 个，剩余指数 4。
  - 几何诊断：典型整层堆叠单盘参考上限 4/192。 当前目标可能受托盘高度/箱型组合限制。
  - 几何不可达标记：典型整层上限 4 < 目标 192，救援优先压缩托盘数和填充率。
  - 失败托盘互借诊断：未合并（no_target_or_single_plan）。
托盘类型 MH423C（销售订单号：PAID16305BN01S）处理完成：总托盘 1，指数达标 0，未达标 1，平均缺口 188.00，最大缺口 188.00，失败托盘互借修复成功 0。
  - KPI：near/mid/deep=0/0/1，救回率=0.00%，pair效率=0.00%。
  - 耗时拆解：packing=0.00s，main_topup=0.00s，retry=0.00s，failed_pool=0.00s，repack=0.00s，total=0.01s。
  - 失败盘装满压实：合并/吸收 1 次（纯减盘数）。
  - 跨子组装满压实（MH423C / LAID16306DN01S）：合并 1 次（纯减盘数）。
  - 失败盘装满压实：合并/吸收 1 次（纯减盘数）。
  - 跨子组装满压实（MH423C / LAID16296DN01S）：合并 1 次（纯减盘数）。
  - 失败盘装满压实：合并/吸收 2 次（纯减盘数）。
  - 跨子组装满压实（MH423C / LAID16285EN01S__CASEGROUP__1）：合并 2 次（纯减盘数）。
  - 失败盘装满压实：合并/吸收 1 次（纯减盘数）。
  - 跨子组装满压实（MH423C / PAIN26286EN01S）：合并 1 次（纯减盘数）。
  - 失败盘装满压实：合并/吸收 1 次（纯减盘数）。
  - 跨子组装满压实（MH423C / LFEG16290IN03S）：合并 1 次（纯减盘数）。
  - 失败盘装满压实：合并/吸收 1 次（纯减盘数）。
  - 跨子组装满压实（MH423C / LAID16295EN02S）：合并 1 次（纯减盘数）。
  - 失败盘装满压实：合并/吸收 1 次（纯减盘数）。
  - 跨子组装满压实（MH423C / LAMY16315FN01S）：合并 1 次（纯减盘数）。
  - 失败盘装满压实：合并/吸收 1 次（纯减盘数）。
  - 跨子组装满压实（MH423C / LAID16305BN01S）：合并 1 次（纯减盘数）。
  - 失败盘装满压实：合并/吸收 1 次（纯减盘数）。
  - 跨子组装满压实（MH423C / LAID16295EN01S__CASEGROUP__1）：合并 1 次（纯减盘数）。
  - 失败盘装满压实：合并/吸收 1 次（纯减盘数）。
  - 跨子组装满压实（MH423C / LAID16306DN02S）：合并 1 次（纯减盘数）。
  - 失败盘装满压实：合并/吸收 1 次（纯减盘数）。
  - 跨子组装满压实（MH423C / LAID16306DN03S）：合并 1 次（纯减盘数）。
========================================
统计汇总：总托盘 89，指数达标 0，未达标 89，未知 0，平均缺口 134.72，最大缺口 191.50，失败托盘互借修复成功 0
KPI汇总：near/mid/deep=2/3/84，pair尝试=0，pair改进=0，pair效率=0.00%
耗时汇总：packing=24.48s，main_topup=0.08s，retry=0.00s，repack=27.17s，end_to_end=79.90s
========================================
[WCS-装] SUCCESS 产品码 0 个，DB 更新达标 0 行；FAILED 盘 89 个保持未达标。
[WCS-装] 本轮结束；等待下一次「新插入」再开算。
[WCS-装] 装箱报告已保存：E:\Homework\AA装箱\A装箱和可视化\zhuang\packing-workspace\output\packing_plan_20260720_170117.json
[WCS-装] 接口 2 发送体已保存：E:\Homework\AA装箱\A装箱和可视化\zhuang\packing-workspace\output\wcs_plan_20260720_170117.json（89 个 case）
[WCS-装] 已跳过接口 2 推送（仅本地保存）。
[UI-RESULT] E:\Homework\AA装箱\A装箱和可视化\zhuang\packing-workspace\output\packing_plan_20260720_170117.json
[WCS-装] 等待数据库新插入（有新 product_code 才开算）…
============================================================
[WCS-拉] 20260720_170433：拉取接口 1 …
[WCS-拉] 原始响应已保存：E:\Homework\AA装箱\A装箱和可视化\zhuang\packing-workspace\input\raw\20260720_170433.json
[WCS-拉] 已剔除 case_type≠MH423C 的品类 67 条（类型：['WR246']），保留 2052 条。
[WCS-DB] product_code 已存在、跳过 2046 条
[WCS-拉] 落库完成：候选 2052 条，新插入 6 条（新行 up_to_standard=0）。
[WCS-拉] 有新插入 → 唤醒装箱线程。
[WCS] 已加载 BMS 参考表：E:\Homework\AA装箱\A装箱和可视化\zhuang\packing-workspace\data\selected_5000_boxes_9_1_concentrated_3orders.xlsx
============================================================
[WCS-装] 20260720_170440：未达标行 2176 条，开始装箱 …
[WCS-装] 展开为 2176 个箱子。
数据预处理和箱子分组完成（按托盘类型+销售订单号）。
----------------------------------------
  - 组内子聚类：19 个混合订单拆出规则子集走 GCP、杂箱走 baseline。
正在处理托盘类型：MH423C，销售订单号：LAID16285EN01S
  - 主算法：全局列式装箱 + 柱级组合优化（GCP）。
  - 失败托盘互借诊断：未合并（no_target_or_single_plan）。
托盘类型 MH423C（销售订单号：LAID16285EN01S）处理完成：总托盘 1，指数达标 0，未达标 1，平均缺口 136.00，最大缺口 136.00，失败托盘互借修复成功 0。
  - KPI：near/mid/deep=0/0/1，救回率=0.00%，pair效率=0.00%。
  - 耗时拆解：packing=0.02s，main_topup=0.00s，retry=0.00s，failed_pool=0.00s，repack=0.00s，total=0.02s。
正在处理托盘类型：MH423C，销售订单号：LAID16285EN01S__SPLITREST__
  - 该分组不适合列式（多非满柱）→ 回退 beam + 配方优先。
  - 配方优先[fast]：规划 0 实例，实装成功 0，配方路径不可用 → 采用基线方案。
  - 指数诊断：箱子 4 个，总指数 9.5，目标 192，理论最多达标托盘 0 个，剩余指数 9.5。
  - 几何诊断：典型整层堆叠单盘参考上限 9.5/192。 当前目标可能受托盘高度/箱型组合限制。
  - 几何不可达标记：典型整层上限 9.5 < 目标 192，救援优先压缩托盘数和填充率。
  - 失败托盘互借诊断：未合并（no_target_or_single_plan）。
托盘类型 MH423C（销售订单号：LAID16285EN01S__SPLITREST__）处理完成：总托盘 1，指数达标 0，未达标 1，平均缺口 182.50，最大缺口 182.50，失败托盘互借修复成功 0。
  - KPI：near/mid/deep=0/0/1，救回率=0.00%，pair效率=0.00%。
  - 耗时拆解：packing=0.00s，main_topup=0.00s，retry=0.00s，failed_pool=0.00s，repack=0.00s，total=0.02s。
正在处理托盘类型：MH423C，销售订单号：LAID16286DN02S
  - 该分组不适合列式（多非满柱）→ 回退 beam + 配方优先。
  - 配方优先[fast]：规划 0 实例，实装成功 0，配方路径不可用 → 采用基线方案。
  - 指数诊断：箱子 1 个，总指数 0.5，目标 192，理论最多达标托盘 0 个，剩余指数 0.5。
  - 几何诊断：典型整层堆叠单盘参考上限 0.5/192。 当前目标可能受托盘高度/箱型组合限制。
  - 几何不可达标记：典型整层上限 0.5 < 目标 192，救援优先压缩托盘数和填充率。
  - 失败托盘互借诊断：未合并（no_target_or_single_plan）。
托盘类型 MH423C（销售订单号：LAID16286DN02S）处理完成：总托盘 1，指数达标 0，未达标 1，平均缺口 191.50，最大缺口 191.50，失败托盘互借修复成功 0。
  - KPI：near/mid/deep=0/0/1，救回率=0.00%，pair效率=0.00%。
  - 耗时拆解：packing=0.00s，main_topup=0.00s，retry=0.00s，failed_pool=0.00s，repack=0.00s，total=0.00s。
正在处理托盘类型：MH423C，销售订单号：PAIN26280MN08S
  - 主算法：全局列式装箱 + 柱级组合优化（GCP）。
  - 失败托盘互借诊断：未合并（no_target_or_single_plan）。
托盘类型 MH423C（销售订单号：PAIN26280MN08S）处理完成：总托盘 1，指数达标 0，未达标 1，平均缺口 105.00，最大缺口 105.00，失败托盘互借修复成功 0。
  - KPI：near/mid/deep=0/0/1，救回率=0.00%，pair效率=0.00%。
  - 耗时拆解：packing=0.00s，main_topup=0.00s，retry=0.00s，failed_pool=0.00s，repack=0.00s，total=0.00s。
正在处理托盘类型：MH423C，销售订单号：PAIN26280MN01S
  - 该分组不适合列式（多非满柱）→ 回退 beam + 配方优先。
  - 配方优先[fast]：规划 0 实例，实装成功 0，配方路径不可用 → 采用基线方案。
  - 指数诊断：箱子 3 个，总指数 6，目标 192，理论最多达标托盘 0 个，剩余指数 6。
  - 几何诊断：典型整层堆叠单盘参考上限 6/192。 当前目标可能受托盘高度/箱型组合限制。
  - 几何不可达标记：典型整层上限 6 < 目标 192，救援优先压缩托盘数和填充率。
  - 失败托盘互借诊断：未合并（no_target_or_single_plan）。
托盘类型 MH423C（销售订单号：PAIN26280MN01S）处理完成：总托盘 1，指数达标 0，未达标 1，平均缺口 186.00，最大缺口 186.00，失败托盘互借修复成功 0。
  - KPI：near/mid/deep=0/0/1，救回率=0.00%，pair效率=0.00%。
  - 耗时拆解：packing=0.00s，main_topup=0.00s，retry=0.00s，failed_pool=0.00s，repack=0.00s，total=0.01s。
正在处理托盘类型：MH423C，销售订单号：LAID16306DN01S
  - 主算法：全局列式装箱 + 柱级组合优化（GCP）。
  - 失败托盘互借诊断：未合并（aborted_no_improvement_possible）。
托盘类型 MH423C（销售订单号：LAID16306DN01S）处理完成：总托盘 2，指数达标 0，未达标 2，平均缺口 90.00，最大缺口 168.00，失败托盘互借修复成功 0。
  - KPI：near/mid/deep=0/1/1，救回率=0.00%，pair效率=0.00%。
  - 耗时拆解：packing=0.02s，main_topup=0.00s，retry=0.00s，failed_pool=0.00s，repack=1.21s，total=1.23s。
正在处理托盘类型：MH423C，销售订单号：LAID16306DN01S__SPLITREST__
  - 该分组不适合列式（多非满柱）→ 回退 beam + 配方优先。
  - 托盘 MH423C-LAID16306DN01S__SPLITREST__-1 未找到可行装箱方案，启用剩余箱子守恒兜底。
  - 配方优先[fast]：规划 0 实例，实装成功 0，配方路径不可用 → 采用基线方案。
  - 指数诊断：箱子 5 个，总指数 5.5，目标 192，理论最多达标托盘 0 个，剩余指数 5.5。
  - 几何诊断：典型整层堆叠单盘参考上限 5.5/192。 当前目标可能受托盘高度/箱型组合限制。
  - 几何不可达标记：典型整层上限 5.5 < 目标 192，救援优先压缩托盘数和填充率。
  - 失败盘装满压实：合并/吸收 1 次（纯减盘数）。
  - 失败托盘互借诊断：未合并（aborted_no_improvement_possible）。
托盘类型 MH423C（销售订单号：LAID16306DN01S__SPLITREST__）处理完成：总托盘 1，指数达标 0，未达标 1，平均缺口 186.50，最大缺口 186.50，失败托盘互借修复成功 0。
  - KPI：near/mid/deep=0/0/1，救回率=0.00%，pair效率=0.00%。
  - 耗时拆解：packing=0.01s，main_topup=0.00s，retry=0.00s，failed_pool=0.00s，repack=0.02s，total=0.07s。
正在处理托盘类型：MH423C，销售订单号：LAID16296DN01S
  - 主算法：全局列式装箱 + 柱级组合优化（GCP）。
  - 失败托盘互借诊断：未合并（aborted_no_improvement_possible）。
托盘类型 MH423C（销售订单号：LAID16296DN01S）处理完成：总托盘 2，指数达标 0，未达标 2，平均缺口 163.75，最大缺口 188.00，失败托盘互借修复成功 0。
  - KPI：near/mid/deep=0/0/2，救回率=0.00%，pair效率=0.00%。
  - 耗时拆解：packing=0.06s，main_topup=0.00s，retry=0.00s，failed_pool=0.00s，repack=0.11s，total=0.18s。
正在处理托盘类型：MH423C，销售订单号：LAID16296DN01S__SPLITREST__
  - 该分组不适合列式（多非满柱）→ 回退 beam + 配方优先。
  - 配方优先[fast]：规划 0 实例，实装成功 0，配方路径不可用 → 采用基线方案。
  - 指数诊断：箱子 4 个，总指数 8，目标 192，理论最多达标托盘 0 个，剩余指数 8。
  - 几何诊断：典型整层堆叠单盘参考上限 8/192。 当前目标可能受托盘高度/箱型组合限制。
  - 几何不可达标记：典型整层上限 8 < 目标 192，救援优先压缩托盘数和填充率。
  - 失败托盘互借诊断：未合并（no_target_or_single_plan）。
托盘类型 MH423C（销售订单号：LAID16296DN01S__SPLITREST__）处理完成：总托盘 1，指数达标 0，未达标 1，平均缺口 184.00，最大缺口 184.00，失败托盘互借修复成功 0。
  - KPI：near/mid/deep=0/0/1，救回率=0.00%，pair效率=0.00%。
  - 耗时拆解：packing=0.00s，main_topup=0.00s，retry=0.00s，failed_pool=0.00s，repack=0.00s，total=0.02s。
正在处理托盘类型：MH423C，销售订单号：LAID16296DN02S
  - 主算法：全局列式装箱 + 柱级组合优化（GCP）。
  - GCP 盘数远超理论（CP-SAT 装不满）→ 回退 baseline beam + 配方优先。
  - 托盘 MH423C-LAID16296DN02S-2 未找到可行装箱方案，启用剩余箱子守恒兜底。
  - 配方优先[fast]：规划 0 实例，实装成功 0，配方路径不可用 → 采用基线方案。
  - 指数诊断：箱子 34 个，总指数 117.5，目标 192，理论最多达标托盘 0 个，剩余指数 117.5。
  - 几何诊断：典型整层堆叠单盘参考上限 97/192。 当前目标可能受托盘高度/箱型组合限制。
  - 几何不可达标记：典型整层上限 97 < 目标 192，救援优先压缩托盘数和填充率。
  - 失败盘装满压实：合并/吸收 1 次（纯减盘数）。
  - 失败托盘互借诊断：未合并（aborted_no_improvement_possible）。
托盘类型 MH423C（销售订单号：LAID16296DN02S）处理完成：总托盘 2，指数达标 0，未达标 2，平均缺口 133.25，最大缺口 189.50，失败托盘互借修复成功 0。
  - KPI：near/mid/deep=0/0/2，救回率=0.00%，pair效率=0.00%。
  - 耗时拆解：packing=0.19s，main_topup=0.00s，retry=0.00s，failed_pool=0.00s，repack=0.33s，total=1.21s。
正在处理托盘类型：MH423C，销售订单号：LAID16296DN02S__SPLITREST__
  - 该分组不适合列式（多非满柱）→ 回退 beam + 配方优先。
  - 配方优先[fast]：规划 0 实例，实装成功 0，配方路径不可用 → 采用基线方案。
  - 指数诊断：箱子 3 个，总指数 5，目标 192，理论最多达标托盘 0 个，剩余指数 5。
  - 几何诊断：典型整层堆叠单盘参考上限 5/192。 当前目标可能受托盘高度/箱型组合限制。
  - 几何不可达标记：典型整层上限 5 < 目标 192，救援优先压缩托盘数和填充率。
  - 失败托盘互借诊断：未合并（no_target_or_single_plan）。
托盘类型 MH423C（销售订单号：LAID16296DN02S__SPLITREST__）处理完成：总托盘 1，指数达标 0，未达标 1，平均缺口 187.00，最大缺口 187.00，失败托盘互借修复成功 0。
  - KPI：near/mid/deep=0/0/1，救回率=0.00%，pair效率=0.00%。
  - 耗时拆解：packing=0.00s，main_topup=0.00s，retry=0.00s，failed_pool=0.00s，repack=0.00s，total=0.01s。
正在处理托盘类型：MH423C，销售订单号：LAID16296DN03S
  - 主算法：全局列式装箱 + 柱级组合优化（GCP）。
  - 失败托盘互借诊断：未合并（no_target_or_single_plan）。
托盘类型 MH423C（销售订单号：LAID16296DN03S）处理完成：总托盘 1，指数达标 0，未达标 1，平均缺口 145.00，最大缺口 145.00，失败托盘互借修复成功 0。
  - KPI：near/mid/deep=0/0/1，救回率=0.00%，pair效率=0.00%。
  - 耗时拆解：packing=0.27s，main_topup=0.00s，retry=0.00s，failed_pool=0.00s，repack=0.00s，total=0.27s。
正在处理托盘类型：MH423C，销售订单号：LAID16285EN01S__CASEGROUP__1
  - 主算法：全局列式装箱 + 柱级组合优化（GCP）。
  - 失败托盘互借诊断：未合并（aborted_no_improvement_possible）。
托盘类型 MH423C（销售订单号：LAID16285EN01S__CASEGROUP__1）处理完成：总托盘 2，指数达标 0，未达标 2，平均缺口 170.50，最大缺口 190.00，失败托盘互借修复成功 0。
  - KPI：near/mid/deep=0/0/2，救回率=0.00%，pair效率=0.00%。
  - 耗时拆解：packing=0.71s，main_topup=0.00s，retry=0.00s，failed_pool=0.00s，repack=1.13s，total=1.83s。
正在处理托盘类型：MH423C，销售订单号：LAID16285EN01S__CASEGROUP__1__SPLITREST__
  - 该分组不适合列式（多非满柱）→ 回退 beam + 配方优先。
  - 配方优先[fast]：规划 0 实例，实装成功 0，配方路径不可用 → 采用基线方案。
  - 指数诊断：箱子 2 个，总指数 3，目标 192，理论最多达标托盘 0 个，剩余指数 3。
  - 几何诊断：典型整层堆叠单盘参考上限 3/192。 当前目标可能受托盘高度/箱型组合限制。
  - 几何不可达标记：典型整层上限 3 < 目标 192，救援优先压缩托盘数和填充率。
  - 失败托盘互借诊断：未合并（no_target_or_single_plan）。
托盘类型 MH423C（销售订单号：LAID16285EN01S__CASEGROUP__1__SPLITREST__）处理完成：总托盘 1，指数达标 0，未达标 1，平均缺口 189.00，最大缺口 189.00，失败托盘互借修复成功 0。
  - KPI：near/mid/deep=0/0/1，救回率=0.00%，pair效率=0.00%。
  - 耗时拆解：packing=0.00s，main_topup=0.00s，retry=0.00s，failed_pool=0.00s，repack=0.00s，total=0.01s。
正在处理托盘类型：MH423C，销售订单号：PAIN26286EN01S
  - 主算法：全局列式装箱 + 柱级组合优化（GCP）。
  - 失败托盘互借诊断：未合并（no_target_or_single_plan）。
托盘类型 MH423C（销售订单号：PAIN26286EN01S）处理完成：总托盘 1，指数达标 0，未达标 1，平均缺口 84.00，最大缺口 84.00，失败托盘互借修复成功 0。
  - KPI：near/mid/deep=0/0/1，救回率=0.00%，pair效率=0.00%。
  - 耗时拆解：packing=0.00s，main_topup=0.00s，retry=0.00s，failed_pool=0.00s，repack=0.00s，total=0.00s。
正在处理托盘类型：MH423C，销售订单号：PAIN26286EN01S__SPLITREST__
  - 该分组不适合列式（多非满柱）→ 回退 beam + 配方优先。
  - 配方优先[fast]：规划 0 实例，实装成功 0，配方路径不可用 → 采用基线方案。
  - 指数诊断：箱子 2 个，总指数 8，目标 192，理论最多达标托盘 0 个，剩余指数 8。
  - 几何诊断：典型整层堆叠单盘参考上限 8/192。 当前目标可能受托盘高度/箱型组合限制。
  - 几何不可达标记：典型整层上限 8 < 目标 192，救援优先压缩托盘数和填充率。
  - 失败托盘互借诊断：未合并（no_target_or_single_plan）。
托盘类型 MH423C（销售订单号：PAIN26286EN01S__SPLITREST__）处理完成：总托盘 1，指数达标 0，未达标 1，平均缺口 184.00，最大缺口 184.00，失败托盘互借修复成功 0。
  - KPI：near/mid/deep=0/0/1，救回率=0.00%，pair效率=0.00%。
  - 耗时拆解：packing=0.00s，main_topup=0.00s，retry=0.00s，failed_pool=0.00s，repack=0.00s，total=0.00s。
正在处理托盘类型：MH423C，销售订单号：LFEG16290IN02S
  - 该分组不适合列式（多非满柱）→ 回退 beam + 配方优先。
  - 配方优先[fast]：规划 0 实例，实装成功 0，配方路径不可用 → 采用基线方案。
  - 指数诊断：箱子 63 个，总指数 109.5，目标 192，理论最多达标托盘 0 个，剩余指数 109.5。
  - 几何诊断：典型整层堆叠单盘参考上限 83/192。 当前目标可能受托盘高度/箱型组合限制。
  - 几何不可达标记：典型整层上限 83 < 目标 192，救援优先压缩托盘数和填充率。
  - 失败托盘互借诊断：未合并（aborted_no_improvement_possible）。
托盘类型 MH423C（销售订单号：LFEG16290IN02S）处理完成：总托盘 2，指数达标 0，未达标 2，平均缺口 137.25，最大缺口 191.50，失败托盘互借修复成功 0。
  - KPI：near/mid/deep=0/0/2，救回率=0.00%，pair效率=0.00%。
  - 耗时拆解：packing=0.77s，main_topup=0.01s，retry=0.00s，failed_pool=0.00s，repack=1.22s，total=4.13s。
正在处理托盘类型：MH423C，销售订单号：LAID16295BN02S
  - 主算法：全局列式装箱 + 柱级组合优化（GCP）。
  - 失败托盘互借诊断：未合并（aborted_no_improvement_possible）。
托盘类型 MH423C（销售订单号：LAID16295BN02S）处理完成：总托盘 2，指数达标 0，未达标 2，平均缺口 155.75，最大缺口 184.00，失败托盘互借修复成功 0。
  - KPI：near/mid/deep=0/0/2，救回率=0.00%，pair效率=0.00%。
  - 耗时拆解：packing=0.35s，main_topup=0.00s，retry=0.00s，failed_pool=0.00s，repack=0.66s，total=1.01s。
正在处理托盘类型：MH423C，销售订单号：LFEG16290IN03S
  - 主算法：全局列式装箱 + 柱级组合优化（GCP）。
  - GCP 盘数远超理论（CP-SAT 装不满）→ 回退 baseline beam + 配方优先。
  - 配方优先[fast]：规划 0 实例，实装成功 0，配方路径不可用 → 采用基线方案。
  - 指数诊断：箱子 88 个，总指数 157，目标 192，理论最多达标托盘 0 个，剩余指数 157。
  - 几何诊断：典型整层堆叠单盘参考上限 115/192。 当前目标可能受托盘高度/箱型组合限制。
  - 几何不可达标记：典型整层上限 115 < 目标 192，救援优先压缩托盘数和填充率。
  - 失败托盘互借诊断：未合并（aborted_no_improvement_possible）。
托盘类型 MH423C（销售订单号：LFEG16290IN03S）处理完成：总托盘 2，指数达标 0，未达标 2，平均缺口 113.50，最大缺口 174.50，失败托盘互借修复成功 0。
  - KPI：near/mid/deep=0/0/2，救回率=0.00%，pair效率=0.00%。
  - 耗时拆解：packing=5.37s，main_topup=0.00s，retry=0.00s，failed_pool=0.00s，repack=3.00s，total=10.27s。
正在处理托盘类型：MH423C，销售订单号：LFEG16290IN03S__SPLITREST__
  - 该分组不适合列式（多非满柱）→ 回退 beam + 配方优先。
  - 配方优先[fast]：规划 0 实例，实装成功 0，配方路径不可用 → 采用基线方案。
  - 指数诊断：箱子 19 个，总指数 21，目标 192，理论最多达标托盘 0 个，剩余指数 21。
  - 几何诊断：典型整层堆叠单盘参考上限 21/192。 当前目标可能受托盘高度/箱型组合限制。
  - 几何不可达标记：典型整层上限 21 < 目标 192，救援优先压缩托盘数和填充率。
  - 失败托盘互借诊断：未合并（no_target_or_single_plan）。
托盘类型 MH423C（销售订单号：LFEG16290IN03S__SPLITREST__）处理完成：总托盘 1，指数达标 0，未达标 1，平均缺口 171.00，最大缺口 171.00，失败托盘互借修复成功 0。
  - KPI：near/mid/deep=0/0/1，救回率=0.00%，pair效率=0.00%。
  - 耗时拆解：packing=0.14s，main_topup=0.00s，retry=0.00s，failed_pool=0.00s，repack=0.00s，total=0.14s。
正在处理托盘类型：MH423C，销售订单号：LAMY16295FN01S
  - 该分组不适合列式（多非满柱）→ 回退 beam + 配方优先。
  - 配方优先[fast]：规划 0 实例，实装成功 0，配方路径不可用 → 采用基线方案。
  - 指数诊断：箱子 26 个，总指数 86.5，目标 192，理论最多达标托盘 0 个，剩余指数 86.5。
  - 几何诊断：典型整层堆叠单盘参考上限 70/192。 当前目标可能受托盘高度/箱型组合限制。
  - 几何不可达标记：典型整层上限 70 < 目标 192，救援优先压缩托盘数和填充率。
  - 失败托盘互借诊断：未合并（no_target_or_single_plan）。
托盘类型 MH423C（销售订单号：LAMY16295FN01S）处理完成：总托盘 1，指数达标 0，未达标 1，平均缺口 105.50，最大缺口 105.50，失败托盘互借修复成功 0。
  - KPI：near/mid/deep=0/0/1，救回率=0.00%，pair效率=0.00%。
  - 耗时拆解：packing=0.24s，main_topup=0.00s，retry=0.00s，failed_pool=0.00s，repack=0.00s，total=0.24s。
正在处理托盘类型：MH423C，销售订单号：LFEG16300IN02S
  - 该分组不适合列式（多非满柱）→ 回退 beam + 配方优先。
  - 配方优先[fast]：规划 0 实例，实装成功 0，配方路径不可用 → 采用基线方案。
  - 指数诊断：箱子 4 个，总指数 8，目标 192，理论最多达标托盘 0 个，剩余指数 8。
  - 几何诊断：典型整层堆叠单盘参考上限 8/192。 当前目标可能受托盘高度/箱型组合限制。
  - 几何不可达标记：典型整层上限 8 < 目标 192，救援优先压缩托盘数和填充率。
  - 失败托盘互借诊断：未合并（no_target_or_single_plan）。
托盘类型 MH423C（销售订单号：LFEG16300IN02S）处理完成：总托盘 1，指数达标 0，未达标 1，平均缺口 184.00，最大缺口 184.00，失败托盘互借修复成功 0。
  - KPI：near/mid/deep=0/0/1，救回率=0.00%，pair效率=0.00%。
  - 耗时拆解：packing=0.01s，main_topup=0.00s，retry=0.00s，failed_pool=0.00s，repack=0.00s，total=0.02s。
正在处理托盘类型：MH423C，销售订单号：PAIN26290BN01S
  - 主算法：全局列式装箱 + 柱级组合优化（GCP）。
  - 失败托盘互借诊断：未合并（no_target_or_single_plan）。
托盘类型 MH423C（销售订单号：PAIN26290BN01S）处理完成：总托盘 1，指数达标 0，未达标 1，平均缺口 115.00，最大缺口 115.00，失败托盘互借修复成功 0。
  - KPI：near/mid/deep=0/0/1，救回率=0.00%，pair效率=0.00%。
  - 耗时拆解：packing=1.32s，main_topup=0.00s，retry=0.00s，failed_pool=0.00s，repack=0.00s，total=1.32s。
正在处理托盘类型：MH423C，销售订单号：PAIN26290BN01S__SPLITREST__
  - 该分组不适合列式（多非满柱）→ 回退 beam + 配方优先。
  - 配方优先[fast]：规划 0 实例，实装成功 0，配方路径不可用 → 采用基线方案。
  - 指数诊断：箱子 9 个，总指数 9，目标 192，理论最多达标托盘 0 个，剩余指数 9。
  - 几何诊断：典型整层堆叠单盘参考上限 9/192。 当前目标可能受托盘高度/箱型组合限制。
  - 几何不可达标记：典型整层上限 9 < 目标 192，救援优先压缩托盘数和填充率。
  - 失败托盘互借诊断：未合并（no_target_or_single_plan）。
托盘类型 MH423C（销售订单号：PAIN26290BN01S__SPLITREST__）处理完成：总托盘 1，指数达标 0，未达标 1，平均缺口 183.00，最大缺口 183.00，失败托盘互借修复成功 0。
  - KPI：near/mid/deep=0/0/1，救回率=0.00%，pair效率=0.00%。
  - 耗时拆解：packing=0.04s，main_topup=0.00s，retry=0.00s，failed_pool=0.00s，repack=0.00s，total=0.04s。
正在处理托盘类型：MH423C，销售订单号：PAIN26290BC02S
  - 主算法：全局列式装箱 + 柱级组合优化（GCP）。
  - 失败托盘互借诊断：未合并（no_target_or_single_plan）。
托盘类型 MH423C（销售订单号：PAIN26290BC02S）处理完成：总托盘 1，指数达标 0，未达标 1，平均缺口 80.00，最大缺口 80.00，失败托盘互借修复成功 0。
  - KPI：near/mid/deep=0/0/1，救回率=0.00%，pair效率=0.00%。
  - 耗时拆解：packing=0.01s，main_topup=0.00s，retry=0.00s，failed_pool=0.00s，repack=0.00s，total=0.01s。
正在处理托盘类型：MH423C，销售订单号：PAIN26290BC02S__SPLITREST__
  - 该分组不适合列式（多非满柱）→ 回退 beam + 配方优先。
  - 配方优先[fast]：规划 0 实例，实装成功 0，配方路径不可用 → 采用基线方案。
  - 指数诊断：箱子 2 个，总指数 1，目标 192，理论最多达标托盘 0 个，剩余指数 1。
  - 几何诊断：典型整层堆叠单盘参考上限 1/192。 当前目标可能受托盘高度/箱型组合限制。
  - 几何不可达标记：典型整层上限 1 < 目标 192，救援优先压缩托盘数和填充率。
  - 失败托盘互借诊断：未合并（no_target_or_single_plan）。
托盘类型 MH423C（销售订单号：PAIN26290BC02S__SPLITREST__）处理完成：总托盘 1，指数达标 0，未达标 1，平均缺口 191.00，最大缺口 191.00，失败托盘互借修复成功 0。
  - KPI：near/mid/deep=0/0/1，救回率=0.00%，pair效率=0.00%。
  - 耗时拆解：packing=0.00s，main_topup=0.00s，retry=0.00s，failed_pool=0.00s，repack=0.00s，total=0.01s。
正在处理托盘类型：MH423C，销售订单号：PAIN26290GN01S
  - 该分组不适合列式（多非满柱）→ 回退 beam + 配方优先。
  - 配方优先[fast]：规划 0 实例，实装成功 0，配方路径不可用 → 采用基线方案。
  - 指数诊断：箱子 51 个，总指数 78.5，目标 192，理论最多达标托盘 0 个，剩余指数 78.5。
  - 几何诊断：典型整层堆叠单盘参考上限 58/192。 当前目标可能受托盘高度/箱型组合限制。
  - 几何不可达标记：典型整层上限 58 < 目标 192，救援优先压缩托盘数和填充率。
  - 失败托盘互借诊断：未合并（aborted_no_improvement_possible）。
托盘类型 MH423C（销售订单号：PAIN26290GN01S）处理完成：总托盘 2，指数达标 0，未达标 2，平均缺口 152.75，最大缺口 189.00，失败托盘互借修复成功 0。
  - KPI：near/mid/deep=0/0/2，救回率=0.00%，pair效率=0.00%。
  - 耗时拆解：packing=0.56s，main_topup=0.01s，retry=0.00s，failed_pool=0.00s，repack=0.98s，total=2.99s。
正在处理托盘类型：MH423C，销售订单号：PEG126290LN01S
  - 主算法：全局列式装箱 + 柱级组合优化（GCP）。
  - 失败托盘互借诊断：未合并（no_target_or_single_plan）。
托盘类型 MH423C（销售订单号：PEG126290LN01S）处理完成：总托盘 1，指数达标 0，未达标 1，平均缺口 128.00，最大缺口 128.00，失败托盘互借修复成功 0。
  - KPI：near/mid/deep=0/0/1，救回率=0.00%，pair效率=0.00%。
  - 耗时拆解：packing=0.48s，main_topup=0.00s，retry=0.00s，failed_pool=0.00s，repack=0.00s，total=0.48s。
正在处理托盘类型：MH423C，销售订单号：PAIN26280GN01S
  - 该分组不适合列式（多非满柱）→ 回退 beam + 配方优先。
  - 配方优先[fast]：规划 0 实例，实装成功 0，配方路径不可用 → 采用基线方案。
  - 指数诊断：箱子 1 个，总指数 4，目标 192，理论最多达标托盘 0 个，剩余指数 4。
  - 几何诊断：典型整层堆叠单盘参考上限 4/192。 当前目标可能受托盘高度/箱型组合限制。
  - 几何不可达标记：典型整层上限 4 < 目标 192，救援优先压缩托盘数和填充率。
  - 失败托盘互借诊断：未合并（no_target_or_single_plan）。
托盘类型 MH423C（销售订单号：PAIN26280GN01S）处理完成：总托盘 1，指数达标 0，未达标 1，平均缺口 188.00，最大缺口 188.00，失败托盘互借修复成功 0。
  - KPI：near/mid/deep=0/0/1，救回率=0.00%，pair效率=0.00%。
  - 耗时拆解：packing=0.00s，main_topup=0.00s，retry=0.00s，failed_pool=0.00s，repack=0.00s，total=0.00s。
正在处理托盘类型：MH423C，销售订单号：LAID16295EN02S
  - 主算法：全局列式装箱 + 柱级组合优化（GCP）。
  - 失败托盘互借诊断：未合并（aborted_no_improvement_possible）。
托盘类型 MH423C（销售订单号：LAID16295EN02S）处理完成：总托盘 2，指数达标 0，未达标 2，平均缺口 95.50，最大缺口 175.00，失败托盘互借修复成功 0。
  - KPI：near/mid/deep=0/1/1，救回率=0.00%，pair效率=0.00%。
  - 耗时拆解：packing=2.29s，main_topup=0.00s，retry=0.00s，failed_pool=0.00s，repack=4.81s，total=7.10s。
正在处理托盘类型：MH423C，销售订单号：LAID16295EN02S__SPLITREST__
  - 该分组不适合列式（多非满柱）→ 回退 beam + 配方优先。
  - 配方优先[fast]：规划 0 实例，实装成功 0，配方路径不可用 → 采用基线方案。
  - 指数诊断：箱子 2 个，总指数 14，目标 192，理论最多达标托盘 0 个，剩余指数 14。
  - 几何诊断：典型整层堆叠单盘参考上限 14/192。 当前目标可能受托盘高度/箱型组合限制。
  - 几何不可达标记：典型整层上限 14 < 目标 192，救援优先压缩托盘数和填充率。
  - 失败托盘互借诊断：未合并（no_target_or_single_plan）。
托盘类型 MH423C（销售订单号：LAID16295EN02S__SPLITREST__）处理完成：总托盘 1，指数达标 0，未达标 1，平均缺口 178.00，最大缺口 178.00，失败托盘互借修复成功 0。
  - KPI：near/mid/deep=0/0/1，救回率=0.00%，pair效率=0.00%。
  - 耗时拆解：packing=0.00s，main_topup=0.00s，retry=0.00s，failed_pool=0.00s，repack=0.00s，total=0.01s。
正在处理托盘类型：MH423C，销售订单号：PAIN26280MN07S
  - 主算法：全局列式装箱 + 柱级组合优化（GCP）。
  - 失败托盘互借诊断：未合并（no_target_or_single_plan）。
托盘类型 MH423C（销售订单号：PAIN26280MN07S）处理完成：总托盘 1，指数达标 0，未达标 1，平均缺口 108.00，最大缺口 108.00，失败托盘互借修复成功 0。
  - KPI：near/mid/deep=0/0/1，救回率=0.00%，pair效率=0.00%。
  - 耗时拆解：packing=0.00s，main_topup=0.00s，retry=0.00s，failed_pool=0.00s，repack=0.00s，total=0.00s。
正在处理托盘类型：MH423C，销售订单号：PEG086250LN01S
  - 该分组不适合列式（多非满柱）→ 回退 beam + 配方优先。
  - 配方优先[fast]：规划 0 实例，实装成功 0，配方路径不可用 → 采用基线方案。
  - 指数诊断：箱子 1 个，总指数 4，目标 192，理论最多达标托盘 0 个，剩余指数 4。
  - 几何诊断：典型整层堆叠单盘参考上限 4/192。 当前目标可能受托盘高度/箱型组合限制。
  - 几何不可达标记：典型整层上限 4 < 目标 192，救援优先压缩托盘数和填充率。
  - 失败托盘互借诊断：未合并（no_target_or_single_plan）。
托盘类型 MH423C（销售订单号：PEG086250LN01S）处理完成：总托盘 1，指数达标 0，未达标 1，平均缺口 188.00，最大缺口 188.00，失败托盘互借修复成功 0。
  - KPI：near/mid/deep=0/0/1，救回率=0.00%，pair效率=0.00%。
  - 耗时拆解：packing=0.00s，main_topup=0.00s，retry=0.00s，failed_pool=0.00s，repack=0.00s，total=0.00s。
正在处理托盘类型：MH423C，销售订单号：LFEG16290IN01S
  - 主算法：全局列式装箱 + 柱级组合优化（GCP）。
  - 失败托盘互借诊断：未合并（no_target_or_single_plan）。
托盘类型 MH423C（销售订单号：LFEG16290IN01S）处理完成：总托盘 1，指数达标 0，未达标 1，平均缺口 67.00，最大缺口 67.00，失败托盘互借修复成功 0。
  - KPI：near/mid/deep=0/0/1，救回率=0.00%，pair效率=0.00%。
  - 耗时拆解：packing=0.01s，main_topup=0.00s，retry=0.00s，failed_pool=0.00s，repack=0.00s，total=0.01s。
正在处理托盘类型：MH423C，销售订单号：LFEG16290IN01S__SPLITREST__
  - 该分组不适合列式（多非满柱）→ 回退 beam + 配方优先。
  - 配方优先[fast]：规划 0 实例，实装成功 0，配方路径不可用 → 采用基线方案。
  - 指数诊断：箱子 3 个，总指数 8.5，目标 192，理论最多达标托盘 0 个，剩余指数 8.5。
  - 几何诊断：典型整层堆叠单盘参考上限 8.5/192。 当前目标可能受托盘高度/箱型组合限制。
  - 几何不可达标记：典型整层上限 8.5 < 目标 192，救援优先压缩托盘数和填充率。
  - 失败托盘互借诊断：未合并（no_target_or_single_plan）。
托盘类型 MH423C（销售订单号：LFEG16290IN01S__SPLITREST__）处理完成：总托盘 1，指数达标 0，未达标 1，平均缺口 183.50，最大缺口 183.50，失败托盘互借修复成功 0。
  - KPI：near/mid/deep=0/0/1，救回率=0.00%，pair效率=0.00%。
  - 耗时拆解：packing=0.00s，main_topup=0.00s，retry=0.00s，failed_pool=0.00s，repack=0.00s，total=0.01s。
正在处理托盘类型：MH423C，销售订单号：LAID16295EN01S
  - 主算法：全局列式装箱 + 柱级组合优化（GCP）。
  - GCP 盘数远超理论（CP-SAT 装不满）→ 回退 baseline beam + 配方优先。
  - 托盘 MH423C-LAID16295EN01S-2 未找到可行装箱方案，启用剩余箱子守恒兜底。
  - 配方优先[fast]：规划 0 实例，实装成功 0，配方路径不可用 → 采用基线方案。
  - 指数诊断：箱子 71 个，总指数 170.5，目标 192，理论最多达标托盘 0 个，剩余指数 170.5。
  - 几何诊断：典型整层堆叠单盘参考上限 125/192。 当前目标可能受托盘高度/箱型组合限制。
  - 几何不可达标记：典型整层上限 125 < 目标 192，救援优先压缩托盘数和填充率。
  - 失败盘装满压实：合并/吸收 1 次（纯减盘数）。
  - 失败托盘互借诊断：未合并（aborted_no_improvement_possible）。
托盘类型 MH423C（销售订单号：LAID16295EN01S）处理完成：总托盘 3，指数达标 0，未达标 3，平均缺口 135.17，最大缺口 189.50，失败托盘互借修复成功 0。
  - KPI：near/mid/deep=0/0/3，救回率=0.00%，pair效率=0.00%。
  - 耗时拆解：packing=1.40s，main_topup=0.02s，retry=0.00s，failed_pool=0.00s，repack=4.05s，total=10.69s。
正在处理托盘类型：MH423C，销售订单号：PAID16295EN06S
  - 主算法：全局列式装箱 + 柱级组合优化（GCP）。
  - GCP 盘数远超理论（CP-SAT 装不满）→ 回退 baseline beam + 配方优先。
  - 配方优先[fast]：规划 0 实例，实装成功 0，配方路径不可用 → 采用基线方案。
  - 指数诊断：箱子 66 个，总指数 189，目标 192，理论最多达标托盘 0 个，剩余指数 189。
  - 几何诊断：典型整层堆叠单盘参考上限 97/192。 当前目标可能受托盘高度/箱型组合限制。
  - 几何不可达标记：典型整层上限 97 < 目标 192，救援优先压缩托盘数和填充率。
  - 失败托盘互借诊断：未合并（less_than_2_consolidatable）。
托盘类型 MH423C（销售订单号：PAID16295EN06S）处理完成：总托盘 1，指数达标 0，未达标 1，平均缺口 3.00，最大缺口 3.00，失败托盘互借修复成功 0。
  - KPI：near/mid/deep=1/0/0，救回率=0.00%，pair效率=0.00%。
  - 耗时拆解：packing=0.97s，main_topup=0.01s，retry=0.00s，failed_pool=0.00s，repack=0.01s，total=3.90s。
正在处理托盘类型：MH423C，销售订单号：PAID16295EN06S__SPLITREST__
  - 该分组不适合列式（多非满柱）→ 回退 beam + 配方优先。
  - 配方优先[fast]：规划 0 实例，实装成功 0，配方路径不可用 → 采用基线方案。
  - 指数诊断：箱子 6 个，总指数 14.5，目标 192，理论最多达标托盘 0 个，剩余指数 14.5。
  - 几何诊断：典型整层堆叠单盘参考上限 14.5/192。 当前目标可能受托盘高度/箱型组合限制。
  - 几何不可达标记：典型整层上限 14.5 < 目标 192，救援优先压缩托盘数和填充率。
  - 失败托盘互借诊断：未合并（no_target_or_single_plan）。
托盘类型 MH423C（销售订单号：PAID16295EN06S__SPLITREST__）处理完成：总托盘 1，指数达标 0，未达标 1，平均缺口 177.50，最大缺口 177.50，失败托盘互借修复成功 0。
  - KPI：near/mid/deep=0/0/1，救回率=0.00%，pair效率=0.00%。
  - 耗时拆解：packing=0.02s，main_topup=0.00s，retry=0.00s，failed_pool=0.00s，repack=0.00s，total=0.02s。
正在处理托盘类型：MH423C，销售订单号：LAID16295BN01S
  - 主算法：全局列式装箱 + 柱级组合优化（GCP）。
  - 失败托盘互借诊断：未合并（no_target_or_single_plan）。
托盘类型 MH423C（销售订单号：LAID16295BN01S）处理完成：总托盘 1，指数达标 0，未达标 1，平均缺口 127.00，最大缺口 127.00，失败托盘互借修复成功 0。
  - KPI：near/mid/deep=0/0/1，救回率=0.00%，pair效率=0.00%。
  - 耗时拆解：packing=0.11s，main_topup=0.00s，retry=0.00s，failed_pool=0.00s，repack=0.00s，total=0.11s。
正在处理托盘类型：MH423C，销售订单号：LFEG16310IN02S
  - 该分组不适合列式（多非满柱）→ 回退 beam + 配方优先。
  - 配方优先[fast]：规划 0 实例，实装成功 0，配方路径不可用 → 采用基线方案。
  - 指数诊断：箱子 1 个，总指数 1，目标 192，理论最多达标托盘 0 个，剩余指数 1。
  - 几何诊断：典型整层堆叠单盘参考上限 1/192。 当前目标可能受托盘高度/箱型组合限制。
  - 几何不可达标记：典型整层上限 1 < 目标 192，救援优先压缩托盘数和填充率。
  - 失败托盘互借诊断：未合并（no_target_or_single_plan）。
托盘类型 MH423C（销售订单号：LFEG16310IN02S）处理完成：总托盘 1，指数达标 0，未达标 1，平均缺口 191.00，最大缺口 191.00，失败托盘互借修复成功 0。
  - KPI：near/mid/deep=0/0/1，救回率=0.00%，pair效率=0.00%。
  - 耗时拆解：packing=0.00s，main_topup=0.00s，retry=0.00s，failed_pool=0.00s，repack=0.00s，total=0.00s。
正在处理托盘类型：MH423C，销售订单号：LFEG16310IN01S
  - 该分组不适合列式（多非满柱）→ 回退 beam + 配方优先。
  - 配方优先[fast]：规划 0 实例，实装成功 0，配方路径不可用 → 采用基线方案。
  - 指数诊断：箱子 1 个，总指数 1，目标 192，理论最多达标托盘 0 个，剩余指数 1。
  - 几何诊断：典型整层堆叠单盘参考上限 1/192。 当前目标可能受托盘高度/箱型组合限制。
  - 几何不可达标记：典型整层上限 1 < 目标 192，救援优先压缩托盘数和填充率。
  - 失败托盘互借诊断：未合并（no_target_or_single_plan）。
托盘类型 MH423C（销售订单号：LFEG16310IN01S）处理完成：总托盘 1，指数达标 0，未达标 1，平均缺口 191.00，最大缺口 191.00，失败托盘互借修复成功 0。
  - KPI：near/mid/deep=0/0/1，救回率=0.00%，pair效率=0.00%。
  - 耗时拆解：packing=0.00s，main_topup=0.00s，retry=0.00s，failed_pool=0.00s，repack=0.00s，total=0.00s。
正在处理托盘类型：MH423C，销售订单号：PEG086300LN01S
  - 主算法：全局列式装箱 + 柱级组合优化（GCP）。
  - 失败托盘互借诊断：未合并（no_target_or_single_plan）。
托盘类型 MH423C（销售订单号：PEG086300LN01S）处理完成：总托盘 1，指数达标 0，未达标 1，平均缺口 76.00，最大缺口 76.00，失败托盘互借修复成功 0。
  - KPI：near/mid/deep=0/0/1，救回率=0.00%，pair效率=0.00%。
  - 耗时拆解：packing=0.01s，main_topup=0.00s，retry=0.00s，failed_pool=0.00s，repack=0.00s，total=0.01s。
正在处理托盘类型：MH423C，销售订单号：PAID162808N01S
  - 该分组不适合列式（多非满柱）→ 回退 beam + 配方优先。
  - 配方优先[fast]：规划 0 实例，实装成功 0，配方路径不可用 → 采用基线方案。
  - 指数诊断：箱子 12 个，总指数 20.5，目标 192，理论最多达标托盘 0 个，剩余指数 20.5。
  - 几何诊断：典型整层堆叠单盘参考上限 20.5/192。 当前目标可能受托盘高度/箱型组合限制。
  - 几何不可达标记：典型整层上限 20.5 < 目标 192，救援优先压缩托盘数和填充率。
  - 失败托盘互借诊断：未合并（no_target_or_single_plan）。
托盘类型 MH423C（销售订单号：PAID162808N01S）处理完成：总托盘 1，指数达标 0，未达标 1，平均缺口 171.50，最大缺口 171.50，失败托盘互借修复成功 0。
  - KPI：near/mid/deep=0/0/1，救回率=0.00%，pair效率=0.00%。
  - 耗时拆解：packing=0.03s，main_topup=0.00s，retry=0.00s，failed_pool=0.00s，repack=0.01s，total=0.12s。
正在处理托盘类型：MH423C，销售订单号：PAID16290FN01S
  - 主算法：全局列式装箱 + 柱级组合优化（GCP）。
  - GCP 盘数远超理论（CP-SAT 装不满）→ 回退 baseline beam + 配方优先。
  - 配方优先[fast]：规划 0 实例，实装成功 0，配方路径不可用 → 采用基线方案。
  - 指数诊断：箱子 7 个，总指数 19，目标 192，理论最多达标托盘 0 个，剩余指数 19。
  - 几何诊断：典型整层堆叠单盘参考上限 18/192。 当前目标可能受托盘高度/箱型组合限制。
  - 几何不可达标记：典型整层上限 18 < 目标 192，救援优先压缩托盘数和填充率。
  - 失败托盘互借诊断：未合并（no_target_or_single_plan）。
托盘类型 MH423C（销售订单号：PAID16290FN01S）处理完成：总托盘 1，指数达标 0，未达标 1，平均缺口 173.00，最大缺口 173.00，失败托盘互借修复成功 0。
  - KPI：near/mid/deep=0/0/1，救回率=0.00%，pair效率=0.00%。
  - 耗时拆解：packing=0.01s，main_topup=0.00s，retry=0.00s，failed_pool=0.00s，repack=0.00s，total=0.06s。
正在处理托盘类型：MH423C，销售订单号：PAID16290FN01S__SPLITREST__
  - 该分组不适合列式（多非满柱）→ 回退 beam + 配方优先。
  - 配方优先[fast]：规划 0 实例，实装成功 0，配方路径不可用 → 采用基线方案。
  - 指数诊断：箱子 1 个，总指数 0.5，目标 192，理论最多达标托盘 0 个，剩余指数 0.5。
  - 几何诊断：典型整层堆叠单盘参考上限 0.5/192。 当前目标可能受托盘高度/箱型组合限制。
  - 几何不可达标记：典型整层上限 0.5 < 目标 192，救援优先压缩托盘数和填充率。
  - 失败托盘互借诊断：未合并（no_target_or_single_plan）。
托盘类型 MH423C（销售订单号：PAID16290FN01S__SPLITREST__）处理完成：总托盘 1，指数达标 0，未达标 1，平均缺口 191.50，最大缺口 191.50，失败托盘互借修复成功 0。
  - KPI：near/mid/deep=0/0/1，救回率=0.00%，pair效率=0.00%。
  - 耗时拆解：packing=0.00s，main_topup=0.00s，retry=0.00s，failed_pool=0.00s，repack=0.00s，total=0.00s。
正在处理托盘类型：MH423C，销售订单号：LAID16296DN03S__CASEGROUP__1
  - 主算法：全局列式装箱 + 柱级组合优化（GCP）。
  - 失败托盘互借诊断：未合并（no_target_or_single_plan）。
托盘类型 MH423C（销售订单号：LAID16296DN03S__CASEGROUP__1）处理完成：总托盘 1，指数达标 0，未达标 1，平均缺口 90.00，最大缺口 90.00，失败托盘互借修复成功 0。
  - KPI：near/mid/deep=0/0/1，救回率=0.00%，pair效率=0.00%。
  - 耗时拆解：packing=0.01s，main_topup=0.00s，retry=0.00s，failed_pool=0.00s，repack=0.00s，total=0.01s。
正在处理托盘类型：MH423C，销售订单号：LAID16296DN03S__CASEGROUP__1__SPLITREST__
  - 该分组不适合列式（多非满柱）→ 回退 beam + 配方优先。
  - 配方优先[fast]：规划 0 实例，实装成功 0，配方路径不可用 → 采用基线方案。
  - 指数诊断：箱子 4 个，总指数 2，目标 192，理论最多达标托盘 0 个，剩余指数 2。
  - 几何诊断：典型整层堆叠单盘参考上限 2/192。 当前目标可能受托盘高度/箱型组合限制。
  - 几何不可达标记：典型整层上限 2 < 目标 192，救援优先压缩托盘数和填充率。
  - 失败托盘互借诊断：未合并（no_target_or_single_plan）。
托盘类型 MH423C（销售订单号：LAID16296DN03S__CASEGROUP__1__SPLITREST__）处理完成：总托盘 1，指数达标 0，未达标 1，平均缺口 190.00，最大缺口 190.00，失败托盘互借修复成功 0。
  - KPI：near/mid/deep=0/0/1，救回率=0.00%，pair效率=0.00%。
  - 耗时拆解：packing=0.00s，main_topup=0.00s，retry=0.00s，failed_pool=0.00s，repack=0.00s，total=0.02s。
正在处理托盘类型：MH423C，销售订单号：PAID162808C02S
  - 主算法：全局列式装箱 + 柱级组合优化（GCP）。
  - GCP 盘数远超理论（CP-SAT 装不满）→ 回退 baseline beam + 配方优先。
  - 配方优先[fast]：规划 0 实例，实装成功 0，配方路径不可用 → 采用基线方案。
  - 指数诊断：箱子 6 个，总指数 12，目标 192，理论最多达标托盘 0 个，剩余指数 12。
  - 几何诊断：典型整层堆叠单盘参考上限 12/192。 当前目标可能受托盘高度/箱型组合限制。
  - 几何不可达标记：典型整层上限 12 < 目标 192，救援优先压缩托盘数和填充率。
  - 失败托盘互借诊断：未合并（no_target_or_single_plan）。
托盘类型 MH423C（销售订单号：PAID162808C02S）处理完成：总托盘 1，指数达标 0，未达标 1，平均缺口 180.00，最大缺口 180.00，失败托盘互借修复成功 0。
  - KPI：near/mid/deep=0/0/1，救回率=0.00%，pair效率=0.00%。
  - 耗时拆解：packing=0.01s，main_topup=0.00s，retry=0.00s，failed_pool=0.00s，repack=0.00s，total=0.06s。
正在处理托盘类型：MH423C，销售订单号：LFEG16300IN01S
  - 该分组不适合列式（多非满柱）→ 回退 beam + 配方优先。
  - 配方优先[fast]：规划 0 实例，实装成功 0，配方路径不可用 → 采用基线方案。
  - 指数诊断：箱子 3 个，总指数 10，目标 192，理论最多达标托盘 0 个，剩余指数 10。
  - 几何诊断：典型整层堆叠单盘参考上限 10/192。 当前目标可能受托盘高度/箱型组合限制。
  - 几何不可达标记：典型整层上限 10 < 目标 192，救援优先压缩托盘数和填充率。
  - 失败托盘互借诊断：未合并（no_target_or_single_plan）。
托盘类型 MH423C（销售订单号：LFEG16300IN01S）处理完成：总托盘 1，指数达标 0，未达标 1，平均缺口 182.00，最大缺口 182.00，失败托盘互借修复成功 0。
  - KPI：near/mid/deep=0/0/1，救回率=0.00%，pair效率=0.00%。
  - 耗时拆解：packing=0.00s，main_topup=0.00s，retry=0.00s，failed_pool=0.00s，repack=0.00s，total=0.01s。
正在处理托盘类型：MH423C，销售订单号：LAMY16315FN01S
  - 主算法：全局列式装箱 + 柱级组合优化（GCP）。
  - 失败托盘互借诊断：未合并（no_target_or_single_plan）。
托盘类型 MH423C（销售订单号：LAMY16315FN01S）处理完成：总托盘 1，指数达标 0，未达标 1，平均缺口 120.00，最大缺口 120.00，失败托盘互借修复成功 0。
  - KPI：near/mid/deep=0/0/1，救回率=0.00%，pair效率=0.00%。
  - 耗时拆解：packing=0.00s，main_topup=0.00s，retry=0.00s，failed_pool=0.00s，repack=0.00s，total=0.00s。
正在处理托盘类型：MH423C，销售订单号：LAMY16315FN01S__SPLITREST__
  - 该分组不适合列式（多非满柱）→ 回退 beam + 配方优先。
  - 配方优先[fast]：规划 0 实例，实装成功 0，配方路径不可用 → 采用基线方案。
  - 指数诊断：箱子 2 个，总指数 4，目标 192，理论最多达标托盘 0 个，剩余指数 4。
  - 几何诊断：典型整层堆叠单盘参考上限 4/192。 当前目标可能受托盘高度/箱型组合限制。
  - 几何不可达标记：典型整层上限 4 < 目标 192，救援优先压缩托盘数和填充率。
  - 失败托盘互借诊断：未合并（no_target_or_single_plan）。
托盘类型 MH423C（销售订单号：LAMY16315FN01S__SPLITREST__）处理完成：总托盘 1，指数达标 0，未达标 1，平均缺口 188.00，最大缺口 188.00，失败托盘互借修复成功 0。
  - KPI：near/mid/deep=0/0/1，救回率=0.00%，pair效率=0.00%。
  - 耗时拆解：packing=0.00s，main_topup=0.00s，retry=0.00s，failed_pool=0.00s，repack=0.00s，total=0.01s。
正在处理托盘类型：MH423C，销售订单号：LAID16305BN02S
  - 主算法：全局列式装箱 + 柱级组合优化（GCP）。
  - 失败托盘互借诊断：未合并（no_target_or_single_plan）。
托盘类型 MH423C（销售订单号：LAID16305BN02S）处理完成：总托盘 1，指数达标 0，未达标 1，平均缺口 88.00，最大缺口 88.00，失败托盘互借修复成功 0。
  - KPI：near/mid/deep=0/0/1，救回率=0.00%，pair效率=0.00%。
  - 耗时拆解：packing=0.57s，main_topup=0.00s，retry=0.00s，failed_pool=0.00s，repack=0.00s，total=0.57s。
正在处理托盘类型：MH423C，销售订单号：LFEG16300IN03S
  - 该分组不适合列式（多非满柱）→ 回退 beam + 配方优先。
  - 配方优先[fast]：规划 0 实例，实装成功 0，配方路径不可用 → 采用基线方案。
  - 指数诊断：箱子 1 个，总指数 2，目标 192，理论最多达标托盘 0 个，剩余指数 2。
  - 几何诊断：典型整层堆叠单盘参考上限 2/192。 当前目标可能受托盘高度/箱型组合限制。
  - 几何不可达标记：典型整层上限 2 < 目标 192，救援优先压缩托盘数和填充率。
  - 失败托盘互借诊断：未合并（no_target_or_single_plan）。
托盘类型 MH423C（销售订单号：LFEG16300IN03S）处理完成：总托盘 1，指数达标 0，未达标 1，平均缺口 190.00，最大缺口 190.00，失败托盘互借修复成功 0。
  - KPI：near/mid/deep=0/0/1，救回率=0.00%，pair效率=0.00%。
  - 耗时拆解：packing=0.00s，main_topup=0.00s，retry=0.00s，failed_pool=0.00s，repack=0.00s，total=0.00s。
正在处理托盘类型：MH423C，销售订单号：LAID16305BN01S
  - 主算法：全局列式装箱 + 柱级组合优化（GCP）。
  - 失败托盘互借诊断：未合并（no_target_or_single_plan）。
托盘类型 MH423C（销售订单号：LAID16305BN01S）处理完成：总托盘 1，指数达标 0，未达标 1，平均缺口 164.00，最大缺口 164.00，失败托盘互借修复成功 0。
  - KPI：near/mid/deep=0/0/1，救回率=0.00%，pair效率=0.00%。
  - 耗时拆解：packing=0.06s，main_topup=0.00s，retry=0.00s，failed_pool=0.00s，repack=0.00s，total=0.06s。
正在处理托盘类型：MH423C，销售订单号：LAID16305BN01S__SPLITREST__
  - 该分组不适合列式（多非满柱）→ 回退 beam + 配方优先。
  - 配方优先[fast]：规划 0 实例，实装成功 0，配方路径不可用 → 采用基线方案。
  - 指数诊断：箱子 3 个，总指数 6，目标 192，理论最多达标托盘 0 个，剩余指数 6。
  - 几何诊断：典型整层堆叠单盘参考上限 6/192。 当前目标可能受托盘高度/箱型组合限制。
  - 几何不可达标记：典型整层上限 6 < 目标 192，救援优先压缩托盘数和填充率。
  - 失败托盘互借诊断：未合并（no_target_or_single_plan）。
托盘类型 MH423C（销售订单号：LAID16305BN01S__SPLITREST__）处理完成：总托盘 1，指数达标 0，未达标 1，平均缺口 186.00，最大缺口 186.00，失败托盘互借修复成功 0。
  - KPI：near/mid/deep=0/0/1，救回率=0.00%，pair效率=0.00%。
  - 耗时拆解：packing=0.00s，main_topup=0.00s，retry=0.00s，failed_pool=0.00s，repack=0.00s，total=0.01s。
正在处理托盘类型：MH423C，销售订单号：LAID16305EN01S
  - 该分组不适合列式（多非满柱）→ 回退 beam + 配方优先。
  - 配方优先[fast]：规划 0 实例，实装成功 0，配方路径不可用 → 采用基线方案。
  - 指数诊断：箱子 29 个，总指数 132.5，目标 192，理论最多达标托盘 0 个，剩余指数 132.5。
  - 几何诊断：典型整层堆叠单盘参考上限 78/192。 当前目标可能受托盘高度/箱型组合限制。
  - 几何不可达标记：典型整层上限 78 < 目标 192，救援优先压缩托盘数和填充率。
  - 失败托盘互借诊断：未合并（aborted_no_improvement_possible）。
托盘类型 MH423C（销售订单号：LAID16305EN01S）处理完成：总托盘 2，指数达标 0，未达标 2，平均缺口 125.75，最大缺口 183.50，失败托盘互借修复成功 0。
  - KPI：near/mid/deep=0/0/2，救回率=0.00%，pair效率=0.00%。
  - 耗时拆解：packing=0.13s，main_topup=0.00s，retry=0.00s，failed_pool=0.00s，repack=0.27s，total=0.72s。
正在处理托盘类型：MH423C，销售订单号：PAIN26290GC02S
  - 主算法：全局列式装箱 + 柱级组合优化（GCP）。
  - GCP 盘数远超理论（CP-SAT 装不满）→ 回退 baseline beam + 配方优先。
  - 配方优先[fast]：规划 0 实例，实装成功 0，配方路径不可用 → 采用基线方案。
  - 指数诊断：箱子 41 个，总指数 178，目标 192，理论最多达标托盘 0 个，剩余指数 178。
  - 几何诊断：典型整层堆叠单盘参考上限 136/192。 当前目标可能受托盘高度/箱型组合限制。
  - 几何不可达标记：典型整层上限 136 < 目标 192，救援优先压缩托盘数和填充率。
  - 失败托盘互借诊断：未合并（not_better）。
托盘类型 MH423C（销售订单号：PAIN26290GC02S）处理完成：总托盘 2，指数达标 0，未达标 2，平均缺口 103.00，最大缺口 122.00，失败托盘互借修复成功 0。
  - KPI：near/mid/deep=0/0/2，救回率=0.00%，pair效率=0.00%。
  - 耗时拆解：packing=0.05s，main_topup=0.00s，retry=0.00s，failed_pool=0.00s，repack=0.29s，total=0.60s。
正在处理托盘类型：MH423C，销售订单号：PAID16280FC02S
  - 主算法：全局列式装箱 + 柱级组合优化（GCP）。
  - GCP 盘数远超理论（CP-SAT 装不满）→ 回退 baseline beam + 配方优先。
  - 配方优先[fast]：规划 0 实例，实装成功 0，配方路径不可用 → 采用基线方案。
  - 指数诊断：箱子 4 个，总指数 16，目标 192，理论最多达标托盘 0 个，剩余指数 16。
  - 几何诊断：典型整层堆叠单盘参考上限 16/192。 当前目标可能受托盘高度/箱型组合限制。
  - 几何不可达标记：典型整层上限 16 < 目标 192，救援优先压缩托盘数和填充率。
  - 失败托盘互借诊断：未合并（no_target_or_single_plan）。
托盘类型 MH423C（销售订单号：PAID16280FC02S）处理完成：总托盘 1，指数达标 0，未达标 1，平均缺口 176.00，最大缺口 176.00，失败托盘互借修复成功 0。
  - KPI：near/mid/deep=0/0/1，救回率=0.00%，pair效率=0.00%。
  - 耗时拆解：packing=0.00s，main_topup=0.00s，retry=0.00s，failed_pool=0.00s，repack=0.00s，total=0.03s。
正在处理托盘类型：MH423C，销售订单号：PAIN26296EC02S
  - 主算法：全局列式装箱 + 柱级组合优化（GCP）。
  - 失败托盘互借诊断：未合并（aborted_no_improvement_possible）。
托盘类型 MH423C（销售订单号：PAIN26296EC02S）处理完成：总托盘 2，指数达标 0，未达标 2，平均缺口 84.00，最大缺口 162.00，失败托盘互借修复成功 0。
  - KPI：near/mid/deep=1/0/1，救回率=0.00%，pair效率=0.00%。
  - 耗时拆解：packing=0.05s，main_topup=0.00s，retry=0.00s，failed_pool=0.00s，repack=5.72s，total=5.77s。
正在处理托盘类型：MH423C，销售订单号：PAID16290FC02S
  - 该分组不适合列式（多非满柱）→ 回退 beam + 配方优先。
  - 配方优先[fast]：规划 0 实例，实装成功 0，配方路径不可用 → 采用基线方案。
  - 指数诊断：箱子 6 个，总指数 14，目标 192，理论最多达标托盘 0 个，剩余指数 14。
  - 几何诊断：典型整层堆叠单盘参考上限 14/192。 当前目标可能受托盘高度/箱型组合限制。
  - 几何不可达标记：典型整层上限 14 < 目标 192，救援优先压缩托盘数和填充率。
  - 失败托盘互借诊断：未合并（no_target_or_single_plan）。
托盘类型 MH423C（销售订单号：PAID16290FC02S）处理完成：总托盘 1，指数达标 0，未达标 1，平均缺口 178.00，最大缺口 178.00，失败托盘互借修复成功 0。
  - KPI：near/mid/deep=0/0/1，救回率=0.00%，pair效率=0.00%。
  - 耗时拆解：packing=0.01s，main_topup=0.00s，retry=0.00s，failed_pool=0.00s，repack=0.00s，total=0.06s。
正在处理托盘类型：MH423C，销售订单号：LAID16295EN01S__CASEGROUP__1
  - 主算法：全局列式装箱 + 柱级组合优化（GCP）。
  - 失败托盘互借诊断：未合并（no_target_or_single_plan）。
托盘类型 MH423C（销售订单号：LAID16295EN01S__CASEGROUP__1）处理完成：总托盘 1，指数达标 0，未达标 1，平均缺口 52.00，最大缺口 52.00，失败托盘互借修复成功 0。
  - KPI：near/mid/deep=0/0/1，救回率=0.00%，pair效率=0.00%。
  - 耗时拆解：packing=2.11s，main_topup=0.00s，retry=0.00s，failed_pool=0.00s，repack=0.00s，total=2.11s。
正在处理托盘类型：MH423C，销售订单号：LAID16295EN01S__CASEGROUP__1__SPLITREST__
  - 该分组不适合列式（多非满柱）→ 回退 beam + 配方优先。
  - 配方优先[fast]：规划 0 实例，实装成功 0，配方路径不可用 → 采用基线方案。
  - 指数诊断：箱子 5 个，总指数 16，目标 192，理论最多达标托盘 0 个，剩余指数 16。
  - 几何诊断：典型整层堆叠单盘参考上限 16/192。 当前目标可能受托盘高度/箱型组合限制。
  - 几何不可达标记：典型整层上限 16 < 目标 192，救援优先压缩托盘数和填充率。
  - 失败托盘互借诊断：未合并（no_target_or_single_plan）。
托盘类型 MH423C（销售订单号：LAID16295EN01S__CASEGROUP__1__SPLITREST__）处理完成：总托盘 1，指数达标 0，未达标 1，平均缺口 176.00，最大缺口 176.00，失败托盘互借修复成功 0。
  - KPI：near/mid/deep=0/0/1，救回率=0.00%，pair效率=0.00%。
  - 耗时拆解：packing=0.01s，main_topup=0.00s，retry=0.00s，failed_pool=0.00s，repack=0.00s，total=0.01s。
正在处理托盘类型：MH423C，销售订单号：PEG146296CN01S
  - 主算法：全局列式装箱 + 柱级组合优化（GCP）。
  - 失败托盘互借诊断：未合并（no_target_or_single_plan）。
托盘类型 MH423C（销售订单号：PEG146296CN01S）处理完成：总托盘 1，指数达标 0，未达标 1，平均缺口 68.00，最大缺口 68.00，失败托盘互借修复成功 0。
  - KPI：near/mid/deep=0/0/1，救回率=0.00%，pair效率=0.00%。
  - 耗时拆解：packing=0.00s，main_topup=0.00s，retry=0.00s，failed_pool=0.00s，repack=0.00s，total=0.00s。
正在处理托盘类型：MH423C，销售订单号：LAID16284AN02S
  - 主算法：全局列式装箱 + 柱级组合优化（GCP）。
  - GCP 盘数远超理论（CP-SAT 装不满）→ 回退 baseline beam + 配方优先。
  - 配方优先[fast]：规划 0 实例，实装成功 0，配方路径不可用 → 采用基线方案。
  - 指数诊断：箱子 7 个，总指数 22，目标 192，理论最多达标托盘 0 个，剩余指数 22。
  - 几何诊断：典型整层堆叠单盘参考上限 22/192。 当前目标可能受托盘高度/箱型组合限制。
  - 几何不可达标记：典型整层上限 22 < 目标 192，救援优先压缩托盘数和填充率。
  - 失败托盘互借诊断：未合并（no_target_or_single_plan）。
托盘类型 MH423C（销售订单号：LAID16284AN02S）处理完成：总托盘 1，指数达标 0，未达标 1，平均缺口 170.00，最大缺口 170.00，失败托盘互借修复成功 0。
  - KPI：near/mid/deep=0/0/1，救回率=0.00%，pair效率=0.00%。
  - 耗时拆解：packing=0.01s，main_topup=0.00s，retry=0.00s，failed_pool=0.00s，repack=0.00s，total=0.05s。
正在处理托盘类型：MH423C，销售订单号：PAIN26290MN09S
  - 主算法：全局列式装箱 + 柱级组合优化（GCP）。
  - 失败托盘互借诊断：未合并（no_target_or_single_plan）。
托盘类型 MH423C（销售订单号：PAIN26290MN09S）处理完成：总托盘 1，指数达标 0，未达标 1，平均缺口 84.00，最大缺口 84.00，失败托盘互借修复成功 0。
  - KPI：near/mid/deep=0/0/1，救回率=0.00%，pair效率=0.00%。
  - 耗时拆解：packing=0.04s，main_topup=0.00s，retry=0.00s，failed_pool=0.00s，repack=0.00s，total=0.04s。
正在处理托盘类型：MH423C，销售订单号：LAID16294AN01S
  - 该分组不适合列式（多非满柱）→ 回退 beam + 配方优先。
  - 配方优先[fast]：规划 0 实例，实装成功 0，配方路径不可用 → 采用基线方案。
  - 指数诊断：箱子 9 个，总指数 23，目标 192，理论最多达标托盘 0 个，剩余指数 23。
  - 几何诊断：典型整层堆叠单盘参考上限 20/192。 当前目标可能受托盘高度/箱型组合限制。
  - 几何不可达标记：典型整层上限 20 < 目标 192，救援优先压缩托盘数和填充率。
  - 失败托盘互借诊断：未合并（no_target_or_single_plan）。
托盘类型 MH423C（销售订单号：LAID16294AN01S）处理完成：总托盘 1，指数达标 0，未达标 1，平均缺口 169.00，最大缺口 169.00，失败托盘互借修复成功 0。
  - KPI：near/mid/deep=0/0/1，救回率=0.00%，pair效率=0.00%。
  - 耗时拆解：packing=0.04s，main_topup=0.00s，retry=0.00s，failed_pool=0.00s，repack=0.00s，total=0.04s。
正在处理托盘类型：MH423C，销售订单号：LAMY16305FN01S
  - 主算法：全局列式装箱 + 柱级组合优化（GCP）。
  - 失败托盘互借诊断：未合并（no_target_or_single_plan）。
托盘类型 MH423C（销售订单号：LAMY16305FN01S）处理完成：总托盘 1，指数达标 0，未达标 1，平均缺口 170.00，最大缺口 170.00，失败托盘互借修复成功 0。
  - KPI：near/mid/deep=0/0/1，救回率=0.00%，pair效率=0.00%。
  - 耗时拆解：packing=0.02s，main_topup=0.00s，retry=0.00s，failed_pool=0.00s，repack=0.00s，total=0.02s。
正在处理托盘类型：MH423C，销售订单号：PAID16295BN01S
  - 主算法：全局列式装箱 + 柱级组合优化（GCP）。
  - 失败托盘互借诊断：未合并（no_target_or_single_plan）。
托盘类型 MH423C（销售订单号：PAID16295BN01S）处理完成：总托盘 1，指数达标 0，未达标 1，平均缺口 124.00，最大缺口 124.00，失败托盘互借修复成功 0。
  - KPI：near/mid/deep=0/0/1，救回率=0.00%，pair效率=0.00%。
  - 耗时拆解：packing=0.01s，main_topup=0.00s，retry=0.00s，failed_pool=0.00s，repack=0.00s，total=0.01s。
正在处理托盘类型：MH423C，销售订单号：PAID16296DN01S
  - 主算法：全局列式装箱 + 柱级组合优化（GCP）。
  - GCP 盘数远超理论（CP-SAT 装不满）→ 回退 baseline beam + 配方优先。
  - 配方优先[fast]：规划 0 实例，实装成功 0，配方路径不可用 → 采用基线方案。
  - 指数诊断：箱子 10 个，总指数 20，目标 192，理论最多达标托盘 0 个，剩余指数 20。
  - 几何诊断：典型整层堆叠单盘参考上限 20/192。 当前目标可能受托盘高度/箱型组合限制。
  - 几何不可达标记：典型整层上限 20 < 目标 192，救援优先压缩托盘数和填充率。
  - 失败托盘互借诊断：未合并（no_target_or_single_plan）。
托盘类型 MH423C（销售订单号：PAID16296DN01S）处理完成：总托盘 1，指数达标 0，未达标 1，平均缺口 172.00，最大缺口 172.00，失败托盘互借修复成功 0。
  - KPI：near/mid/deep=0/0/1，救回率=0.00%，pair效率=0.00%。
  - 耗时拆解：packing=0.02s，main_topup=0.00s，retry=0.00s，failed_pool=0.00s，repack=0.00s，total=0.10s。
正在处理托盘类型：MH423C，销售订单号：PAID16295EL05S
  - 该分组不适合列式（多非满柱）→ 回退 beam + 配方优先。
  - 配方优先[fast]：规划 0 实例，实装成功 0，配方路径不可用 → 采用基线方案。
  - 指数诊断：箱子 1 个，总指数 2，目标 192，理论最多达标托盘 0 个，剩余指数 2。
  - 几何诊断：典型整层堆叠单盘参考上限 2/192。 当前目标可能受托盘高度/箱型组合限制。
  - 几何不可达标记：典型整层上限 2 < 目标 192，救援优先压缩托盘数和填充率。
  - 失败托盘互借诊断：未合并（no_target_or_single_plan）。
托盘类型 MH423C（销售订单号：PAID16295EL05S）处理完成：总托盘 1，指数达标 0，未达标 1，平均缺口 190.00，最大缺口 190.00，失败托盘互借修复成功 0。
  - KPI：near/mid/deep=0/0/1，救回率=0.00%，pair效率=0.00%。
  - 耗时拆解：packing=0.00s，main_topup=0.00s，retry=0.00s，failed_pool=0.00s，repack=0.00s，total=0.00s。
正在处理托盘类型：MH423C，销售订单号：PAID16290FL03S
  - 该分组不适合列式（多非满柱）→ 回退 beam + 配方优先。
  - 配方优先[fast]：规划 0 实例，实装成功 0，配方路径不可用 → 采用基线方案。
  - 指数诊断：箱子 3 个，总指数 6，目标 192，理论最多达标托盘 0 个，剩余指数 6。
  - 几何诊断：典型整层堆叠单盘参考上限 6/192。 当前目标可能受托盘高度/箱型组合限制。
  - 几何不可达标记：典型整层上限 6 < 目标 192，救援优先压缩托盘数和填充率。
  - 失败托盘互借诊断：未合并（no_target_or_single_plan）。
托盘类型 MH423C（销售订单号：PAID16290FL03S）处理完成：总托盘 1，指数达标 0，未达标 1，平均缺口 186.00，最大缺口 186.00，失败托盘互借修复成功 0。
  - KPI：near/mid/deep=0/0/1，救回率=0.00%，pair效率=0.00%。
  - 耗时拆解：packing=0.00s，main_topup=0.00s，retry=0.00s，failed_pool=0.00s，repack=0.00s，total=0.01s。
正在处理托盘类型：MH423C，销售订单号：PAIN26290MN02S
  - 该分组不适合列式（多非满柱）→ 回退 beam + 配方优先。
  - 配方优先[fast]：规划 0 实例，实装成功 0，配方路径不可用 → 采用基线方案。
  - 指数诊断：箱子 56 个，总指数 88，目标 192，理论最多达标托盘 0 个，剩余指数 88。
  - 几何诊断：典型整层堆叠单盘参考上限 85/192。 当前目标可能受托盘高度/箱型组合限制。
  - 几何不可达标记：典型整层上限 85 < 目标 192，救援优先压缩托盘数和填充率。
  - 失败托盘互借诊断：未合并（no_target_or_single_plan）。
托盘类型 MH423C（销售订单号：PAIN26290MN02S）处理完成：总托盘 1，指数达标 0，未达标 1，平均缺口 104.00，最大缺口 104.00，失败托盘互借修复成功 0。
  - KPI：near/mid/deep=0/0/1，救回率=0.00%，pair效率=0.00%。
  - 耗时拆解：packing=1.77s，main_topup=0.00s，retry=0.00s，failed_pool=0.00s，repack=0.00s，total=1.77s。
正在处理托盘类型：MH423C，销售订单号：PAIN26296EN01S
  - 主算法：全局列式装箱 + 柱级组合优化（GCP）。
  - 失败托盘互借诊断：未合并（no_target_or_single_plan）。
托盘类型 MH423C（销售订单号：PAIN26296EN01S）处理完成：总托盘 1，指数达标 0，未达标 1，平均缺口 40.00，最大缺口 40.00，失败托盘互借修复成功 0。
  - KPI：near/mid/deep=0/0/1，救回率=0.00%，pair效率=0.00%。
  - 耗时拆解：packing=1.23s，main_topup=0.00s，retry=0.00s，failed_pool=0.00s，repack=0.00s，total=1.23s。
正在处理托盘类型：MH423C，销售订单号：PAIN26290MN10S
  - 主算法：全局列式装箱 + 柱级组合优化（GCP）。
  - 失败托盘互借诊断：未合并（no_target_or_single_plan）。
托盘类型 MH423C（销售订单号：PAIN26290MN10S）处理完成：总托盘 1，指数达标 0，未达标 1，平均缺口 124.00，最大缺口 124.00，失败托盘互借修复成功 0。
  - KPI：near/mid/deep=0/0/1，救回率=0.00%，pair效率=0.00%。
  - 耗时拆解：packing=0.00s，main_topup=0.00s，retry=0.00s，failed_pool=0.00s，repack=0.00s，total=0.00s。
正在处理托盘类型：MH423C，销售订单号：PAIN26290MZ07S
  - 该分组不适合列式（多非满柱）→ 回退 beam + 配方优先。
  - 配方优先[fast]：规划 0 实例，实装成功 0，配方路径不可用 → 采用基线方案。
  - 指数诊断：箱子 72 个，总指数 210，目标 192，理论最多达标托盘 1 个，剩余指数 18。
  - 几何诊断：典型整层堆叠单盘参考上限 124/192。 当前目标可能受托盘高度/箱型组合限制。
  - 几何不可达标记：典型整层上限 124 < 目标 192，救援优先压缩托盘数和填充率。
  - 失败托盘互借诊断：未合并（aborted_no_improvement_possible）。
托盘类型 MH423C（销售订单号：PAIN26290MZ07S）处理完成：总托盘 2，指数达标 0，未达标 2，平均缺口 87.00，最大缺口 106.00，失败托盘互借修复成功 0。
  - KPI：near/mid/deep=0/0/2，救回率=0.00%，pair效率=0.00%。
  - 耗时拆解：packing=1.45s，main_topup=0.00s，retry=0.00s，failed_pool=0.00s，repack=2.38s，total=3.84s。
正在处理托盘类型：MH423C，销售订单号：PEG106290LN01S
  - 主算法：全局列式装箱 + 柱级组合优化（GCP）。
  - 失败托盘互借诊断：未合并（no_target_or_single_plan）。
托盘类型 MH423C（销售订单号：PEG106290LN01S）处理完成：总托盘 1，指数达标 0，未达标 1，平均缺口 76.00，最大缺口 76.00，失败托盘互借修复成功 0。
  - KPI：near/mid/deep=0/0/1，救回率=0.00%，pair效率=0.00%。
  - 耗时拆解：packing=0.00s，main_topup=0.00s，retry=0.00s，failed_pool=0.00s，repack=0.00s，total=0.00s。
正在处理托盘类型：MH423C，销售订单号：LAID16306DN02S
  - 主算法：全局列式装箱 + 柱级组合优化（GCP）。
  - 失败托盘互借诊断：未合并（no_target_or_single_plan）。
托盘类型 MH423C（销售订单号：LAID16306DN02S）处理完成：总托盘 1，指数达标 0，未达标 1，平均缺口 116.00，最大缺口 116.00，失败托盘互借修复成功 0。
  - KPI：near/mid/deep=0/0/1，救回率=0.00%，pair效率=0.00%。
  - 耗时拆解：packing=0.00s，main_topup=0.00s，retry=0.00s，failed_pool=0.00s，repack=0.00s，total=0.00s。
正在处理托盘类型：MH423C，销售订单号：LAID16306DN02S__SPLITREST__
  - 该分组不适合列式（多非满柱）→ 回退 beam + 配方优先。
  - 配方优先[fast]：规划 0 实例，实装成功 0，配方路径不可用 → 采用基线方案。
  - 指数诊断：箱子 2 个，总指数 4，目标 192，理论最多达标托盘 0 个，剩余指数 4。
  - 几何诊断：典型整层堆叠单盘参考上限 4/192。 当前目标可能受托盘高度/箱型组合限制。
  - 几何不可达标记：典型整层上限 4 < 目标 192，救援优先压缩托盘数和填充率。
  - 失败托盘互借诊断：未合并（no_target_or_single_plan）。
托盘类型 MH423C（销售订单号：LAID16306DN02S__SPLITREST__）处理完成：总托盘 1，指数达标 0，未达标 1，平均缺口 188.00，最大缺口 188.00，失败托盘互借修复成功 0。
  - KPI：near/mid/deep=0/0/1，救回率=0.00%，pair效率=0.00%。
  - 耗时拆解：packing=0.00s，main_topup=0.00s，retry=0.00s，failed_pool=0.00s，repack=0.00s，total=0.01s。
正在处理托盘类型：MH423C，销售订单号：PAIN26280MZ06S
  - 主算法：全局列式装箱 + 柱级组合优化（GCP）。
  - 失败托盘互借诊断：未合并（no_target_or_single_plan）。
托盘类型 MH423C（销售订单号：PAIN26280MZ06S）处理完成：总托盘 1，指数达标 0，未达标 1，平均缺口 18.00，最大缺口 18.00，失败托盘互借修复成功 0。
  - KPI：near/mid/deep=0/1/0，救回率=0.00%，pair效率=0.00%。
  - 耗时拆解：packing=1.77s，main_topup=0.00s，retry=0.00s，failed_pool=0.00s，repack=0.00s，total=1.77s。
正在处理托盘类型：MH423C，销售订单号：PAIN26280BN01S
  - 主算法：全局列式装箱 + 柱级组合优化（GCP）。
  - 失败托盘互借诊断：未合并（no_target_or_single_plan）。
托盘类型 MH423C（销售订单号：PAIN26280BN01S）处理完成：总托盘 1，指数达标 0，未达标 1，平均缺口 148.00，最大缺口 148.00，失败托盘互借修复成功 0。
  - KPI：near/mid/deep=0/0/1，救回率=0.00%，pair效率=0.00%。
  - 耗时拆解：packing=0.07s，main_topup=0.00s，retry=0.00s，failed_pool=0.00s，repack=0.00s，total=0.07s。
正在处理托盘类型：MH423C，销售订单号：PAID16300FN01S
  - 该分组不适合列式（多非满柱）→ 回退 beam + 配方优先。
  - 配方优先[fast]：规划 0 实例，实装成功 0，配方路径不可用 → 采用基线方案。
  - 指数诊断：箱子 1 个，总指数 4，目标 192，理论最多达标托盘 0 个，剩余指数 4。
  - 几何诊断：典型整层堆叠单盘参考上限 4/192。 当前目标可能受托盘高度/箱型组合限制。
  - 几何不可达标记：典型整层上限 4 < 目标 192，救援优先压缩托盘数和填充率。
  - 失败托盘互借诊断：未合并（no_target_or_single_plan）。
托盘类型 MH423C（销售订单号：PAID16300FN01S）处理完成：总托盘 1，指数达标 0，未达标 1，平均缺口 188.00，最大缺口 188.00，失败托盘互借修复成功 0。
  - KPI：near/mid/deep=0/0/1，救回率=0.00%，pair效率=0.00%。
  - 耗时拆解：packing=0.00s，main_topup=0.00s，retry=0.00s，failed_pool=0.00s，repack=0.00s，total=0.00s。
正在处理托盘类型：MH423C，销售订单号：LAID16306DN03S
  - 主算法：全局列式装箱 + 柱级组合优化（GCP）。
  - 失败托盘互借诊断：未合并（no_target_or_single_plan）。
托盘类型 MH423C（销售订单号：LAID16306DN03S）处理完成：总托盘 1，指数达标 0，未达标 1，平均缺口 132.00，最大缺口 132.00，失败托盘互借修复成功 0。
  - KPI：near/mid/deep=0/0/1，救回率=0.00%，pair效率=0.00%。
  - 耗时拆解：packing=0.03s，main_topup=0.00s，retry=0.00s，failed_pool=0.00s，repack=0.00s，total=0.03s。
正在处理托盘类型：MH423C，销售订单号：LAID16306DN03S__SPLITREST__
  - 该分组不适合列式（多非满柱）→ 回退 beam + 配方优先。
  - 配方优先[fast]：规划 0 实例，实装成功 0，配方路径不可用 → 采用基线方案。
  - 指数诊断：箱子 2 个，总指数 4，目标 192，理论最多达标托盘 0 个，剩余指数 4。
  - 几何诊断：典型整层堆叠单盘参考上限 4/192。 当前目标可能受托盘高度/箱型组合限制。
  - 几何不可达标记：典型整层上限 4 < 目标 192，救援优先压缩托盘数和填充率。
  - 失败托盘互借诊断：未合并（no_target_or_single_plan）。
托盘类型 MH423C（销售订单号：LAID16306DN03S__SPLITREST__）处理完成：总托盘 1，指数达标 0，未达标 1，平均缺口 188.00，最大缺口 188.00，失败托盘互借修复成功 0。
  - KPI：near/mid/deep=0/0/1，救回率=0.00%，pair效率=0.00%。
  - 耗时拆解：packing=0.00s，main_topup=0.00s，retry=0.00s，failed_pool=0.00s，repack=0.00s，total=0.01s。
正在处理托盘类型：MH423C，销售订单号：PAID16306DN01S
  - 主算法：全局列式装箱 + 柱级组合优化（GCP）。
  - 失败托盘互借诊断：未合并（no_target_or_single_plan）。
托盘类型 MH423C（销售订单号：PAID16306DN01S）处理完成：总托盘 1，指数达标 0，未达标 1，平均缺口 156.00，最大缺口 156.00，失败托盘互借修复成功 0。
  - KPI：near/mid/deep=0/0/1，救回率=0.00%，pair效率=0.00%。
  - 耗时拆解：packing=0.11s，main_topup=0.00s，retry=0.00s，failed_pool=0.00s，repack=0.00s，total=0.11s。
正在处理托盘类型：MH423C，销售订单号：PAID16295BD02S
  - 主算法：全局列式装箱 + 柱级组合优化（GCP）。
  - 失败托盘互借诊断：未合并（no_target_or_single_plan）。
托盘类型 MH423C（销售订单号：PAID16295BD02S）处理完成：总托盘 1，指数达标 0，未达标 1，平均缺口 156.00，最大缺口 156.00，失败托盘互借修复成功 0。
  - KPI：near/mid/deep=0/0/1，救回率=0.00%，pair效率=0.00%。
  - 耗时拆解：packing=0.05s，main_topup=0.00s，retry=0.00s，failed_pool=0.00s，repack=0.00s，total=0.05s。
正在处理托盘类型：MH423C，销售订单号：PAID16305BN01S
  - 该分组不适合列式（多非满柱）→ 回退 beam + 配方优先。
  - 配方优先[fast]：规划 0 实例，实装成功 0，配方路径不可用 → 采用基线方案。
  - 指数诊断：箱子 2 个，总指数 4，目标 192，理论最多达标托盘 0 个，剩余指数 4。
  - 几何诊断：典型整层堆叠单盘参考上限 4/192。 当前目标可能受托盘高度/箱型组合限制。
  - 几何不可达标记：典型整层上限 4 < 目标 192，救援优先压缩托盘数和填充率。
  - 失败托盘互借诊断：未合并（no_target_or_single_plan）。
托盘类型 MH423C（销售订单号：PAID16305BN01S）处理完成：总托盘 1，指数达标 0，未达标 1，平均缺口 188.00，最大缺口 188.00，失败托盘互借修复成功 0。
  - KPI：near/mid/deep=0/0/1，救回率=0.00%，pair效率=0.00%。
  - 耗时拆解：packing=0.00s，main_topup=0.00s，retry=0.00s，failed_pool=0.00s，repack=0.00s，total=0.01s。
  - 失败盘装满压实：合并/吸收 1 次（纯减盘数）。
  - 跨子组装满压实（MH423C / LAID16306DN01S）：合并 1 次（纯减盘数）。
  - 失败盘装满压实：合并/吸收 1 次（纯减盘数）。
  - 跨子组装满压实（MH423C / LAID16296DN01S）：合并 1 次（纯减盘数）。
  - 失败盘装满压实：合并/吸收 2 次（纯减盘数）。
  - 跨子组装满压实（MH423C / LAID16285EN01S__CASEGROUP__1）：合并 2 次（纯减盘数）。
  - 失败盘装满压实：合并/吸收 1 次（纯减盘数）。
  - 跨子组装满压实（MH423C / PAIN26286EN01S）：合并 1 次（纯减盘数）。
  - 失败盘装满压实：合并/吸收 1 次（纯减盘数）。
  - 跨子组装满压实（MH423C / LFEG16290IN03S）：合并 1 次（纯减盘数）。
  - 失败盘装满压实：合并/吸收 1 次（纯减盘数）。
  - 跨子组装满压实（MH423C / LAID16295EN02S）：合并 1 次（纯减盘数）。
  - 失败盘装满压实：合并/吸收 1 次（纯减盘数）。
  - 跨子组装满压实（MH423C / LAMY16315FN01S）：合并 1 次（纯减盘数）。
  - 失败盘装满压实：合并/吸收 1 次（纯减盘数）。
  - 跨子组装满压实（MH423C / LAID16305BN01S）：合并 1 次（纯减盘数）。
  - 失败盘装满压实：合并/吸收 1 次（纯减盘数）。
  - 跨子组装满压实（MH423C / LAID16295EN01S__CASEGROUP__1）：合并 1 次（纯减盘数）。
  - 失败盘装满压实：合并/吸收 1 次（纯减盘数）。
  - 跨子组装满压实（MH423C / LAID16306DN02S）：合并 1 次（纯减盘数）。
  - 失败盘装满压实：合并/吸收 1 次（纯减盘数）。
  - 跨子组装满压实（MH423C / LAID16306DN03S）：合并 1 次（纯减盘数）。
========================================
统计汇总：总托盘 89，指数达标 0，未达标 89，未知 0，平均缺口 134.52，最大缺口 191.50，失败托盘互借修复成功 0
KPI汇总：near/mid/deep=2/3/84，pair尝试=0，pair改进=0，pair效率=0.00%
耗时汇总：packing=25.08s，main_topup=0.07s，retry=0.00s，repack=26.22s，end_to_end=79.07s
========================================
[WCS-装] SUCCESS 产品码 0 个，DB 更新达标 0 行；FAILED 盘 89 个保持未达标。
[WCS-装] 本轮结束；等待下一次「新插入」再开算。
[WCS-装] 装箱报告已保存：E:\Homework\AA装箱\A装箱和可视化\zhuang\packing-workspace\output\packing_plan_20260720_170440.json
[WCS-装] 接口 2 发送体已保存：E:\Homework\AA装箱\A装箱和可视化\zhuang\packing-workspace\output\wcs_plan_20260720_170440.json（89 个 case）
[WCS-装] 已跳过接口 2 推送（仅本地保存）。
[UI-RESULT] E:\Homework\AA装箱\A装箱和可视化\zhuang\packing-workspace\output\packing_plan_20260720_170440.json
[WCS-装] 等待数据库新插入（有新 product_code 才开算）…
============================================================
[WCS-拉] 20260720_170756：拉取接口 1 …
[WCS-拉] 原始响应已保存：E:\Homework\AA装箱\A装箱和可视化\zhuang\packing-workspace\input\raw\20260720_170756.json
[WCS-拉] 已剔除 case_type≠MH423C 的品类 67 条（类型：['WR246']），保留 2065 条。
[WCS-DB] product_code 已存在、跳过 2052 条
[WCS-拉] 落库完成：候选 2065 条，新插入 13 条（新行 up_to_standard=0）。
[WCS-拉] 有新插入 → 唤醒装箱线程。
[WCS] 已加载 BMS 参考表：E:\Homework\AA装箱\A装箱和可视化\zhuang\packing-workspace\data\selected_5000_boxes_9_1_concentrated_3orders.xlsx
============================================================
[WCS-装] 20260720_170802：未达标行 2189 条，开始装箱 …
[WCS-装] 展开为 2189 个箱子。
数据预处理和箱子分组完成（按托盘类型+销售订单号）。
----------------------------------------
  - 组内子聚类：19 个混合订单拆出规则子集走 GCP、杂箱走 baseline。
正在处理托盘类型：MH423C，销售订单号：LAID16285EN01S
  - 主算法：全局列式装箱 + 柱级组合优化（GCP）。
  - 失败托盘互借诊断：未合并（no_target_or_single_plan）。
托盘类型 MH423C（销售订单号：LAID16285EN01S）处理完成：总托盘 1，指数达标 0，未达标 1，平均缺口 136.00，最大缺口 136.00，失败托盘互借修复成功 0。
  - KPI：near/mid/deep=0/0/1，救回率=0.00%，pair效率=0.00%。
  - 耗时拆解：packing=0.02s，main_topup=0.00s，retry=0.00s，failed_pool=0.00s，repack=0.00s，total=0.02s。
正在处理托盘类型：MH423C，销售订单号：LAID16285EN01S__SPLITREST__
  - 该分组不适合列式（多非满柱）→ 回退 beam + 配方优先。
  - 配方优先[fast]：规划 0 实例，实装成功 0，配方路径不可用 → 采用基线方案。
  - 指数诊断：箱子 4 个，总指数 9.5，目标 192，理论最多达标托盘 0 个，剩余指数 9.5。
  - 几何诊断：典型整层堆叠单盘参考上限 9.5/192。 当前目标可能受托盘高度/箱型组合限制。
  - 几何不可达标记：典型整层上限 9.5 < 目标 192，救援优先压缩托盘数和填充率。
  - 失败托盘互借诊断：未合并（no_target_or_single_plan）。
托盘类型 MH423C（销售订单号：LAID16285EN01S__SPLITREST__）处理完成：总托盘 1，指数达标 0，未达标 1，平均缺口 182.50，最大缺口 182.50，失败托盘互借修复成功 0。
  - KPI：near/mid/deep=0/0/1，救回率=0.00%，pair效率=0.00%。
  - 耗时拆解：packing=0.01s，main_topup=0.00s，retry=0.00s，failed_pool=0.00s，repack=0.00s，total=0.02s。
正在处理托盘类型：MH423C，销售订单号：LAID16286DN02S
  - 该分组不适合列式（多非满柱）→ 回退 beam + 配方优先。
  - 配方优先[fast]：规划 0 实例，实装成功 0，配方路径不可用 → 采用基线方案。
  - 指数诊断：箱子 1 个，总指数 0.5，目标 192，理论最多达标托盘 0 个，剩余指数 0.5。
  - 几何诊断：典型整层堆叠单盘参考上限 0.5/192。 当前目标可能受托盘高度/箱型组合限制。
  - 几何不可达标记：典型整层上限 0.5 < 目标 192，救援优先压缩托盘数和填充率。
  - 失败托盘互借诊断：未合并（no_target_or_single_plan）。
托盘类型 MH423C（销售订单号：LAID16286DN02S）处理完成：总托盘 1，指数达标 0，未达标 1，平均缺口 191.50，最大缺口 191.50，失败托盘互借修复成功 0。
  - KPI：near/mid/deep=0/0/1，救回率=0.00%，pair效率=0.00%。
  - 耗时拆解：packing=0.00s，main_topup=0.00s，retry=0.00s，failed_pool=0.00s，repack=0.00s，total=0.00s。
正在处理托盘类型：MH423C，销售订单号：PAIN26280MN08S
  - 主算法：全局列式装箱 + 柱级组合优化（GCP）。
  - 失败托盘互借诊断：未合并（no_target_or_single_plan）。
托盘类型 MH423C（销售订单号：PAIN26280MN08S）处理完成：总托盘 1，指数达标 0，未达标 1，平均缺口 105.00，最大缺口 105.00，失败托盘互借修复成功 0。
  - KPI：near/mid/deep=0/0/1，救回率=0.00%，pair效率=0.00%。
  - 耗时拆解：packing=0.00s，main_topup=0.00s，retry=0.00s，failed_pool=0.00s，repack=0.00s，total=0.00s。
正在处理托盘类型：MH423C，销售订单号：PAIN26280MN01S
  - 该分组不适合列式（多非满柱）→ 回退 beam + 配方优先。
  - 配方优先[fast]：规划 0 实例，实装成功 0，配方路径不可用 → 采用基线方案。
  - 指数诊断：箱子 3 个，总指数 6，目标 192，理论最多达标托盘 0 个，剩余指数 6。
  - 几何诊断：典型整层堆叠单盘参考上限 6/192。 当前目标可能受托盘高度/箱型组合限制。
  - 几何不可达标记：典型整层上限 6 < 目标 192，救援优先压缩托盘数和填充率。
  - 失败托盘互借诊断：未合并（no_target_or_single_plan）。
托盘类型 MH423C（销售订单号：PAIN26280MN01S）处理完成：总托盘 1，指数达标 0，未达标 1，平均缺口 186.00，最大缺口 186.00，失败托盘互借修复成功 0。
  - KPI：near/mid/deep=0/0/1，救回率=0.00%，pair效率=0.00%。
  - 耗时拆解：packing=0.00s，main_topup=0.00s，retry=0.00s，failed_pool=0.00s，repack=0.00s，total=0.01s。
正在处理托盘类型：MH423C，销售订单号：LAID16306DN01S
  - 主算法：全局列式装箱 + 柱级组合优化（GCP）。
  - 失败托盘互借诊断：未合并（aborted_no_improvement_possible）。
托盘类型 MH423C（销售订单号：LAID16306DN01S）处理完成：总托盘 2，指数达标 0，未达标 2，平均缺口 90.00，最大缺口 168.00，失败托盘互借修复成功 0。
  - KPI：near/mid/deep=0/1/1，救回率=0.00%，pair效率=0.00%。
  - 耗时拆解：packing=0.02s，main_topup=0.00s，retry=0.00s，failed_pool=0.00s，repack=1.20s，total=1.22s。
正在处理托盘类型：MH423C，销售订单号：LAID16306DN01S__SPLITREST__
  - 该分组不适合列式（多非满柱）→ 回退 beam + 配方优先。
  - 托盘 MH423C-LAID16306DN01S__SPLITREST__-1 未找到可行装箱方案，启用剩余箱子守恒兜底。
  - 配方优先[fast]：规划 0 实例，实装成功 0，配方路径不可用 → 采用基线方案。
  - 指数诊断：箱子 5 个，总指数 5.5，目标 192，理论最多达标托盘 0 个，剩余指数 5.5。
  - 几何诊断：典型整层堆叠单盘参考上限 5.5/192。 当前目标可能受托盘高度/箱型组合限制。
  - 几何不可达标记：典型整层上限 5.5 < 目标 192，救援优先压缩托盘数和填充率。
  - 失败盘装满压实：合并/吸收 1 次（纯减盘数）。
  - 失败托盘互借诊断：未合并（aborted_no_improvement_possible）。
托盘类型 MH423C（销售订单号：LAID16306DN01S__SPLITREST__）处理完成：总托盘 1，指数达标 0，未达标 1，平均缺口 186.50，最大缺口 186.50，失败托盘互借修复成功 0。
  - KPI：near/mid/deep=0/0/1，救回率=0.00%，pair效率=0.00%。
  - 耗时拆解：packing=0.01s，main_topup=0.00s，retry=0.00s，failed_pool=0.00s，repack=0.02s，total=0.07s。
正在处理托盘类型：MH423C，销售订单号：LAID16296DN01S
  - 主算法：全局列式装箱 + 柱级组合优化（GCP）。
  - 失败托盘互借诊断：未合并（aborted_no_improvement_possible）。
托盘类型 MH423C（销售订单号：LAID16296DN01S）处理完成：总托盘 2，指数达标 0，未达标 2，平均缺口 163.75，最大缺口 188.00，失败托盘互借修复成功 0。
  - KPI：near/mid/deep=0/0/2，救回率=0.00%，pair效率=0.00%。
  - 耗时拆解：packing=0.07s，main_topup=0.00s，retry=0.00s，failed_pool=0.00s，repack=0.12s，total=0.18s。
正在处理托盘类型：MH423C，销售订单号：LAID16296DN01S__SPLITREST__
  - 该分组不适合列式（多非满柱）→ 回退 beam + 配方优先。
  - 配方优先[fast]：规划 0 实例，实装成功 0，配方路径不可用 → 采用基线方案。
  - 指数诊断：箱子 4 个，总指数 8，目标 192，理论最多达标托盘 0 个，剩余指数 8。
  - 几何诊断：典型整层堆叠单盘参考上限 8/192。 当前目标可能受托盘高度/箱型组合限制。
  - 几何不可达标记：典型整层上限 8 < 目标 192，救援优先压缩托盘数和填充率。
  - 失败托盘互借诊断：未合并（no_target_or_single_plan）。
托盘类型 MH423C（销售订单号：LAID16296DN01S__SPLITREST__）处理完成：总托盘 1，指数达标 0，未达标 1，平均缺口 184.00，最大缺口 184.00，失败托盘互借修复成功 0。
  - KPI：near/mid/deep=0/0/1，救回率=0.00%，pair效率=0.00%。
  - 耗时拆解：packing=0.00s，main_topup=0.00s，retry=0.00s，failed_pool=0.00s，repack=0.00s，total=0.02s。
正在处理托盘类型：MH423C，销售订单号：LAID16296DN02S
  - 主算法：全局列式装箱 + 柱级组合优化（GCP）。
  - GCP 盘数远超理论（CP-SAT 装不满）→ 回退 baseline beam + 配方优先。
  - 托盘 MH423C-LAID16296DN02S-2 未找到可行装箱方案，启用剩余箱子守恒兜底。
  - 配方优先[fast]：规划 0 实例，实装成功 0，配方路径不可用 → 采用基线方案。
  - 指数诊断：箱子 34 个，总指数 117.5，目标 192，理论最多达标托盘 0 个，剩余指数 117.5。
  - 几何诊断：典型整层堆叠单盘参考上限 97/192。 当前目标可能受托盘高度/箱型组合限制。
  - 几何不可达标记：典型整层上限 97 < 目标 192，救援优先压缩托盘数和填充率。
  - 失败盘装满压实：合并/吸收 1 次（纯减盘数）。
  - 失败托盘互借诊断：未合并（aborted_no_improvement_possible）。
托盘类型 MH423C（销售订单号：LAID16296DN02S）处理完成：总托盘 2，指数达标 0，未达标 2，平均缺口 133.25，最大缺口 189.50，失败托盘互借修复成功 0。
  - KPI：near/mid/deep=0/0/2，救回率=0.00%，pair效率=0.00%。
  - 耗时拆解：packing=0.18s，main_topup=0.00s，retry=0.00s，failed_pool=0.00s，repack=0.33s，total=1.20s。
正在处理托盘类型：MH423C，销售订单号：LAID16296DN02S__SPLITREST__
  - 该分组不适合列式（多非满柱）→ 回退 beam + 配方优先。
  - 配方优先[fast]：规划 0 实例，实装成功 0，配方路径不可用 → 采用基线方案。
  - 指数诊断：箱子 3 个，总指数 5，目标 192，理论最多达标托盘 0 个，剩余指数 5。
  - 几何诊断：典型整层堆叠单盘参考上限 5/192。 当前目标可能受托盘高度/箱型组合限制。
  - 几何不可达标记：典型整层上限 5 < 目标 192，救援优先压缩托盘数和填充率。
  - 失败托盘互借诊断：未合并（no_target_or_single_plan）。
托盘类型 MH423C（销售订单号：LAID16296DN02S__SPLITREST__）处理完成：总托盘 1，指数达标 0，未达标 1，平均缺口 187.00，最大缺口 187.00，失败托盘互借修复成功 0。
  - KPI：near/mid/deep=0/0/1，救回率=0.00%，pair效率=0.00%。
  - 耗时拆解：packing=0.00s，main_topup=0.00s，retry=0.00s，failed_pool=0.00s，repack=0.00s，total=0.01s。
正在处理托盘类型：MH423C，销售订单号：LAID16296DN03S
  - 主算法：全局列式装箱 + 柱级组合优化（GCP）。
  - 失败托盘互借诊断：未合并（no_target_or_single_plan）。
托盘类型 MH423C（销售订单号：LAID16296DN03S）处理完成：总托盘 1，指数达标 0，未达标 1，平均缺口 145.00，最大缺口 145.00，失败托盘互借修复成功 0。
  - KPI：near/mid/deep=0/0/1，救回率=0.00%，pair效率=0.00%。
  - 耗时拆解：packing=0.27s，main_topup=0.00s，retry=0.00s，failed_pool=0.00s，repack=0.00s，total=0.27s。
正在处理托盘类型：MH423C，销售订单号：LAID16285EN01S__CASEGROUP__1
  - 主算法：全局列式装箱 + 柱级组合优化（GCP）。
  - 失败托盘互借诊断：未合并（aborted_no_improvement_possible）。
托盘类型 MH423C（销售订单号：LAID16285EN01S__CASEGROUP__1）处理完成：总托盘 2，指数达标 0，未达标 2，平均缺口 170.50，最大缺口 190.00，失败托盘互借修复成功 0。
  - KPI：near/mid/deep=0/0/2，救回率=0.00%，pair效率=0.00%。
  - 耗时拆解：packing=0.70s，main_topup=0.00s，retry=0.00s，failed_pool=0.00s，repack=1.09s，total=1.78s。
正在处理托盘类型：MH423C，销售订单号：LAID16285EN01S__CASEGROUP__1__SPLITREST__
  - 该分组不适合列式（多非满柱）→ 回退 beam + 配方优先。
  - 配方优先[fast]：规划 0 实例，实装成功 0，配方路径不可用 → 采用基线方案。
  - 指数诊断：箱子 2 个，总指数 3，目标 192，理论最多达标托盘 0 个，剩余指数 3。
  - 几何诊断：典型整层堆叠单盘参考上限 3/192。 当前目标可能受托盘高度/箱型组合限制。
  - 几何不可达标记：典型整层上限 3 < 目标 192，救援优先压缩托盘数和填充率。
  - 失败托盘互借诊断：未合并（no_target_or_single_plan）。
托盘类型 MH423C（销售订单号：LAID16285EN01S__CASEGROUP__1__SPLITREST__）处理完成：总托盘 1，指数达标 0，未达标 1，平均缺口 189.00，最大缺口 189.00，失败托盘互借修复成功 0。
  - KPI：near/mid/deep=0/0/1，救回率=0.00%，pair效率=0.00%。
  - 耗时拆解：packing=0.00s，main_topup=0.00s，retry=0.00s，failed_pool=0.00s，repack=0.00s，total=0.00s。
正在处理托盘类型：MH423C，销售订单号：PAIN26286EN01S
  - 主算法：全局列式装箱 + 柱级组合优化（GCP）。
  - 失败托盘互借诊断：未合并（no_target_or_single_plan）。
托盘类型 MH423C（销售订单号：PAIN26286EN01S）处理完成：总托盘 1，指数达标 0，未达标 1，平均缺口 84.00，最大缺口 84.00，失败托盘互借修复成功 0。
  - KPI：near/mid/deep=0/0/1，救回率=0.00%，pair效率=0.00%。
  - 耗时拆解：packing=0.00s，main_topup=0.00s，retry=0.00s，failed_pool=0.00s，repack=0.00s，total=0.00s。
正在处理托盘类型：MH423C，销售订单号：PAIN26286EN01S__SPLITREST__
  - 该分组不适合列式（多非满柱）→ 回退 beam + 配方优先。
  - 配方优先[fast]：规划 0 实例，实装成功 0，配方路径不可用 → 采用基线方案。
  - 指数诊断：箱子 2 个，总指数 8，目标 192，理论最多达标托盘 0 个，剩余指数 8。
  - 几何诊断：典型整层堆叠单盘参考上限 8/192。 当前目标可能受托盘高度/箱型组合限制。
  - 几何不可达标记：典型整层上限 8 < 目标 192，救援优先压缩托盘数和填充率。
  - 失败托盘互借诊断：未合并（no_target_or_single_plan）。
托盘类型 MH423C（销售订单号：PAIN26286EN01S__SPLITREST__）处理完成：总托盘 1，指数达标 0，未达标 1，平均缺口 184.00，最大缺口 184.00，失败托盘互借修复成功 0。
  - KPI：near/mid/deep=0/0/1，救回率=0.00%，pair效率=0.00%。
  - 耗时拆解：packing=0.00s，main_topup=0.00s，retry=0.00s，failed_pool=0.00s，repack=0.00s，total=0.00s。
正在处理托盘类型：MH423C，销售订单号：LFEG16290IN02S
  - 该分组不适合列式（多非满柱）→ 回退 beam + 配方优先。
  - 配方优先[fast]：规划 0 实例，实装成功 0，配方路径不可用 → 采用基线方案。
  - 指数诊断：箱子 63 个，总指数 109.5，目标 192，理论最多达标托盘 0 个，剩余指数 109.5。
  - 几何诊断：典型整层堆叠单盘参考上限 83/192。 当前目标可能受托盘高度/箱型组合限制。
  - 几何不可达标记：典型整层上限 83 < 目标 192，救援优先压缩托盘数和填充率。
  - 失败托盘互借诊断：未合并（aborted_no_improvement_possible）。
托盘类型 MH423C（销售订单号：LFEG16290IN02S）处理完成：总托盘 2，指数达标 0，未达标 2，平均缺口 137.25，最大缺口 191.50，失败托盘互借修复成功 0。
  - KPI：near/mid/deep=0/0/2，救回率=0.00%，pair效率=0.00%。
  - 耗时拆解：packing=0.78s，main_topup=0.01s，retry=0.00s，failed_pool=0.00s，repack=1.21s，total=4.11s。
正在处理托盘类型：MH423C，销售订单号：LAID16295BN02S
  - 主算法：全局列式装箱 + 柱级组合优化（GCP）。
  - 失败托盘互借诊断：未合并（aborted_no_improvement_possible）。
托盘类型 MH423C（销售订单号：LAID16295BN02S）处理完成：总托盘 2，指数达标 0，未达标 2，平均缺口 155.75，最大缺口 184.00，失败托盘互借修复成功 0。
  - KPI：near/mid/deep=0/0/2，救回率=0.00%，pair效率=0.00%。
  - 耗时拆解：packing=0.35s，main_topup=0.00s，retry=0.00s，failed_pool=0.00s，repack=0.66s，total=1.01s。
正在处理托盘类型：MH423C，销售订单号：LFEG16290IN03S
  - 主算法：全局列式装箱 + 柱级组合优化（GCP）。
  - GCP 盘数远超理论（CP-SAT 装不满）→ 回退 baseline beam + 配方优先。
  - 配方优先[fast]：规划 0 实例，实装成功 0，配方路径不可用 → 采用基线方案。
  - 指数诊断：箱子 88 个，总指数 157，目标 192，理论最多达标托盘 0 个，剩余指数 157。
  - 几何诊断：典型整层堆叠单盘参考上限 115/192。 当前目标可能受托盘高度/箱型组合限制。
  - 几何不可达标记：典型整层上限 115 < 目标 192，救援优先压缩托盘数和填充率。
  - 失败托盘互借诊断：未合并（aborted_no_improvement_possible）。
托盘类型 MH423C（销售订单号：LFEG16290IN03S）处理完成：总托盘 2，指数达标 0，未达标 2，平均缺口 113.50，最大缺口 174.50，失败托盘互借修复成功 0。
  - KPI：near/mid/deep=0/0/2，救回率=0.00%，pair效率=0.00%。
  - 耗时拆解：packing=5.35s，main_topup=0.00s，retry=0.00s，failed_pool=0.00s，repack=2.98s，total=10.22s。
正在处理托盘类型：MH423C，销售订单号：LFEG16290IN03S__SPLITREST__
  - 该分组不适合列式（多非满柱）→ 回退 beam + 配方优先。
  - 配方优先[fast]：规划 0 实例，实装成功 0，配方路径不可用 → 采用基线方案。
  - 指数诊断：箱子 19 个，总指数 21，目标 192，理论最多达标托盘 0 个，剩余指数 21。
  - 几何诊断：典型整层堆叠单盘参考上限 21/192。 当前目标可能受托盘高度/箱型组合限制。
  - 几何不可达标记：典型整层上限 21 < 目标 192，救援优先压缩托盘数和填充率。
  - 失败托盘互借诊断：未合并（no_target_or_single_plan）。
托盘类型 MH423C（销售订单号：LFEG16290IN03S__SPLITREST__）处理完成：总托盘 1，指数达标 0，未达标 1，平均缺口 171.00，最大缺口 171.00，失败托盘互借修复成功 0。
  - KPI：near/mid/deep=0/0/1，救回率=0.00%，pair效率=0.00%。
  - 耗时拆解：packing=0.14s，main_topup=0.00s，retry=0.00s，failed_pool=0.00s，repack=0.00s，total=0.14s。
正在处理托盘类型：MH423C，销售订单号：LAMY16295FN01S
  - 该分组不适合列式（多非满柱）→ 回退 beam + 配方优先。
  - 配方优先[fast]：规划 0 实例，实装成功 0，配方路径不可用 → 采用基线方案。
  - 指数诊断：箱子 26 个，总指数 86.5，目标 192，理论最多达标托盘 0 个，剩余指数 86.5。
  - 几何诊断：典型整层堆叠单盘参考上限 70/192。 当前目标可能受托盘高度/箱型组合限制。
  - 几何不可达标记：典型整层上限 70 < 目标 192，救援优先压缩托盘数和填充率。
  - 失败托盘互借诊断：未合并（no_target_or_single_plan）。
托盘类型 MH423C（销售订单号：LAMY16295FN01S）处理完成：总托盘 1，指数达标 0，未达标 1，平均缺口 105.50，最大缺口 105.50，失败托盘互借修复成功 0。
  - KPI：near/mid/deep=0/0/1，救回率=0.00%，pair效率=0.00%。
  - 耗时拆解：packing=0.23s，main_topup=0.00s，retry=0.00s，failed_pool=0.00s，repack=0.00s，total=0.23s。
正在处理托盘类型：MH423C，销售订单号：LFEG16300IN02S
  - 该分组不适合列式（多非满柱）→ 回退 beam + 配方优先。
  - 配方优先[fast]：规划 0 实例，实装成功 0，配方路径不可用 → 采用基线方案。
  - 指数诊断：箱子 4 个，总指数 8，目标 192，理论最多达标托盘 0 个，剩余指数 8。
  - 几何诊断：典型整层堆叠单盘参考上限 8/192。 当前目标可能受托盘高度/箱型组合限制。
  - 几何不可达标记：典型整层上限 8 < 目标 192，救援优先压缩托盘数和填充率。
  - 失败托盘互借诊断：未合并（no_target_or_single_plan）。
托盘类型 MH423C（销售订单号：LFEG16300IN02S）处理完成：总托盘 1，指数达标 0，未达标 1，平均缺口 184.00，最大缺口 184.00，失败托盘互借修复成功 0。
  - KPI：near/mid/deep=0/0/1，救回率=0.00%，pair效率=0.00%。
  - 耗时拆解：packing=0.00s，main_topup=0.00s，retry=0.00s，failed_pool=0.00s，repack=0.00s，total=0.02s。
正在处理托盘类型：MH423C，销售订单号：PAIN26290BN01S
  - 主算法：全局列式装箱 + 柱级组合优化（GCP）。
  - 失败托盘互借诊断：未合并（no_target_or_single_plan）。
托盘类型 MH423C（销售订单号：PAIN26290BN01S）处理完成：总托盘 1，指数达标 0，未达标 1，平均缺口 115.00，最大缺口 115.00，失败托盘互借修复成功 0。
  - KPI：near/mid/deep=0/0/1，救回率=0.00%，pair效率=0.00%。
  - 耗时拆解：packing=1.29s，main_topup=0.00s，retry=0.00s，failed_pool=0.00s，repack=0.00s，total=1.29s。
正在处理托盘类型：MH423C，销售订单号：PAIN26290BN01S__SPLITREST__
  - 该分组不适合列式（多非满柱）→ 回退 beam + 配方优先。
  - 配方优先[fast]：规划 0 实例，实装成功 0，配方路径不可用 → 采用基线方案。
  - 指数诊断：箱子 9 个，总指数 9，目标 192，理论最多达标托盘 0 个，剩余指数 9。
  - 几何诊断：典型整层堆叠单盘参考上限 9/192。 当前目标可能受托盘高度/箱型组合限制。
  - 几何不可达标记：典型整层上限 9 < 目标 192，救援优先压缩托盘数和填充率。
  - 失败托盘互借诊断：未合并（no_target_or_single_plan）。
托盘类型 MH423C（销售订单号：PAIN26290BN01S__SPLITREST__）处理完成：总托盘 1，指数达标 0，未达标 1，平均缺口 183.00，最大缺口 183.00，失败托盘互借修复成功 0。
  - KPI：near/mid/deep=0/0/1，救回率=0.00%，pair效率=0.00%。
  - 耗时拆解：packing=0.04s，main_topup=0.00s，retry=0.00s，failed_pool=0.00s，repack=0.00s，total=0.04s。
正在处理托盘类型：MH423C，销售订单号：PAIN26290BC02S
  - 主算法：全局列式装箱 + 柱级组合优化（GCP）。
  - 失败托盘互借诊断：未合并（no_target_or_single_plan）。
托盘类型 MH423C（销售订单号：PAIN26290BC02S）处理完成：总托盘 1，指数达标 0，未达标 1，平均缺口 80.00，最大缺口 80.00，失败托盘互借修复成功 0。
  - KPI：near/mid/deep=0/0/1，救回率=0.00%，pair效率=0.00%。
  - 耗时拆解：packing=0.01s，main_topup=0.00s，retry=0.00s，failed_pool=0.00s，repack=0.00s，total=0.01s。
正在处理托盘类型：MH423C，销售订单号：PAIN26290BC02S__SPLITREST__
  - 该分组不适合列式（多非满柱）→ 回退 beam + 配方优先。
  - 配方优先[fast]：规划 0 实例，实装成功 0，配方路径不可用 → 采用基线方案。
  - 指数诊断：箱子 2 个，总指数 1，目标 192，理论最多达标托盘 0 个，剩余指数 1。
  - 几何诊断：典型整层堆叠单盘参考上限 1/192。 当前目标可能受托盘高度/箱型组合限制。
  - 几何不可达标记：典型整层上限 1 < 目标 192，救援优先压缩托盘数和填充率。
  - 失败托盘互借诊断：未合并（no_target_or_single_plan）。
托盘类型 MH423C（销售订单号：PAIN26290BC02S__SPLITREST__）处理完成：总托盘 1，指数达标 0，未达标 1，平均缺口 191.00，最大缺口 191.00，失败托盘互借修复成功 0。
  - KPI：near/mid/deep=0/0/1，救回率=0.00%，pair效率=0.00%。
  - 耗时拆解：packing=0.00s，main_topup=0.00s，retry=0.00s，failed_pool=0.00s，repack=0.00s，total=0.00s。
正在处理托盘类型：MH423C，销售订单号：PAIN26290GN01S
  - 该分组不适合列式（多非满柱）→ 回退 beam + 配方优先。
  - 配方优先[fast]：规划 0 实例，实装成功 0，配方路径不可用 → 采用基线方案。
  - 指数诊断：箱子 51 个，总指数 78.5，目标 192，理论最多达标托盘 0 个，剩余指数 78.5。
  - 几何诊断：典型整层堆叠单盘参考上限 58/192。 当前目标可能受托盘高度/箱型组合限制。
  - 几何不可达标记：典型整层上限 58 < 目标 192，救援优先压缩托盘数和填充率。
  - 失败托盘互借诊断：未合并（aborted_no_improvement_possible）。
托盘类型 MH423C（销售订单号：PAIN26290GN01S）处理完成：总托盘 2，指数达标 0，未达标 2，平均缺口 152.75，最大缺口 189.00，失败托盘互借修复成功 0。
  - KPI：near/mid/deep=0/0/2，救回率=0.00%，pair效率=0.00%。
  - 耗时拆解：packing=0.54s，main_topup=0.01s，retry=0.00s，failed_pool=0.00s，repack=0.98s，total=2.96s。
正在处理托盘类型：MH423C，销售订单号：PEG126290LN01S
  - 主算法：全局列式装箱 + 柱级组合优化（GCP）。
  - 失败托盘互借诊断：未合并（no_target_or_single_plan）。
托盘类型 MH423C（销售订单号：PEG126290LN01S）处理完成：总托盘 1，指数达标 0，未达标 1，平均缺口 128.00，最大缺口 128.00，失败托盘互借修复成功 0。
  - KPI：near/mid/deep=0/0/1，救回率=0.00%，pair效率=0.00%。
  - 耗时拆解：packing=0.51s，main_topup=0.00s，retry=0.00s，failed_pool=0.00s，repack=0.00s，total=0.51s。
正在处理托盘类型：MH423C，销售订单号：PAIN26280GN01S
  - 该分组不适合列式（多非满柱）→ 回退 beam + 配方优先。
  - 配方优先[fast]：规划 0 实例，实装成功 0，配方路径不可用 → 采用基线方案。
  - 指数诊断：箱子 1 个，总指数 4，目标 192，理论最多达标托盘 0 个，剩余指数 4。
  - 几何诊断：典型整层堆叠单盘参考上限 4/192。 当前目标可能受托盘高度/箱型组合限制。
  - 几何不可达标记：典型整层上限 4 < 目标 192，救援优先压缩托盘数和填充率。
  - 失败托盘互借诊断：未合并（no_target_or_single_plan）。
托盘类型 MH423C（销售订单号：PAIN26280GN01S）处理完成：总托盘 1，指数达标 0，未达标 1，平均缺口 188.00，最大缺口 188.00，失败托盘互借修复成功 0。
  - KPI：near/mid/deep=0/0/1，救回率=0.00%，pair效率=0.00%。
  - 耗时拆解：packing=0.00s，main_topup=0.00s，retry=0.00s，failed_pool=0.00s，repack=0.00s，total=0.00s。
正在处理托盘类型：MH423C，销售订单号：LAID16295EN02S
  - 主算法：全局列式装箱 + 柱级组合优化（GCP）。
  - 失败托盘互借诊断：未合并（aborted_no_improvement_possible）。
托盘类型 MH423C（销售订单号：LAID16295EN02S）处理完成：总托盘 2，指数达标 0，未达标 2，平均缺口 95.50，最大缺口 175.00，失败托盘互借修复成功 0。
  - KPI：near/mid/deep=0/1/1，救回率=0.00%，pair效率=0.00%。
  - 耗时拆解：packing=2.30s，main_topup=0.00s，retry=0.00s，failed_pool=0.00s，repack=4.87s，total=7.17s。
正在处理托盘类型：MH423C，销售订单号：LAID16295EN02S__SPLITREST__
  - 该分组不适合列式（多非满柱）→ 回退 beam + 配方优先。
  - 配方优先[fast]：规划 0 实例，实装成功 0，配方路径不可用 → 采用基线方案。
  - 指数诊断：箱子 2 个，总指数 14，目标 192，理论最多达标托盘 0 个，剩余指数 14。
  - 几何诊断：典型整层堆叠单盘参考上限 14/192。 当前目标可能受托盘高度/箱型组合限制。
  - 几何不可达标记：典型整层上限 14 < 目标 192，救援优先压缩托盘数和填充率。
  - 失败托盘互借诊断：未合并（no_target_or_single_plan）。
托盘类型 MH423C（销售订单号：LAID16295EN02S__SPLITREST__）处理完成：总托盘 1，指数达标 0，未达标 1，平均缺口 178.00，最大缺口 178.00，失败托盘互借修复成功 0。
  - KPI：near/mid/deep=0/0/1，救回率=0.00%，pair效率=0.00%。
  - 耗时拆解：packing=0.00s，main_topup=0.00s，retry=0.00s，failed_pool=0.00s，repack=0.00s，total=0.01s。
正在处理托盘类型：MH423C，销售订单号：PAIN26280MN07S
  - 主算法：全局列式装箱 + 柱级组合优化（GCP）。
  - 失败托盘互借诊断：未合并（no_target_or_single_plan）。
托盘类型 MH423C（销售订单号：PAIN26280MN07S）处理完成：总托盘 1，指数达标 0，未达标 1，平均缺口 108.00，最大缺口 108.00，失败托盘互借修复成功 0。
  - KPI：near/mid/deep=0/0/1，救回率=0.00%，pair效率=0.00%。
  - 耗时拆解：packing=0.00s，main_topup=0.00s，retry=0.00s，failed_pool=0.00s，repack=0.00s，total=0.00s。
正在处理托盘类型：MH423C，销售订单号：PEG086250LN01S
  - 该分组不适合列式（多非满柱）→ 回退 beam + 配方优先。
  - 配方优先[fast]：规划 0 实例，实装成功 0，配方路径不可用 → 采用基线方案。
  - 指数诊断：箱子 1 个，总指数 4，目标 192，理论最多达标托盘 0 个，剩余指数 4。
  - 几何诊断：典型整层堆叠单盘参考上限 4/192。 当前目标可能受托盘高度/箱型组合限制。
  - 几何不可达标记：典型整层上限 4 < 目标 192，救援优先压缩托盘数和填充率。
  - 失败托盘互借诊断：未合并（no_target_or_single_plan）。
托盘类型 MH423C（销售订单号：PEG086250LN01S）处理完成：总托盘 1，指数达标 0，未达标 1，平均缺口 188.00，最大缺口 188.00，失败托盘互借修复成功 0。
  - KPI：near/mid/deep=0/0/1，救回率=0.00%，pair效率=0.00%。
  - 耗时拆解：packing=0.00s，main_topup=0.00s，retry=0.00s，failed_pool=0.00s，repack=0.00s，total=0.00s。
正在处理托盘类型：MH423C，销售订单号：LFEG16290IN01S
  - 主算法：全局列式装箱 + 柱级组合优化（GCP）。
  - 失败托盘互借诊断：未合并（no_target_or_single_plan）。
托盘类型 MH423C（销售订单号：LFEG16290IN01S）处理完成：总托盘 1，指数达标 0，未达标 1，平均缺口 67.00，最大缺口 67.00，失败托盘互借修复成功 0。
  - KPI：near/mid/deep=0/0/1，救回率=0.00%，pair效率=0.00%。
  - 耗时拆解：packing=0.01s，main_topup=0.00s，retry=0.00s，failed_pool=0.00s，repack=0.00s，total=0.01s。
正在处理托盘类型：MH423C，销售订单号：LFEG16290IN01S__SPLITREST__
  - 该分组不适合列式（多非满柱）→ 回退 beam + 配方优先。
  - 配方优先[fast]：规划 0 实例，实装成功 0，配方路径不可用 → 采用基线方案。
  - 指数诊断：箱子 3 个，总指数 8.5，目标 192，理论最多达标托盘 0 个，剩余指数 8.5。
  - 几何诊断：典型整层堆叠单盘参考上限 8.5/192。 当前目标可能受托盘高度/箱型组合限制。
  - 几何不可达标记：典型整层上限 8.5 < 目标 192，救援优先压缩托盘数和填充率。
  - 失败托盘互借诊断：未合并（no_target_or_single_plan）。
托盘类型 MH423C（销售订单号：LFEG16290IN01S__SPLITREST__）处理完成：总托盘 1，指数达标 0，未达标 1，平均缺口 183.50，最大缺口 183.50，失败托盘互借修复成功 0。
  - KPI：near/mid/deep=0/0/1，救回率=0.00%，pair效率=0.00%。
  - 耗时拆解：packing=0.00s，main_topup=0.00s，retry=0.00s，failed_pool=0.00s，repack=0.00s，total=0.01s。
正在处理托盘类型：MH423C，销售订单号：LAID16295EN01S
  - 主算法：全局列式装箱 + 柱级组合优化（GCP）。
  - GCP 盘数远超理论（CP-SAT 装不满）→ 回退 baseline beam + 配方优先。
  - 托盘 MH423C-LAID16295EN01S-2 未找到可行装箱方案，启用剩余箱子守恒兜底。
  - 配方优先[fast]：规划 0 实例，实装成功 0，配方路径不可用 → 采用基线方案。
  - 指数诊断：箱子 71 个，总指数 170.5，目标 192，理论最多达标托盘 0 个，剩余指数 170.5。
  - 几何诊断：典型整层堆叠单盘参考上限 125/192。 当前目标可能受托盘高度/箱型组合限制。
  - 几何不可达标记：典型整层上限 125 < 目标 192，救援优先压缩托盘数和填充率。
  - 失败盘装满压实：合并/吸收 1 次（纯减盘数）。
  - 失败托盘互借诊断：未合并（aborted_no_improvement_possible）。
托盘类型 MH423C（销售订单号：LAID16295EN01S）处理完成：总托盘 3，指数达标 0，未达标 3，平均缺口 135.17，最大缺口 189.50，失败托盘互借修复成功 0。
  - KPI：near/mid/deep=0/0/3，救回率=0.00%，pair效率=0.00%。
  - 耗时拆解：packing=1.41s，main_topup=0.02s，retry=0.00s，failed_pool=0.00s，repack=4.07s，total=10.75s。
正在处理托盘类型：MH423C，销售订单号：PAID16295EN06S
  - 主算法：全局列式装箱 + 柱级组合优化（GCP）。
  - GCP 盘数远超理论（CP-SAT 装不满）→ 回退 baseline beam + 配方优先。
  - 配方优先[fast]：规划 0 实例，实装成功 0，配方路径不可用 → 采用基线方案。
  - 指数诊断：箱子 66 个，总指数 189，目标 192，理论最多达标托盘 0 个，剩余指数 189。
  - 几何诊断：典型整层堆叠单盘参考上限 97/192。 当前目标可能受托盘高度/箱型组合限制。
  - 几何不可达标记：典型整层上限 97 < 目标 192，救援优先压缩托盘数和填充率。
  - 失败托盘互借诊断：未合并（less_than_2_consolidatable）。
托盘类型 MH423C（销售订单号：PAID16295EN06S）处理完成：总托盘 1，指数达标 0，未达标 1，平均缺口 3.00，最大缺口 3.00，失败托盘互借修复成功 0。
  - KPI：near/mid/deep=1/0/0，救回率=0.00%，pair效率=0.00%。
  - 耗时拆解：packing=0.98s，main_topup=0.01s，retry=0.00s，failed_pool=0.00s，repack=0.01s，total=3.94s。
正在处理托盘类型：MH423C，销售订单号：PAID16295EN06S__SPLITREST__
  - 该分组不适合列式（多非满柱）→ 回退 beam + 配方优先。
  - 配方优先[fast]：规划 0 实例，实装成功 0，配方路径不可用 → 采用基线方案。
  - 指数诊断：箱子 6 个，总指数 14.5，目标 192，理论最多达标托盘 0 个，剩余指数 14.5。
  - 几何诊断：典型整层堆叠单盘参考上限 14.5/192。 当前目标可能受托盘高度/箱型组合限制。
  - 几何不可达标记：典型整层上限 14.5 < 目标 192，救援优先压缩托盘数和填充率。
  - 失败托盘互借诊断：未合并（no_target_or_single_plan）。
托盘类型 MH423C（销售订单号：PAID16295EN06S__SPLITREST__）处理完成：总托盘 1，指数达标 0，未达标 1，平均缺口 177.50，最大缺口 177.50，失败托盘互借修复成功 0。
  - KPI：near/mid/deep=0/0/1，救回率=0.00%，pair效率=0.00%。
  - 耗时拆解：packing=0.02s，main_topup=0.00s，retry=0.00s，failed_pool=0.00s，repack=0.00s，total=0.02s。
正在处理托盘类型：MH423C，销售订单号：LAID16295BN01S
  - 主算法：全局列式装箱 + 柱级组合优化（GCP）。
  - 失败托盘互借诊断：未合并（no_target_or_single_plan）。
托盘类型 MH423C（销售订单号：LAID16295BN01S）处理完成：总托盘 1，指数达标 0，未达标 1，平均缺口 127.00，最大缺口 127.00，失败托盘互借修复成功 0。
  - KPI：near/mid/deep=0/0/1，救回率=0.00%，pair效率=0.00%。
  - 耗时拆解：packing=0.11s，main_topup=0.00s，retry=0.00s，failed_pool=0.00s，repack=0.00s，total=0.11s。
正在处理托盘类型：MH423C，销售订单号：LFEG16310IN02S
  - 该分组不适合列式（多非满柱）→ 回退 beam + 配方优先。
  - 配方优先[fast]：规划 0 实例，实装成功 0，配方路径不可用 → 采用基线方案。
  - 指数诊断：箱子 1 个，总指数 1，目标 192，理论最多达标托盘 0 个，剩余指数 1。
  - 几何诊断：典型整层堆叠单盘参考上限 1/192。 当前目标可能受托盘高度/箱型组合限制。
  - 几何不可达标记：典型整层上限 1 < 目标 192，救援优先压缩托盘数和填充率。
  - 失败托盘互借诊断：未合并（no_target_or_single_plan）。
托盘类型 MH423C（销售订单号：LFEG16310IN02S）处理完成：总托盘 1，指数达标 0，未达标 1，平均缺口 191.00，最大缺口 191.00，失败托盘互借修复成功 0。
  - KPI：near/mid/deep=0/0/1，救回率=0.00%，pair效率=0.00%。
  - 耗时拆解：packing=0.00s，main_topup=0.00s，retry=0.00s，failed_pool=0.00s，repack=0.00s，total=0.00s。
正在处理托盘类型：MH423C，销售订单号：LFEG16310IN01S
  - 该分组不适合列式（多非满柱）→ 回退 beam + 配方优先。
  - 配方优先[fast]：规划 0 实例，实装成功 0，配方路径不可用 → 采用基线方案。
  - 指数诊断：箱子 1 个，总指数 1，目标 192，理论最多达标托盘 0 个，剩余指数 1。
  - 几何诊断：典型整层堆叠单盘参考上限 1/192。 当前目标可能受托盘高度/箱型组合限制。
  - 几何不可达标记：典型整层上限 1 < 目标 192，救援优先压缩托盘数和填充率。
  - 失败托盘互借诊断：未合并（no_target_or_single_plan）。
托盘类型 MH423C（销售订单号：LFEG16310IN01S）处理完成：总托盘 1，指数达标 0，未达标 1，平均缺口 191.00，最大缺口 191.00，失败托盘互借修复成功 0。
  - KPI：near/mid/deep=0/0/1，救回率=0.00%，pair效率=0.00%。
  - 耗时拆解：packing=0.00s，main_topup=0.00s，retry=0.00s，failed_pool=0.00s，repack=0.00s，total=0.00s。
正在处理托盘类型：MH423C，销售订单号：PEG086300LN01S
  - 主算法：全局列式装箱 + 柱级组合优化（GCP）。
  - 失败托盘互借诊断：未合并（no_target_or_single_plan）。
托盘类型 MH423C（销售订单号：PEG086300LN01S）处理完成：总托盘 1，指数达标 0，未达标 1，平均缺口 76.00，最大缺口 76.00，失败托盘互借修复成功 0。
  - KPI：near/mid/deep=0/0/1，救回率=0.00%，pair效率=0.00%。
  - 耗时拆解：packing=0.01s，main_topup=0.00s，retry=0.00s，failed_pool=0.00s，repack=0.00s，total=0.01s。
正在处理托盘类型：MH423C，销售订单号：PAID162808N01S
  - 该分组不适合列式（多非满柱）→ 回退 beam + 配方优先。
  - 配方优先[fast]：规划 0 实例，实装成功 0，配方路径不可用 → 采用基线方案。
  - 指数诊断：箱子 12 个，总指数 20.5，目标 192，理论最多达标托盘 0 个，剩余指数 20.5。
  - 几何诊断：典型整层堆叠单盘参考上限 20.5/192。 当前目标可能受托盘高度/箱型组合限制。
  - 几何不可达标记：典型整层上限 20.5 < 目标 192，救援优先压缩托盘数和填充率。
  - 失败托盘互借诊断：未合并（no_target_or_single_plan）。
托盘类型 MH423C（销售订单号：PAID162808N01S）处理完成：总托盘 1，指数达标 0，未达标 1，平均缺口 171.50，最大缺口 171.50，失败托盘互借修复成功 0。
  - KPI：near/mid/deep=0/0/1，救回率=0.00%，pair效率=0.00%。
  - 耗时拆解：packing=0.03s，main_topup=0.00s，retry=0.00s，failed_pool=0.00s，repack=0.01s，total=0.11s。
正在处理托盘类型：MH423C，销售订单号：PAID16290FN01S
  - 主算法：全局列式装箱 + 柱级组合优化（GCP）。
  - GCP 盘数远超理论（CP-SAT 装不满）→ 回退 baseline beam + 配方优先。
  - 配方优先[fast]：规划 0 实例，实装成功 0，配方路径不可用 → 采用基线方案。
  - 指数诊断：箱子 7 个，总指数 19，目标 192，理论最多达标托盘 0 个，剩余指数 19。
  - 几何诊断：典型整层堆叠单盘参考上限 18/192。 当前目标可能受托盘高度/箱型组合限制。
  - 几何不可达标记：典型整层上限 18 < 目标 192，救援优先压缩托盘数和填充率。
  - 失败托盘互借诊断：未合并（no_target_or_single_plan）。
托盘类型 MH423C（销售订单号：PAID16290FN01S）处理完成：总托盘 1，指数达标 0，未达标 1，平均缺口 173.00，最大缺口 173.00，失败托盘互借修复成功 0。
  - KPI：near/mid/deep=0/0/1，救回率=0.00%，pair效率=0.00%。
  - 耗时拆解：packing=0.01s，main_topup=0.00s，retry=0.00s，failed_pool=0.00s，repack=0.00s，total=0.06s。
正在处理托盘类型：MH423C，销售订单号：PAID16290FN01S__SPLITREST__
  - 该分组不适合列式（多非满柱）→ 回退 beam + 配方优先。
  - 配方优先[fast]：规划 0 实例，实装成功 0，配方路径不可用 → 采用基线方案。
  - 指数诊断：箱子 1 个，总指数 0.5，目标 192，理论最多达标托盘 0 个，剩余指数 0.5。
  - 几何诊断：典型整层堆叠单盘参考上限 0.5/192。 当前目标可能受托盘高度/箱型组合限制。
  - 几何不可达标记：典型整层上限 0.5 < 目标 192，救援优先压缩托盘数和填充率。
  - 失败托盘互借诊断：未合并（no_target_or_single_plan）。
托盘类型 MH423C（销售订单号：PAID16290FN01S__SPLITREST__）处理完成：总托盘 1，指数达标 0，未达标 1，平均缺口 191.50，最大缺口 191.50，失败托盘互借修复成功 0。
  - KPI：near/mid/deep=0/0/1，救回率=0.00%，pair效率=0.00%。
  - 耗时拆解：packing=0.00s，main_topup=0.00s，retry=0.00s，failed_pool=0.00s，repack=0.00s，total=0.00s。
正在处理托盘类型：MH423C，销售订单号：LAID16296DN03S__CASEGROUP__1
  - 主算法：全局列式装箱 + 柱级组合优化（GCP）。
  - 失败托盘互借诊断：未合并（no_target_or_single_plan）。
托盘类型 MH423C（销售订单号：LAID16296DN03S__CASEGROUP__1）处理完成：总托盘 1，指数达标 0，未达标 1，平均缺口 90.00，最大缺口 90.00，失败托盘互借修复成功 0。
  - KPI：near/mid/deep=0/0/1，救回率=0.00%，pair效率=0.00%。
  - 耗时拆解：packing=0.00s，main_topup=0.00s，retry=0.00s，failed_pool=0.00s，repack=0.00s，total=0.00s。
正在处理托盘类型：MH423C，销售订单号：LAID16296DN03S__CASEGROUP__1__SPLITREST__
  - 该分组不适合列式（多非满柱）→ 回退 beam + 配方优先。
  - 配方优先[fast]：规划 0 实例，实装成功 0，配方路径不可用 → 采用基线方案。
  - 指数诊断：箱子 4 个，总指数 2，目标 192，理论最多达标托盘 0 个，剩余指数 2。
  - 几何诊断：典型整层堆叠单盘参考上限 2/192。 当前目标可能受托盘高度/箱型组合限制。
  - 几何不可达标记：典型整层上限 2 < 目标 192，救援优先压缩托盘数和填充率。
  - 失败托盘互借诊断：未合并（no_target_or_single_plan）。
托盘类型 MH423C（销售订单号：LAID16296DN03S__CASEGROUP__1__SPLITREST__）处理完成：总托盘 1，指数达标 0，未达标 1，平均缺口 190.00，最大缺口 190.00，失败托盘互借修复成功 0。
  - KPI：near/mid/deep=0/0/1，救回率=0.00%，pair效率=0.00%。
  - 耗时拆解：packing=0.00s，main_topup=0.00s，retry=0.00s，failed_pool=0.00s，repack=0.00s，total=0.02s。
正在处理托盘类型：MH423C，销售订单号：PAID162808C02S
  - 主算法：全局列式装箱 + 柱级组合优化（GCP）。
  - GCP 盘数远超理论（CP-SAT 装不满）→ 回退 baseline beam + 配方优先。
  - 配方优先[fast]：规划 0 实例，实装成功 0，配方路径不可用 → 采用基线方案。
  - 指数诊断：箱子 6 个，总指数 12，目标 192，理论最多达标托盘 0 个，剩余指数 12。
  - 几何诊断：典型整层堆叠单盘参考上限 12/192。 当前目标可能受托盘高度/箱型组合限制。
  - 几何不可达标记：典型整层上限 12 < 目标 192，救援优先压缩托盘数和填充率。
  - 失败托盘互借诊断：未合并（no_target_or_single_plan）。
托盘类型 MH423C（销售订单号：PAID162808C02S）处理完成：总托盘 1，指数达标 0，未达标 1，平均缺口 180.00，最大缺口 180.00，失败托盘互借修复成功 0。
  - KPI：near/mid/deep=0/0/1，救回率=0.00%，pair效率=0.00%。
  - 耗时拆解：packing=0.01s，main_topup=0.00s，retry=0.00s，failed_pool=0.00s，repack=0.00s，total=0.06s。
正在处理托盘类型：MH423C，销售订单号：LFEG16300IN01S
  - 该分组不适合列式（多非满柱）→ 回退 beam + 配方优先。
  - 配方优先[fast]：规划 0 实例，实装成功 0，配方路径不可用 → 采用基线方案。
  - 指数诊断：箱子 3 个，总指数 10，目标 192，理论最多达标托盘 0 个，剩余指数 10。
  - 几何诊断：典型整层堆叠单盘参考上限 10/192。 当前目标可能受托盘高度/箱型组合限制。
  - 几何不可达标记：典型整层上限 10 < 目标 192，救援优先压缩托盘数和填充率。
  - 失败托盘互借诊断：未合并（no_target_or_single_plan）。
托盘类型 MH423C（销售订单号：LFEG16300IN01S）处理完成：总托盘 1，指数达标 0，未达标 1，平均缺口 182.00，最大缺口 182.00，失败托盘互借修复成功 0。
  - KPI：near/mid/deep=0/0/1，救回率=0.00%，pair效率=0.00%。
  - 耗时拆解：packing=0.00s，main_topup=0.00s，retry=0.00s，failed_pool=0.00s，repack=0.00s，total=0.01s。
正在处理托盘类型：MH423C，销售订单号：LAMY16315FN01S
  - 主算法：全局列式装箱 + 柱级组合优化（GCP）。
  - 失败托盘互借诊断：未合并（no_target_or_single_plan）。
托盘类型 MH423C（销售订单号：LAMY16315FN01S）处理完成：总托盘 1，指数达标 0，未达标 1，平均缺口 120.00，最大缺口 120.00，失败托盘互借修复成功 0。
  - KPI：near/mid/deep=0/0/1，救回率=0.00%，pair效率=0.00%。
  - 耗时拆解：packing=0.00s，main_topup=0.00s，retry=0.00s，failed_pool=0.00s，repack=0.00s，total=0.00s。
正在处理托盘类型：MH423C，销售订单号：LAMY16315FN01S__SPLITREST__
  - 该分组不适合列式（多非满柱）→ 回退 beam + 配方优先。
  - 配方优先[fast]：规划 0 实例，实装成功 0，配方路径不可用 → 采用基线方案。
  - 指数诊断：箱子 2 个，总指数 4，目标 192，理论最多达标托盘 0 个，剩余指数 4。
  - 几何诊断：典型整层堆叠单盘参考上限 4/192。 当前目标可能受托盘高度/箱型组合限制。
  - 几何不可达标记：典型整层上限 4 < 目标 192，救援优先压缩托盘数和填充率。
  - 失败托盘互借诊断：未合并（no_target_or_single_plan）。
托盘类型 MH423C（销售订单号：LAMY16315FN01S__SPLITREST__）处理完成：总托盘 1，指数达标 0，未达标 1，平均缺口 188.00，最大缺口 188.00，失败托盘互借修复成功 0。
  - KPI：near/mid/deep=0/0/1，救回率=0.00%，pair效率=0.00%。
  - 耗时拆解：packing=0.00s，main_topup=0.00s，retry=0.00s，failed_pool=0.00s，repack=0.00s，total=0.00s。
正在处理托盘类型：MH423C，销售订单号：LAID16305BN02S
  - 主算法：全局列式装箱 + 柱级组合优化（GCP）。
  - 失败托盘互借诊断：未合并（no_target_or_single_plan）。
托盘类型 MH423C（销售订单号：LAID16305BN02S）处理完成：总托盘 1，指数达标 0，未达标 1，平均缺口 88.00，最大缺口 88.00，失败托盘互借修复成功 0。
  - KPI：near/mid/deep=0/0/1，救回率=0.00%，pair效率=0.00%。
  - 耗时拆解：packing=0.57s，main_topup=0.00s，retry=0.00s，failed_pool=0.00s，repack=0.00s，total=0.57s。
正在处理托盘类型：MH423C，销售订单号：LFEG16300IN03S
  - 该分组不适合列式（多非满柱）→ 回退 beam + 配方优先。
  - 配方优先[fast]：规划 0 实例，实装成功 0，配方路径不可用 → 采用基线方案。
  - 指数诊断：箱子 1 个，总指数 2，目标 192，理论最多达标托盘 0 个，剩余指数 2。
  - 几何诊断：典型整层堆叠单盘参考上限 2/192。 当前目标可能受托盘高度/箱型组合限制。
  - 几何不可达标记：典型整层上限 2 < 目标 192，救援优先压缩托盘数和填充率。
  - 失败托盘互借诊断：未合并（no_target_or_single_plan）。
托盘类型 MH423C（销售订单号：LFEG16300IN03S）处理完成：总托盘 1，指数达标 0，未达标 1，平均缺口 190.00，最大缺口 190.00，失败托盘互借修复成功 0。
  - KPI：near/mid/deep=0/0/1，救回率=0.00%，pair效率=0.00%。
  - 耗时拆解：packing=0.00s，main_topup=0.00s，retry=0.00s，failed_pool=0.00s，repack=0.00s，total=0.00s。
正在处理托盘类型：MH423C，销售订单号：LAID16305BN01S
  - 主算法：全局列式装箱 + 柱级组合优化（GCP）。
  - 失败托盘互借诊断：未合并（no_target_or_single_plan）。
托盘类型 MH423C（销售订单号：LAID16305BN01S）处理完成：总托盘 1，指数达标 0，未达标 1，平均缺口 164.00，最大缺口 164.00，失败托盘互借修复成功 0。
  - KPI：near/mid/deep=0/0/1，救回率=0.00%，pair效率=0.00%。
  - 耗时拆解：packing=0.06s，main_topup=0.00s，retry=0.00s，failed_pool=0.00s，repack=0.00s，total=0.06s。
正在处理托盘类型：MH423C，销售订单号：LAID16305BN01S__SPLITREST__
  - 该分组不适合列式（多非满柱）→ 回退 beam + 配方优先。
  - 配方优先[fast]：规划 0 实例，实装成功 0，配方路径不可用 → 采用基线方案。
  - 指数诊断：箱子 3 个，总指数 6，目标 192，理论最多达标托盘 0 个，剩余指数 6。
  - 几何诊断：典型整层堆叠单盘参考上限 6/192。 当前目标可能受托盘高度/箱型组合限制。
  - 几何不可达标记：典型整层上限 6 < 目标 192，救援优先压缩托盘数和填充率。
  - 失败托盘互借诊断：未合并（no_target_or_single_plan）。
托盘类型 MH423C（销售订单号：LAID16305BN01S__SPLITREST__）处理完成：总托盘 1，指数达标 0，未达标 1，平均缺口 186.00，最大缺口 186.00，失败托盘互借修复成功 0。
  - KPI：near/mid/deep=0/0/1，救回率=0.00%，pair效率=0.00%。
  - 耗时拆解：packing=0.00s，main_topup=0.00s，retry=0.00s，failed_pool=0.00s，repack=0.00s，total=0.01s。
正在处理托盘类型：MH423C，销售订单号：LAID16305EN01S
  - 该分组不适合列式（多非满柱）→ 回退 beam + 配方优先。
  - 配方优先[fast]：规划 0 实例，实装成功 0，配方路径不可用 → 采用基线方案。
  - 指数诊断：箱子 29 个，总指数 132.5，目标 192，理论最多达标托盘 0 个，剩余指数 132.5。
  - 几何诊断：典型整层堆叠单盘参考上限 78/192。 当前目标可能受托盘高度/箱型组合限制。
  - 几何不可达标记：典型整层上限 78 < 目标 192，救援优先压缩托盘数和填充率。
  - 失败托盘互借诊断：未合并（aborted_no_improvement_possible）。
托盘类型 MH423C（销售订单号：LAID16305EN01S）处理完成：总托盘 2，指数达标 0，未达标 2，平均缺口 125.75，最大缺口 183.50，失败托盘互借修复成功 0。
  - KPI：near/mid/deep=0/0/2，救回率=0.00%，pair效率=0.00%。
  - 耗时拆解：packing=0.13s，main_topup=0.00s，retry=0.00s，failed_pool=0.00s，repack=0.28s，total=0.72s。
正在处理托盘类型：MH423C，销售订单号：PAIN26290GC02S
  - 主算法：全局列式装箱 + 柱级组合优化（GCP）。
  - GCP 盘数远超理论（CP-SAT 装不满）→ 回退 baseline beam + 配方优先。
  - 配方优先[fast]：规划 0 实例，实装成功 0，配方路径不可用 → 采用基线方案。
  - 指数诊断：箱子 41 个，总指数 178，目标 192，理论最多达标托盘 0 个，剩余指数 178。
  - 几何诊断：典型整层堆叠单盘参考上限 136/192。 当前目标可能受托盘高度/箱型组合限制。
  - 几何不可达标记：典型整层上限 136 < 目标 192，救援优先压缩托盘数和填充率。
  - 失败托盘互借诊断：未合并（not_better）。
托盘类型 MH423C（销售订单号：PAIN26290GC02S）处理完成：总托盘 2，指数达标 0，未达标 2，平均缺口 103.00，最大缺口 122.00，失败托盘互借修复成功 0。
  - KPI：near/mid/deep=0/0/2，救回率=0.00%，pair效率=0.00%。
  - 耗时拆解：packing=0.05s，main_topup=0.00s，retry=0.00s，failed_pool=0.00s，repack=0.29s，total=0.61s。
正在处理托盘类型：MH423C，销售订单号：PAID16280FC02S
  - 主算法：全局列式装箱 + 柱级组合优化（GCP）。
  - GCP 盘数远超理论（CP-SAT 装不满）→ 回退 baseline beam + 配方优先。
  - 配方优先[fast]：规划 0 实例，实装成功 0，配方路径不可用 → 采用基线方案。
  - 指数诊断：箱子 4 个，总指数 16，目标 192，理论最多达标托盘 0 个，剩余指数 16。
  - 几何诊断：典型整层堆叠单盘参考上限 16/192。 当前目标可能受托盘高度/箱型组合限制。
  - 几何不可达标记：典型整层上限 16 < 目标 192，救援优先压缩托盘数和填充率。
  - 失败托盘互借诊断：未合并（no_target_or_single_plan）。
托盘类型 MH423C（销售订单号：PAID16280FC02S）处理完成：总托盘 1，指数达标 0，未达标 1，平均缺口 176.00，最大缺口 176.00，失败托盘互借修复成功 0。
  - KPI：near/mid/deep=0/0/1，救回率=0.00%，pair效率=0.00%。
  - 耗时拆解：packing=0.00s，main_topup=0.00s，retry=0.00s，failed_pool=0.00s，repack=0.00s，total=0.03s。
正在处理托盘类型：MH423C，销售订单号：PAIN26296EC02S
  - 主算法：全局列式装箱 + 柱级组合优化（GCP）。
  - 失败托盘互借诊断：未合并（aborted_no_improvement_possible）。
托盘类型 MH423C（销售订单号：PAIN26296EC02S）处理完成：总托盘 2，指数达标 0，未达标 2，平均缺口 84.00，最大缺口 162.00，失败托盘互借修复成功 0。
  - KPI：near/mid/deep=1/0/1，救回率=0.00%，pair效率=0.00%。
  - 耗时拆解：packing=0.05s，main_topup=0.00s，retry=0.00s，failed_pool=0.00s，repack=5.79s，total=5.84s。
正在处理托盘类型：MH423C，销售订单号：PAID16290FC02S
  - 该分组不适合列式（多非满柱）→ 回退 beam + 配方优先。
  - 配方优先[fast]：规划 0 实例，实装成功 0，配方路径不可用 → 采用基线方案。
  - 指数诊断：箱子 6 个，总指数 14，目标 192，理论最多达标托盘 0 个，剩余指数 14。
  - 几何诊断：典型整层堆叠单盘参考上限 14/192。 当前目标可能受托盘高度/箱型组合限制。
  - 几何不可达标记：典型整层上限 14 < 目标 192，救援优先压缩托盘数和填充率。
  - 失败托盘互借诊断：未合并（no_target_or_single_plan）。
托盘类型 MH423C（销售订单号：PAID16290FC02S）处理完成：总托盘 1，指数达标 0，未达标 1，平均缺口 178.00，最大缺口 178.00，失败托盘互借修复成功 0。
  - KPI：near/mid/deep=0/0/1，救回率=0.00%，pair效率=0.00%。
  - 耗时拆解：packing=0.01s，main_topup=0.00s，retry=0.00s，failed_pool=0.00s，repack=0.00s，total=0.06s。
正在处理托盘类型：MH423C，销售订单号：LAID16295EN01S__CASEGROUP__1
  - 主算法：全局列式装箱 + 柱级组合优化（GCP）。
  - 失败托盘互借诊断：未合并（no_target_or_single_plan）。
托盘类型 MH423C（销售订单号：LAID16295EN01S__CASEGROUP__1）处理完成：总托盘 1，指数达标 0，未达标 1，平均缺口 52.00，最大缺口 52.00，失败托盘互借修复成功 0。
  - KPI：near/mid/deep=0/0/1，救回率=0.00%，pair效率=0.00%。
  - 耗时拆解：packing=2.14s，main_topup=0.00s，retry=0.00s，failed_pool=0.00s，repack=0.00s，total=2.14s。
正在处理托盘类型：MH423C，销售订单号：LAID16295EN01S__CASEGROUP__1__SPLITREST__
  - 该分组不适合列式（多非满柱）→ 回退 beam + 配方优先。
  - 配方优先[fast]：规划 0 实例，实装成功 0，配方路径不可用 → 采用基线方案。
  - 指数诊断：箱子 5 个，总指数 16，目标 192，理论最多达标托盘 0 个，剩余指数 16。
  - 几何诊断：典型整层堆叠单盘参考上限 16/192。 当前目标可能受托盘高度/箱型组合限制。
  - 几何不可达标记：典型整层上限 16 < 目标 192，救援优先压缩托盘数和填充率。
  - 失败托盘互借诊断：未合并（no_target_or_single_plan）。
托盘类型 MH423C（销售订单号：LAID16295EN01S__CASEGROUP__1__SPLITREST__）处理完成：总托盘 1，指数达标 0，未达标 1，平均缺口 176.00，最大缺口 176.00，失败托盘互借修复成功 0。
  - KPI：near/mid/deep=0/0/1，救回率=0.00%，pair效率=0.00%。
  - 耗时拆解：packing=0.01s，main_topup=0.00s，retry=0.00s，failed_pool=0.00s，repack=0.00s，total=0.01s。
正在处理托盘类型：MH423C，销售订单号：PEG146296CN01S
  - 主算法：全局列式装箱 + 柱级组合优化（GCP）。
  - 失败托盘互借诊断：未合并（no_target_or_single_plan）。
托盘类型 MH423C（销售订单号：PEG146296CN01S）处理完成：总托盘 1，指数达标 0，未达标 1，平均缺口 68.00，最大缺口 68.00，失败托盘互借修复成功 0。
  - KPI：near/mid/deep=0/0/1，救回率=0.00%，pair效率=0.00%。
  - 耗时拆解：packing=0.00s，main_topup=0.00s，retry=0.00s，failed_pool=0.00s，repack=0.00s，total=0.00s。
正在处理托盘类型：MH423C，销售订单号：LAID16284AN02S
  - 主算法：全局列式装箱 + 柱级组合优化（GCP）。
  - GCP 盘数远超理论（CP-SAT 装不满）→ 回退 baseline beam + 配方优先。
  - 配方优先[fast]：规划 0 实例，实装成功 0，配方路径不可用 → 采用基线方案。
  - 指数诊断：箱子 7 个，总指数 22，目标 192，理论最多达标托盘 0 个，剩余指数 22。
  - 几何诊断：典型整层堆叠单盘参考上限 22/192。 当前目标可能受托盘高度/箱型组合限制。
  - 几何不可达标记：典型整层上限 22 < 目标 192，救援优先压缩托盘数和填充率。
  - 失败托盘互借诊断：未合并（no_target_or_single_plan）。
托盘类型 MH423C（销售订单号：LAID16284AN02S）处理完成：总托盘 1，指数达标 0，未达标 1，平均缺口 170.00，最大缺口 170.00，失败托盘互借修复成功 0。
  - KPI：near/mid/deep=0/0/1，救回率=0.00%，pair效率=0.00%。
  - 耗时拆解：packing=0.01s，main_topup=0.00s，retry=0.00s，failed_pool=0.00s，repack=0.00s，total=0.05s。
正在处理托盘类型：MH423C，销售订单号：PAIN26290MN09S
  - 主算法：全局列式装箱 + 柱级组合优化（GCP）。
  - 失败托盘互借诊断：未合并（no_target_or_single_plan）。
托盘类型 MH423C（销售订单号：PAIN26290MN09S）处理完成：总托盘 1，指数达标 0，未达标 1，平均缺口 84.00，最大缺口 84.00，失败托盘互借修复成功 0。
  - KPI：near/mid/deep=0/0/1，救回率=0.00%，pair效率=0.00%。
  - 耗时拆解：packing=0.04s，main_topup=0.00s，retry=0.00s，failed_pool=0.00s，repack=0.00s，total=0.04s。
正在处理托盘类型：MH423C，销售订单号：LAID16294AN01S
  - 该分组不适合列式（多非满柱）→ 回退 beam + 配方优先。
  - 配方优先[fast]：规划 0 实例，实装成功 0，配方路径不可用 → 采用基线方案。
  - 指数诊断：箱子 9 个，总指数 23，目标 192，理论最多达标托盘 0 个，剩余指数 23。
  - 几何诊断：典型整层堆叠单盘参考上限 20/192。 当前目标可能受托盘高度/箱型组合限制。
  - 几何不可达标记：典型整层上限 20 < 目标 192，救援优先压缩托盘数和填充率。
  - 失败托盘互借诊断：未合并（no_target_or_single_plan）。
托盘类型 MH423C（销售订单号：LAID16294AN01S）处理完成：总托盘 1，指数达标 0，未达标 1，平均缺口 169.00，最大缺口 169.00，失败托盘互借修复成功 0。
  - KPI：near/mid/deep=0/0/1，救回率=0.00%，pair效率=0.00%。
  - 耗时拆解：packing=0.04s，main_topup=0.00s，retry=0.00s，failed_pool=0.00s，repack=0.00s，total=0.04s。
正在处理托盘类型：MH423C，销售订单号：LAMY16305FN01S
  - 主算法：全局列式装箱 + 柱级组合优化（GCP）。
  - 失败托盘互借诊断：未合并（no_target_or_single_plan）。
托盘类型 MH423C（销售订单号：LAMY16305FN01S）处理完成：总托盘 1，指数达标 0，未达标 1，平均缺口 170.00，最大缺口 170.00，失败托盘互借修复成功 0。
  - KPI：near/mid/deep=0/0/1，救回率=0.00%，pair效率=0.00%。
  - 耗时拆解：packing=0.02s，main_topup=0.00s，retry=0.00s，failed_pool=0.00s，repack=0.00s，total=0.02s。
正在处理托盘类型：MH423C，销售订单号：PAID16295BN01S
  - 主算法：全局列式装箱 + 柱级组合优化（GCP）。
  - 失败托盘互借诊断：未合并（no_target_or_single_plan）。
托盘类型 MH423C（销售订单号：PAID16295BN01S）处理完成：总托盘 1，指数达标 0，未达标 1，平均缺口 124.00，最大缺口 124.00，失败托盘互借修复成功 0。
  - KPI：near/mid/deep=0/0/1，救回率=0.00%，pair效率=0.00%。
  - 耗时拆解：packing=0.01s，main_topup=0.00s，retry=0.00s，failed_pool=0.00s，repack=0.00s，total=0.01s。
正在处理托盘类型：MH423C，销售订单号：PAID16296DN01S
  - 主算法：全局列式装箱 + 柱级组合优化（GCP）。
  - GCP 盘数远超理论（CP-SAT 装不满）→ 回退 baseline beam + 配方优先。
  - 配方优先[fast]：规划 0 实例，实装成功 0，配方路径不可用 → 采用基线方案。
  - 指数诊断：箱子 10 个，总指数 20，目标 192，理论最多达标托盘 0 个，剩余指数 20。
  - 几何诊断：典型整层堆叠单盘参考上限 20/192。 当前目标可能受托盘高度/箱型组合限制。
  - 几何不可达标记：典型整层上限 20 < 目标 192，救援优先压缩托盘数和填充率。
  - 失败托盘互借诊断：未合并（no_target_or_single_plan）。
托盘类型 MH423C（销售订单号：PAID16296DN01S）处理完成：总托盘 1，指数达标 0，未达标 1，平均缺口 172.00，最大缺口 172.00，失败托盘互借修复成功 0。
  - KPI：near/mid/deep=0/0/1，救回率=0.00%，pair效率=0.00%。
  - 耗时拆解：packing=0.02s，main_topup=0.00s，retry=0.00s，failed_pool=0.00s，repack=0.00s，total=0.10s。
正在处理托盘类型：MH423C，销售订单号：PAID16295EL05S
  - 该分组不适合列式（多非满柱）→ 回退 beam + 配方优先。
  - 配方优先[fast]：规划 0 实例，实装成功 0，配方路径不可用 → 采用基线方案。
  - 指数诊断：箱子 1 个，总指数 2，目标 192，理论最多达标托盘 0 个，剩余指数 2。
  - 几何诊断：典型整层堆叠单盘参考上限 2/192。 当前目标可能受托盘高度/箱型组合限制。
  - 几何不可达标记：典型整层上限 2 < 目标 192，救援优先压缩托盘数和填充率。
  - 失败托盘互借诊断：未合并（no_target_or_single_plan）。
托盘类型 MH423C（销售订单号：PAID16295EL05S）处理完成：总托盘 1，指数达标 0，未达标 1，平均缺口 190.00，最大缺口 190.00，失败托盘互借修复成功 0。
  - KPI：near/mid/deep=0/0/1，救回率=0.00%，pair效率=0.00%。
  - 耗时拆解：packing=0.00s，main_topup=0.00s，retry=0.00s，failed_pool=0.00s，repack=0.00s，total=0.00s。
正在处理托盘类型：MH423C，销售订单号：PAID16290FL03S
  - 该分组不适合列式（多非满柱）→ 回退 beam + 配方优先。
  - 配方优先[fast]：规划 0 实例，实装成功 0，配方路径不可用 → 采用基线方案。
  - 指数诊断：箱子 3 个，总指数 6，目标 192，理论最多达标托盘 0 个，剩余指数 6。
  - 几何诊断：典型整层堆叠单盘参考上限 6/192。 当前目标可能受托盘高度/箱型组合限制。
  - 几何不可达标记：典型整层上限 6 < 目标 192，救援优先压缩托盘数和填充率。
  - 失败托盘互借诊断：未合并（no_target_or_single_plan）。
托盘类型 MH423C（销售订单号：PAID16290FL03S）处理完成：总托盘 1，指数达标 0，未达标 1，平均缺口 186.00，最大缺口 186.00，失败托盘互借修复成功 0。
  - KPI：near/mid/deep=0/0/1，救回率=0.00%，pair效率=0.00%。
  - 耗时拆解：packing=0.00s，main_topup=0.00s，retry=0.00s，failed_pool=0.00s，repack=0.00s，total=0.01s。
正在处理托盘类型：MH423C，销售订单号：PAIN26290MN02S
  - 该分组不适合列式（多非满柱）→ 回退 beam + 配方优先。
  - 配方优先[fast]：规划 0 实例，实装成功 0，配方路径不可用 → 采用基线方案。
  - 指数诊断：箱子 56 个，总指数 88，目标 192，理论最多达标托盘 0 个，剩余指数 88。
  - 几何诊断：典型整层堆叠单盘参考上限 85/192。 当前目标可能受托盘高度/箱型组合限制。
  - 几何不可达标记：典型整层上限 85 < 目标 192，救援优先压缩托盘数和填充率。
  - 失败托盘互借诊断：未合并（no_target_or_single_plan）。
托盘类型 MH423C（销售订单号：PAIN26290MN02S）处理完成：总托盘 1，指数达标 0，未达标 1，平均缺口 104.00，最大缺口 104.00，失败托盘互借修复成功 0。
  - KPI：near/mid/deep=0/0/1，救回率=0.00%，pair效率=0.00%。
  - 耗时拆解：packing=1.77s，main_topup=0.00s，retry=0.00s，failed_pool=0.00s，repack=0.00s，total=1.77s。
正在处理托盘类型：MH423C，销售订单号：PAIN26296EN01S
  - 主算法：全局列式装箱 + 柱级组合优化（GCP）。
  - GCP 盘数远超理论（CP-SAT 装不满）→ 回退 baseline beam + 配方优先。
  - 配方优先[fast]：规划 0 实例，实装成功 0，配方路径不可用 → 采用基线方案。
  - 指数诊断：箱子 77 个，总指数 202，目标 192，理论最多达标托盘 1 个，剩余指数 10。
  - 几何诊断：典型整层堆叠单盘参考上限 142/192。 当前目标可能受托盘高度/箱型组合限制。
  - 几何不可达标记：典型整层上限 142 < 目标 192，救援优先压缩托盘数和填充率。
  - 失败托盘互借诊断：未合并（less_than_2_consolidatable）。
托盘类型 MH423C（销售订单号：PAIN26296EN01S）处理完成：总托盘 2，指数达标 1，未达标 1，平均缺口 182.00，最大缺口 182.00，失败托盘互借修复成功 1。
  - KPI：near/mid/deep=0/0/1，救回率=100.00%，pair效率=0.00%。
  - 耗时拆解：packing=1.24s，main_topup=0.06s，retry=0.00s，failed_pool=0.00s，repack=0.04s，total=2.52s。
正在处理托盘类型：MH423C，销售订单号：PAIN26290MN10S
  - 主算法：全局列式装箱 + 柱级组合优化（GCP）。
  - 失败托盘互借诊断：未合并（no_target_or_single_plan）。
托盘类型 MH423C（销售订单号：PAIN26290MN10S）处理完成：总托盘 1，指数达标 0，未达标 1，平均缺口 124.00，最大缺口 124.00，失败托盘互借修复成功 0。
  - KPI：near/mid/deep=0/0/1，救回率=0.00%，pair效率=0.00%。
  - 耗时拆解：packing=0.00s，main_topup=0.00s，retry=0.00s，failed_pool=0.00s，repack=0.00s，total=0.00s。
正在处理托盘类型：MH423C，销售订单号：PAIN26290MZ07S
  - 该分组不适合列式（多非满柱）→ 回退 beam + 配方优先。
  - 配方优先[fast]：规划 0 实例，实装成功 0，配方路径不可用 → 采用基线方案。
  - 指数诊断：箱子 72 个，总指数 210，目标 192，理论最多达标托盘 1 个，剩余指数 18。
  - 几何诊断：典型整层堆叠单盘参考上限 124/192。 当前目标可能受托盘高度/箱型组合限制。
  - 几何不可达标记：典型整层上限 124 < 目标 192，救援优先压缩托盘数和填充率。
  - 失败托盘互借诊断：未合并（aborted_no_improvement_possible）。
托盘类型 MH423C（销售订单号：PAIN26290MZ07S）处理完成：总托盘 2，指数达标 0，未达标 2，平均缺口 87.00，最大缺口 106.00，失败托盘互借修复成功 0。
  - KPI：near/mid/deep=0/0/2，救回率=0.00%，pair效率=0.00%。
  - 耗时拆解：packing=1.47s，main_topup=0.00s，retry=0.00s，failed_pool=0.00s，repack=2.39s，total=3.87s。
正在处理托盘类型：MH423C，销售订单号：PEG106290LN01S
  - 主算法：全局列式装箱 + 柱级组合优化（GCP）。
  - 失败托盘互借诊断：未合并（no_target_or_single_plan）。
托盘类型 MH423C（销售订单号：PEG106290LN01S）处理完成：总托盘 1，指数达标 0，未达标 1，平均缺口 76.00，最大缺口 76.00，失败托盘互借修复成功 0。
  - KPI：near/mid/deep=0/0/1，救回率=0.00%，pair效率=0.00%。
  - 耗时拆解：packing=0.00s，main_topup=0.00s，retry=0.00s，failed_pool=0.00s，repack=0.00s，total=0.00s。
正在处理托盘类型：MH423C，销售订单号：LAID16306DN02S
  - 主算法：全局列式装箱 + 柱级组合优化（GCP）。
  - 失败托盘互借诊断：未合并（no_target_or_single_plan）。
托盘类型 MH423C（销售订单号：LAID16306DN02S）处理完成：总托盘 1，指数达标 0，未达标 1，平均缺口 116.00，最大缺口 116.00，失败托盘互借修复成功 0。
  - KPI：near/mid/deep=0/0/1，救回率=0.00%，pair效率=0.00%。
  - 耗时拆解：packing=0.00s，main_topup=0.00s，retry=0.00s，failed_pool=0.00s，repack=0.00s，total=0.00s。
正在处理托盘类型：MH423C，销售订单号：LAID16306DN02S__SPLITREST__
  - 该分组不适合列式（多非满柱）→ 回退 beam + 配方优先。
  - 配方优先[fast]：规划 0 实例，实装成功 0，配方路径不可用 → 采用基线方案。
  - 指数诊断：箱子 2 个，总指数 4，目标 192，理论最多达标托盘 0 个，剩余指数 4。
  - 几何诊断：典型整层堆叠单盘参考上限 4/192。 当前目标可能受托盘高度/箱型组合限制。
  - 几何不可达标记：典型整层上限 4 < 目标 192，救援优先压缩托盘数和填充率。
  - 失败托盘互借诊断：未合并（no_target_or_single_plan）。
托盘类型 MH423C（销售订单号：LAID16306DN02S__SPLITREST__）处理完成：总托盘 1，指数达标 0，未达标 1，平均缺口 188.00，最大缺口 188.00，失败托盘互借修复成功 0。
  - KPI：near/mid/deep=0/0/1，救回率=0.00%，pair效率=0.00%。
  - 耗时拆解：packing=0.00s，main_topup=0.00s，retry=0.00s，failed_pool=0.00s，repack=0.00s，total=0.00s。
正在处理托盘类型：MH423C，销售订单号：PAIN26280MZ06S
  - 主算法：全局列式装箱 + 柱级组合优化（GCP）。
  - 失败托盘互借诊断：未合并（no_target_or_single_plan）。
托盘类型 MH423C（销售订单号：PAIN26280MZ06S）处理完成：总托盘 1，指数达标 0，未达标 1，平均缺口 18.00，最大缺口 18.00，失败托盘互借修复成功 0。
  - KPI：near/mid/deep=0/1/0，救回率=0.00%，pair效率=0.00%。
  - 耗时拆解：packing=1.75s，main_topup=0.00s，retry=0.00s，failed_pool=0.00s，repack=0.00s，total=1.75s。
正在处理托盘类型：MH423C，销售订单号：PAIN26280BN01S
  - 主算法：全局列式装箱 + 柱级组合优化（GCP）。
  - 失败托盘互借诊断：未合并（no_target_or_single_plan）。
托盘类型 MH423C（销售订单号：PAIN26280BN01S）处理完成：总托盘 1，指数达标 0，未达标 1，平均缺口 148.00，最大缺口 148.00，失败托盘互借修复成功 0。
  - KPI：near/mid/deep=0/0/1，救回率=0.00%，pair效率=0.00%。
  - 耗时拆解：packing=0.07s，main_topup=0.00s，retry=0.00s，failed_pool=0.00s，repack=0.00s，total=0.07s。
正在处理托盘类型：MH423C，销售订单号：PAID16300FN01S
  - 该分组不适合列式（多非满柱）→ 回退 beam + 配方优先。
  - 配方优先[fast]：规划 0 实例，实装成功 0，配方路径不可用 → 采用基线方案。
  - 指数诊断：箱子 1 个，总指数 4，目标 192，理论最多达标托盘 0 个，剩余指数 4。
  - 几何诊断：典型整层堆叠单盘参考上限 4/192。 当前目标可能受托盘高度/箱型组合限制。
  - 几何不可达标记：典型整层上限 4 < 目标 192，救援优先压缩托盘数和填充率。
  - 失败托盘互借诊断：未合并（no_target_or_single_plan）。
托盘类型 MH423C（销售订单号：PAID16300FN01S）处理完成：总托盘 1，指数达标 0，未达标 1，平均缺口 188.00，最大缺口 188.00，失败托盘互借修复成功 0。
  - KPI：near/mid/deep=0/0/1，救回率=0.00%，pair效率=0.00%。
  - 耗时拆解：packing=0.00s，main_topup=0.00s，retry=0.00s，failed_pool=0.00s，repack=0.00s，total=0.00s。
正在处理托盘类型：MH423C，销售订单号：LAID16306DN03S
  - 主算法：全局列式装箱 + 柱级组合优化（GCP）。
  - 失败托盘互借诊断：未合并（no_target_or_single_plan）。
托盘类型 MH423C（销售订单号：LAID16306DN03S）处理完成：总托盘 1，指数达标 0，未达标 1，平均缺口 132.00，最大缺口 132.00，失败托盘互借修复成功 0。
  - KPI：near/mid/deep=0/0/1，救回率=0.00%，pair效率=0.00%。
  - 耗时拆解：packing=0.03s，main_topup=0.00s，retry=0.00s，failed_pool=0.00s，repack=0.00s，total=0.03s。
正在处理托盘类型：MH423C，销售订单号：LAID16306DN03S__SPLITREST__
  - 该分组不适合列式（多非满柱）→ 回退 beam + 配方优先。
  - 配方优先[fast]：规划 0 实例，实装成功 0，配方路径不可用 → 采用基线方案。
  - 指数诊断：箱子 2 个，总指数 4，目标 192，理论最多达标托盘 0 个，剩余指数 4。
  - 几何诊断：典型整层堆叠单盘参考上限 4/192。 当前目标可能受托盘高度/箱型组合限制。
  - 几何不可达标记：典型整层上限 4 < 目标 192，救援优先压缩托盘数和填充率。
  - 失败托盘互借诊断：未合并（no_target_or_single_plan）。
托盘类型 MH423C（销售订单号：LAID16306DN03S__SPLITREST__）处理完成：总托盘 1，指数达标 0，未达标 1，平均缺口 188.00，最大缺口 188.00，失败托盘互借修复成功 0。
  - KPI：near/mid/deep=0/0/1，救回率=0.00%，pair效率=0.00%。
  - 耗时拆解：packing=0.00s，main_topup=0.00s，retry=0.00s，failed_pool=0.00s，repack=0.00s，total=0.01s。
正在处理托盘类型：MH423C，销售订单号：PAID16306DN01S
  - 主算法：全局列式装箱 + 柱级组合优化（GCP）。
  - 失败托盘互借诊断：未合并（no_target_or_single_plan）。
托盘类型 MH423C（销售订单号：PAID16306DN01S）处理完成：总托盘 1，指数达标 0，未达标 1，平均缺口 156.00，最大缺口 156.00，失败托盘互借修复成功 0。
  - KPI：near/mid/deep=0/0/1，救回率=0.00%，pair效率=0.00%。
  - 耗时拆解：packing=0.11s，main_topup=0.00s，retry=0.00s，failed_pool=0.00s，repack=0.00s，total=0.11s。
正在处理托盘类型：MH423C，销售订单号：PAID16295BD02S
  - 主算法：全局列式装箱 + 柱级组合优化（GCP）。
  - 失败托盘互借诊断：未合并（no_target_or_single_plan）。
托盘类型 MH423C（销售订单号：PAID16295BD02S）处理完成：总托盘 1，指数达标 0，未达标 1，平均缺口 156.00，最大缺口 156.00，失败托盘互借修复成功 0。
  - KPI：near/mid/deep=0/0/1，救回率=0.00%，pair效率=0.00%。
  - 耗时拆解：packing=0.05s，main_topup=0.00s，retry=0.00s，failed_pool=0.00s，repack=0.00s，total=0.05s。
正在处理托盘类型：MH423C，销售订单号：PAID16305BN01S
  - 该分组不适合列式（多非满柱）→ 回退 beam + 配方优先。
  - 配方优先[fast]：规划 0 实例，实装成功 0，配方路径不可用 → 采用基线方案。
  - 指数诊断：箱子 2 个，总指数 4，目标 192，理论最多达标托盘 0 个，剩余指数 4。
  - 几何诊断：典型整层堆叠单盘参考上限 4/192。 当前目标可能受托盘高度/箱型组合限制。
  - 几何不可达标记：典型整层上限 4 < 目标 192，救援优先压缩托盘数和填充率。
  - 失败托盘互借诊断：未合并（no_target_or_single_plan）。
托盘类型 MH423C（销售订单号：PAID16305BN01S）处理完成：总托盘 1，指数达标 0，未达标 1，平均缺口 188.00，最大缺口 188.00，失败托盘互借修复成功 0。
  - KPI：near/mid/deep=0/0/1，救回率=0.00%，pair效率=0.00%。
  - 耗时拆解：packing=0.00s，main_topup=0.00s，retry=0.00s，failed_pool=0.00s，repack=0.00s，total=0.01s。
  - 失败盘装满压实：合并/吸收 1 次（纯减盘数）。
  - 跨子组装满压实（MH423C / LAID16306DN01S）：合并 1 次（纯减盘数）。
  - 失败盘装满压实：合并/吸收 1 次（纯减盘数）。
  - 跨子组装满压实（MH423C / LAID16296DN01S）：合并 1 次（纯减盘数）。
  - 失败盘装满压实：合并/吸收 2 次（纯减盘数）。
  - 跨子组装满压实（MH423C / LAID16285EN01S__CASEGROUP__1）：合并 2 次（纯减盘数）。
  - 失败盘装满压实：合并/吸收 1 次（纯减盘数）。
  - 跨子组装满压实（MH423C / PAIN26286EN01S）：合并 1 次（纯减盘数）。
  - 失败盘装满压实：合并/吸收 1 次（纯减盘数）。
  - 跨子组装满压实（MH423C / LFEG16290IN03S）：合并 1 次（纯减盘数）。
  - 失败盘装满压实：合并/吸收 1 次（纯减盘数）。
  - 跨子组装满压实（MH423C / LAID16295EN02S）：合并 1 次（纯减盘数）。
  - 失败盘装满压实：合并/吸收 1 次（纯减盘数）。
  - 跨子组装满压实（MH423C / LAMY16315FN01S）：合并 1 次（纯减盘数）。
  - 失败盘装满压实：合并/吸收 1 次（纯减盘数）。
  - 跨子组装满压实（MH423C / LAID16305BN01S）：合并 1 次（纯减盘数）。
  - 失败盘装满压实：合并/吸收 1 次（纯减盘数）。
  - 跨子组装满压实（MH423C / LAID16295EN01S__CASEGROUP__1）：合并 1 次（纯减盘数）。
  - 失败盘装满压实：合并/吸收 1 次（纯减盘数）。
  - 跨子组装满压实（MH423C / LAID16306DN02S）：合并 1 次（纯减盘数）。
  - 失败盘装满压实：合并/吸收 1 次（纯减盘数）。
  - 跨子组装满压实（MH423C / LAID16306DN03S）：合并 1 次（纯减盘数）。
========================================
统计汇总：总托盘 90，指数达标 1，未达标 89，未知 0，平均缺口 136.12，最大缺口 191.50，失败托盘互借修复成功 1
KPI汇总：near/mid/deep=2/3/84，pair尝试=0，pair改进=0，pair效率=0.00%
耗时汇总：packing=25.11s，main_topup=0.13s，retry=0.00s，repack=26.33s，end_to_end=80.43s
========================================
[WCS-装] SUCCESS 产品码 67 个，DB 更新达标 67 行；FAILED 盘 89 个保持未达标。
[WCS-装] 本轮结束；等待下一次「新插入」再开算。
[WCS-装] 装箱报告已保存：E:\Homework\AA装箱\A装箱和可视化\zhuang\packing-workspace\output\packing_plan_20260720_170802.json
[WCS-装] 接口 2 发送体已保存：E:\Homework\AA装箱\A装箱和可视化\zhuang\packing-workspace\output\wcs_plan_20260720_170802.json（90 个 case）
[WCS-装] 已跳过接口 2 推送（仅本地保存）。
[UI-RESULT] E:\Homework\AA装箱\A装箱和可视化\zhuang\packing-workspace\output\packing_plan_20260720_170802.json
[WCS-装] 等待数据库新插入（有新 product_code 才开算）…
============================================================
[WCS-拉] 20260720_171117：拉取接口 1 …
[WCS-拉] 原始响应已保存：E:\Homework\AA装箱\A装箱和可视化\zhuang\packing-workspace\input\raw\20260720_171117.json
[WCS-拉] 已剔除 case_type≠MH423C 的品类 67 条（类型：['WR246']），保留 2065 条。
[WCS-DB] product_code 已存在、跳过 2065 条
[WCS-拉] 落库完成：候选 2065 条，新插入 0 条（新行 up_to_standard=0）。
[WCS-拉] 无新插入 → 不触发装箱。
============================================================
[WCS-拉] 20260720_171439：拉取接口 1 …
[WCS-拉] 原始响应已保存：E:\Homework\AA装箱\A装箱和可视化\zhuang\packing-workspace\input\raw\20260720_171439.json
[WCS-拉] 已剔除 case_type≠MH423C 的品类 67 条（类型：['WR246']），保留 2065 条。
[WCS-DB] product_code 已存在、跳过 2065 条
[WCS-拉] 落库完成：候选 2065 条，新插入 0 条（新行 up_to_standard=0）。
[WCS-拉] 无新插入 → 不触发装箱。
============================================================
[WCS-拉] 20260720_171800：拉取接口 1 …
[WCS-拉] 原始响应已保存：E:\Homework\AA装箱\A装箱和可视化\zhuang\packing-workspace\input\raw\20260720_171800.json
[WCS-拉] 已剔除 case_type≠MH423C 的品类 67 条（类型：['WR246']），保留 2080 条。
[WCS-DB] product_code 已存在、跳过 2065 条
[WCS-拉] 落库完成：候选 2080 条，新插入 15 条（新行 up_to_standard=0）。
[WCS-拉] 有新插入 → 唤醒装箱线程。
[WCS] 已加载 BMS 参考表：E:\Homework\AA装箱\A装箱和可视化\zhuang\packing-workspace\data\selected_5000_boxes_9_1_concentrated_3orders.xlsx
============================================================
[WCS-装] 20260720_171819：未达标行 2137 条，开始装箱 …
[WCS-装] 展开为 2137 个箱子。
数据预处理和箱子分组完成（按托盘类型+销售订单号）。
----------------------------------------
  - 组内子聚类：19 个混合订单拆出规则子集走 GCP、杂箱走 baseline。
正在处理托盘类型：MH423C，销售订单号：LAID16285EN01S
  - 主算法：全局列式装箱 + 柱级组合优化（GCP）。
  - 失败托盘互借诊断：未合并（no_target_or_single_plan）。
托盘类型 MH423C（销售订单号：LAID16285EN01S）处理完成：总托盘 1，指数达标 0，未达标 1，平均缺口 136.00，最大缺口 136.00，失败托盘互借修复成功 0。
  - KPI：near/mid/deep=0/0/1，救回率=0.00%，pair效率=0.00%。
  - 耗时拆解：packing=0.02s，main_topup=0.00s，retry=0.00s，failed_pool=0.00s，repack=0.00s，total=0.02s。
正在处理托盘类型：MH423C，销售订单号：LAID16285EN01S__SPLITREST__
  - 该分组不适合列式（多非满柱）→ 回退 beam + 配方优先。
  - 配方优先[fast]：规划 0 实例，实装成功 0，配方路径不可用 → 采用基线方案。
  - 指数诊断：箱子 4 个，总指数 9.5，目标 192，理论最多达标托盘 0 个，剩余指数 9.5。
  - 几何诊断：典型整层堆叠单盘参考上限 9.5/192。 当前目标可能受托盘高度/箱型组合限制。
  - 几何不可达标记：典型整层上限 9.5 < 目标 192，救援优先压缩托盘数和填充率。
  - 失败托盘互借诊断：未合并（no_target_or_single_plan）。
托盘类型 MH423C（销售订单号：LAID16285EN01S__SPLITREST__）处理完成：总托盘 1，指数达标 0，未达标 1，平均缺口 182.50，最大缺口 182.50，失败托盘互借修复成功 0。
  - KPI：near/mid/deep=0/0/1，救回率=0.00%，pair效率=0.00%。
  - 耗时拆解：packing=0.00s，main_topup=0.00s，retry=0.00s，failed_pool=0.00s，repack=0.00s，total=0.02s。
正在处理托盘类型：MH423C，销售订单号：LAID16286DN02S
  - 该分组不适合列式（多非满柱）→ 回退 beam + 配方优先。
  - 配方优先[fast]：规划 0 实例，实装成功 0，配方路径不可用 → 采用基线方案。
  - 指数诊断：箱子 1 个，总指数 0.5，目标 192，理论最多达标托盘 0 个，剩余指数 0.5。
  - 几何诊断：典型整层堆叠单盘参考上限 0.5/192。 当前目标可能受托盘高度/箱型组合限制。
  - 几何不可达标记：典型整层上限 0.5 < 目标 192，救援优先压缩托盘数和填充率。
  - 失败托盘互借诊断：未合并（no_target_or_single_plan）。
托盘类型 MH423C（销售订单号：LAID16286DN02S）处理完成：总托盘 1，指数达标 0，未达标 1，平均缺口 191.50，最大缺口 191.50，失败托盘互借修复成功 0。
  - KPI：near/mid/deep=0/0/1，救回率=0.00%，pair效率=0.00%。
  - 耗时拆解：packing=0.00s，main_topup=0.00s，retry=0.00s，failed_pool=0.00s，repack=0.00s，total=0.00s。
正在处理托盘类型：MH423C，销售订单号：PAIN26280MN08S
  - 主算法：全局列式装箱 + 柱级组合优化（GCP）。
  - 失败托盘互借诊断：未合并（no_target_or_single_plan）。
托盘类型 MH423C（销售订单号：PAIN26280MN08S）处理完成：总托盘 1，指数达标 0，未达标 1，平均缺口 105.00，最大缺口 105.00，失败托盘互借修复成功 0。
  - KPI：near/mid/deep=0/0/1，救回率=0.00%，pair效率=0.00%。
  - 耗时拆解：packing=0.00s，main_topup=0.00s，retry=0.00s，failed_pool=0.00s，repack=0.00s，total=0.00s。
正在处理托盘类型：MH423C，销售订单号：PAIN26280MN01S
  - 该分组不适合列式（多非满柱）→ 回退 beam + 配方优先。
  - 配方优先[fast]：规划 0 实例，实装成功 0，配方路径不可用 → 采用基线方案。
  - 指数诊断：箱子 3 个，总指数 6，目标 192，理论最多达标托盘 0 个，剩余指数 6。
  - 几何诊断：典型整层堆叠单盘参考上限 6/192。 当前目标可能受托盘高度/箱型组合限制。
  - 几何不可达标记：典型整层上限 6 < 目标 192，救援优先压缩托盘数和填充率。
  - 失败托盘互借诊断：未合并（no_target_or_single_plan）。
托盘类型 MH423C（销售订单号：PAIN26280MN01S）处理完成：总托盘 1，指数达标 0，未达标 1，平均缺口 186.00，最大缺口 186.00，失败托盘互借修复成功 0。
  - KPI：near/mid/deep=0/0/1，救回率=0.00%，pair效率=0.00%。
  - 耗时拆解：packing=0.00s，main_topup=0.00s，retry=0.00s，failed_pool=0.00s，repack=0.00s，total=0.01s。
正在处理托盘类型：MH423C，销售订单号：LAID16306DN01S
  - 主算法：全局列式装箱 + 柱级组合优化（GCP）。
  - 失败托盘互借诊断：未合并（aborted_no_improvement_possible）。
托盘类型 MH423C（销售订单号：LAID16306DN01S）处理完成：总托盘 2，指数达标 0，未达标 2，平均缺口 90.00，最大缺口 168.00，失败托盘互借修复成功 0。
  - KPI：near/mid/deep=0/1/1，救回率=0.00%，pair效率=0.00%。
  - 耗时拆解：packing=0.02s，main_topup=0.00s，retry=0.00s，failed_pool=0.00s，repack=1.22s，total=1.24s。
正在处理托盘类型：MH423C，销售订单号：LAID16306DN01S__SPLITREST__
  - 该分组不适合列式（多非满柱）→ 回退 beam + 配方优先。
  - 托盘 MH423C-LAID16306DN01S__SPLITREST__-1 未找到可行装箱方案，启用剩余箱子守恒兜底。
  - 配方优先[fast]：规划 0 实例，实装成功 0，配方路径不可用 → 采用基线方案。
  - 指数诊断：箱子 5 个，总指数 5.5，目标 192，理论最多达标托盘 0 个，剩余指数 5.5。
  - 几何诊断：典型整层堆叠单盘参考上限 5.5/192。 当前目标可能受托盘高度/箱型组合限制。
  - 几何不可达标记：典型整层上限 5.5 < 目标 192，救援优先压缩托盘数和填充率。
  - 失败盘装满压实：合并/吸收 1 次（纯减盘数）。
  - 失败托盘互借诊断：未合并（aborted_no_improvement_possible）。
托盘类型 MH423C（销售订单号：LAID16306DN01S__SPLITREST__）处理完成：总托盘 1，指数达标 0，未达标 1，平均缺口 186.50，最大缺口 186.50，失败托盘互借修复成功 0。
  - KPI：near/mid/deep=0/0/1，救回率=0.00%，pair效率=0.00%。
  - 耗时拆解：packing=0.01s，main_topup=0.00s，retry=0.00s，failed_pool=0.00s，repack=0.02s，total=0.07s。
正在处理托盘类型：MH423C，销售订单号：LAID16296DN01S
  - 主算法：全局列式装箱 + 柱级组合优化（GCP）。
  - 失败托盘互借诊断：未合并（aborted_no_improvement_possible）。
托盘类型 MH423C（销售订单号：LAID16296DN01S）处理完成：总托盘 2，指数达标 0，未达标 2，平均缺口 163.75，最大缺口 188.00，失败托盘互借修复成功 0。
  - KPI：near/mid/deep=0/0/2，救回率=0.00%，pair效率=0.00%。
  - 耗时拆解：packing=0.07s，main_topup=0.00s，retry=0.00s，failed_pool=0.00s，repack=0.11s，total=0.18s。
正在处理托盘类型：MH423C，销售订单号：LAID16296DN01S__SPLITREST__
  - 该分组不适合列式（多非满柱）→ 回退 beam + 配方优先。
  - 配方优先[fast]：规划 0 实例，实装成功 0，配方路径不可用 → 采用基线方案。
  - 指数诊断：箱子 4 个，总指数 8，目标 192，理论最多达标托盘 0 个，剩余指数 8。
  - 几何诊断：典型整层堆叠单盘参考上限 8/192。 当前目标可能受托盘高度/箱型组合限制。
  - 几何不可达标记：典型整层上限 8 < 目标 192，救援优先压缩托盘数和填充率。
  - 失败托盘互借诊断：未合并（no_target_or_single_plan）。
托盘类型 MH423C（销售订单号：LAID16296DN01S__SPLITREST__）处理完成：总托盘 1，指数达标 0，未达标 1，平均缺口 184.00，最大缺口 184.00，失败托盘互借修复成功 0。
  - KPI：near/mid/deep=0/0/1，救回率=0.00%，pair效率=0.00%。
  - 耗时拆解：packing=0.00s，main_topup=0.00s，retry=0.00s，failed_pool=0.00s，repack=0.00s，total=0.02s。
正在处理托盘类型：MH423C，销售订单号：LAID16296DN02S
  - 主算法：全局列式装箱 + 柱级组合优化（GCP）。
  - GCP 盘数远超理论（CP-SAT 装不满）→ 回退 baseline beam + 配方优先。
  - 托盘 MH423C-LAID16296DN02S-2 未找到可行装箱方案，启用剩余箱子守恒兜底。
  - 配方优先[fast]：规划 0 实例，实装成功 0，配方路径不可用 → 采用基线方案。
  - 指数诊断：箱子 34 个，总指数 117.5，目标 192，理论最多达标托盘 0 个，剩余指数 117.5。
  - 几何诊断：典型整层堆叠单盘参考上限 97/192。 当前目标可能受托盘高度/箱型组合限制。
  - 几何不可达标记：典型整层上限 97 < 目标 192，救援优先压缩托盘数和填充率。
  - 失败盘装满压实：合并/吸收 1 次（纯减盘数）。
  - 失败托盘互借诊断：未合并（aborted_no_improvement_possible）。
托盘类型 MH423C（销售订单号：LAID16296DN02S）处理完成：总托盘 2，指数达标 0，未达标 2，平均缺口 133.25，最大缺口 189.50，失败托盘互借修复成功 0。
  - KPI：near/mid/deep=0/0/2，救回率=0.00%，pair效率=0.00%。
  - 耗时拆解：packing=0.21s，main_topup=0.00s，retry=0.00s，failed_pool=0.00s，repack=0.37s，total=1.31s。
正在处理托盘类型：MH423C，销售订单号：LAID16296DN02S__SPLITREST__
  - 该分组不适合列式（多非满柱）→ 回退 beam + 配方优先。
  - 配方优先[fast]：规划 0 实例，实装成功 0，配方路径不可用 → 采用基线方案。
  - 指数诊断：箱子 3 个，总指数 5，目标 192，理论最多达标托盘 0 个，剩余指数 5。
  - 几何诊断：典型整层堆叠单盘参考上限 5/192。 当前目标可能受托盘高度/箱型组合限制。
  - 几何不可达标记：典型整层上限 5 < 目标 192，救援优先压缩托盘数和填充率。
  - 失败托盘互借诊断：未合并（no_target_or_single_plan）。
托盘类型 MH423C（销售订单号：LAID16296DN02S__SPLITREST__）处理完成：总托盘 1，指数达标 0，未达标 1，平均缺口 187.00，最大缺口 187.00，失败托盘互借修复成功 0。
  - KPI：near/mid/deep=0/0/1，救回率=0.00%，pair效率=0.00%。
  - 耗时拆解：packing=0.00s，main_topup=0.00s，retry=0.00s，failed_pool=0.00s，repack=0.00s，total=0.01s。
正在处理托盘类型：MH423C，销售订单号：LAID16296DN03S
  - 主算法：全局列式装箱 + 柱级组合优化（GCP）。
  - 失败托盘互借诊断：未合并（no_target_or_single_plan）。
托盘类型 MH423C（销售订单号：LAID16296DN03S）处理完成：总托盘 1，指数达标 0，未达标 1，平均缺口 145.00，最大缺口 145.00，失败托盘互借修复成功 0。
  - KPI：near/mid/deep=0/0/1，救回率=0.00%，pair效率=0.00%。
  - 耗时拆解：packing=0.28s，main_topup=0.00s，retry=0.00s，failed_pool=0.00s，repack=0.00s，total=0.28s。
正在处理托盘类型：MH423C，销售订单号：LAID16285EN01S__CASEGROUP__1
  - 主算法：全局列式装箱 + 柱级组合优化（GCP）。
  - 失败托盘互借诊断：未合并（aborted_no_improvement_possible）。
托盘类型 MH423C（销售订单号：LAID16285EN01S__CASEGROUP__1）处理完成：总托盘 2，指数达标 0，未达标 2，平均缺口 170.50，最大缺口 190.00，失败托盘互借修复成功 0。
  - KPI：near/mid/deep=0/0/2，救回率=0.00%，pair效率=0.00%。
  - 耗时拆解：packing=0.71s，main_topup=0.00s，retry=0.00s，failed_pool=0.00s，repack=1.09s，total=1.80s。
正在处理托盘类型：MH423C，销售订单号：LAID16285EN01S__CASEGROUP__1__SPLITREST__
  - 该分组不适合列式（多非满柱）→ 回退 beam + 配方优先。
  - 配方优先[fast]：规划 0 实例，实装成功 0，配方路径不可用 → 采用基线方案。
  - 指数诊断：箱子 2 个，总指数 3，目标 192，理论最多达标托盘 0 个，剩余指数 3。
  - 几何诊断：典型整层堆叠单盘参考上限 3/192。 当前目标可能受托盘高度/箱型组合限制。
  - 几何不可达标记：典型整层上限 3 < 目标 192，救援优先压缩托盘数和填充率。
  - 失败托盘互借诊断：未合并（no_target_or_single_plan）。
托盘类型 MH423C（销售订单号：LAID16285EN01S__CASEGROUP__1__SPLITREST__）处理完成：总托盘 1，指数达标 0，未达标 1，平均缺口 189.00，最大缺口 189.00，失败托盘互借修复成功 0。
  - KPI：near/mid/deep=0/0/1，救回率=0.00%，pair效率=0.00%。
  - 耗时拆解：packing=0.00s，main_topup=0.00s，retry=0.00s，failed_pool=0.00s，repack=0.00s，total=0.00s。
正在处理托盘类型：MH423C，销售订单号：PAIN26286EN01S
  - 主算法：全局列式装箱 + 柱级组合优化（GCP）。
  - 失败托盘互借诊断：未合并（no_target_or_single_plan）。
托盘类型 MH423C（销售订单号：PAIN26286EN01S）处理完成：总托盘 1，指数达标 0，未达标 1，平均缺口 84.00，最大缺口 84.00，失败托盘互借修复成功 0。
  - KPI：near/mid/deep=0/0/1，救回率=0.00%，pair效率=0.00%。
  - 耗时拆解：packing=0.00s，main_topup=0.00s，retry=0.00s，failed_pool=0.00s，repack=0.00s，total=0.00s。
正在处理托盘类型：MH423C，销售订单号：PAIN26286EN01S__SPLITREST__
  - 该分组不适合列式（多非满柱）→ 回退 beam + 配方优先。
  - 配方优先[fast]：规划 0 实例，实装成功 0，配方路径不可用 → 采用基线方案。
  - 指数诊断：箱子 2 个，总指数 8，目标 192，理论最多达标托盘 0 个，剩余指数 8。
  - 几何诊断：典型整层堆叠单盘参考上限 8/192。 当前目标可能受托盘高度/箱型组合限制。
  - 几何不可达标记：典型整层上限 8 < 目标 192，救援优先压缩托盘数和填充率。
  - 失败托盘互借诊断：未合并（no_target_or_single_plan）。
托盘类型 MH423C（销售订单号：PAIN26286EN01S__SPLITREST__）处理完成：总托盘 1，指数达标 0，未达标 1，平均缺口 184.00，最大缺口 184.00，失败托盘互借修复成功 0。
  - KPI：near/mid/deep=0/0/1，救回率=0.00%，pair效率=0.00%。
  - 耗时拆解：packing=0.00s，main_topup=0.00s，retry=0.00s，failed_pool=0.00s，repack=0.00s，total=0.01s。
正在处理托盘类型：MH423C，销售订单号：LFEG16290IN02S
  - 该分组不适合列式（多非满柱）→ 回退 beam + 配方优先。
  - 配方优先[fast]：规划 0 实例，实装成功 0，配方路径不可用 → 采用基线方案。
  - 指数诊断：箱子 63 个，总指数 109.5，目标 192，理论最多达标托盘 0 个，剩余指数 109.5。
  - 几何诊断：典型整层堆叠单盘参考上限 83/192。 当前目标可能受托盘高度/箱型组合限制。
  - 几何不可达标记：典型整层上限 83 < 目标 192，救援优先压缩托盘数和填充率。
  - 失败托盘互借诊断：未合并（aborted_no_improvement_possible）。
托盘类型 MH423C（销售订单号：LFEG16290IN02S）处理完成：总托盘 2，指数达标 0，未达标 2，平均缺口 137.25，最大缺口 191.50，失败托盘互借修复成功 0。
  - KPI：near/mid/deep=0/0/2，救回率=0.00%，pair效率=0.00%。
  - 耗时拆解：packing=0.77s，main_topup=0.01s，retry=0.00s，failed_pool=0.00s，repack=1.22s，total=4.14s。
正在处理托盘类型：MH423C，销售订单号：LAID16295BN02S
  - 主算法：全局列式装箱 + 柱级组合优化（GCP）。
  - 失败托盘互借诊断：未合并（aborted_no_improvement_possible）。
托盘类型 MH423C（销售订单号：LAID16295BN02S）处理完成：总托盘 2，指数达标 0，未达标 2，平均缺口 155.75，最大缺口 184.00，失败托盘互借修复成功 0。
  - KPI：near/mid/deep=0/0/2，救回率=0.00%，pair效率=0.00%。
  - 耗时拆解：packing=0.35s，main_topup=0.00s，retry=0.00s，failed_pool=0.00s，repack=0.67s，total=1.02s。
正在处理托盘类型：MH423C，销售订单号：LFEG16290IN03S
  - 主算法：全局列式装箱 + 柱级组合优化（GCP）。
  - GCP 盘数远超理论（CP-SAT 装不满）→ 回退 baseline beam + 配方优先。
  - 配方优先[fast]：规划 0 实例，实装成功 0，配方路径不可用 → 采用基线方案。
  - 指数诊断：箱子 88 个，总指数 157，目标 192，理论最多达标托盘 0 个，剩余指数 157。
  - 几何诊断：典型整层堆叠单盘参考上限 115/192。 当前目标可能受托盘高度/箱型组合限制。
  - 几何不可达标记：典型整层上限 115 < 目标 192，救援优先压缩托盘数和填充率。
  - 失败托盘互借诊断：未合并（aborted_no_improvement_possible）。
托盘类型 MH423C（销售订单号：LFEG16290IN03S）处理完成：总托盘 2，指数达标 0，未达标 2，平均缺口 113.50，最大缺口 174.50，失败托盘互借修复成功 0。
  - KPI：near/mid/deep=0/0/2，救回率=0.00%，pair效率=0.00%。
  - 耗时拆解：packing=5.37s，main_topup=0.00s，retry=0.00s，failed_pool=0.00s，repack=3.02s，total=10.31s。
正在处理托盘类型：MH423C，销售订单号：LFEG16290IN03S__SPLITREST__
  - 该分组不适合列式（多非满柱）→ 回退 beam + 配方优先。
  - 配方优先[fast]：规划 0 实例，实装成功 0，配方路径不可用 → 采用基线方案。
  - 指数诊断：箱子 19 个，总指数 21，目标 192，理论最多达标托盘 0 个，剩余指数 21。
  - 几何诊断：典型整层堆叠单盘参考上限 21/192。 当前目标可能受托盘高度/箱型组合限制。
  - 几何不可达标记：典型整层上限 21 < 目标 192，救援优先压缩托盘数和填充率。
  - 失败托盘互借诊断：未合并（no_target_or_single_plan）。
托盘类型 MH423C（销售订单号：LFEG16290IN03S__SPLITREST__）处理完成：总托盘 1，指数达标 0，未达标 1，平均缺口 171.00，最大缺口 171.00，失败托盘互借修复成功 0。
  - KPI：near/mid/deep=0/0/1，救回率=0.00%，pair效率=0.00%。
  - 耗时拆解：packing=0.14s，main_topup=0.00s，retry=0.00s，failed_pool=0.00s，repack=0.00s，total=0.14s。
正在处理托盘类型：MH423C，销售订单号：LAMY16295FN01S
  - 该分组不适合列式（多非满柱）→ 回退 beam + 配方优先。
  - 配方优先[fast]：规划 0 实例，实装成功 0，配方路径不可用 → 采用基线方案。
  - 指数诊断：箱子 26 个，总指数 86.5，目标 192，理论最多达标托盘 0 个，剩余指数 86.5。
  - 几何诊断：典型整层堆叠单盘参考上限 70/192。 当前目标可能受托盘高度/箱型组合限制。
  - 几何不可达标记：典型整层上限 70 < 目标 192，救援优先压缩托盘数和填充率。
  - 失败托盘互借诊断：未合并（no_target_or_single_plan）。
托盘类型 MH423C（销售订单号：LAMY16295FN01S）处理完成：总托盘 1，指数达标 0，未达标 1，平均缺口 105.50，最大缺口 105.50，失败托盘互借修复成功 0。
  - KPI：near/mid/deep=0/0/1，救回率=0.00%，pair效率=0.00%。
  - 耗时拆解：packing=0.24s，main_topup=0.00s，retry=0.00s，failed_pool=0.00s，repack=0.00s，total=0.24s。
正在处理托盘类型：MH423C，销售订单号：LFEG16300IN02S
  - 该分组不适合列式（多非满柱）→ 回退 beam + 配方优先。
  - 配方优先[fast]：规划 0 实例，实装成功 0，配方路径不可用 → 采用基线方案。
  - 指数诊断：箱子 4 个，总指数 8，目标 192，理论最多达标托盘 0 个，剩余指数 8。
  - 几何诊断：典型整层堆叠单盘参考上限 8/192。 当前目标可能受托盘高度/箱型组合限制。
  - 几何不可达标记：典型整层上限 8 < 目标 192，救援优先压缩托盘数和填充率。
  - 失败托盘互借诊断：未合并（no_target_or_single_plan）。
托盘类型 MH423C（销售订单号：LFEG16300IN02S）处理完成：总托盘 1，指数达标 0，未达标 1，平均缺口 184.00，最大缺口 184.00，失败托盘互借修复成功 0。
  - KPI：near/mid/deep=0/0/1，救回率=0.00%，pair效率=0.00%。
  - 耗时拆解：packing=0.00s，main_topup=0.00s，retry=0.00s，failed_pool=0.00s，repack=0.00s，total=0.02s。
正在处理托盘类型：MH423C，销售订单号：PAIN26290BN01S
  - 主算法：全局列式装箱 + 柱级组合优化（GCP）。
  - 失败托盘互借诊断：未合并（no_target_or_single_plan）。
托盘类型 MH423C（销售订单号：PAIN26290BN01S）处理完成：总托盘 1，指数达标 0，未达标 1，平均缺口 115.00，最大缺口 115.00，失败托盘互借修复成功 0。
  - KPI：near/mid/deep=0/0/1，救回率=0.00%，pair效率=0.00%。
  - 耗时拆解：packing=1.40s，main_topup=0.00s，retry=0.00s，failed_pool=0.00s，repack=0.00s，total=1.40s。
正在处理托盘类型：MH423C，销售订单号：PAIN26290BN01S__SPLITREST__
  - 该分组不适合列式（多非满柱）→ 回退 beam + 配方优先。
  - 配方优先[fast]：规划 0 实例，实装成功 0，配方路径不可用 → 采用基线方案。
  - 指数诊断：箱子 9 个，总指数 9，目标 192，理论最多达标托盘 0 个，剩余指数 9。
  - 几何诊断：典型整层堆叠单盘参考上限 9/192。 当前目标可能受托盘高度/箱型组合限制。
  - 几何不可达标记：典型整层上限 9 < 目标 192，救援优先压缩托盘数和填充率。
  - 失败托盘互借诊断：未合并（no_target_or_single_plan）。
托盘类型 MH423C（销售订单号：PAIN26290BN01S__SPLITREST__）处理完成：总托盘 1，指数达标 0，未达标 1，平均缺口 183.00，最大缺口 183.00，失败托盘互借修复成功 0。
  - KPI：near/mid/deep=0/0/1，救回率=0.00%，pair效率=0.00%。
  - 耗时拆解：packing=0.05s，main_topup=0.00s，retry=0.00s，failed_pool=0.00s，repack=0.00s，total=0.05s。
正在处理托盘类型：MH423C，销售订单号：PAIN26290BC02S
  - 主算法：全局列式装箱 + 柱级组合优化（GCP）。
  - 失败托盘互借诊断：未合并（no_target_or_single_plan）。
托盘类型 MH423C（销售订单号：PAIN26290BC02S）处理完成：总托盘 1，指数达标 0，未达标 1，平均缺口 80.00，最大缺口 80.00，失败托盘互借修复成功 0。
  - KPI：near/mid/deep=0/0/1，救回率=0.00%，pair效率=0.00%。
  - 耗时拆解：packing=0.01s，main_topup=0.00s，retry=0.00s，failed_pool=0.00s，repack=0.00s，total=0.01s。
正在处理托盘类型：MH423C，销售订单号：PAIN26290BC02S__SPLITREST__
  - 该分组不适合列式（多非满柱）→ 回退 beam + 配方优先。
  - 配方优先[fast]：规划 0 实例，实装成功 0，配方路径不可用 → 采用基线方案。
  - 指数诊断：箱子 2 个，总指数 1，目标 192，理论最多达标托盘 0 个，剩余指数 1。
  - 几何诊断：典型整层堆叠单盘参考上限 1/192。 当前目标可能受托盘高度/箱型组合限制。
  - 几何不可达标记：典型整层上限 1 < 目标 192，救援优先压缩托盘数和填充率。
  - 失败托盘互借诊断：未合并（no_target_or_single_plan）。
托盘类型 MH423C（销售订单号：PAIN26290BC02S__SPLITREST__）处理完成：总托盘 1，指数达标 0，未达标 1，平均缺口 191.00，最大缺口 191.00，失败托盘互借修复成功 0。
  - KPI：near/mid/deep=0/0/1，救回率=0.00%，pair效率=0.00%。
  - 耗时拆解：packing=0.00s，main_topup=0.00s，retry=0.00s，failed_pool=0.00s，repack=0.00s，total=0.01s。
正在处理托盘类型：MH423C，销售订单号：PAIN26290GN01S
  - 该分组不适合列式（多非满柱）→ 回退 beam + 配方优先。
  - 配方优先[fast]：规划 0 实例，实装成功 0，配方路径不可用 → 采用基线方案。
  - 指数诊断：箱子 51 个，总指数 78.5，目标 192，理论最多达标托盘 0 个，剩余指数 78.5。
  - 几何诊断：典型整层堆叠单盘参考上限 58/192。 当前目标可能受托盘高度/箱型组合限制。
  - 几何不可达标记：典型整层上限 58 < 目标 192，救援优先压缩托盘数和填充率。
  - 失败托盘互借诊断：未合并（aborted_no_improvement_possible）。
托盘类型 MH423C（销售订单号：PAIN26290GN01S）处理完成：总托盘 2，指数达标 0，未达标 2，平均缺口 152.75，最大缺口 189.00，失败托盘互借修复成功 0。
  - KPI：near/mid/deep=0/0/2，救回率=0.00%，pair效率=0.00%。
  - 耗时拆解：packing=0.60s，main_topup=0.01s，retry=0.00s，failed_pool=0.00s，repack=1.02s，total=3.14s。
正在处理托盘类型：MH423C，销售订单号：PEG126290LN01S
  - 主算法：全局列式装箱 + 柱级组合优化（GCP）。
  - 失败托盘互借诊断：未合并（no_target_or_single_plan）。
托盘类型 MH423C（销售订单号：PEG126290LN01S）处理完成：总托盘 1，指数达标 0，未达标 1，平均缺口 128.00，最大缺口 128.00，失败托盘互借修复成功 0。
  - KPI：near/mid/deep=0/0/1，救回率=0.00%，pair效率=0.00%。
  - 耗时拆解：packing=0.51s，main_topup=0.00s，retry=0.00s，failed_pool=0.00s，repack=0.00s，total=0.51s。
正在处理托盘类型：MH423C，销售订单号：PAIN26280GN01S
  - 该分组不适合列式（多非满柱）→ 回退 beam + 配方优先。
  - 配方优先[fast]：规划 0 实例，实装成功 0，配方路径不可用 → 采用基线方案。
  - 指数诊断：箱子 1 个，总指数 4，目标 192，理论最多达标托盘 0 个，剩余指数 4。
  - 几何诊断：典型整层堆叠单盘参考上限 4/192。 当前目标可能受托盘高度/箱型组合限制。
  - 几何不可达标记：典型整层上限 4 < 目标 192，救援优先压缩托盘数和填充率。
  - 失败托盘互借诊断：未合并（no_target_or_single_plan）。
托盘类型 MH423C（销售订单号：PAIN26280GN01S）处理完成：总托盘 1，指数达标 0，未达标 1，平均缺口 188.00，最大缺口 188.00，失败托盘互借修复成功 0。
  - KPI：near/mid/deep=0/0/1，救回率=0.00%，pair效率=0.00%。
  - 耗时拆解：packing=0.00s，main_topup=0.00s，retry=0.00s，failed_pool=0.00s，repack=0.00s，total=0.00s。
正在处理托盘类型：MH423C，销售订单号：LAID16295EN02S
  - 主算法：全局列式装箱 + 柱级组合优化（GCP）。
  - 失败托盘互借诊断：未合并（aborted_no_improvement_possible）。
托盘类型 MH423C（销售订单号：LAID16295EN02S）处理完成：总托盘 2，指数达标 0，未达标 2，平均缺口 95.50，最大缺口 175.00，失败托盘互借修复成功 0。
  - KPI：near/mid/deep=0/1/1，救回率=0.00%，pair效率=0.00%。
  - 耗时拆解：packing=2.42s，main_topup=0.00s，retry=0.00s，failed_pool=0.00s，repack=5.01s，total=7.44s。
正在处理托盘类型：MH423C，销售订单号：LAID16295EN02S__SPLITREST__
  - 该分组不适合列式（多非满柱）→ 回退 beam + 配方优先。
  - 配方优先[fast]：规划 0 实例，实装成功 0，配方路径不可用 → 采用基线方案。
  - 指数诊断：箱子 2 个，总指数 14，目标 192，理论最多达标托盘 0 个，剩余指数 14。
  - 几何诊断：典型整层堆叠单盘参考上限 14/192。 当前目标可能受托盘高度/箱型组合限制。
  - 几何不可达标记：典型整层上限 14 < 目标 192，救援优先压缩托盘数和填充率。
  - 失败托盘互借诊断：未合并（no_target_or_single_plan）。
托盘类型 MH423C（销售订单号：LAID16295EN02S__SPLITREST__）处理完成：总托盘 1，指数达标 0，未达标 1，平均缺口 178.00，最大缺口 178.00，失败托盘互借修复成功 0。
  - KPI：near/mid/deep=0/0/1，救回率=0.00%，pair效率=0.00%。
  - 耗时拆解：packing=0.00s，main_topup=0.00s，retry=0.00s，failed_pool=0.00s，repack=0.00s，total=0.01s。
正在处理托盘类型：MH423C，销售订单号：PAIN26280MN07S
  - 主算法：全局列式装箱 + 柱级组合优化（GCP）。
  - 失败托盘互借诊断：未合并（no_target_or_single_plan）。
托盘类型 MH423C（销售订单号：PAIN26280MN07S）处理完成：总托盘 1，指数达标 0，未达标 1，平均缺口 108.00，最大缺口 108.00，失败托盘互借修复成功 0。
  - KPI：near/mid/deep=0/0/1，救回率=0.00%，pair效率=0.00%。
  - 耗时拆解：packing=0.00s，main_topup=0.00s，retry=0.00s，failed_pool=0.00s，repack=0.00s，total=0.00s。
正在处理托盘类型：MH423C，销售订单号：PEG086250LN01S
  - 该分组不适合列式（多非满柱）→ 回退 beam + 配方优先。
  - 配方优先[fast]：规划 0 实例，实装成功 0，配方路径不可用 → 采用基线方案。
  - 指数诊断：箱子 1 个，总指数 4，目标 192，理论最多达标托盘 0 个，剩余指数 4。
  - 几何诊断：典型整层堆叠单盘参考上限 4/192。 当前目标可能受托盘高度/箱型组合限制。
  - 几何不可达标记：典型整层上限 4 < 目标 192，救援优先压缩托盘数和填充率。
  - 失败托盘互借诊断：未合并（no_target_or_single_plan）。
托盘类型 MH423C（销售订单号：PEG086250LN01S）处理完成：总托盘 1，指数达标 0，未达标 1，平均缺口 188.00，最大缺口 188.00，失败托盘互借修复成功 0。
  - KPI：near/mid/deep=0/0/1，救回率=0.00%，pair效率=0.00%。
  - 耗时拆解：packing=0.00s，main_topup=0.00s，retry=0.00s，failed_pool=0.00s，repack=0.00s，total=0.00s。
正在处理托盘类型：MH423C，销售订单号：LFEG16290IN01S
  - 主算法：全局列式装箱 + 柱级组合优化（GCP）。
  - 失败托盘互借诊断：未合并（no_target_or_single_plan）。
托盘类型 MH423C（销售订单号：LFEG16290IN01S）处理完成：总托盘 1，指数达标 0，未达标 1，平均缺口 67.00，最大缺口 67.00，失败托盘互借修复成功 0。
  - KPI：near/mid/deep=0/0/1，救回率=0.00%，pair效率=0.00%。
  - 耗时拆解：packing=0.01s，main_topup=0.00s，retry=0.00s，failed_pool=0.00s，repack=0.00s，total=0.01s。
正在处理托盘类型：MH423C，销售订单号：LFEG16290IN01S__SPLITREST__
  - 该分组不适合列式（多非满柱）→ 回退 beam + 配方优先。
  - 配方优先[fast]：规划 0 实例，实装成功 0，配方路径不可用 → 采用基线方案。
  - 指数诊断：箱子 3 个，总指数 8.5，目标 192，理论最多达标托盘 0 个，剩余指数 8.5。
  - 几何诊断：典型整层堆叠单盘参考上限 8.5/192。 当前目标可能受托盘高度/箱型组合限制。
  - 几何不可达标记：典型整层上限 8.5 < 目标 192，救援优先压缩托盘数和填充率。
  - 失败托盘互借诊断：未合并（no_target_or_single_plan）。
托盘类型 MH423C（销售订单号：LFEG16290IN01S__SPLITREST__）处理完成：总托盘 1，指数达标 0，未达标 1，平均缺口 183.50，最大缺口 183.50，失败托盘互借修复成功 0。
  - KPI：near/mid/deep=0/0/1，救回率=0.00%，pair效率=0.00%。
  - 耗时拆解：packing=0.00s，main_topup=0.00s，retry=0.00s，failed_pool=0.00s，repack=0.00s，total=0.01s。
正在处理托盘类型：MH423C，销售订单号：LAID16295EN01S
  - 主算法：全局列式装箱 + 柱级组合优化（GCP）。
  - GCP 盘数远超理论（CP-SAT 装不满）→ 回退 baseline beam + 配方优先。
  - 托盘 MH423C-LAID16295EN01S-2 未找到可行装箱方案，启用剩余箱子守恒兜底。
  - 配方优先[fast]：规划 0 实例，实装成功 0，配方路径不可用 → 采用基线方案。
  - 指数诊断：箱子 71 个，总指数 170.5，目标 192，理论最多达标托盘 0 个，剩余指数 170.5。
  - 几何诊断：典型整层堆叠单盘参考上限 125/192。 当前目标可能受托盘高度/箱型组合限制。
  - 几何不可达标记：典型整层上限 125 < 目标 192，救援优先压缩托盘数和填充率。
  - 失败盘装满压实：合并/吸收 1 次（纯减盘数）。
  - 失败托盘互借诊断：未合并（aborted_no_improvement_possible）。
托盘类型 MH423C（销售订单号：LAID16295EN01S）处理完成：总托盘 3，指数达标 0，未达标 3，平均缺口 135.17，最大缺口 189.50，失败托盘互借修复成功 0。
  - KPI：near/mid/deep=0/0/3，救回率=0.00%，pair效率=0.00%。
  - 耗时拆解：packing=1.43s，main_topup=0.02s，retry=0.00s，failed_pool=0.00s，repack=4.54s，total=11.40s。
正在处理托盘类型：MH423C，销售订单号：PAID16295EN06S
  - 主算法：全局列式装箱 + 柱级组合优化（GCP）。
  - GCP 盘数远超理论（CP-SAT 装不满）→ 回退 baseline beam + 配方优先。
  - 配方优先[fast]：规划 0 实例，实装成功 0，配方路径不可用 → 采用基线方案。
  - 指数诊断：箱子 66 个，总指数 189，目标 192，理论最多达标托盘 0 个，剩余指数 189。
  - 几何诊断：典型整层堆叠单盘参考上限 97/192。 当前目标可能受托盘高度/箱型组合限制。
  - 几何不可达标记：典型整层上限 97 < 目标 192，救援优先压缩托盘数和填充率。
  - 失败托盘互借诊断：未合并（less_than_2_consolidatable）。
托盘类型 MH423C（销售订单号：PAID16295EN06S）处理完成：总托盘 1，指数达标 0，未达标 1，平均缺口 3.00，最大缺口 3.00，失败托盘互借修复成功 0。
  - KPI：near/mid/deep=1/0/0，救回率=0.00%，pair效率=0.00%。
  - 耗时拆解：packing=1.04s，main_topup=0.01s，retry=0.00s，failed_pool=0.00s，repack=0.01s，total=4.26s。
正在处理托盘类型：MH423C，销售订单号：PAID16295EN06S__SPLITREST__
  - 该分组不适合列式（多非满柱）→ 回退 beam + 配方优先。
  - 配方优先[fast]：规划 0 实例，实装成功 0，配方路径不可用 → 采用基线方案。
  - 指数诊断：箱子 6 个，总指数 14.5，目标 192，理论最多达标托盘 0 个，剩余指数 14.5。
  - 几何诊断：典型整层堆叠单盘参考上限 14.5/192。 当前目标可能受托盘高度/箱型组合限制。
  - 几何不可达标记：典型整层上限 14.5 < 目标 192，救援优先压缩托盘数和填充率。
  - 失败托盘互借诊断：未合并（no_target_or_single_plan）。
托盘类型 MH423C（销售订单号：PAID16295EN06S__SPLITREST__）处理完成：总托盘 1，指数达标 0，未达标 1，平均缺口 177.50，最大缺口 177.50，失败托盘互借修复成功 0。
  - KPI：near/mid/deep=0/0/1，救回率=0.00%，pair效率=0.00%。
  - 耗时拆解：packing=0.02s，main_topup=0.00s，retry=0.00s，failed_pool=0.00s，repack=0.00s，total=0.02s。
正在处理托盘类型：MH423C，销售订单号：LAID16295BN01S
  - 主算法：全局列式装箱 + 柱级组合优化（GCP）。
  - 失败托盘互借诊断：未合并（no_target_or_single_plan）。
托盘类型 MH423C（销售订单号：LAID16295BN01S）处理完成：总托盘 1，指数达标 0，未达标 1，平均缺口 127.00，最大缺口 127.00，失败托盘互借修复成功 0。
  - KPI：near/mid/deep=0/0/1，救回率=0.00%，pair效率=0.00%。
  - 耗时拆解：packing=0.11s，main_topup=0.00s，retry=0.00s，failed_pool=0.00s，repack=0.00s，total=0.11s。
正在处理托盘类型：MH423C，销售订单号：LFEG16310IN02S
  - 该分组不适合列式（多非满柱）→ 回退 beam + 配方优先。
  - 配方优先[fast]：规划 0 实例，实装成功 0，配方路径不可用 → 采用基线方案。
  - 指数诊断：箱子 1 个，总指数 1，目标 192，理论最多达标托盘 0 个，剩余指数 1。
  - 几何诊断：典型整层堆叠单盘参考上限 1/192。 当前目标可能受托盘高度/箱型组合限制。
  - 几何不可达标记：典型整层上限 1 < 目标 192，救援优先压缩托盘数和填充率。
  - 失败托盘互借诊断：未合并（no_target_or_single_plan）。
托盘类型 MH423C（销售订单号：LFEG16310IN02S）处理完成：总托盘 1，指数达标 0，未达标 1，平均缺口 191.00，最大缺口 191.00，失败托盘互借修复成功 0。
  - KPI：near/mid/deep=0/0/1，救回率=0.00%，pair效率=0.00%。
  - 耗时拆解：packing=0.00s，main_topup=0.00s，retry=0.00s，failed_pool=0.00s，repack=0.00s，total=0.00s。
正在处理托盘类型：MH423C，销售订单号：LFEG16310IN01S
  - 该分组不适合列式（多非满柱）→ 回退 beam + 配方优先。
  - 配方优先[fast]：规划 0 实例，实装成功 0，配方路径不可用 → 采用基线方案。
  - 指数诊断：箱子 1 个，总指数 1，目标 192，理论最多达标托盘 0 个，剩余指数 1。
  - 几何诊断：典型整层堆叠单盘参考上限 1/192。 当前目标可能受托盘高度/箱型组合限制。
  - 几何不可达标记：典型整层上限 1 < 目标 192，救援优先压缩托盘数和填充率。
  - 失败托盘互借诊断：未合并（no_target_or_single_plan）。
托盘类型 MH423C（销售订单号：LFEG16310IN01S）处理完成：总托盘 1，指数达标 0，未达标 1，平均缺口 191.00，最大缺口 191.00，失败托盘互借修复成功 0。
  - KPI：near/mid/deep=0/0/1，救回率=0.00%，pair效率=0.00%。
  - 耗时拆解：packing=0.00s，main_topup=0.00s，retry=0.00s，failed_pool=0.00s，repack=0.00s，total=0.00s。
正在处理托盘类型：MH423C，销售订单号：PEG086300LN01S
  - 主算法：全局列式装箱 + 柱级组合优化（GCP）。
  - 失败托盘互借诊断：未合并（no_target_or_single_plan）。
托盘类型 MH423C（销售订单号：PEG086300LN01S）处理完成：总托盘 1，指数达标 0，未达标 1，平均缺口 76.00，最大缺口 76.00，失败托盘互借修复成功 0。
  - KPI：near/mid/deep=0/0/1，救回率=0.00%，pair效率=0.00%。
  - 耗时拆解：packing=0.01s，main_topup=0.00s，retry=0.00s，failed_pool=0.00s，repack=0.00s，total=0.01s。
正在处理托盘类型：MH423C，销售订单号：PAID162808N01S
  - 该分组不适合列式（多非满柱）→ 回退 beam + 配方优先。
  - 配方优先[fast]：规划 0 实例，实装成功 0，配方路径不可用 → 采用基线方案。
  - 指数诊断：箱子 12 个，总指数 20.5，目标 192，理论最多达标托盘 0 个，剩余指数 20.5。
  - 几何诊断：典型整层堆叠单盘参考上限 20.5/192。 当前目标可能受托盘高度/箱型组合限制。
  - 几何不可达标记：典型整层上限 20.5 < 目标 192，救援优先压缩托盘数和填充率。
  - 失败托盘互借诊断：未合并（no_target_or_single_plan）。
托盘类型 MH423C（销售订单号：PAID162808N01S）处理完成：总托盘 1，指数达标 0，未达标 1，平均缺口 171.50，最大缺口 171.50，失败托盘互借修复成功 0。
  - KPI：near/mid/deep=0/0/1，救回率=0.00%，pair效率=0.00%。
  - 耗时拆解：packing=0.03s，main_topup=0.00s，retry=0.00s，failed_pool=0.00s，repack=0.01s，total=0.12s。
正在处理托盘类型：MH423C，销售订单号：PAID16290FN01S
  - 主算法：全局列式装箱 + 柱级组合优化（GCP）。
  - GCP 盘数远超理论（CP-SAT 装不满）→ 回退 baseline beam + 配方优先。
  - 配方优先[fast]：规划 0 实例，实装成功 0，配方路径不可用 → 采用基线方案。
  - 指数诊断：箱子 7 个，总指数 19，目标 192，理论最多达标托盘 0 个，剩余指数 19。
  - 几何诊断：典型整层堆叠单盘参考上限 18/192。 当前目标可能受托盘高度/箱型组合限制。
  - 几何不可达标记：典型整层上限 18 < 目标 192，救援优先压缩托盘数和填充率。
  - 失败托盘互借诊断：未合并（no_target_or_single_plan）。
托盘类型 MH423C（销售订单号：PAID16290FN01S）处理完成：总托盘 1，指数达标 0，未达标 1，平均缺口 173.00，最大缺口 173.00，失败托盘互借修复成功 0。
  - KPI：near/mid/deep=0/0/1，救回率=0.00%，pair效率=0.00%。
  - 耗时拆解：packing=0.01s，main_topup=0.00s，retry=0.00s，failed_pool=0.00s，repack=0.00s，total=0.07s。
正在处理托盘类型：MH423C，销售订单号：PAID16290FN01S__SPLITREST__
  - 该分组不适合列式（多非满柱）→ 回退 beam + 配方优先。
  - 配方优先[fast]：规划 0 实例，实装成功 0，配方路径不可用 → 采用基线方案。
  - 指数诊断：箱子 1 个，总指数 0.5，目标 192，理论最多达标托盘 0 个，剩余指数 0.5。
  - 几何诊断：典型整层堆叠单盘参考上限 0.5/192。 当前目标可能受托盘高度/箱型组合限制。
  - 几何不可达标记：典型整层上限 0.5 < 目标 192，救援优先压缩托盘数和填充率。
  - 失败托盘互借诊断：未合并（no_target_or_single_plan）。
托盘类型 MH423C（销售订单号：PAID16290FN01S__SPLITREST__）处理完成：总托盘 1，指数达标 0，未达标 1，平均缺口 191.50，最大缺口 191.50，失败托盘互借修复成功 0。
  - KPI：near/mid/deep=0/0/1，救回率=0.00%，pair效率=0.00%。
  - 耗时拆解：packing=0.00s，main_topup=0.00s，retry=0.00s，failed_pool=0.00s，repack=0.00s，total=0.00s。
正在处理托盘类型：MH423C，销售订单号：LAID16296DN03S__CASEGROUP__1
  - 主算法：全局列式装箱 + 柱级组合优化（GCP）。
  - 失败托盘互借诊断：未合并（no_target_or_single_plan）。
托盘类型 MH423C（销售订单号：LAID16296DN03S__CASEGROUP__1）处理完成：总托盘 1，指数达标 0，未达标 1，平均缺口 90.00，最大缺口 90.00，失败托盘互借修复成功 0。
  - KPI：near/mid/deep=0/0/1，救回率=0.00%，pair效率=0.00%。
  - 耗时拆解：packing=0.00s，main_topup=0.00s，retry=0.00s，failed_pool=0.00s，repack=0.00s，total=0.01s。
正在处理托盘类型：MH423C，销售订单号：LAID16296DN03S__CASEGROUP__1__SPLITREST__
  - 该分组不适合列式（多非满柱）→ 回退 beam + 配方优先。
  - 配方优先[fast]：规划 0 实例，实装成功 0，配方路径不可用 → 采用基线方案。
  - 指数诊断：箱子 4 个，总指数 2，目标 192，理论最多达标托盘 0 个，剩余指数 2。
  - 几何诊断：典型整层堆叠单盘参考上限 2/192。 当前目标可能受托盘高度/箱型组合限制。
  - 几何不可达标记：典型整层上限 2 < 目标 192，救援优先压缩托盘数和填充率。
  - 失败托盘互借诊断：未合并（no_target_or_single_plan）。
托盘类型 MH423C（销售订单号：LAID16296DN03S__CASEGROUP__1__SPLITREST__）处理完成：总托盘 1，指数达标 0，未达标 1，平均缺口 190.00，最大缺口 190.00，失败托盘互借修复成功 0。
  - KPI：near/mid/deep=0/0/1，救回率=0.00%，pair效率=0.00%。
  - 耗时拆解：packing=0.00s，main_topup=0.00s，retry=0.00s，failed_pool=0.00s，repack=0.00s，total=0.02s。
正在处理托盘类型：MH423C，销售订单号：PAID162808C02S
  - 主算法：全局列式装箱 + 柱级组合优化（GCP）。
  - GCP 盘数远超理论（CP-SAT 装不满）→ 回退 baseline beam + 配方优先。
  - 配方优先[fast]：规划 0 实例，实装成功 0，配方路径不可用 → 采用基线方案。
  - 指数诊断：箱子 6 个，总指数 12，目标 192，理论最多达标托盘 0 个，剩余指数 12。
  - 几何诊断：典型整层堆叠单盘参考上限 12/192。 当前目标可能受托盘高度/箱型组合限制。
  - 几何不可达标记：典型整层上限 12 < 目标 192，救援优先压缩托盘数和填充率。
  - 失败托盘互借诊断：未合并（no_target_or_single_plan）。
托盘类型 MH423C（销售订单号：PAID162808C02S）处理完成：总托盘 1，指数达标 0，未达标 1，平均缺口 180.00，最大缺口 180.00，失败托盘互借修复成功 0。
  - KPI：near/mid/deep=0/0/1，救回率=0.00%，pair效率=0.00%。
  - 耗时拆解：packing=0.01s，main_topup=0.00s，retry=0.00s，failed_pool=0.00s，repack=0.00s，total=0.06s。
正在处理托盘类型：MH423C，销售订单号：LFEG16300IN01S
  - 该分组不适合列式（多非满柱）→ 回退 beam + 配方优先。
  - 配方优先[fast]：规划 0 实例，实装成功 0，配方路径不可用 → 采用基线方案。
  - 指数诊断：箱子 3 个，总指数 10，目标 192，理论最多达标托盘 0 个，剩余指数 10。
  - 几何诊断：典型整层堆叠单盘参考上限 10/192。 当前目标可能受托盘高度/箱型组合限制。
  - 几何不可达标记：典型整层上限 10 < 目标 192，救援优先压缩托盘数和填充率。
  - 失败托盘互借诊断：未合并（no_target_or_single_plan）。
托盘类型 MH423C（销售订单号：LFEG16300IN01S）处理完成：总托盘 1，指数达标 0，未达标 1，平均缺口 182.00，最大缺口 182.00，失败托盘互借修复成功 0。
  - KPI：near/mid/deep=0/0/1，救回率=0.00%，pair效率=0.00%。
  - 耗时拆解：packing=0.00s，main_topup=0.00s，retry=0.00s，failed_pool=0.00s，repack=0.00s，total=0.01s。
正在处理托盘类型：MH423C，销售订单号：LAMY16315FN01S
  - 主算法：全局列式装箱 + 柱级组合优化（GCP）。
  - 失败托盘互借诊断：未合并（no_target_or_single_plan）。
托盘类型 MH423C（销售订单号：LAMY16315FN01S）处理完成：总托盘 1，指数达标 0，未达标 1，平均缺口 120.00，最大缺口 120.00，失败托盘互借修复成功 0。
  - KPI：near/mid/deep=0/0/1，救回率=0.00%，pair效率=0.00%。
  - 耗时拆解：packing=0.00s，main_topup=0.00s，retry=0.00s，failed_pool=0.00s，repack=0.00s，total=0.00s。
正在处理托盘类型：MH423C，销售订单号：LAMY16315FN01S__SPLITREST__
  - 该分组不适合列式（多非满柱）→ 回退 beam + 配方优先。
  - 配方优先[fast]：规划 0 实例，实装成功 0，配方路径不可用 → 采用基线方案。
  - 指数诊断：箱子 2 个，总指数 4，目标 192，理论最多达标托盘 0 个，剩余指数 4。
  - 几何诊断：典型整层堆叠单盘参考上限 4/192。 当前目标可能受托盘高度/箱型组合限制。
  - 几何不可达标记：典型整层上限 4 < 目标 192，救援优先压缩托盘数和填充率。
  - 失败托盘互借诊断：未合并（no_target_or_single_plan）。
托盘类型 MH423C（销售订单号：LAMY16315FN01S__SPLITREST__）处理完成：总托盘 1，指数达标 0，未达标 1，平均缺口 188.00，最大缺口 188.00，失败托盘互借修复成功 0。
  - KPI：near/mid/deep=0/0/1，救回率=0.00%，pair效率=0.00%。
  - 耗时拆解：packing=0.00s，main_topup=0.00s，retry=0.00s，failed_pool=0.00s，repack=0.00s，total=0.00s。
正在处理托盘类型：MH423C，销售订单号：LAID16305BN02S
  - 主算法：全局列式装箱 + 柱级组合优化（GCP）。
  - 失败托盘互借诊断：未合并（no_target_or_single_plan）。
托盘类型 MH423C（销售订单号：LAID16305BN02S）处理完成：总托盘 1，指数达标 0，未达标 1，平均缺口 88.00，最大缺口 88.00，失败托盘互借修复成功 0。
  - KPI：near/mid/deep=0/0/1，救回率=0.00%，pair效率=0.00%。
  - 耗时拆解：packing=0.64s，main_topup=0.00s，retry=0.00s，failed_pool=0.00s，repack=0.00s，total=0.64s。
正在处理托盘类型：MH423C，销售订单号：LFEG16300IN03S
  - 该分组不适合列式（多非满柱）→ 回退 beam + 配方优先。
  - 配方优先[fast]：规划 0 实例，实装成功 0，配方路径不可用 → 采用基线方案。
  - 指数诊断：箱子 1 个，总指数 2，目标 192，理论最多达标托盘 0 个，剩余指数 2。
  - 几何诊断：典型整层堆叠单盘参考上限 2/192。 当前目标可能受托盘高度/箱型组合限制。
  - 几何不可达标记：典型整层上限 2 < 目标 192，救援优先压缩托盘数和填充率。
  - 失败托盘互借诊断：未合并（no_target_or_single_plan）。
托盘类型 MH423C（销售订单号：LFEG16300IN03S）处理完成：总托盘 1，指数达标 0，未达标 1，平均缺口 190.00，最大缺口 190.00，失败托盘互借修复成功 0。
  - KPI：near/mid/deep=0/0/1，救回率=0.00%，pair效率=0.00%。
  - 耗时拆解：packing=0.00s，main_topup=0.00s，retry=0.00s，failed_pool=0.00s，repack=0.00s，total=0.00s。
正在处理托盘类型：MH423C，销售订单号：LAID16305BN01S
  - 主算法：全局列式装箱 + 柱级组合优化（GCP）。
  - 失败托盘互借诊断：未合并（no_target_or_single_plan）。
托盘类型 MH423C（销售订单号：LAID16305BN01S）处理完成：总托盘 1，指数达标 0，未达标 1，平均缺口 164.00，最大缺口 164.00，失败托盘互借修复成功 0。
  - KPI：near/mid/deep=0/0/1，救回率=0.00%，pair效率=0.00%。
  - 耗时拆解：packing=0.08s，main_topup=0.00s，retry=0.00s，failed_pool=0.00s，repack=0.00s，total=0.08s。
正在处理托盘类型：MH423C，销售订单号：LAID16305BN01S__SPLITREST__
  - 该分组不适合列式（多非满柱）→ 回退 beam + 配方优先。
  - 配方优先[fast]：规划 0 实例，实装成功 0，配方路径不可用 → 采用基线方案。
  - 指数诊断：箱子 3 个，总指数 6，目标 192，理论最多达标托盘 0 个，剩余指数 6。
  - 几何诊断：典型整层堆叠单盘参考上限 6/192。 当前目标可能受托盘高度/箱型组合限制。
  - 几何不可达标记：典型整层上限 6 < 目标 192，救援优先压缩托盘数和填充率。
  - 失败托盘互借诊断：未合并（no_target_or_single_plan）。
托盘类型 MH423C（销售订单号：LAID16305BN01S__SPLITREST__）处理完成：总托盘 1，指数达标 0，未达标 1，平均缺口 186.00，最大缺口 186.00，失败托盘互借修复成功 0。
  - KPI：near/mid/deep=0/0/1，救回率=0.00%，pair效率=0.00%。
  - 耗时拆解：packing=0.00s，main_topup=0.00s，retry=0.00s，failed_pool=0.00s，repack=0.00s，total=0.02s。
正在处理托盘类型：MH423C，销售订单号：LAID16305EN01S
  - 该分组不适合列式（多非满柱）→ 回退 beam + 配方优先。
  - 配方优先[fast]：规划 0 实例，实装成功 0，配方路径不可用 → 采用基线方案。
  - 指数诊断：箱子 29 个，总指数 132.5，目标 192，理论最多达标托盘 0 个，剩余指数 132.5。
  - 几何诊断：典型整层堆叠单盘参考上限 78/192。 当前目标可能受托盘高度/箱型组合限制。
  - 几何不可达标记：典型整层上限 78 < 目标 192，救援优先压缩托盘数和填充率。
  - 失败托盘互借诊断：未合并（aborted_no_improvement_possible）。
托盘类型 MH423C（销售订单号：LAID16305EN01S）处理完成：总托盘 2，指数达标 0，未达标 2，平均缺口 125.75，最大缺口 183.50，失败托盘互借修复成功 0。
  - KPI：near/mid/deep=0/0/2，救回率=0.00%，pair效率=0.00%。
  - 耗时拆解：packing=0.13s，main_topup=0.00s，retry=0.00s，failed_pool=0.00s，repack=0.31s，total=0.80s。
正在处理托盘类型：MH423C，销售订单号：PAIN26290GC02S
  - 主算法：全局列式装箱 + 柱级组合优化（GCP）。
  - GCP 盘数远超理论（CP-SAT 装不满）→ 回退 baseline beam + 配方优先。
  - 配方优先[fast]：规划 0 实例，实装成功 0，配方路径不可用 → 采用基线方案。
  - 指数诊断：箱子 41 个，总指数 178，目标 192，理论最多达标托盘 0 个，剩余指数 178。
  - 几何诊断：典型整层堆叠单盘参考上限 136/192。 当前目标可能受托盘高度/箱型组合限制。
  - 几何不可达标记：典型整层上限 136 < 目标 192，救援优先压缩托盘数和填充率。
  - 失败托盘互借诊断：未合并（not_better）。
托盘类型 MH423C（销售订单号：PAIN26290GC02S）处理完成：总托盘 2，指数达标 0，未达标 2，平均缺口 103.00，最大缺口 122.00，失败托盘互借修复成功 0。
  - KPI：near/mid/deep=0/0/2，救回率=0.00%，pair效率=0.00%。
  - 耗时拆解：packing=0.05s，main_topup=0.00s，retry=0.00s，failed_pool=0.00s，repack=0.30s，total=0.64s。
正在处理托盘类型：MH423C，销售订单号：PAID16280FC02S
  - 主算法：全局列式装箱 + 柱级组合优化（GCP）。
  - GCP 盘数远超理论（CP-SAT 装不满）→ 回退 baseline beam + 配方优先。
  - 配方优先[fast]：规划 0 实例，实装成功 0，配方路径不可用 → 采用基线方案。
  - 指数诊断：箱子 4 个，总指数 16，目标 192，理论最多达标托盘 0 个，剩余指数 16。
  - 几何诊断：典型整层堆叠单盘参考上限 16/192。 当前目标可能受托盘高度/箱型组合限制。
  - 几何不可达标记：典型整层上限 16 < 目标 192，救援优先压缩托盘数和填充率。
  - 失败托盘互借诊断：未合并（no_target_or_single_plan）。
托盘类型 MH423C（销售订单号：PAID16280FC02S）处理完成：总托盘 1，指数达标 0，未达标 1，平均缺口 176.00，最大缺口 176.00，失败托盘互借修复成功 0。
  - KPI：near/mid/deep=0/0/1，救回率=0.00%，pair效率=0.00%。
  - 耗时拆解：packing=0.00s，main_topup=0.00s，retry=0.00s，failed_pool=0.00s，repack=0.00s，total=0.03s。
正在处理托盘类型：MH423C，销售订单号：PAIN26296EC02S
  - 主算法：全局列式装箱 + 柱级组合优化（GCP）。
  - 失败托盘互借诊断：未合并（aborted_no_improvement_possible）。
托盘类型 MH423C（销售订单号：PAIN26296EC02S）处理完成：总托盘 2，指数达标 0，未达标 2，平均缺口 84.00，最大缺口 162.00，失败托盘互借修复成功 0。
  - KPI：near/mid/deep=1/0/1，救回率=0.00%，pair效率=0.00%。
  - 耗时拆解：packing=0.06s，main_topup=0.00s，retry=0.00s，failed_pool=0.00s，repack=6.28s，total=6.34s。
正在处理托盘类型：MH423C，销售订单号：PAID16290FC02S
  - 该分组不适合列式（多非满柱）→ 回退 beam + 配方优先。
  - 配方优先[fast]：规划 0 实例，实装成功 0，配方路径不可用 → 采用基线方案。
  - 指数诊断：箱子 6 个，总指数 14，目标 192，理论最多达标托盘 0 个，剩余指数 14。
  - 几何诊断：典型整层堆叠单盘参考上限 14/192。 当前目标可能受托盘高度/箱型组合限制。
  - 几何不可达标记：典型整层上限 14 < 目标 192，救援优先压缩托盘数和填充率。
  - 失败托盘互借诊断：未合并（no_target_or_single_plan）。
托盘类型 MH423C（销售订单号：PAID16290FC02S）处理完成：总托盘 1，指数达标 0，未达标 1，平均缺口 178.00，最大缺口 178.00，失败托盘互借修复成功 0。
  - KPI：near/mid/deep=0/0/1，救回率=0.00%，pair效率=0.00%。
  - 耗时拆解：packing=0.01s，main_topup=0.00s，retry=0.00s，failed_pool=0.00s，repack=0.00s，total=0.06s。
正在处理托盘类型：MH423C，销售订单号：LAID16295EN01S__CASEGROUP__1
  - 主算法：全局列式装箱 + 柱级组合优化（GCP）。
  - 失败托盘互借诊断：未合并（no_target_or_single_plan）。
托盘类型 MH423C（销售订单号：LAID16295EN01S__CASEGROUP__1）处理完成：总托盘 1，指数达标 0，未达标 1，平均缺口 52.00，最大缺口 52.00，失败托盘互借修复成功 0。
  - KPI：near/mid/deep=0/0/1，救回率=0.00%，pair效率=0.00%。
  - 耗时拆解：packing=2.25s，main_topup=0.00s，retry=0.00s，failed_pool=0.00s，repack=0.00s，total=2.25s。
正在处理托盘类型：MH423C，销售订单号：LAID16295EN01S__CASEGROUP__1__SPLITREST__
  - 该分组不适合列式（多非满柱）→ 回退 beam + 配方优先。
  - 配方优先[fast]：规划 0 实例，实装成功 0，配方路径不可用 → 采用基线方案。
  - 指数诊断：箱子 5 个，总指数 16，目标 192，理论最多达标托盘 0 个，剩余指数 16。
  - 几何诊断：典型整层堆叠单盘参考上限 16/192。 当前目标可能受托盘高度/箱型组合限制。
  - 几何不可达标记：典型整层上限 16 < 目标 192，救援优先压缩托盘数和填充率。
  - 失败托盘互借诊断：未合并（no_target_or_single_plan）。
托盘类型 MH423C（销售订单号：LAID16295EN01S__CASEGROUP__1__SPLITREST__）处理完成：总托盘 1，指数达标 0，未达标 1，平均缺口 176.00，最大缺口 176.00，失败托盘互借修复成功 0。
  - KPI：near/mid/deep=0/0/1，救回率=0.00%，pair效率=0.00%。
  - 耗时拆解：packing=0.01s，main_topup=0.00s，retry=0.00s，failed_pool=0.00s，repack=0.00s，total=0.01s。
正在处理托盘类型：MH423C，销售订单号：PEG146296CN01S
  - 主算法：全局列式装箱 + 柱级组合优化（GCP）。
  - 失败托盘互借诊断：未合并（no_target_or_single_plan）。
托盘类型 MH423C（销售订单号：PEG146296CN01S）处理完成：总托盘 1，指数达标 0，未达标 1，平均缺口 68.00，最大缺口 68.00，失败托盘互借修复成功 0。
  - KPI：near/mid/deep=0/0/1，救回率=0.00%，pair效率=0.00%。
  - 耗时拆解：packing=0.00s，main_topup=0.00s，retry=0.00s，failed_pool=0.00s，repack=0.00s，total=0.00s。
正在处理托盘类型：MH423C，销售订单号：LAID16284AN02S
  - 主算法：全局列式装箱 + 柱级组合优化（GCP）。
  - GCP 盘数远超理论（CP-SAT 装不满）→ 回退 baseline beam + 配方优先。
  - 配方优先[fast]：规划 0 实例，实装成功 0，配方路径不可用 → 采用基线方案。
  - 指数诊断：箱子 7 个，总指数 22，目标 192，理论最多达标托盘 0 个，剩余指数 22。
  - 几何诊断：典型整层堆叠单盘参考上限 22/192。 当前目标可能受托盘高度/箱型组合限制。
  - 几何不可达标记：典型整层上限 22 < 目标 192，救援优先压缩托盘数和填充率。
  - 失败托盘互借诊断：未合并（no_target_or_single_plan）。
托盘类型 MH423C（销售订单号：LAID16284AN02S）处理完成：总托盘 1，指数达标 0，未达标 1，平均缺口 170.00，最大缺口 170.00，失败托盘互借修复成功 0。
  - KPI：near/mid/deep=0/0/1，救回率=0.00%，pair效率=0.00%。
  - 耗时拆解：packing=0.01s，main_topup=0.00s，retry=0.00s，failed_pool=0.00s，repack=0.00s，total=0.06s。
正在处理托盘类型：MH423C，销售订单号：PAIN26290MN09S
  - 主算法：全局列式装箱 + 柱级组合优化（GCP）。
  - 失败托盘互借诊断：未合并（no_target_or_single_plan）。
托盘类型 MH423C（销售订单号：PAIN26290MN09S）处理完成：总托盘 1，指数达标 0，未达标 1，平均缺口 84.00，最大缺口 84.00，失败托盘互借修复成功 0。
  - KPI：near/mid/deep=0/0/1，救回率=0.00%，pair效率=0.00%。
  - 耗时拆解：packing=0.04s，main_topup=0.00s，retry=0.00s，failed_pool=0.00s，repack=0.00s，total=0.04s。
正在处理托盘类型：MH423C，销售订单号：LAID16294AN01S
  - 该分组不适合列式（多非满柱）→ 回退 beam + 配方优先。
  - 配方优先[fast]：规划 0 实例，实装成功 0，配方路径不可用 → 采用基线方案。
  - 指数诊断：箱子 9 个，总指数 23，目标 192，理论最多达标托盘 0 个，剩余指数 23。
  - 几何诊断：典型整层堆叠单盘参考上限 20/192。 当前目标可能受托盘高度/箱型组合限制。
  - 几何不可达标记：典型整层上限 20 < 目标 192，救援优先压缩托盘数和填充率。
  - 失败托盘互借诊断：未合并（no_target_or_single_plan）。
托盘类型 MH423C（销售订单号：LAID16294AN01S）处理完成：总托盘 1，指数达标 0，未达标 1，平均缺口 169.00，最大缺口 169.00，失败托盘互借修复成功 0。
  - KPI：near/mid/deep=0/0/1，救回率=0.00%，pair效率=0.00%。
  - 耗时拆解：packing=0.04s，main_topup=0.00s，retry=0.00s，failed_pool=0.00s，repack=0.00s，total=0.04s。
正在处理托盘类型：MH423C，销售订单号：LAMY16305FN01S
  - 主算法：全局列式装箱 + 柱级组合优化（GCP）。
  - 失败托盘互借诊断：未合并（no_target_or_single_plan）。
托盘类型 MH423C（销售订单号：LAMY16305FN01S）处理完成：总托盘 1，指数达标 0，未达标 1，平均缺口 170.00，最大缺口 170.00，失败托盘互借修复成功 0。
  - KPI：near/mid/deep=0/0/1，救回率=0.00%，pair效率=0.00%。
  - 耗时拆解：packing=0.02s，main_topup=0.00s，retry=0.00s，failed_pool=0.00s，repack=0.00s，total=0.02s。
正在处理托盘类型：MH423C，销售订单号：PAID16295BN01S
  - 主算法：全局列式装箱 + 柱级组合优化（GCP）。
  - 失败托盘互借诊断：未合并（no_target_or_single_plan）。
托盘类型 MH423C（销售订单号：PAID16295BN01S）处理完成：总托盘 1，指数达标 0，未达标 1，平均缺口 122.00，最大缺口 122.00，失败托盘互借修复成功 0。
  - KPI：near/mid/deep=0/0/1，救回率=0.00%，pair效率=0.00%。
  - 耗时拆解：packing=0.31s，main_topup=0.00s，retry=0.00s，failed_pool=0.00s，repack=0.00s，total=0.31s。
正在处理托盘类型：MH423C，销售订单号：PAID16296DN01S
  - 主算法：全局列式装箱 + 柱级组合优化（GCP）。
  - GCP 盘数远超理论（CP-SAT 装不满）→ 回退 baseline beam + 配方优先。
  - 配方优先[fast]：规划 0 实例，实装成功 0，配方路径不可用 → 采用基线方案。
  - 指数诊断：箱子 10 个，总指数 20，目标 192，理论最多达标托盘 0 个，剩余指数 20。
  - 几何诊断：典型整层堆叠单盘参考上限 20/192。 当前目标可能受托盘高度/箱型组合限制。
  - 几何不可达标记：典型整层上限 20 < 目标 192，救援优先压缩托盘数和填充率。
  - 失败托盘互借诊断：未合并（no_target_or_single_plan）。
托盘类型 MH423C（销售订单号：PAID16296DN01S）处理完成：总托盘 1，指数达标 0，未达标 1，平均缺口 172.00，最大缺口 172.00，失败托盘互借修复成功 0。
  - KPI：near/mid/deep=0/0/1，救回率=0.00%，pair效率=0.00%。
  - 耗时拆解：packing=0.02s，main_topup=0.00s，retry=0.00s，failed_pool=0.00s，repack=0.00s，total=0.11s。
正在处理托盘类型：MH423C，销售订单号：PAID16295EL05S
  - 该分组不适合列式（多非满柱）→ 回退 beam + 配方优先。
  - 配方优先[fast]：规划 0 实例，实装成功 0，配方路径不可用 → 采用基线方案。
  - 指数诊断：箱子 1 个，总指数 2，目标 192，理论最多达标托盘 0 个，剩余指数 2。
  - 几何诊断：典型整层堆叠单盘参考上限 2/192。 当前目标可能受托盘高度/箱型组合限制。
  - 几何不可达标记：典型整层上限 2 < 目标 192，救援优先压缩托盘数和填充率。
  - 失败托盘互借诊断：未合并（no_target_or_single_plan）。
托盘类型 MH423C（销售订单号：PAID16295EL05S）处理完成：总托盘 1，指数达标 0，未达标 1，平均缺口 190.00，最大缺口 190.00，失败托盘互借修复成功 0。
  - KPI：near/mid/deep=0/0/1，救回率=0.00%，pair效率=0.00%。
  - 耗时拆解：packing=0.00s，main_topup=0.00s，retry=0.00s，failed_pool=0.00s，repack=0.00s，total=0.00s。
正在处理托盘类型：MH423C，销售订单号：PAID16290FL03S
  - 该分组不适合列式（多非满柱）→ 回退 beam + 配方优先。
  - 配方优先[fast]：规划 0 实例，实装成功 0，配方路径不可用 → 采用基线方案。
  - 指数诊断：箱子 3 个，总指数 6，目标 192，理论最多达标托盘 0 个，剩余指数 6。
  - 几何诊断：典型整层堆叠单盘参考上限 6/192。 当前目标可能受托盘高度/箱型组合限制。
  - 几何不可达标记：典型整层上限 6 < 目标 192，救援优先压缩托盘数和填充率。
  - 失败托盘互借诊断：未合并（no_target_or_single_plan）。
托盘类型 MH423C（销售订单号：PAID16290FL03S）处理完成：总托盘 1，指数达标 0，未达标 1，平均缺口 186.00，最大缺口 186.00，失败托盘互借修复成功 0。
  - KPI：near/mid/deep=0/0/1，救回率=0.00%，pair效率=0.00%。
  - 耗时拆解：packing=0.00s，main_topup=0.00s，retry=0.00s，failed_pool=0.00s，repack=0.00s，total=0.01s。
正在处理托盘类型：MH423C，销售订单号：PAIN26290MN02S
  - 该分组不适合列式（多非满柱）→ 回退 beam + 配方优先。
  - 配方优先[fast]：规划 0 实例，实装成功 0，配方路径不可用 → 采用基线方案。
  - 指数诊断：箱子 56 个，总指数 88，目标 192，理论最多达标托盘 0 个，剩余指数 88。
  - 几何诊断：典型整层堆叠单盘参考上限 85/192。 当前目标可能受托盘高度/箱型组合限制。
  - 几何不可达标记：典型整层上限 85 < 目标 192，救援优先压缩托盘数和填充率。
  - 失败托盘互借诊断：未合并（no_target_or_single_plan）。
托盘类型 MH423C（销售订单号：PAIN26290MN02S）处理完成：总托盘 1，指数达标 0，未达标 1，平均缺口 104.00，最大缺口 104.00，失败托盘互借修复成功 0。
  - KPI：near/mid/deep=0/0/1，救回率=0.00%，pair效率=0.00%。
  - 耗时拆解：packing=1.89s，main_topup=0.00s，retry=0.00s，failed_pool=0.00s，repack=0.00s，total=1.89s。
正在处理托盘类型：MH423C，销售订单号：PAIN26290MN10S
  - 主算法：全局列式装箱 + 柱级组合优化（GCP）。
  - 失败托盘互借诊断：未合并（no_target_or_single_plan）。
托盘类型 MH423C（销售订单号：PAIN26290MN10S）处理完成：总托盘 1，指数达标 0，未达标 1，平均缺口 124.00，最大缺口 124.00，失败托盘互借修复成功 0。
  - KPI：near/mid/deep=0/0/1，救回率=0.00%，pair效率=0.00%。
  - 耗时拆解：packing=0.00s，main_topup=0.00s，retry=0.00s，failed_pool=0.00s，repack=0.00s，total=0.00s。
正在处理托盘类型：MH423C，销售订单号：PAIN26290MZ07S
  - 该分组不适合列式（多非满柱）→ 回退 beam + 配方优先。
  - 配方优先[fast]：规划 0 实例，实装成功 0，配方路径不可用 → 采用基线方案。
  - 指数诊断：箱子 72 个，总指数 210，目标 192，理论最多达标托盘 1 个，剩余指数 18。
  - 几何诊断：典型整层堆叠单盘参考上限 124/192。 当前目标可能受托盘高度/箱型组合限制。
  - 几何不可达标记：典型整层上限 124 < 目标 192，救援优先压缩托盘数和填充率。
  - 失败托盘互借诊断：未合并（aborted_no_improvement_possible）。
托盘类型 MH423C（销售订单号：PAIN26290MZ07S）处理完成：总托盘 2，指数达标 0，未达标 2，平均缺口 87.00，最大缺口 106.00，失败托盘互借修复成功 0。
  - KPI：near/mid/deep=0/0/2，救回率=0.00%，pair效率=0.00%。
  - 耗时拆解：packing=1.52s，main_topup=0.01s，retry=0.00s，failed_pool=0.00s，repack=2.41s，total=3.94s。
正在处理托盘类型：MH423C，销售订单号：PEG106290LN01S
  - 主算法：全局列式装箱 + 柱级组合优化（GCP）。
  - 失败托盘互借诊断：未合并（no_target_or_single_plan）。
托盘类型 MH423C（销售订单号：PEG106290LN01S）处理完成：总托盘 1，指数达标 0，未达标 1，平均缺口 76.00，最大缺口 76.00，失败托盘互借修复成功 0。
  - KPI：near/mid/deep=0/0/1，救回率=0.00%，pair效率=0.00%。
  - 耗时拆解：packing=0.00s，main_topup=0.00s，retry=0.00s，failed_pool=0.00s，repack=0.00s，total=0.00s。
正在处理托盘类型：MH423C，销售订单号：LAID16306DN02S
  - 主算法：全局列式装箱 + 柱级组合优化（GCP）。
  - 失败托盘互借诊断：未合并（no_target_or_single_plan）。
托盘类型 MH423C（销售订单号：LAID16306DN02S）处理完成：总托盘 1，指数达标 0，未达标 1，平均缺口 116.00，最大缺口 116.00，失败托盘互借修复成功 0。
  - KPI：near/mid/deep=0/0/1，救回率=0.00%，pair效率=0.00%。
  - 耗时拆解：packing=0.00s，main_topup=0.00s，retry=0.00s，failed_pool=0.00s，repack=0.00s，total=0.00s。
正在处理托盘类型：MH423C，销售订单号：LAID16306DN02S__SPLITREST__
  - 该分组不适合列式（多非满柱）→ 回退 beam + 配方优先。
  - 配方优先[fast]：规划 0 实例，实装成功 0，配方路径不可用 → 采用基线方案。
  - 指数诊断：箱子 2 个，总指数 4，目标 192，理论最多达标托盘 0 个，剩余指数 4。
  - 几何诊断：典型整层堆叠单盘参考上限 4/192。 当前目标可能受托盘高度/箱型组合限制。
  - 几何不可达标记：典型整层上限 4 < 目标 192，救援优先压缩托盘数和填充率。
  - 失败托盘互借诊断：未合并（no_target_or_single_plan）。
托盘类型 MH423C（销售订单号：LAID16306DN02S__SPLITREST__）处理完成：总托盘 1，指数达标 0，未达标 1，平均缺口 188.00，最大缺口 188.00，失败托盘互借修复成功 0。
  - KPI：near/mid/deep=0/0/1，救回率=0.00%，pair效率=0.00%。
  - 耗时拆解：packing=0.00s，main_topup=0.00s，retry=0.00s，failed_pool=0.00s，repack=0.00s，total=0.01s。
正在处理托盘类型：MH423C，销售订单号：PAIN26280MZ06S
  - 主算法：全局列式装箱 + 柱级组合优化（GCP）。
  - 失败托盘互借诊断：未合并（no_target_or_single_plan）。
托盘类型 MH423C（销售订单号：PAIN26280MZ06S）处理完成：总托盘 1，指数达标 0，未达标 1，平均缺口 18.00，最大缺口 18.00，失败托盘互借修复成功 0。
  - KPI：near/mid/deep=0/1/0，救回率=0.00%，pair效率=0.00%。
  - 耗时拆解：packing=1.79s，main_topup=0.00s，retry=0.00s，failed_pool=0.00s，repack=0.00s，total=1.79s。
正在处理托盘类型：MH423C，销售订单号：PAIN26296EN01S
  - 主算法：全局列式装箱 + 柱级组合优化（GCP）。
  - 失败托盘互借诊断：未合并（no_target_or_single_plan）。
托盘类型 MH423C（销售订单号：PAIN26296EN01S）处理完成：总托盘 1，指数达标 0，未达标 1，平均缺口 126.00，最大缺口 126.00，失败托盘互借修复成功 0。
  - KPI：near/mid/deep=0/0/1，救回率=0.00%，pair效率=0.00%。
  - 耗时拆解：packing=0.00s，main_topup=0.00s，retry=0.00s，failed_pool=0.00s，repack=0.00s，total=0.00s。
正在处理托盘类型：MH423C，销售订单号：PAIN26280BN01S
  - 主算法：全局列式装箱 + 柱级组合优化（GCP）。
  - 失败托盘互借诊断：未合并（no_target_or_single_plan）。
托盘类型 MH423C（销售订单号：PAIN26280BN01S）处理完成：总托盘 1，指数达标 0，未达标 1，平均缺口 148.00，最大缺口 148.00，失败托盘互借修复成功 0。
  - KPI：near/mid/deep=0/0/1，救回率=0.00%，pair效率=0.00%。
  - 耗时拆解：packing=0.07s，main_topup=0.00s，retry=0.00s，failed_pool=0.00s，repack=0.00s，total=0.07s。
正在处理托盘类型：MH423C，销售订单号：PAID16300FN01S
  - 该分组不适合列式（多非满柱）→ 回退 beam + 配方优先。
  - 配方优先[fast]：规划 0 实例，实装成功 0，配方路径不可用 → 采用基线方案。
  - 指数诊断：箱子 1 个，总指数 4，目标 192，理论最多达标托盘 0 个，剩余指数 4。
  - 几何诊断：典型整层堆叠单盘参考上限 4/192。 当前目标可能受托盘高度/箱型组合限制。
  - 几何不可达标记：典型整层上限 4 < 目标 192，救援优先压缩托盘数和填充率。
  - 失败托盘互借诊断：未合并（no_target_or_single_plan）。
托盘类型 MH423C（销售订单号：PAID16300FN01S）处理完成：总托盘 1，指数达标 0，未达标 1，平均缺口 188.00，最大缺口 188.00，失败托盘互借修复成功 0。
  - KPI：near/mid/deep=0/0/1，救回率=0.00%，pair效率=0.00%。
  - 耗时拆解：packing=0.00s，main_topup=0.00s，retry=0.00s，failed_pool=0.00s，repack=0.00s，total=0.00s。
正在处理托盘类型：MH423C，销售订单号：LAID16306DN03S
  - 主算法：全局列式装箱 + 柱级组合优化（GCP）。
  - 失败托盘互借诊断：未合并（no_target_or_single_plan）。
托盘类型 MH423C（销售订单号：LAID16306DN03S）处理完成：总托盘 1，指数达标 0，未达标 1，平均缺口 132.00，最大缺口 132.00，失败托盘互借修复成功 0。
  - KPI：near/mid/deep=0/0/1，救回率=0.00%，pair效率=0.00%。
  - 耗时拆解：packing=0.03s，main_topup=0.00s，retry=0.00s，failed_pool=0.00s，repack=0.00s，total=0.03s。
正在处理托盘类型：MH423C，销售订单号：LAID16306DN03S__SPLITREST__
  - 该分组不适合列式（多非满柱）→ 回退 beam + 配方优先。
  - 配方优先[fast]：规划 0 实例，实装成功 0，配方路径不可用 → 采用基线方案。
  - 指数诊断：箱子 2 个，总指数 4，目标 192，理论最多达标托盘 0 个，剩余指数 4。
  - 几何诊断：典型整层堆叠单盘参考上限 4/192。 当前目标可能受托盘高度/箱型组合限制。
  - 几何不可达标记：典型整层上限 4 < 目标 192，救援优先压缩托盘数和填充率。
  - 失败托盘互借诊断：未合并（no_target_or_single_plan）。
托盘类型 MH423C（销售订单号：LAID16306DN03S__SPLITREST__）处理完成：总托盘 1，指数达标 0，未达标 1，平均缺口 188.00，最大缺口 188.00，失败托盘互借修复成功 0。
  - KPI：near/mid/deep=0/0/1，救回率=0.00%，pair效率=0.00%。
  - 耗时拆解：packing=0.00s，main_topup=0.00s，retry=0.00s，failed_pool=0.00s，repack=0.00s，total=0.01s。
正在处理托盘类型：MH423C，销售订单号：PAID16306DN01S
  - 主算法：全局列式装箱 + 柱级组合优化（GCP）。
  - 失败托盘互借诊断：未合并（no_target_or_single_plan）。
托盘类型 MH423C（销售订单号：PAID16306DN01S）处理完成：总托盘 1，指数达标 0，未达标 1，平均缺口 156.00，最大缺口 156.00，失败托盘互借修复成功 0。
  - KPI：near/mid/deep=0/0/1，救回率=0.00%，pair效率=0.00%。
  - 耗时拆解：packing=0.11s，main_topup=0.00s，retry=0.00s，failed_pool=0.00s，repack=0.00s，total=0.11s。
正在处理托盘类型：MH423C，销售订单号：PAID16295BD02S
  - 主算法：全局列式装箱 + 柱级组合优化（GCP）。
  - 失败托盘互借诊断：未合并（no_target_or_single_plan）。
托盘类型 MH423C（销售订单号：PAID16295BD02S）处理完成：总托盘 1，指数达标 0，未达标 1，平均缺口 156.00，最大缺口 156.00，失败托盘互借修复成功 0。
  - KPI：near/mid/deep=0/0/1，救回率=0.00%，pair效率=0.00%。
  - 耗时拆解：packing=0.05s，main_topup=0.00s，retry=0.00s，failed_pool=0.00s，repack=0.00s，total=0.05s。
正在处理托盘类型：MH423C，销售订单号：PAID16305BN01S
  - 该分组不适合列式（多非满柱）→ 回退 beam + 配方优先。
  - 配方优先[fast]：规划 0 实例，实装成功 0，配方路径不可用 → 采用基线方案。
  - 指数诊断：箱子 2 个，总指数 4，目标 192，理论最多达标托盘 0 个，剩余指数 4。
  - 几何诊断：典型整层堆叠单盘参考上限 4/192。 当前目标可能受托盘高度/箱型组合限制。
  - 几何不可达标记：典型整层上限 4 < 目标 192，救援优先压缩托盘数和填充率。
  - 失败托盘互借诊断：未合并（no_target_or_single_plan）。
托盘类型 MH423C（销售订单号：PAID16305BN01S）处理完成：总托盘 1，指数达标 0，未达标 1，平均缺口 188.00，最大缺口 188.00，失败托盘互借修复成功 0。
  - KPI：near/mid/deep=0/0/1，救回率=0.00%，pair效率=0.00%。
  - 耗时拆解：packing=0.00s，main_topup=0.00s，retry=0.00s，failed_pool=0.00s，repack=0.00s，total=0.01s。
  - 失败盘装满压实：合并/吸收 1 次（纯减盘数）。
  - 跨子组装满压实（MH423C / LAID16306DN01S）：合并 1 次（纯减盘数）。
  - 失败盘装满压实：合并/吸收 1 次（纯减盘数）。
  - 跨子组装满压实（MH423C / LAID16296DN01S）：合并 1 次（纯减盘数）。
  - 失败盘装满压实：合并/吸收 2 次（纯减盘数）。
  - 跨子组装满压实（MH423C / LAID16285EN01S__CASEGROUP__1）：合并 2 次（纯减盘数）。
  - 失败盘装满压实：合并/吸收 1 次（纯减盘数）。
  - 跨子组装满压实（MH423C / PAIN26286EN01S）：合并 1 次（纯减盘数）。
  - 失败盘装满压实：合并/吸收 1 次（纯减盘数）。
  - 跨子组装满压实（MH423C / LFEG16290IN03S）：合并 1 次（纯减盘数）。
  - 失败盘装满压实：合并/吸收 1 次（纯减盘数）。
  - 跨子组装满压实（MH423C / LAID16295EN02S）：合并 1 次（纯减盘数）。
  - 失败盘装满压实：合并/吸收 1 次（纯减盘数）。
  - 跨子组装满压实（MH423C / LAMY16315FN01S）：合并 1 次（纯减盘数）。
  - 失败盘装满压实：合并/吸收 1 次（纯减盘数）。
  - 跨子组装满压实（MH423C / LAID16305BN01S）：合并 1 次（纯减盘数）。
  - 失败盘装满压实：合并/吸收 1 次（纯减盘数）。
  - 跨子组装满压实（MH423C / LAID16295EN01S__CASEGROUP__1）：合并 1 次（纯减盘数）。
  - 失败盘装满压实：合并/吸收 1 次（纯减盘数）。
  - 跨子组装满压实（MH423C / LAID16306DN02S）：合并 1 次（纯减盘数）。
  - 失败盘装满压实：合并/吸收 1 次（纯减盘数）。
  - 跨子组装满压实（MH423C / LAID16306DN03S）：合并 1 次（纯减盘数）。
========================================
统计汇总：总托盘 89，指数达标 0，未达标 89，未知 0，平均缺口 135.47，最大缺口 191.50，失败托盘互借修复成功 0
KPI汇总：near/mid/deep=2/3/84，pair尝试=0，pair改进=0，pair效率=0.00%
耗时汇总：packing=25.08s，main_topup=0.08s，retry=0.00s，repack=27.64s，end_to_end=81.34s
========================================
[WCS-装] SUCCESS 产品码 0 个，DB 更新达标 0 行；FAILED 盘 89 个保持未达标。
[WCS-装] 本轮结束；等待下一次「新插入」再开算。
[WCS-装] 装箱报告已保存：E:\Homework\AA装箱\A装箱和可视化\zhuang\packing-workspace\output\packing_plan_20260720_171819.json
[WCS-装] 接口 2 发送体已保存：E:\Homework\AA装箱\A装箱和可视化\zhuang\packing-workspace\output\wcs_plan_20260720_171819.json（89 个 case）
[WCS-装] 已跳过接口 2 推送（仅本地保存）。
[UI-RESULT] E:\Homework\AA装箱\A装箱和可视化\zhuang\packing-workspace\output\packing_plan_20260720_171819.json
[WCS-装] 等待数据库新插入（有新 product_code 才开算）…
============================================================
[WCS-拉] 20260720_172135：拉取接口 1 …
[WCS-拉] 原始响应已保存：E:\Homework\AA装箱\A装箱和可视化\zhuang\packing-workspace\input\raw\20260720_172135.json
[WCS-拉] 已剔除 case_type≠MH423C 的品类 67 条（类型：['WR246']），保留 2042 条。
[WCS-DB] product_code 已存在、跳过 2031 条
[WCS-拉] 落库完成：候选 2042 条，新插入 11 条（新行 up_to_standard=0）。
[WCS-拉] 有新插入 → 唤醒装箱线程。
[WCS] 已加载 BMS 参考表：E:\Homework\AA装箱\A装箱和可视化\zhuang\packing-workspace\data\selected_5000_boxes_9_1_concentrated_3orders.xlsx
============================================================
[WCS-装] 20260720_172140：未达标行 2148 条，开始装箱 …
[WCS-装] 展开为 2148 个箱子。
数据预处理和箱子分组完成（按托盘类型+销售订单号）。
----------------------------------------
  - 组内子聚类：19 个混合订单拆出规则子集走 GCP、杂箱走 baseline。
正在处理托盘类型：MH423C，销售订单号：LAID16285EN01S
  - 主算法：全局列式装箱 + 柱级组合优化（GCP）。
  - 失败托盘互借诊断：未合并（no_target_or_single_plan）。
托盘类型 MH423C（销售订单号：LAID16285EN01S）处理完成：总托盘 1，指数达标 0，未达标 1，平均缺口 136.00，最大缺口 136.00，失败托盘互借修复成功 0。
  - KPI：near/mid/deep=0/0/1，救回率=0.00%，pair效率=0.00%。
  - 耗时拆解：packing=0.02s，main_topup=0.00s，retry=0.00s，failed_pool=0.00s，repack=0.00s，total=0.02s。
正在处理托盘类型：MH423C，销售订单号：LAID16285EN01S__SPLITREST__
  - 该分组不适合列式（多非满柱）→ 回退 beam + 配方优先。
  - 配方优先[fast]：规划 0 实例，实装成功 0，配方路径不可用 → 采用基线方案。
  - 指数诊断：箱子 4 个，总指数 9.5，目标 192，理论最多达标托盘 0 个，剩余指数 9.5。
  - 几何诊断：典型整层堆叠单盘参考上限 9.5/192。 当前目标可能受托盘高度/箱型组合限制。
  - 几何不可达标记：典型整层上限 9.5 < 目标 192，救援优先压缩托盘数和填充率。
  - 失败托盘互借诊断：未合并（no_target_or_single_plan）。
托盘类型 MH423C（销售订单号：LAID16285EN01S__SPLITREST__）处理完成：总托盘 1，指数达标 0，未达标 1，平均缺口 182.50，最大缺口 182.50，失败托盘互借修复成功 0。
  - KPI：near/mid/deep=0/0/1，救回率=0.00%，pair效率=0.00%。
  - 耗时拆解：packing=0.00s，main_topup=0.00s，retry=0.00s，failed_pool=0.00s，repack=0.00s，total=0.02s。
正在处理托盘类型：MH423C，销售订单号：LAID16286DN02S
  - 该分组不适合列式（多非满柱）→ 回退 beam + 配方优先。
  - 配方优先[fast]：规划 0 实例，实装成功 0，配方路径不可用 → 采用基线方案。
  - 指数诊断：箱子 1 个，总指数 0.5，目标 192，理论最多达标托盘 0 个，剩余指数 0.5。
  - 几何诊断：典型整层堆叠单盘参考上限 0.5/192。 当前目标可能受托盘高度/箱型组合限制。
  - 几何不可达标记：典型整层上限 0.5 < 目标 192，救援优先压缩托盘数和填充率。
  - 失败托盘互借诊断：未合并（no_target_or_single_plan）。
托盘类型 MH423C（销售订单号：LAID16286DN02S）处理完成：总托盘 1，指数达标 0，未达标 1，平均缺口 191.50，最大缺口 191.50，失败托盘互借修复成功 0。
  - KPI：near/mid/deep=0/0/1，救回率=0.00%，pair效率=0.00%。
  - 耗时拆解：packing=0.00s，main_topup=0.00s，retry=0.00s，failed_pool=0.00s，repack=0.00s，total=0.00s。
正在处理托盘类型：MH423C，销售订单号：PAIN26280MN08S
  - 主算法：全局列式装箱 + 柱级组合优化（GCP）。
  - 失败托盘互借诊断：未合并（no_target_or_single_plan）。
托盘类型 MH423C（销售订单号：PAIN26280MN08S）处理完成：总托盘 1，指数达标 0，未达标 1，平均缺口 105.00，最大缺口 105.00，失败托盘互借修复成功 0。
  - KPI：near/mid/deep=0/0/1，救回率=0.00%，pair效率=0.00%。
  - 耗时拆解：packing=0.00s，main_topup=0.00s，retry=0.00s，failed_pool=0.00s，repack=0.00s，total=0.00s。
正在处理托盘类型：MH423C，销售订单号：PAIN26280MN01S
  - 该分组不适合列式（多非满柱）→ 回退 beam + 配方优先。
  - 配方优先[fast]：规划 0 实例，实装成功 0，配方路径不可用 → 采用基线方案。
  - 指数诊断：箱子 3 个，总指数 6，目标 192，理论最多达标托盘 0 个，剩余指数 6。
  - 几何诊断：典型整层堆叠单盘参考上限 6/192。 当前目标可能受托盘高度/箱型组合限制。
  - 几何不可达标记：典型整层上限 6 < 目标 192，救援优先压缩托盘数和填充率。
  - 失败托盘互借诊断：未合并（no_target_or_single_plan）。
托盘类型 MH423C（销售订单号：PAIN26280MN01S）处理完成：总托盘 1，指数达标 0，未达标 1，平均缺口 186.00，最大缺口 186.00，失败托盘互借修复成功 0。
  - KPI：near/mid/deep=0/0/1，救回率=0.00%，pair效率=0.00%。
  - 耗时拆解：packing=0.00s，main_topup=0.00s，retry=0.00s，failed_pool=0.00s，repack=0.00s，total=0.01s。
正在处理托盘类型：MH423C，销售订单号：LAID16306DN01S
  - 主算法：全局列式装箱 + 柱级组合优化（GCP）。
  - 失败托盘互借诊断：未合并（aborted_no_improvement_possible）。
托盘类型 MH423C（销售订单号：LAID16306DN01S）处理完成：总托盘 2，指数达标 0，未达标 2，平均缺口 90.00，最大缺口 168.00，失败托盘互借修复成功 0。
  - KPI：near/mid/deep=0/1/1，救回率=0.00%，pair效率=0.00%。
  - 耗时拆解：packing=0.02s，main_topup=0.00s，retry=0.00s，failed_pool=0.00s，repack=1.18s，total=1.20s。
正在处理托盘类型：MH423C，销售订单号：LAID16306DN01S__SPLITREST__
  - 该分组不适合列式（多非满柱）→ 回退 beam + 配方优先。
  - 托盘 MH423C-LAID16306DN01S__SPLITREST__-1 未找到可行装箱方案，启用剩余箱子守恒兜底。
  - 配方优先[fast]：规划 0 实例，实装成功 0，配方路径不可用 → 采用基线方案。
  - 指数诊断：箱子 5 个，总指数 5.5，目标 192，理论最多达标托盘 0 个，剩余指数 5.5。
  - 几何诊断：典型整层堆叠单盘参考上限 5.5/192。 当前目标可能受托盘高度/箱型组合限制。
  - 几何不可达标记：典型整层上限 5.5 < 目标 192，救援优先压缩托盘数和填充率。
  - 失败盘装满压实：合并/吸收 1 次（纯减盘数）。
  - 失败托盘互借诊断：未合并（aborted_no_improvement_possible）。
托盘类型 MH423C（销售订单号：LAID16306DN01S__SPLITREST__）处理完成：总托盘 1，指数达标 0，未达标 1，平均缺口 186.50，最大缺口 186.50，失败托盘互借修复成功 0。
  - KPI：near/mid/deep=0/0/1，救回率=0.00%，pair效率=0.00%。
  - 耗时拆解：packing=0.01s，main_topup=0.00s，retry=0.00s，failed_pool=0.00s，repack=0.02s，total=0.07s。
正在处理托盘类型：MH423C，销售订单号：LAID16296DN01S
  - 主算法：全局列式装箱 + 柱级组合优化（GCP）。
  - 失败托盘互借诊断：未合并（aborted_no_improvement_possible）。
托盘类型 MH423C（销售订单号：LAID16296DN01S）处理完成：总托盘 2，指数达标 0，未达标 2，平均缺口 163.75，最大缺口 188.00，失败托盘互借修复成功 0。
  - KPI：near/mid/deep=0/0/2，救回率=0.00%，pair效率=0.00%。
  - 耗时拆解：packing=0.05s，main_topup=0.00s，retry=0.00s，failed_pool=0.00s，repack=0.12s，total=0.18s。
正在处理托盘类型：MH423C，销售订单号：LAID16296DN01S__SPLITREST__
  - 该分组不适合列式（多非满柱）→ 回退 beam + 配方优先。
  - 配方优先[fast]：规划 0 实例，实装成功 0，配方路径不可用 → 采用基线方案。
  - 指数诊断：箱子 4 个，总指数 8，目标 192，理论最多达标托盘 0 个，剩余指数 8。
  - 几何诊断：典型整层堆叠单盘参考上限 8/192。 当前目标可能受托盘高度/箱型组合限制。
  - 几何不可达标记：典型整层上限 8 < 目标 192，救援优先压缩托盘数和填充率。
  - 失败托盘互借诊断：未合并（no_target_or_single_plan）。
托盘类型 MH423C（销售订单号：LAID16296DN01S__SPLITREST__）处理完成：总托盘 1，指数达标 0，未达标 1，平均缺口 184.00，最大缺口 184.00，失败托盘互借修复成功 0。
  - KPI：near/mid/deep=0/0/1，救回率=0.00%，pair效率=0.00%。
  - 耗时拆解：packing=0.00s，main_topup=0.00s，retry=0.00s，failed_pool=0.00s，repack=0.00s，total=0.02s。
正在处理托盘类型：MH423C，销售订单号：LAID16296DN02S
  - 主算法：全局列式装箱 + 柱级组合优化（GCP）。
  - GCP 盘数远超理论（CP-SAT 装不满）→ 回退 baseline beam + 配方优先。
  - 托盘 MH423C-LAID16296DN02S-2 未找到可行装箱方案，启用剩余箱子守恒兜底。
  - 配方优先[fast]：规划 0 实例，实装成功 0，配方路径不可用 → 采用基线方案。
  - 指数诊断：箱子 34 个，总指数 117.5，目标 192，理论最多达标托盘 0 个，剩余指数 117.5。
  - 几何诊断：典型整层堆叠单盘参考上限 97/192。 当前目标可能受托盘高度/箱型组合限制。
  - 几何不可达标记：典型整层上限 97 < 目标 192，救援优先压缩托盘数和填充率。
  - 失败盘装满压实：合并/吸收 1 次（纯减盘数）。
  - 失败托盘互借诊断：未合并（aborted_no_improvement_possible）。
托盘类型 MH423C（销售订单号：LAID16296DN02S）处理完成：总托盘 2，指数达标 0，未达标 2，平均缺口 133.25，最大缺口 189.50，失败托盘互借修复成功 0。
  - KPI：near/mid/deep=0/0/2，救回率=0.00%，pair效率=0.00%。
  - 耗时拆解：packing=0.18s，main_topup=0.00s，retry=0.00s，failed_pool=0.00s，repack=0.31s，total=1.17s。
正在处理托盘类型：MH423C，销售订单号：LAID16296DN02S__SPLITREST__
  - 该分组不适合列式（多非满柱）→ 回退 beam + 配方优先。
  - 配方优先[fast]：规划 0 实例，实装成功 0，配方路径不可用 → 采用基线方案。
  - 指数诊断：箱子 3 个，总指数 5，目标 192，理论最多达标托盘 0 个，剩余指数 5。
  - 几何诊断：典型整层堆叠单盘参考上限 5/192。 当前目标可能受托盘高度/箱型组合限制。
  - 几何不可达标记：典型整层上限 5 < 目标 192，救援优先压缩托盘数和填充率。
  - 失败托盘互借诊断：未合并（no_target_or_single_plan）。
托盘类型 MH423C（销售订单号：LAID16296DN02S__SPLITREST__）处理完成：总托盘 1，指数达标 0，未达标 1，平均缺口 187.00，最大缺口 187.00，失败托盘互借修复成功 0。
  - KPI：near/mid/deep=0/0/1，救回率=0.00%，pair效率=0.00%。
  - 耗时拆解：packing=0.00s，main_topup=0.00s，retry=0.00s，failed_pool=0.00s，repack=0.00s，total=0.01s。
正在处理托盘类型：MH423C，销售订单号：LAID16296DN03S
  - 主算法：全局列式装箱 + 柱级组合优化（GCP）。
  - 失败托盘互借诊断：未合并（no_target_or_single_plan）。
托盘类型 MH423C（销售订单号：LAID16296DN03S）处理完成：总托盘 1，指数达标 0，未达标 1，平均缺口 145.00，最大缺口 145.00，失败托盘互借修复成功 0。
  - KPI：near/mid/deep=0/0/1，救回率=0.00%，pair效率=0.00%。
  - 耗时拆解：packing=0.26s，main_topup=0.00s，retry=0.00s，failed_pool=0.00s，repack=0.00s，total=0.26s。
正在处理托盘类型：MH423C，销售订单号：LAID16285EN01S__CASEGROUP__1
  - 主算法：全局列式装箱 + 柱级组合优化（GCP）。
  - 失败托盘互借诊断：未合并（aborted_no_improvement_possible）。
托盘类型 MH423C（销售订单号：LAID16285EN01S__CASEGROUP__1）处理完成：总托盘 2，指数达标 0，未达标 2，平均缺口 170.50，最大缺口 190.00，失败托盘互借修复成功 0。
  - KPI：near/mid/deep=0/0/2，救回率=0.00%，pair效率=0.00%。
  - 耗时拆解：packing=0.67s，main_topup=0.00s，retry=0.00s，failed_pool=0.00s，repack=1.05s，total=1.72s。
正在处理托盘类型：MH423C，销售订单号：LAID16285EN01S__CASEGROUP__1__SPLITREST__
  - 该分组不适合列式（多非满柱）→ 回退 beam + 配方优先。
  - 配方优先[fast]：规划 0 实例，实装成功 0，配方路径不可用 → 采用基线方案。
  - 指数诊断：箱子 2 个，总指数 3，目标 192，理论最多达标托盘 0 个，剩余指数 3。
  - 几何诊断：典型整层堆叠单盘参考上限 3/192。 当前目标可能受托盘高度/箱型组合限制。
  - 几何不可达标记：典型整层上限 3 < 目标 192，救援优先压缩托盘数和填充率。
  - 失败托盘互借诊断：未合并（no_target_or_single_plan）。
托盘类型 MH423C（销售订单号：LAID16285EN01S__CASEGROUP__1__SPLITREST__）处理完成：总托盘 1，指数达标 0，未达标 1，平均缺口 189.00，最大缺口 189.00，失败托盘互借修复成功 0。
  - KPI：near/mid/deep=0/0/1，救回率=0.00%，pair效率=0.00%。
  - 耗时拆解：packing=0.00s，main_topup=0.00s，retry=0.00s，failed_pool=0.00s，repack=0.00s，total=0.00s。
正在处理托盘类型：MH423C，销售订单号：PAIN26286EN01S
  - 主算法：全局列式装箱 + 柱级组合优化（GCP）。
  - 失败托盘互借诊断：未合并（no_target_or_single_plan）。
托盘类型 MH423C（销售订单号：PAIN26286EN01S）处理完成：总托盘 1，指数达标 0，未达标 1，平均缺口 84.00，最大缺口 84.00，失败托盘互借修复成功 0。
  - KPI：near/mid/deep=0/0/1，救回率=0.00%，pair效率=0.00%。
  - 耗时拆解：packing=0.00s，main_topup=0.00s，retry=0.00s，failed_pool=0.00s，repack=0.00s，total=0.00s。
正在处理托盘类型：MH423C，销售订单号：PAIN26286EN01S__SPLITREST__
  - 该分组不适合列式（多非满柱）→ 回退 beam + 配方优先。
  - 配方优先[fast]：规划 0 实例，实装成功 0，配方路径不可用 → 采用基线方案。
  - 指数诊断：箱子 2 个，总指数 8，目标 192，理论最多达标托盘 0 个，剩余指数 8。
  - 几何诊断：典型整层堆叠单盘参考上限 8/192。 当前目标可能受托盘高度/箱型组合限制。
  - 几何不可达标记：典型整层上限 8 < 目标 192，救援优先压缩托盘数和填充率。
  - 失败托盘互借诊断：未合并（no_target_or_single_plan）。
托盘类型 MH423C（销售订单号：PAIN26286EN01S__SPLITREST__）处理完成：总托盘 1，指数达标 0，未达标 1，平均缺口 184.00，最大缺口 184.00，失败托盘互借修复成功 0。
  - KPI：near/mid/deep=0/0/1，救回率=0.00%，pair效率=0.00%。
  - 耗时拆解：packing=0.00s，main_topup=0.00s，retry=0.00s，failed_pool=0.00s，repack=0.00s，total=0.00s。
正在处理托盘类型：MH423C，销售订单号：LFEG16290IN02S
  - 该分组不适合列式（多非满柱）→ 回退 beam + 配方优先。
  - 配方优先[fast]：规划 0 实例，实装成功 0，配方路径不可用 → 采用基线方案。
  - 指数诊断：箱子 63 个，总指数 109.5，目标 192，理论最多达标托盘 0 个，剩余指数 109.5。
  - 几何诊断：典型整层堆叠单盘参考上限 83/192。 当前目标可能受托盘高度/箱型组合限制。
  - 几何不可达标记：典型整层上限 83 < 目标 192，救援优先压缩托盘数和填充率。
  - 失败托盘互借诊断：未合并（aborted_no_improvement_possible）。
托盘类型 MH423C（销售订单号：LFEG16290IN02S）处理完成：总托盘 2，指数达标 0，未达标 2，平均缺口 137.25，最大缺口 191.50，失败托盘互借修复成功 0。
  - KPI：near/mid/deep=0/0/2，救回率=0.00%，pair效率=0.00%。
  - 耗时拆解：packing=0.75s，main_topup=0.01s，retry=0.00s，failed_pool=0.00s，repack=1.20s，total=4.01s。
正在处理托盘类型：MH423C，销售订单号：LAID16295BN02S
  - 主算法：全局列式装箱 + 柱级组合优化（GCP）。
  - 失败托盘互借诊断：未合并（aborted_no_improvement_possible）。
托盘类型 MH423C（销售订单号：LAID16295BN02S）处理完成：总托盘 2，指数达标 0，未达标 2，平均缺口 155.75，最大缺口 184.00，失败托盘互借修复成功 0。
  - KPI：near/mid/deep=0/0/2，救回率=0.00%，pair效率=0.00%。
  - 耗时拆解：packing=0.35s，main_topup=0.00s，retry=0.00s，failed_pool=0.00s，repack=0.67s，total=1.02s。
正在处理托盘类型：MH423C，销售订单号：LFEG16290IN03S
  - 主算法：全局列式装箱 + 柱级组合优化（GCP）。
  - GCP 盘数远超理论（CP-SAT 装不满）→ 回退 baseline beam + 配方优先。
  - 配方优先[fast]：规划 0 实例，实装成功 0，配方路径不可用 → 采用基线方案。
  - 指数诊断：箱子 88 个，总指数 157，目标 192，理论最多达标托盘 0 个，剩余指数 157。
  - 几何诊断：典型整层堆叠单盘参考上限 115/192。 当前目标可能受托盘高度/箱型组合限制。
  - 几何不可达标记：典型整层上限 115 < 目标 192，救援优先压缩托盘数和填充率。
  - 失败托盘互借诊断：未合并（aborted_no_improvement_possible）。
托盘类型 MH423C（销售订单号：LFEG16290IN03S）处理完成：总托盘 2，指数达标 0，未达标 2，平均缺口 113.50，最大缺口 174.50，失败托盘互借修复成功 0。
  - KPI：near/mid/deep=0/0/2，救回率=0.00%，pair效率=0.00%。
  - 耗时拆解：packing=5.26s，main_topup=0.00s，retry=0.00s，failed_pool=0.00s，repack=2.92s，total=10.06s。
正在处理托盘类型：MH423C，销售订单号：LFEG16290IN03S__SPLITREST__
  - 该分组不适合列式（多非满柱）→ 回退 beam + 配方优先。
  - 配方优先[fast]：规划 0 实例，实装成功 0，配方路径不可用 → 采用基线方案。
  - 指数诊断：箱子 19 个，总指数 21，目标 192，理论最多达标托盘 0 个，剩余指数 21。
  - 几何诊断：典型整层堆叠单盘参考上限 21/192。 当前目标可能受托盘高度/箱型组合限制。
  - 几何不可达标记：典型整层上限 21 < 目标 192，救援优先压缩托盘数和填充率。
  - 失败托盘互借诊断：未合并（no_target_or_single_plan）。
托盘类型 MH423C（销售订单号：LFEG16290IN03S__SPLITREST__）处理完成：总托盘 1，指数达标 0，未达标 1，平均缺口 171.00，最大缺口 171.00，失败托盘互借修复成功 0。
  - KPI：near/mid/deep=0/0/1，救回率=0.00%，pair效率=0.00%。
  - 耗时拆解：packing=0.13s，main_topup=0.00s，retry=0.00s，failed_pool=0.00s，repack=0.00s，total=0.13s。
正在处理托盘类型：MH423C，销售订单号：LAMY16295FN01S
  - 该分组不适合列式（多非满柱）→ 回退 beam + 配方优先。
  - 配方优先[fast]：规划 0 实例，实装成功 0，配方路径不可用 → 采用基线方案。
  - 指数诊断：箱子 26 个，总指数 86.5，目标 192，理论最多达标托盘 0 个，剩余指数 86.5。
  - 几何诊断：典型整层堆叠单盘参考上限 70/192。 当前目标可能受托盘高度/箱型组合限制。
  - 几何不可达标记：典型整层上限 70 < 目标 192，救援优先压缩托盘数和填充率。
  - 失败托盘互借诊断：未合并（no_target_or_single_plan）。
托盘类型 MH423C（销售订单号：LAMY16295FN01S）处理完成：总托盘 1，指数达标 0，未达标 1，平均缺口 105.50，最大缺口 105.50，失败托盘互借修复成功 0。
  - KPI：near/mid/deep=0/0/1，救回率=0.00%，pair效率=0.00%。
  - 耗时拆解：packing=0.23s，main_topup=0.00s，retry=0.00s，failed_pool=0.00s，repack=0.00s，total=0.23s。
正在处理托盘类型：MH423C，销售订单号：LFEG16300IN02S
  - 该分组不适合列式（多非满柱）→ 回退 beam + 配方优先。
  - 配方优先[fast]：规划 0 实例，实装成功 0，配方路径不可用 → 采用基线方案。
  - 指数诊断：箱子 4 个，总指数 8，目标 192，理论最多达标托盘 0 个，剩余指数 8。
  - 几何诊断：典型整层堆叠单盘参考上限 8/192。 当前目标可能受托盘高度/箱型组合限制。
  - 几何不可达标记：典型整层上限 8 < 目标 192，救援优先压缩托盘数和填充率。
  - 失败托盘互借诊断：未合并（no_target_or_single_plan）。
托盘类型 MH423C（销售订单号：LFEG16300IN02S）处理完成：总托盘 1，指数达标 0，未达标 1，平均缺口 184.00，最大缺口 184.00，失败托盘互借修复成功 0。
  - KPI：near/mid/deep=0/0/1，救回率=0.00%，pair效率=0.00%。
  - 耗时拆解：packing=0.00s，main_topup=0.00s，retry=0.00s，failed_pool=0.00s，repack=0.00s，total=0.03s。
正在处理托盘类型：MH423C，销售订单号：PAIN26290BN01S
  - 主算法：全局列式装箱 + 柱级组合优化（GCP）。
  - 失败托盘互借诊断：未合并（no_target_or_single_plan）。
托盘类型 MH423C（销售订单号：PAIN26290BN01S）处理完成：总托盘 1，指数达标 0，未达标 1，平均缺口 115.00，最大缺口 115.00，失败托盘互借修复成功 0。
  - KPI：near/mid/deep=0/0/1，救回率=0.00%，pair效率=0.00%。
  - 耗时拆解：packing=1.30s，main_topup=0.00s，retry=0.00s，failed_pool=0.00s，repack=0.00s，total=1.30s。
正在处理托盘类型：MH423C，销售订单号：PAIN26290BN01S__SPLITREST__
  - 该分组不适合列式（多非满柱）→ 回退 beam + 配方优先。
  - 配方优先[fast]：规划 0 实例，实装成功 0，配方路径不可用 → 采用基线方案。
  - 指数诊断：箱子 9 个，总指数 9，目标 192，理论最多达标托盘 0 个，剩余指数 9。
  - 几何诊断：典型整层堆叠单盘参考上限 9/192。 当前目标可能受托盘高度/箱型组合限制。
  - 几何不可达标记：典型整层上限 9 < 目标 192，救援优先压缩托盘数和填充率。
  - 失败托盘互借诊断：未合并（no_target_or_single_plan）。
托盘类型 MH423C（销售订单号：PAIN26290BN01S__SPLITREST__）处理完成：总托盘 1，指数达标 0，未达标 1，平均缺口 183.00，最大缺口 183.00，失败托盘互借修复成功 0。
  - KPI：near/mid/deep=0/0/1，救回率=0.00%，pair效率=0.00%。
  - 耗时拆解：packing=0.04s，main_topup=0.00s，retry=0.00s，failed_pool=0.00s，repack=0.00s，total=0.04s。
正在处理托盘类型：MH423C，销售订单号：PAIN26290BC02S
  - 主算法：全局列式装箱 + 柱级组合优化（GCP）。
  - 失败托盘互借诊断：未合并（no_target_or_single_plan）。
托盘类型 MH423C（销售订单号：PAIN26290BC02S）处理完成：总托盘 1，指数达标 0，未达标 1，平均缺口 80.00，最大缺口 80.00，失败托盘互借修复成功 0。
  - KPI：near/mid/deep=0/0/1，救回率=0.00%，pair效率=0.00%。
  - 耗时拆解：packing=0.01s，main_topup=0.00s，retry=0.00s，failed_pool=0.00s，repack=0.00s，total=0.01s。
正在处理托盘类型：MH423C，销售订单号：PAIN26290BC02S__SPLITREST__
  - 该分组不适合列式（多非满柱）→ 回退 beam + 配方优先。
  - 配方优先[fast]：规划 0 实例，实装成功 0，配方路径不可用 → 采用基线方案。
  - 指数诊断：箱子 2 个，总指数 1，目标 192，理论最多达标托盘 0 个，剩余指数 1。
  - 几何诊断：典型整层堆叠单盘参考上限 1/192。 当前目标可能受托盘高度/箱型组合限制。
  - 几何不可达标记：典型整层上限 1 < 目标 192，救援优先压缩托盘数和填充率。
  - 失败托盘互借诊断：未合并（no_target_or_single_plan）。
托盘类型 MH423C（销售订单号：PAIN26290BC02S__SPLITREST__）处理完成：总托盘 1，指数达标 0，未达标 1，平均缺口 191.00，最大缺口 191.00，失败托盘互借修复成功 0。
  - KPI：near/mid/deep=0/0/1，救回率=0.00%，pair效率=0.00%。
  - 耗时拆解：packing=0.00s，main_topup=0.00s，retry=0.00s，failed_pool=0.00s，repack=0.00s，total=0.01s。
正在处理托盘类型：MH423C，销售订单号：PAIN26290GN01S
  - 该分组不适合列式（多非满柱）→ 回退 beam + 配方优先。
  - 配方优先[fast]：规划 0 实例，实装成功 0，配方路径不可用 → 采用基线方案。
  - 指数诊断：箱子 51 个，总指数 78.5，目标 192，理论最多达标托盘 0 个，剩余指数 78.5。
  - 几何诊断：典型整层堆叠单盘参考上限 58/192。 当前目标可能受托盘高度/箱型组合限制。
  - 几何不可达标记：典型整层上限 58 < 目标 192，救援优先压缩托盘数和填充率。
  - 失败托盘互借诊断：未合并（aborted_no_improvement_possible）。
托盘类型 MH423C（销售订单号：PAIN26290GN01S）处理完成：总托盘 2，指数达标 0，未达标 2，平均缺口 152.75，最大缺口 189.00，失败托盘互借修复成功 0。
  - KPI：near/mid/deep=0/0/2，救回率=0.00%，pair效率=0.00%。
  - 耗时拆解：packing=0.53s，main_topup=0.01s，retry=0.00s，failed_pool=0.00s，repack=0.96s，total=2.96s。
正在处理托盘类型：MH423C，销售订单号：PEG126290LN01S
  - 主算法：全局列式装箱 + 柱级组合优化（GCP）。
  - 失败托盘互借诊断：未合并（no_target_or_single_plan）。
托盘类型 MH423C（销售订单号：PEG126290LN01S）处理完成：总托盘 1，指数达标 0，未达标 1，平均缺口 128.00，最大缺口 128.00，失败托盘互借修复成功 0。
  - KPI：near/mid/deep=0/0/1，救回率=0.00%，pair效率=0.00%。
  - 耗时拆解：packing=0.48s，main_topup=0.00s，retry=0.00s，failed_pool=0.00s，repack=0.00s，total=0.49s。
正在处理托盘类型：MH423C，销售订单号：PAIN26280GN01S
  - 该分组不适合列式（多非满柱）→ 回退 beam + 配方优先。
  - 配方优先[fast]：规划 0 实例，实装成功 0，配方路径不可用 → 采用基线方案。
  - 指数诊断：箱子 1 个，总指数 4，目标 192，理论最多达标托盘 0 个，剩余指数 4。
  - 几何诊断：典型整层堆叠单盘参考上限 4/192。 当前目标可能受托盘高度/箱型组合限制。
  - 几何不可达标记：典型整层上限 4 < 目标 192，救援优先压缩托盘数和填充率。
  - 失败托盘互借诊断：未合并（no_target_or_single_plan）。
托盘类型 MH423C（销售订单号：PAIN26280GN01S）处理完成：总托盘 1，指数达标 0，未达标 1，平均缺口 188.00，最大缺口 188.00，失败托盘互借修复成功 0。
  - KPI：near/mid/deep=0/0/1，救回率=0.00%，pair效率=0.00%。
  - 耗时拆解：packing=0.00s，main_topup=0.00s，retry=0.00s，failed_pool=0.00s，repack=0.00s，total=0.00s。
正在处理托盘类型：MH423C，销售订单号：LAID16295EN02S
  - 主算法：全局列式装箱 + 柱级组合优化（GCP）。
  - 失败托盘互借诊断：未合并（aborted_no_improvement_possible）。
托盘类型 MH423C（销售订单号：LAID16295EN02S）处理完成：总托盘 2，指数达标 0，未达标 2，平均缺口 95.50，最大缺口 175.00，失败托盘互借修复成功 0。
  - KPI：near/mid/deep=0/1/1，救回率=0.00%，pair效率=0.00%。
  - 耗时拆解：packing=2.23s，main_topup=0.00s，retry=0.00s，failed_pool=0.00s，repack=4.75s，total=6.99s。
正在处理托盘类型：MH423C，销售订单号：LAID16295EN02S__SPLITREST__
  - 该分组不适合列式（多非满柱）→ 回退 beam + 配方优先。
  - 配方优先[fast]：规划 0 实例，实装成功 0，配方路径不可用 → 采用基线方案。
  - 指数诊断：箱子 2 个，总指数 14，目标 192，理论最多达标托盘 0 个，剩余指数 14。
  - 几何诊断：典型整层堆叠单盘参考上限 14/192。 当前目标可能受托盘高度/箱型组合限制。
  - 几何不可达标记：典型整层上限 14 < 目标 192，救援优先压缩托盘数和填充率。
  - 失败托盘互借诊断：未合并（no_target_or_single_plan）。
托盘类型 MH423C（销售订单号：LAID16295EN02S__SPLITREST__）处理完成：总托盘 1，指数达标 0，未达标 1，平均缺口 178.00，最大缺口 178.00，失败托盘互借修复成功 0。
  - KPI：near/mid/deep=0/0/1，救回率=0.00%，pair效率=0.00%。
  - 耗时拆解：packing=0.00s，main_topup=0.00s，retry=0.00s，failed_pool=0.00s，repack=0.00s，total=0.00s。
正在处理托盘类型：MH423C，销售订单号：PAIN26280MN07S
  - 主算法：全局列式装箱 + 柱级组合优化（GCP）。
  - 失败托盘互借诊断：未合并（no_target_or_single_plan）。
托盘类型 MH423C（销售订单号：PAIN26280MN07S）处理完成：总托盘 1，指数达标 0，未达标 1，平均缺口 108.00，最大缺口 108.00，失败托盘互借修复成功 0。
  - KPI：near/mid/deep=0/0/1，救回率=0.00%，pair效率=0.00%。
  - 耗时拆解：packing=0.00s，main_topup=0.00s，retry=0.00s，failed_pool=0.00s，repack=0.00s，total=0.00s。
正在处理托盘类型：MH423C，销售订单号：PEG086250LN01S
  - 该分组不适合列式（多非满柱）→ 回退 beam + 配方优先。
  - 配方优先[fast]：规划 0 实例，实装成功 0，配方路径不可用 → 采用基线方案。
  - 指数诊断：箱子 1 个，总指数 4，目标 192，理论最多达标托盘 0 个，剩余指数 4。
  - 几何诊断：典型整层堆叠单盘参考上限 4/192。 当前目标可能受托盘高度/箱型组合限制。
  - 几何不可达标记：典型整层上限 4 < 目标 192，救援优先压缩托盘数和填充率。
  - 失败托盘互借诊断：未合并（no_target_or_single_plan）。
托盘类型 MH423C（销售订单号：PEG086250LN01S）处理完成：总托盘 1，指数达标 0，未达标 1，平均缺口 188.00，最大缺口 188.00，失败托盘互借修复成功 0。
  - KPI：near/mid/deep=0/0/1，救回率=0.00%，pair效率=0.00%。
  - 耗时拆解：packing=0.00s，main_topup=0.00s，retry=0.00s，failed_pool=0.00s，repack=0.00s，total=0.00s。
正在处理托盘类型：MH423C，销售订单号：LFEG16290IN01S
  - 主算法：全局列式装箱 + 柱级组合优化（GCP）。
  - 失败托盘互借诊断：未合并（no_target_or_single_plan）。
托盘类型 MH423C（销售订单号：LFEG16290IN01S）处理完成：总托盘 1，指数达标 0，未达标 1，平均缺口 67.00，最大缺口 67.00，失败托盘互借修复成功 0。
  - KPI：near/mid/deep=0/0/1，救回率=0.00%，pair效率=0.00%。
  - 耗时拆解：packing=0.01s，main_topup=0.00s，retry=0.00s，failed_pool=0.00s，repack=0.00s，total=0.01s。
正在处理托盘类型：MH423C，销售订单号：LFEG16290IN01S__SPLITREST__
  - 该分组不适合列式（多非满柱）→ 回退 beam + 配方优先。
  - 配方优先[fast]：规划 0 实例，实装成功 0，配方路径不可用 → 采用基线方案。
  - 指数诊断：箱子 3 个，总指数 8.5，目标 192，理论最多达标托盘 0 个，剩余指数 8.5。
  - 几何诊断：典型整层堆叠单盘参考上限 8.5/192。 当前目标可能受托盘高度/箱型组合限制。
  - 几何不可达标记：典型整层上限 8.5 < 目标 192，救援优先压缩托盘数和填充率。
  - 失败托盘互借诊断：未合并（no_target_or_single_plan）。
托盘类型 MH423C（销售订单号：LFEG16290IN01S__SPLITREST__）处理完成：总托盘 1，指数达标 0，未达标 1，平均缺口 183.50，最大缺口 183.50，失败托盘互借修复成功 0。
  - KPI：near/mid/deep=0/0/1，救回率=0.00%，pair效率=0.00%。
  - 耗时拆解：packing=0.00s，main_topup=0.00s，retry=0.00s，failed_pool=0.00s，repack=0.00s，total=0.01s。
正在处理托盘类型：MH423C，销售订单号：LAID16295EN01S
  - 主算法：全局列式装箱 + 柱级组合优化（GCP）。
  - GCP 盘数远超理论（CP-SAT 装不满）→ 回退 baseline beam + 配方优先。
  - 托盘 MH423C-LAID16295EN01S-2 未找到可行装箱方案，启用剩余箱子守恒兜底。
  - 配方优先[fast]：规划 0 实例，实装成功 0，配方路径不可用 → 采用基线方案。
  - 指数诊断：箱子 71 个，总指数 170.5，目标 192，理论最多达标托盘 0 个，剩余指数 170.5。
  - 几何诊断：典型整层堆叠单盘参考上限 125/192。 当前目标可能受托盘高度/箱型组合限制。
  - 几何不可达标记：典型整层上限 125 < 目标 192，救援优先压缩托盘数和填充率。
  - 失败盘装满压实：合并/吸收 1 次（纯减盘数）。
  - 失败托盘互借诊断：未合并（aborted_no_improvement_possible）。
托盘类型 MH423C（销售订单号：LAID16295EN01S）处理完成：总托盘 3，指数达标 0，未达标 3，平均缺口 135.17，最大缺口 189.50，失败托盘互借修复成功 0。
  - KPI：near/mid/deep=0/0/3，救回率=0.00%，pair效率=0.00%。
  - 耗时拆解：packing=1.36s，main_topup=0.02s，retry=0.00s，failed_pool=0.00s，repack=3.93s，total=10.52s。
正在处理托盘类型：MH423C，销售订单号：PAID16295EN06S
  - 主算法：全局列式装箱 + 柱级组合优化（GCP）。
  - GCP 盘数远超理论（CP-SAT 装不满）→ 回退 baseline beam + 配方优先。
  - 配方优先[fast]：规划 0 实例，实装成功 0，配方路径不可用 → 采用基线方案。
  - 指数诊断：箱子 66 个，总指数 189，目标 192，理论最多达标托盘 0 个，剩余指数 189。
  - 几何诊断：典型整层堆叠单盘参考上限 97/192。 当前目标可能受托盘高度/箱型组合限制。
  - 几何不可达标记：典型整层上限 97 < 目标 192，救援优先压缩托盘数和填充率。
  - 失败托盘互借诊断：未合并（less_than_2_consolidatable）。
托盘类型 MH423C（销售订单号：PAID16295EN06S）处理完成：总托盘 1，指数达标 0，未达标 1，平均缺口 3.00，最大缺口 3.00，失败托盘互借修复成功 0。
  - KPI：near/mid/deep=1/0/0，救回率=0.00%，pair效率=0.00%。
  - 耗时拆解：packing=0.97s，main_topup=0.00s，retry=0.00s，failed_pool=0.00s，repack=0.01s，total=3.94s。
正在处理托盘类型：MH423C，销售订单号：PAID16295EN06S__SPLITREST__
  - 该分组不适合列式（多非满柱）→ 回退 beam + 配方优先。
  - 配方优先[fast]：规划 0 实例，实装成功 0，配方路径不可用 → 采用基线方案。
  - 指数诊断：箱子 6 个，总指数 14.5，目标 192，理论最多达标托盘 0 个，剩余指数 14.5。
  - 几何诊断：典型整层堆叠单盘参考上限 14.5/192。 当前目标可能受托盘高度/箱型组合限制。
  - 几何不可达标记：典型整层上限 14.5 < 目标 192，救援优先压缩托盘数和填充率。
  - 失败托盘互借诊断：未合并（no_target_or_single_plan）。
托盘类型 MH423C（销售订单号：PAID16295EN06S__SPLITREST__）处理完成：总托盘 1，指数达标 0，未达标 1，平均缺口 177.50，最大缺口 177.50，失败托盘互借修复成功 0。
  - KPI：near/mid/deep=0/0/1，救回率=0.00%，pair效率=0.00%。
  - 耗时拆解：packing=0.02s，main_topup=0.00s，retry=0.00s，failed_pool=0.00s，repack=0.00s，total=0.02s。
正在处理托盘类型：MH423C，销售订单号：LAID16295BN01S
  - 主算法：全局列式装箱 + 柱级组合优化（GCP）。
  - 失败托盘互借诊断：未合并（no_target_or_single_plan）。
托盘类型 MH423C（销售订单号：LAID16295BN01S）处理完成：总托盘 1，指数达标 0，未达标 1，平均缺口 127.00，最大缺口 127.00，失败托盘互借修复成功 0。
  - KPI：near/mid/deep=0/0/1，救回率=0.00%，pair效率=0.00%。
  - 耗时拆解：packing=0.11s，main_topup=0.00s，retry=0.00s，failed_pool=0.00s，repack=0.00s，total=0.11s。
正在处理托盘类型：MH423C，销售订单号：LFEG16310IN02S
  - 该分组不适合列式（多非满柱）→ 回退 beam + 配方优先。
  - 配方优先[fast]：规划 0 实例，实装成功 0，配方路径不可用 → 采用基线方案。
  - 指数诊断：箱子 1 个，总指数 1，目标 192，理论最多达标托盘 0 个，剩余指数 1。
  - 几何诊断：典型整层堆叠单盘参考上限 1/192。 当前目标可能受托盘高度/箱型组合限制。
  - 几何不可达标记：典型整层上限 1 < 目标 192，救援优先压缩托盘数和填充率。
  - 失败托盘互借诊断：未合并（no_target_or_single_plan）。
托盘类型 MH423C（销售订单号：LFEG16310IN02S）处理完成：总托盘 1，指数达标 0，未达标 1，平均缺口 191.00，最大缺口 191.00，失败托盘互借修复成功 0。
  - KPI：near/mid/deep=0/0/1，救回率=0.00%，pair效率=0.00%。
  - 耗时拆解：packing=0.00s，main_topup=0.00s，retry=0.00s，failed_pool=0.00s，repack=0.00s，total=0.00s。
正在处理托盘类型：MH423C，销售订单号：LFEG16310IN01S
  - 该分组不适合列式（多非满柱）→ 回退 beam + 配方优先。
  - 配方优先[fast]：规划 0 实例，实装成功 0，配方路径不可用 → 采用基线方案。
  - 指数诊断：箱子 1 个，总指数 1，目标 192，理论最多达标托盘 0 个，剩余指数 1。
  - 几何诊断：典型整层堆叠单盘参考上限 1/192。 当前目标可能受托盘高度/箱型组合限制。
  - 几何不可达标记：典型整层上限 1 < 目标 192，救援优先压缩托盘数和填充率。
  - 失败托盘互借诊断：未合并（no_target_or_single_plan）。
托盘类型 MH423C（销售订单号：LFEG16310IN01S）处理完成：总托盘 1，指数达标 0，未达标 1，平均缺口 191.00，最大缺口 191.00，失败托盘互借修复成功 0。
  - KPI：near/mid/deep=0/0/1，救回率=0.00%，pair效率=0.00%。
  - 耗时拆解：packing=0.00s，main_topup=0.00s，retry=0.00s，failed_pool=0.00s，repack=0.00s，total=0.00s。
正在处理托盘类型：MH423C，销售订单号：PEG086300LN01S
  - 主算法：全局列式装箱 + 柱级组合优化（GCP）。
  - 失败托盘互借诊断：未合并（no_target_or_single_plan）。
托盘类型 MH423C（销售订单号：PEG086300LN01S）处理完成：总托盘 1，指数达标 0，未达标 1，平均缺口 76.00，最大缺口 76.00，失败托盘互借修复成功 0。
  - KPI：near/mid/deep=0/0/1，救回率=0.00%，pair效率=0.00%。
  - 耗时拆解：packing=0.01s，main_topup=0.00s，retry=0.00s，failed_pool=0.00s，repack=0.00s，total=0.01s。
正在处理托盘类型：MH423C，销售订单号：PAID162808N01S
  - 该分组不适合列式（多非满柱）→ 回退 beam + 配方优先。
  - 配方优先[fast]：规划 0 实例，实装成功 0，配方路径不可用 → 采用基线方案。
  - 指数诊断：箱子 12 个，总指数 20.5，目标 192，理论最多达标托盘 0 个，剩余指数 20.5。
  - 几何诊断：典型整层堆叠单盘参考上限 20.5/192。 当前目标可能受托盘高度/箱型组合限制。
  - 几何不可达标记：典型整层上限 20.5 < 目标 192，救援优先压缩托盘数和填充率。
  - 失败托盘互借诊断：未合并（no_target_or_single_plan）。
托盘类型 MH423C（销售订单号：PAID162808N01S）处理完成：总托盘 1，指数达标 0，未达标 1，平均缺口 171.50，最大缺口 171.50，失败托盘互借修复成功 0。
  - KPI：near/mid/deep=0/0/1，救回率=0.00%，pair效率=0.00%。
  - 耗时拆解：packing=0.03s，main_topup=0.00s，retry=0.00s，failed_pool=0.00s，repack=0.01s，total=0.11s。
正在处理托盘类型：MH423C，销售订单号：PAID16290FN01S
  - 主算法：全局列式装箱 + 柱级组合优化（GCP）。
  - GCP 盘数远超理论（CP-SAT 装不满）→ 回退 baseline beam + 配方优先。
  - 配方优先[fast]：规划 0 实例，实装成功 0，配方路径不可用 → 采用基线方案。
  - 指数诊断：箱子 7 个，总指数 19，目标 192，理论最多达标托盘 0 个，剩余指数 19。
  - 几何诊断：典型整层堆叠单盘参考上限 18/192。 当前目标可能受托盘高度/箱型组合限制。
  - 几何不可达标记：典型整层上限 18 < 目标 192，救援优先压缩托盘数和填充率。
  - 失败托盘互借诊断：未合并（no_target_or_single_plan）。
托盘类型 MH423C（销售订单号：PAID16290FN01S）处理完成：总托盘 1，指数达标 0，未达标 1，平均缺口 173.00，最大缺口 173.00，失败托盘互借修复成功 0。
  - KPI：near/mid/deep=0/0/1，救回率=0.00%，pair效率=0.00%。
  - 耗时拆解：packing=0.02s，main_topup=0.00s，retry=0.00s，failed_pool=0.00s，repack=0.00s，total=0.06s。
正在处理托盘类型：MH423C，销售订单号：PAID16290FN01S__SPLITREST__
  - 该分组不适合列式（多非满柱）→ 回退 beam + 配方优先。
  - 配方优先[fast]：规划 0 实例，实装成功 0，配方路径不可用 → 采用基线方案。
  - 指数诊断：箱子 1 个，总指数 0.5，目标 192，理论最多达标托盘 0 个，剩余指数 0.5。
  - 几何诊断：典型整层堆叠单盘参考上限 0.5/192。 当前目标可能受托盘高度/箱型组合限制。
  - 几何不可达标记：典型整层上限 0.5 < 目标 192，救援优先压缩托盘数和填充率。
  - 失败托盘互借诊断：未合并（no_target_or_single_plan）。
托盘类型 MH423C（销售订单号：PAID16290FN01S__SPLITREST__）处理完成：总托盘 1，指数达标 0，未达标 1，平均缺口 191.50，最大缺口 191.50，失败托盘互借修复成功 0。
  - KPI：near/mid/deep=0/0/1，救回率=0.00%，pair效率=0.00%。
  - 耗时拆解：packing=0.00s，main_topup=0.00s，retry=0.00s，failed_pool=0.00s，repack=0.00s，total=0.00s。
正在处理托盘类型：MH423C，销售订单号：LAID16296DN03S__CASEGROUP__1
  - 主算法：全局列式装箱 + 柱级组合优化（GCP）。
  - 失败托盘互借诊断：未合并（no_target_or_single_plan）。
托盘类型 MH423C（销售订单号：LAID16296DN03S__CASEGROUP__1）处理完成：总托盘 1，指数达标 0，未达标 1，平均缺口 90.00，最大缺口 90.00，失败托盘互借修复成功 0。
  - KPI：near/mid/deep=0/0/1，救回率=0.00%，pair效率=0.00%。
  - 耗时拆解：packing=0.00s，main_topup=0.00s，retry=0.00s，failed_pool=0.00s，repack=0.00s，total=0.00s。
正在处理托盘类型：MH423C，销售订单号：LAID16296DN03S__CASEGROUP__1__SPLITREST__
  - 该分组不适合列式（多非满柱）→ 回退 beam + 配方优先。
  - 配方优先[fast]：规划 0 实例，实装成功 0，配方路径不可用 → 采用基线方案。
  - 指数诊断：箱子 4 个，总指数 2，目标 192，理论最多达标托盘 0 个，剩余指数 2。
  - 几何诊断：典型整层堆叠单盘参考上限 2/192。 当前目标可能受托盘高度/箱型组合限制。
  - 几何不可达标记：典型整层上限 2 < 目标 192，救援优先压缩托盘数和填充率。
  - 失败托盘互借诊断：未合并（no_target_or_single_plan）。
托盘类型 MH423C（销售订单号：LAID16296DN03S__CASEGROUP__1__SPLITREST__）处理完成：总托盘 1，指数达标 0，未达标 1，平均缺口 190.00，最大缺口 190.00，失败托盘互借修复成功 0。
  - KPI：near/mid/deep=0/0/1，救回率=0.00%，pair效率=0.00%。
  - 耗时拆解：packing=0.00s，main_topup=0.00s，retry=0.00s，failed_pool=0.00s，repack=0.00s，total=0.03s。
正在处理托盘类型：MH423C，销售订单号：PAID162808C02S
  - 主算法：全局列式装箱 + 柱级组合优化（GCP）。
  - GCP 盘数远超理论（CP-SAT 装不满）→ 回退 baseline beam + 配方优先。
  - 配方优先[fast]：规划 0 实例，实装成功 0，配方路径不可用 → 采用基线方案。
  - 指数诊断：箱子 6 个，总指数 12，目标 192，理论最多达标托盘 0 个，剩余指数 12。
  - 几何诊断：典型整层堆叠单盘参考上限 12/192。 当前目标可能受托盘高度/箱型组合限制。
  - 几何不可达标记：典型整层上限 12 < 目标 192，救援优先压缩托盘数和填充率。
  - 失败托盘互借诊断：未合并（no_target_or_single_plan）。
托盘类型 MH423C（销售订单号：PAID162808C02S）处理完成：总托盘 1，指数达标 0，未达标 1，平均缺口 180.00，最大缺口 180.00，失败托盘互借修复成功 0。
  - KPI：near/mid/deep=0/0/1，救回率=0.00%，pair效率=0.00%。
  - 耗时拆解：packing=0.01s，main_topup=0.00s，retry=0.00s，failed_pool=0.00s，repack=0.00s，total=0.06s。
正在处理托盘类型：MH423C，销售订单号：LFEG16300IN01S
  - 该分组不适合列式（多非满柱）→ 回退 beam + 配方优先。
  - 配方优先[fast]：规划 0 实例，实装成功 0，配方路径不可用 → 采用基线方案。
  - 指数诊断：箱子 3 个，总指数 10，目标 192，理论最多达标托盘 0 个，剩余指数 10。
  - 几何诊断：典型整层堆叠单盘参考上限 10/192。 当前目标可能受托盘高度/箱型组合限制。
  - 几何不可达标记：典型整层上限 10 < 目标 192，救援优先压缩托盘数和填充率。
  - 失败托盘互借诊断：未合并（no_target_or_single_plan）。
托盘类型 MH423C（销售订单号：LFEG16300IN01S）处理完成：总托盘 1，指数达标 0，未达标 1，平均缺口 182.00，最大缺口 182.00，失败托盘互借修复成功 0。
  - KPI：near/mid/deep=0/0/1，救回率=0.00%，pair效率=0.00%。
  - 耗时拆解：packing=0.00s，main_topup=0.00s，retry=0.00s，failed_pool=0.00s，repack=0.00s，total=0.01s。
正在处理托盘类型：MH423C，销售订单号：LAMY16315FN01S
  - 主算法：全局列式装箱 + 柱级组合优化（GCP）。
  - 失败托盘互借诊断：未合并（no_target_or_single_plan）。
托盘类型 MH423C（销售订单号：LAMY16315FN01S）处理完成：总托盘 1，指数达标 0，未达标 1，平均缺口 120.00，最大缺口 120.00，失败托盘互借修复成功 0。
  - KPI：near/mid/deep=0/0/1，救回率=0.00%，pair效率=0.00%。
  - 耗时拆解：packing=0.00s，main_topup=0.00s，retry=0.00s，failed_pool=0.00s，repack=0.00s，total=0.00s。
正在处理托盘类型：MH423C，销售订单号：LAMY16315FN01S__SPLITREST__
  - 该分组不适合列式（多非满柱）→ 回退 beam + 配方优先。
  - 配方优先[fast]：规划 0 实例，实装成功 0，配方路径不可用 → 采用基线方案。
  - 指数诊断：箱子 2 个，总指数 4，目标 192，理论最多达标托盘 0 个，剩余指数 4。
  - 几何诊断：典型整层堆叠单盘参考上限 4/192。 当前目标可能受托盘高度/箱型组合限制。
  - 几何不可达标记：典型整层上限 4 < 目标 192，救援优先压缩托盘数和填充率。
  - 失败托盘互借诊断：未合并（no_target_or_single_plan）。
托盘类型 MH423C（销售订单号：LAMY16315FN01S__SPLITREST__）处理完成：总托盘 1，指数达标 0，未达标 1，平均缺口 188.00，最大缺口 188.00，失败托盘互借修复成功 0。
  - KPI：near/mid/deep=0/0/1，救回率=0.00%，pair效率=0.00%。
  - 耗时拆解：packing=0.00s，main_topup=0.00s，retry=0.00s，failed_pool=0.00s，repack=0.00s，total=0.01s。
正在处理托盘类型：MH423C，销售订单号：LAID16305BN02S
  - 主算法：全局列式装箱 + 柱级组合优化（GCP）。
  - 失败托盘互借诊断：未合并（no_target_or_single_plan）。
托盘类型 MH423C（销售订单号：LAID16305BN02S）处理完成：总托盘 1，指数达标 0，未达标 1，平均缺口 88.00，最大缺口 88.00，失败托盘互借修复成功 0。
  - KPI：near/mid/deep=0/0/1，救回率=0.00%，pair效率=0.00%。
  - 耗时拆解：packing=0.56s，main_topup=0.00s，retry=0.00s，failed_pool=0.00s，repack=0.00s，total=0.56s。
正在处理托盘类型：MH423C，销售订单号：LFEG16300IN03S
  - 该分组不适合列式（多非满柱）→ 回退 beam + 配方优先。
  - 配方优先[fast]：规划 0 实例，实装成功 0，配方路径不可用 → 采用基线方案。
  - 指数诊断：箱子 1 个，总指数 2，目标 192，理论最多达标托盘 0 个，剩余指数 2。
  - 几何诊断：典型整层堆叠单盘参考上限 2/192。 当前目标可能受托盘高度/箱型组合限制。
  - 几何不可达标记：典型整层上限 2 < 目标 192，救援优先压缩托盘数和填充率。
  - 失败托盘互借诊断：未合并（no_target_or_single_plan）。
托盘类型 MH423C（销售订单号：LFEG16300IN03S）处理完成：总托盘 1，指数达标 0，未达标 1，平均缺口 190.00，最大缺口 190.00，失败托盘互借修复成功 0。
  - KPI：near/mid/deep=0/0/1，救回率=0.00%，pair效率=0.00%。
  - 耗时拆解：packing=0.00s，main_topup=0.00s，retry=0.00s，failed_pool=0.00s，repack=0.00s，total=0.00s。
正在处理托盘类型：MH423C，销售订单号：LAID16305BN01S
  - 主算法：全局列式装箱 + 柱级组合优化（GCP）。
  - 失败托盘互借诊断：未合并（no_target_or_single_plan）。
托盘类型 MH423C（销售订单号：LAID16305BN01S）处理完成：总托盘 1，指数达标 0，未达标 1，平均缺口 164.00，最大缺口 164.00，失败托盘互借修复成功 0。
  - KPI：near/mid/deep=0/0/1，救回率=0.00%，pair效率=0.00%。
  - 耗时拆解：packing=0.06s，main_topup=0.00s，retry=0.00s，failed_pool=0.00s，repack=0.00s，total=0.06s。
正在处理托盘类型：MH423C，销售订单号：LAID16305BN01S__SPLITREST__
  - 该分组不适合列式（多非满柱）→ 回退 beam + 配方优先。
  - 配方优先[fast]：规划 0 实例，实装成功 0，配方路径不可用 → 采用基线方案。
  - 指数诊断：箱子 3 个，总指数 6，目标 192，理论最多达标托盘 0 个，剩余指数 6。
  - 几何诊断：典型整层堆叠单盘参考上限 6/192。 当前目标可能受托盘高度/箱型组合限制。
  - 几何不可达标记：典型整层上限 6 < 目标 192，救援优先压缩托盘数和填充率。
  - 失败托盘互借诊断：未合并（no_target_or_single_plan）。
托盘类型 MH423C（销售订单号：LAID16305BN01S__SPLITREST__）处理完成：总托盘 1，指数达标 0，未达标 1，平均缺口 186.00，最大缺口 186.00，失败托盘互借修复成功 0。
  - KPI：near/mid/deep=0/0/1，救回率=0.00%，pair效率=0.00%。
  - 耗时拆解：packing=0.00s，main_topup=0.01s，retry=0.00s，failed_pool=0.00s，repack=0.00s，total=0.01s。
正在处理托盘类型：MH423C，销售订单号：LAID16305EN01S
  - 该分组不适合列式（多非满柱）→ 回退 beam + 配方优先。
  - 配方优先[fast]：规划 0 实例，实装成功 0，配方路径不可用 → 采用基线方案。
  - 指数诊断：箱子 29 个，总指数 132.5，目标 192，理论最多达标托盘 0 个，剩余指数 132.5。
  - 几何诊断：典型整层堆叠单盘参考上限 78/192。 当前目标可能受托盘高度/箱型组合限制。
  - 几何不可达标记：典型整层上限 78 < 目标 192，救援优先压缩托盘数和填充率。
  - 失败托盘互借诊断：未合并（aborted_no_improvement_possible）。
托盘类型 MH423C（销售订单号：LAID16305EN01S）处理完成：总托盘 2，指数达标 0，未达标 2，平均缺口 125.75，最大缺口 183.50，失败托盘互借修复成功 0。
  - KPI：near/mid/deep=0/0/2，救回率=0.00%，pair效率=0.00%。
  - 耗时拆解：packing=0.14s，main_topup=0.00s，retry=0.00s，failed_pool=0.00s，repack=0.27s，total=0.73s。
正在处理托盘类型：MH423C，销售订单号：PAIN26290GC02S
  - 主算法：全局列式装箱 + 柱级组合优化（GCP）。
  - GCP 盘数远超理论（CP-SAT 装不满）→ 回退 baseline beam + 配方优先。
  - 配方优先[fast]：规划 0 实例，实装成功 0，配方路径不可用 → 采用基线方案。
  - 指数诊断：箱子 41 个，总指数 178，目标 192，理论最多达标托盘 0 个，剩余指数 178。
  - 几何诊断：典型整层堆叠单盘参考上限 136/192。 当前目标可能受托盘高度/箱型组合限制。
  - 几何不可达标记：典型整层上限 136 < 目标 192，救援优先压缩托盘数和填充率。
  - 失败托盘互借诊断：未合并（not_better）。
托盘类型 MH423C（销售订单号：PAIN26290GC02S）处理完成：总托盘 2，指数达标 0，未达标 2，平均缺口 103.00，最大缺口 122.00，失败托盘互借修复成功 0。
  - KPI：near/mid/deep=0/0/2，救回率=0.00%，pair效率=0.00%。
  - 耗时拆解：packing=0.05s，main_topup=0.00s，retry=0.00s，failed_pool=0.00s，repack=0.29s，total=0.62s。
正在处理托盘类型：MH423C，销售订单号：PAID16280FC02S
  - 主算法：全局列式装箱 + 柱级组合优化（GCP）。
  - GCP 盘数远超理论（CP-SAT 装不满）→ 回退 baseline beam + 配方优先。
  - 配方优先[fast]：规划 0 实例，实装成功 0，配方路径不可用 → 采用基线方案。
  - 指数诊断：箱子 4 个，总指数 16，目标 192，理论最多达标托盘 0 个，剩余指数 16。
  - 几何诊断：典型整层堆叠单盘参考上限 16/192。 当前目标可能受托盘高度/箱型组合限制。
  - 几何不可达标记：典型整层上限 16 < 目标 192，救援优先压缩托盘数和填充率。
  - 失败托盘互借诊断：未合并（no_target_or_single_plan）。
托盘类型 MH423C（销售订单号：PAID16280FC02S）处理完成：总托盘 1，指数达标 0，未达标 1，平均缺口 176.00，最大缺口 176.00，失败托盘互借修复成功 0。
  - KPI：near/mid/deep=0/0/1，救回率=0.00%，pair效率=0.00%。
  - 耗时拆解：packing=0.00s，main_topup=0.00s，retry=0.00s，failed_pool=0.00s，repack=0.00s，total=0.03s。
正在处理托盘类型：MH423C，销售订单号：PAIN26296EC02S
  - 主算法：全局列式装箱 + 柱级组合优化（GCP）。
  - 失败托盘互借诊断：未合并（aborted_no_improvement_possible）。
托盘类型 MH423C（销售订单号：PAIN26296EC02S）处理完成：总托盘 2，指数达标 0，未达标 2，平均缺口 84.00，最大缺口 162.00，失败托盘互借修复成功 0。
  - KPI：near/mid/deep=1/0/1，救回率=0.00%，pair效率=0.00%。
  - 耗时拆解：packing=0.06s，main_topup=0.00s，retry=0.00s，failed_pool=0.00s，repack=5.71s，total=5.77s。
正在处理托盘类型：MH423C，销售订单号：PAID16290FC02S
  - 该分组不适合列式（多非满柱）→ 回退 beam + 配方优先。
  - 配方优先[fast]：规划 0 实例，实装成功 0，配方路径不可用 → 采用基线方案。
  - 指数诊断：箱子 6 个，总指数 14，目标 192，理论最多达标托盘 0 个，剩余指数 14。
  - 几何诊断：典型整层堆叠单盘参考上限 14/192。 当前目标可能受托盘高度/箱型组合限制。
  - 几何不可达标记：典型整层上限 14 < 目标 192，救援优先压缩托盘数和填充率。
  - 失败托盘互借诊断：未合并（no_target_or_single_plan）。
托盘类型 MH423C（销售订单号：PAID16290FC02S）处理完成：总托盘 1，指数达标 0，未达标 1，平均缺口 178.00，最大缺口 178.00，失败托盘互借修复成功 0。
  - KPI：near/mid/deep=0/0/1，救回率=0.00%，pair效率=0.00%。
  - 耗时拆解：packing=0.01s，main_topup=0.00s，retry=0.00s，failed_pool=0.00s，repack=0.00s，total=0.06s。
正在处理托盘类型：MH423C，销售订单号：LAID16295EN01S__CASEGROUP__1
  - 主算法：全局列式装箱 + 柱级组合优化（GCP）。
  - 失败托盘互借诊断：未合并（no_target_or_single_plan）。
托盘类型 MH423C（销售订单号：LAID16295EN01S__CASEGROUP__1）处理完成：总托盘 1，指数达标 0，未达标 1，平均缺口 52.00，最大缺口 52.00，失败托盘互借修复成功 0。
  - KPI：near/mid/deep=0/0/1，救回率=0.00%，pair效率=0.00%。
  - 耗时拆解：packing=2.12s，main_topup=0.00s，retry=0.00s，failed_pool=0.00s，repack=0.00s，total=2.12s。
正在处理托盘类型：MH423C，销售订单号：LAID16295EN01S__CASEGROUP__1__SPLITREST__
  - 该分组不适合列式（多非满柱）→ 回退 beam + 配方优先。
  - 配方优先[fast]：规划 0 实例，实装成功 0，配方路径不可用 → 采用基线方案。
  - 指数诊断：箱子 5 个，总指数 16，目标 192，理论最多达标托盘 0 个，剩余指数 16。
  - 几何诊断：典型整层堆叠单盘参考上限 16/192。 当前目标可能受托盘高度/箱型组合限制。
  - 几何不可达标记：典型整层上限 16 < 目标 192，救援优先压缩托盘数和填充率。
  - 失败托盘互借诊断：未合并（no_target_or_single_plan）。
托盘类型 MH423C（销售订单号：LAID16295EN01S__CASEGROUP__1__SPLITREST__）处理完成：总托盘 1，指数达标 0，未达标 1，平均缺口 176.00，最大缺口 176.00，失败托盘互借修复成功 0。
  - KPI：near/mid/deep=0/0/1，救回率=0.00%，pair效率=0.00%。
  - 耗时拆解：packing=0.01s，main_topup=0.00s，retry=0.00s，failed_pool=0.00s，repack=0.00s，total=0.01s。
正在处理托盘类型：MH423C，销售订单号：PEG146296CN01S
  - 主算法：全局列式装箱 + 柱级组合优化（GCP）。
  - 失败托盘互借诊断：未合并（no_target_or_single_plan）。
托盘类型 MH423C（销售订单号：PEG146296CN01S）处理完成：总托盘 1，指数达标 0，未达标 1，平均缺口 68.00，最大缺口 68.00，失败托盘互借修复成功 0。
  - KPI：near/mid/deep=0/0/1，救回率=0.00%，pair效率=0.00%。
  - 耗时拆解：packing=0.00s，main_topup=0.00s，retry=0.00s，failed_pool=0.00s，repack=0.00s，total=0.00s。
正在处理托盘类型：MH423C，销售订单号：LAID16284AN02S
  - 主算法：全局列式装箱 + 柱级组合优化（GCP）。
  - GCP 盘数远超理论（CP-SAT 装不满）→ 回退 baseline beam + 配方优先。
  - 配方优先[fast]：规划 0 实例，实装成功 0，配方路径不可用 → 采用基线方案。
  - 指数诊断：箱子 7 个，总指数 22，目标 192，理论最多达标托盘 0 个，剩余指数 22。
  - 几何诊断：典型整层堆叠单盘参考上限 22/192。 当前目标可能受托盘高度/箱型组合限制。
  - 几何不可达标记：典型整层上限 22 < 目标 192，救援优先压缩托盘数和填充率。
  - 失败托盘互借诊断：未合并（no_target_or_single_plan）。
托盘类型 MH423C（销售订单号：LAID16284AN02S）处理完成：总托盘 1，指数达标 0，未达标 1，平均缺口 170.00，最大缺口 170.00，失败托盘互借修复成功 0。
  - KPI：near/mid/deep=0/0/1，救回率=0.00%，pair效率=0.00%。
  - 耗时拆解：packing=0.02s，main_topup=0.00s，retry=0.00s，failed_pool=0.00s，repack=0.00s，total=0.06s。
正在处理托盘类型：MH423C，销售订单号：PAIN26290MN09S
  - 主算法：全局列式装箱 + 柱级组合优化（GCP）。
  - 失败托盘互借诊断：未合并（no_target_or_single_plan）。
托盘类型 MH423C（销售订单号：PAIN26290MN09S）处理完成：总托盘 1，指数达标 0，未达标 1，平均缺口 84.00，最大缺口 84.00，失败托盘互借修复成功 0。
  - KPI：near/mid/deep=0/0/1，救回率=0.00%，pair效率=0.00%。
  - 耗时拆解：packing=0.04s，main_topup=0.00s，retry=0.00s，failed_pool=0.00s，repack=0.00s，total=0.04s。
正在处理托盘类型：MH423C，销售订单号：LAID16294AN01S
  - 该分组不适合列式（多非满柱）→ 回退 beam + 配方优先。
  - 配方优先[fast]：规划 0 实例，实装成功 0，配方路径不可用 → 采用基线方案。
  - 指数诊断：箱子 9 个，总指数 23，目标 192，理论最多达标托盘 0 个，剩余指数 23。
  - 几何诊断：典型整层堆叠单盘参考上限 20/192。 当前目标可能受托盘高度/箱型组合限制。
  - 几何不可达标记：典型整层上限 20 < 目标 192，救援优先压缩托盘数和填充率。
  - 失败托盘互借诊断：未合并（no_target_or_single_plan）。
托盘类型 MH423C（销售订单号：LAID16294AN01S）处理完成：总托盘 1，指数达标 0，未达标 1，平均缺口 169.00，最大缺口 169.00，失败托盘互借修复成功 0。
  - KPI：near/mid/deep=0/0/1，救回率=0.00%，pair效率=0.00%。
  - 耗时拆解：packing=0.04s，main_topup=0.00s，retry=0.00s，failed_pool=0.00s，repack=0.00s，total=0.04s。
正在处理托盘类型：MH423C，销售订单号：LAMY16305FN01S
  - 主算法：全局列式装箱 + 柱级组合优化（GCP）。
  - 失败托盘互借诊断：未合并（no_target_or_single_plan）。
托盘类型 MH423C（销售订单号：LAMY16305FN01S）处理完成：总托盘 1，指数达标 0，未达标 1，平均缺口 170.00，最大缺口 170.00，失败托盘互借修复成功 0。
  - KPI：near/mid/deep=0/0/1，救回率=0.00%，pair效率=0.00%。
  - 耗时拆解：packing=0.01s，main_topup=0.00s，retry=0.00s，failed_pool=0.00s，repack=0.00s，total=0.01s。
正在处理托盘类型：MH423C，销售订单号：PAID16295BN01S
  - 主算法：全局列式装箱 + 柱级组合优化（GCP）。
  - 失败托盘互借诊断：未合并（no_target_or_single_plan）。
托盘类型 MH423C（销售订单号：PAID16295BN01S）处理完成：总托盘 1，指数达标 0，未达标 1，平均缺口 120.00，最大缺口 120.00，失败托盘互借修复成功 0。
  - KPI：near/mid/deep=0/0/1，救回率=0.00%，pair效率=0.00%。
  - 耗时拆解：packing=0.38s，main_topup=0.00s，retry=0.00s，failed_pool=0.00s，repack=0.00s，total=0.38s。
正在处理托盘类型：MH423C，销售订单号：PAID16296DN01S
  - 主算法：全局列式装箱 + 柱级组合优化（GCP）。
  - GCP 盘数远超理论（CP-SAT 装不满）→ 回退 baseline beam + 配方优先。
  - 配方优先[fast]：规划 0 实例，实装成功 0，配方路径不可用 → 采用基线方案。
  - 指数诊断：箱子 10 个，总指数 20，目标 192，理论最多达标托盘 0 个，剩余指数 20。
  - 几何诊断：典型整层堆叠单盘参考上限 20/192。 当前目标可能受托盘高度/箱型组合限制。
  - 几何不可达标记：典型整层上限 20 < 目标 192，救援优先压缩托盘数和填充率。
  - 失败托盘互借诊断：未合并（no_target_or_single_plan）。
托盘类型 MH423C（销售订单号：PAID16296DN01S）处理完成：总托盘 1，指数达标 0，未达标 1，平均缺口 172.00，最大缺口 172.00，失败托盘互借修复成功 0。
  - KPI：near/mid/deep=0/0/1，救回率=0.00%，pair效率=0.00%。
  - 耗时拆解：packing=0.02s，main_topup=0.00s，retry=0.00s，failed_pool=0.00s，repack=0.00s，total=0.11s。
正在处理托盘类型：MH423C，销售订单号：PAID16295EL05S
  - 该分组不适合列式（多非满柱）→ 回退 beam + 配方优先。
  - 配方优先[fast]：规划 0 实例，实装成功 0，配方路径不可用 → 采用基线方案。
  - 指数诊断：箱子 1 个，总指数 2，目标 192，理论最多达标托盘 0 个，剩余指数 2。
  - 几何诊断：典型整层堆叠单盘参考上限 2/192。 当前目标可能受托盘高度/箱型组合限制。
  - 几何不可达标记：典型整层上限 2 < 目标 192，救援优先压缩托盘数和填充率。
  - 失败托盘互借诊断：未合并（no_target_or_single_plan）。
托盘类型 MH423C（销售订单号：PAID16295EL05S）处理完成：总托盘 1，指数达标 0，未达标 1，平均缺口 190.00，最大缺口 190.00，失败托盘互借修复成功 0。
  - KPI：near/mid/deep=0/0/1，救回率=0.00%，pair效率=0.00%。
  - 耗时拆解：packing=0.00s，main_topup=0.00s，retry=0.00s，failed_pool=0.00s，repack=0.00s，total=0.00s。
正在处理托盘类型：MH423C，销售订单号：PAID16290FL03S
  - 该分组不适合列式（多非满柱）→ 回退 beam + 配方优先。
  - 配方优先[fast]：规划 0 实例，实装成功 0，配方路径不可用 → 采用基线方案。
  - 指数诊断：箱子 3 个，总指数 6，目标 192，理论最多达标托盘 0 个，剩余指数 6。
  - 几何诊断：典型整层堆叠单盘参考上限 6/192。 当前目标可能受托盘高度/箱型组合限制。
  - 几何不可达标记：典型整层上限 6 < 目标 192，救援优先压缩托盘数和填充率。
  - 失败托盘互借诊断：未合并（no_target_or_single_plan）。
托盘类型 MH423C（销售订单号：PAID16290FL03S）处理完成：总托盘 1，指数达标 0，未达标 1，平均缺口 186.00，最大缺口 186.00，失败托盘互借修复成功 0。
  - KPI：near/mid/deep=0/0/1，救回率=0.00%，pair效率=0.00%。
  - 耗时拆解：packing=0.00s，main_topup=0.00s，retry=0.00s，failed_pool=0.00s，repack=0.00s，total=0.01s。
正在处理托盘类型：MH423C，销售订单号：PAIN26290MN02S
  - 该分组不适合列式（多非满柱）→ 回退 beam + 配方优先。
  - 配方优先[fast]：规划 0 实例，实装成功 0，配方路径不可用 → 采用基线方案。
  - 指数诊断：箱子 56 个，总指数 88，目标 192，理论最多达标托盘 0 个，剩余指数 88。
  - 几何诊断：典型整层堆叠单盘参考上限 85/192。 当前目标可能受托盘高度/箱型组合限制。
  - 几何不可达标记：典型整层上限 85 < 目标 192，救援优先压缩托盘数和填充率。
  - 失败托盘互借诊断：未合并（no_target_or_single_plan）。
托盘类型 MH423C（销售订单号：PAIN26290MN02S）处理完成：总托盘 1，指数达标 0，未达标 1，平均缺口 104.00，最大缺口 104.00，失败托盘互借修复成功 0。
  - KPI：near/mid/deep=0/0/1，救回率=0.00%，pair效率=0.00%。
  - 耗时拆解：packing=1.74s，main_topup=0.00s，retry=0.00s，failed_pool=0.00s，repack=0.00s，total=1.75s。
正在处理托盘类型：MH423C，销售订单号：PAIN26290MN10S
  - 主算法：全局列式装箱 + 柱级组合优化（GCP）。
  - 失败托盘互借诊断：未合并（no_target_or_single_plan）。
托盘类型 MH423C（销售订单号：PAIN26290MN10S）处理完成：总托盘 1，指数达标 0，未达标 1，平均缺口 124.00，最大缺口 124.00，失败托盘互借修复成功 0。
  - KPI：near/mid/deep=0/0/1，救回率=0.00%，pair效率=0.00%。
  - 耗时拆解：packing=0.00s，main_topup=0.00s，retry=0.00s，failed_pool=0.00s，repack=0.00s，total=0.00s。
正在处理托盘类型：MH423C，销售订单号：PAIN26290MZ07S
  - 该分组不适合列式（多非满柱）→ 回退 beam + 配方优先。
  - 配方优先[fast]：规划 0 实例，实装成功 0，配方路径不可用 → 采用基线方案。
  - 指数诊断：箱子 72 个，总指数 210，目标 192，理论最多达标托盘 1 个，剩余指数 18。
  - 几何诊断：典型整层堆叠单盘参考上限 124/192。 当前目标可能受托盘高度/箱型组合限制。
  - 几何不可达标记：典型整层上限 124 < 目标 192，救援优先压缩托盘数和填充率。
  - 失败托盘互借诊断：未合并（aborted_no_improvement_possible）。
托盘类型 MH423C（销售订单号：PAIN26290MZ07S）处理完成：总托盘 2，指数达标 0，未达标 2，平均缺口 87.00，最大缺口 106.00，失败托盘互借修复成功 0。
  - KPI：near/mid/deep=0/0/2，救回率=0.00%，pair效率=0.00%。
  - 耗时拆解：packing=1.45s，main_topup=0.00s，retry=0.00s，failed_pool=0.00s，repack=2.33s，total=3.79s。
正在处理托盘类型：MH423C，销售订单号：PEG106290LN01S
  - 主算法：全局列式装箱 + 柱级组合优化（GCP）。
  - 失败托盘互借诊断：未合并（no_target_or_single_plan）。
托盘类型 MH423C（销售订单号：PEG106290LN01S）处理完成：总托盘 1，指数达标 0，未达标 1，平均缺口 76.00，最大缺口 76.00，失败托盘互借修复成功 0。
  - KPI：near/mid/deep=0/0/1，救回率=0.00%，pair效率=0.00%。
  - 耗时拆解：packing=0.01s，main_topup=0.00s，retry=0.00s，failed_pool=0.00s，repack=0.00s，total=0.01s。
正在处理托盘类型：MH423C，销售订单号：LAID16306DN02S
  - 主算法：全局列式装箱 + 柱级组合优化（GCP）。
  - 失败托盘互借诊断：未合并（no_target_or_single_plan）。
托盘类型 MH423C（销售订单号：LAID16306DN02S）处理完成：总托盘 1，指数达标 0，未达标 1，平均缺口 116.00，最大缺口 116.00，失败托盘互借修复成功 0。
  - KPI：near/mid/deep=0/0/1，救回率=0.00%，pair效率=0.00%。
  - 耗时拆解：packing=0.00s，main_topup=0.00s，retry=0.00s，failed_pool=0.00s，repack=0.00s，total=0.00s。
正在处理托盘类型：MH423C，销售订单号：LAID16306DN02S__SPLITREST__
  - 该分组不适合列式（多非满柱）→ 回退 beam + 配方优先。
  - 配方优先[fast]：规划 0 实例，实装成功 0，配方路径不可用 → 采用基线方案。
  - 指数诊断：箱子 2 个，总指数 4，目标 192，理论最多达标托盘 0 个，剩余指数 4。
  - 几何诊断：典型整层堆叠单盘参考上限 4/192。 当前目标可能受托盘高度/箱型组合限制。
  - 几何不可达标记：典型整层上限 4 < 目标 192，救援优先压缩托盘数和填充率。
  - 失败托盘互借诊断：未合并（no_target_or_single_plan）。
托盘类型 MH423C（销售订单号：LAID16306DN02S__SPLITREST__）处理完成：总托盘 1，指数达标 0，未达标 1，平均缺口 188.00，最大缺口 188.00，失败托盘互借修复成功 0。
  - KPI：near/mid/deep=0/0/1，救回率=0.00%，pair效率=0.00%。
  - 耗时拆解：packing=0.00s，main_topup=0.00s，retry=0.00s，failed_pool=0.00s，repack=0.00s，total=0.00s。
正在处理托盘类型：MH423C，销售订单号：PAIN26280MZ06S
  - 主算法：全局列式装箱 + 柱级组合优化（GCP）。
  - 失败托盘互借诊断：未合并（no_target_or_single_plan）。
托盘类型 MH423C（销售订单号：PAIN26280MZ06S）处理完成：总托盘 1，指数达标 0，未达标 1，平均缺口 18.00，最大缺口 18.00，失败托盘互借修复成功 0。
  - KPI：near/mid/deep=0/1/0，救回率=0.00%，pair效率=0.00%。
  - 耗时拆解：packing=1.76s，main_topup=0.00s，retry=0.00s，failed_pool=0.00s，repack=0.00s，total=1.76s。
正在处理托盘类型：MH423C，销售订单号：PAIN26296EN01S
  - 主算法：全局列式装箱 + 柱级组合优化（GCP）。
  - 失败托盘互借诊断：未合并（no_target_or_single_plan）。
托盘类型 MH423C（销售订单号：PAIN26296EN01S）处理完成：总托盘 1，指数达标 0，未达标 1，平均缺口 86.00，最大缺口 86.00，失败托盘互借修复成功 0。
  - KPI：near/mid/deep=0/0/1，救回率=0.00%，pair效率=0.00%。
  - 耗时拆解：packing=0.01s，main_topup=0.00s，retry=0.00s，failed_pool=0.00s，repack=0.00s，total=0.01s。
正在处理托盘类型：MH423C，销售订单号：PAIN26280BN01S
  - 主算法：全局列式装箱 + 柱级组合优化（GCP）。
  - 失败托盘互借诊断：未合并（no_target_or_single_plan）。
托盘类型 MH423C（销售订单号：PAIN26280BN01S）处理完成：总托盘 1，指数达标 0，未达标 1，平均缺口 148.00，最大缺口 148.00，失败托盘互借修复成功 0。
  - KPI：near/mid/deep=0/0/1，救回率=0.00%，pair效率=0.00%。
  - 耗时拆解：packing=0.07s，main_topup=0.00s，retry=0.00s，failed_pool=0.00s，repack=0.00s，total=0.07s。
正在处理托盘类型：MH423C，销售订单号：PAID16300FN01S
  - 该分组不适合列式（多非满柱）→ 回退 beam + 配方优先。
  - 配方优先[fast]：规划 0 实例，实装成功 0，配方路径不可用 → 采用基线方案。
  - 指数诊断：箱子 1 个，总指数 4，目标 192，理论最多达标托盘 0 个，剩余指数 4。
  - 几何诊断：典型整层堆叠单盘参考上限 4/192。 当前目标可能受托盘高度/箱型组合限制。
  - 几何不可达标记：典型整层上限 4 < 目标 192，救援优先压缩托盘数和填充率。
  - 失败托盘互借诊断：未合并（no_target_or_single_plan）。
托盘类型 MH423C（销售订单号：PAID16300FN01S）处理完成：总托盘 1，指数达标 0，未达标 1，平均缺口 188.00，最大缺口 188.00，失败托盘互借修复成功 0。
  - KPI：near/mid/deep=0/0/1，救回率=0.00%，pair效率=0.00%。
  - 耗时拆解：packing=0.00s，main_topup=0.00s，retry=0.00s，failed_pool=0.00s，repack=0.00s，total=0.00s。
正在处理托盘类型：MH423C，销售订单号：LAID16306DN03S
  - 主算法：全局列式装箱 + 柱级组合优化（GCP）。
  - 失败托盘互借诊断：未合并（no_target_or_single_plan）。
托盘类型 MH423C（销售订单号：LAID16306DN03S）处理完成：总托盘 1，指数达标 0，未达标 1，平均缺口 132.00，最大缺口 132.00，失败托盘互借修复成功 0。
  - KPI：near/mid/deep=0/0/1，救回率=0.00%，pair效率=0.00%。
  - 耗时拆解：packing=0.03s，main_topup=0.00s，retry=0.00s，failed_pool=0.00s，repack=0.00s，total=0.03s。
正在处理托盘类型：MH423C，销售订单号：LAID16306DN03S__SPLITREST__
  - 该分组不适合列式（多非满柱）→ 回退 beam + 配方优先。
  - 配方优先[fast]：规划 0 实例，实装成功 0，配方路径不可用 → 采用基线方案。
  - 指数诊断：箱子 2 个，总指数 4，目标 192，理论最多达标托盘 0 个，剩余指数 4。
  - 几何诊断：典型整层堆叠单盘参考上限 4/192。 当前目标可能受托盘高度/箱型组合限制。
  - 几何不可达标记：典型整层上限 4 < 目标 192，救援优先压缩托盘数和填充率。
  - 失败托盘互借诊断：未合并（no_target_or_single_plan）。
托盘类型 MH423C（销售订单号：LAID16306DN03S__SPLITREST__）处理完成：总托盘 1，指数达标 0，未达标 1，平均缺口 188.00，最大缺口 188.00，失败托盘互借修复成功 0。
  - KPI：near/mid/deep=0/0/1，救回率=0.00%，pair效率=0.00%。
  - 耗时拆解：packing=0.00s，main_topup=0.00s，retry=0.00s，failed_pool=0.00s，repack=0.00s，total=0.00s。
正在处理托盘类型：MH423C，销售订单号：PAID16306DN01S
  - 主算法：全局列式装箱 + 柱级组合优化（GCP）。
  - 失败托盘互借诊断：未合并（no_target_or_single_plan）。
托盘类型 MH423C（销售订单号：PAID16306DN01S）处理完成：总托盘 1，指数达标 0，未达标 1，平均缺口 156.00，最大缺口 156.00，失败托盘互借修复成功 0。
  - KPI：near/mid/deep=0/0/1，救回率=0.00%，pair效率=0.00%。
  - 耗时拆解：packing=0.10s，main_topup=0.00s，retry=0.00s，failed_pool=0.00s，repack=0.00s，total=0.10s。
正在处理托盘类型：MH423C，销售订单号：PAID16295BD02S
  - 主算法：全局列式装箱 + 柱级组合优化（GCP）。
  - 失败托盘互借诊断：未合并（no_target_or_single_plan）。
托盘类型 MH423C（销售订单号：PAID16295BD02S）处理完成：总托盘 1，指数达标 0，未达标 1，平均缺口 156.00，最大缺口 156.00，失败托盘互借修复成功 0。
  - KPI：near/mid/deep=0/0/1，救回率=0.00%，pair效率=0.00%。
  - 耗时拆解：packing=0.04s，main_topup=0.00s，retry=0.00s，failed_pool=0.00s，repack=0.00s，total=0.04s。
正在处理托盘类型：MH423C，销售订单号：PAID16305BN01S
  - 该分组不适合列式（多非满柱）→ 回退 beam + 配方优先。
  - 配方优先[fast]：规划 0 实例，实装成功 0，配方路径不可用 → 采用基线方案。
  - 指数诊断：箱子 2 个，总指数 4，目标 192，理论最多达标托盘 0 个，剩余指数 4。
  - 几何诊断：典型整层堆叠单盘参考上限 4/192。 当前目标可能受托盘高度/箱型组合限制。
  - 几何不可达标记：典型整层上限 4 < 目标 192，救援优先压缩托盘数和填充率。
  - 失败托盘互借诊断：未合并（no_target_or_single_plan）。
托盘类型 MH423C（销售订单号：PAID16305BN01S）处理完成：总托盘 1，指数达标 0，未达标 1，平均缺口 188.00，最大缺口 188.00，失败托盘互借修复成功 0。
  - KPI：near/mid/deep=0/0/1，救回率=0.00%，pair效率=0.00%。
  - 耗时拆解：packing=0.00s，main_topup=0.00s，retry=0.00s，failed_pool=0.00s，repack=0.00s，total=0.02s。
  - 失败盘装满压实：合并/吸收 1 次（纯减盘数）。
  - 跨子组装满压实（MH423C / LAID16306DN01S）：合并 1 次（纯减盘数）。
  - 失败盘装满压实：合并/吸收 1 次（纯减盘数）。
  - 跨子组装满压实（MH423C / LAID16296DN01S）：合并 1 次（纯减盘数）。
  - 失败盘装满压实：合并/吸收 2 次（纯减盘数）。
  - 跨子组装满压实（MH423C / LAID16285EN01S__CASEGROUP__1）：合并 2 次（纯减盘数）。
  - 失败盘装满压实：合并/吸收 1 次（纯减盘数）。
  - 跨子组装满压实（MH423C / PAIN26286EN01S）：合并 1 次（纯减盘数）。
  - 失败盘装满压实：合并/吸收 1 次（纯减盘数）。
  - 跨子组装满压实（MH423C / LFEG16290IN03S）：合并 1 次（纯减盘数）。
  - 失败盘装满压实：合并/吸收 1 次（纯减盘数）。
  - 跨子组装满压实（MH423C / LAID16295EN02S）：合并 1 次（纯减盘数）。
  - 失败盘装满压实：合并/吸收 1 次（纯减盘数）。
  - 跨子组装满压实（MH423C / LAMY16315FN01S）：合并 1 次（纯减盘数）。
  - 失败盘装满压实：合并/吸收 1 次（纯减盘数）。
  - 跨子组装满压实（MH423C / LAID16305BN01S）：合并 1 次（纯减盘数）。
  - 失败盘装满压实：合并/吸收 1 次（纯减盘数）。
  - 跨子组装满压实（MH423C / LAID16295EN01S__CASEGROUP__1）：合并 1 次（纯减盘数）。
  - 失败盘装满压实：合并/吸收 1 次（纯减盘数）。
  - 跨子组装满压实（MH423C / LAID16306DN02S）：合并 1 次（纯减盘数）。
  - 失败盘装满压实：合并/吸收 1 次（纯减盘数）。
  - 跨子组装满压实（MH423C / LAID16306DN03S）：合并 1 次（纯减盘数）。
========================================
统计汇总：总托盘 89，指数达标 0，未达标 89，未知 0，平均缺口 134.99，最大缺口 191.50，失败托盘互借修复成功 0
KPI汇总：near/mid/deep=2/3/84，pair尝试=0，pair改进=0，pair效率=0.00%
耗时汇总：packing=23.89s，main_topup=0.06s，retry=0.00s，repack=25.74s，end_to_end=77.09s
========================================
[WCS-装] SUCCESS 产品码 0 个，DB 更新达标 0 行；FAILED 盘 89 个保持未达标。
[WCS-装] 本轮结束；等待下一次「新插入」再开算。
[WCS-装] 装箱报告已保存：E:\Homework\AA装箱\A装箱和可视化\zhuang\packing-workspace\output\packing_plan_20260720_172140.json
[WCS-装] 接口 2 发送体已保存：E:\Homework\AA装箱\A装箱和可视化\zhuang\packing-workspace\output\wcs_plan_20260720_172140.json（89 个 case）
[WCS-装] 已跳过接口 2 推送（仅本地保存）。
[UI-RESULT] E:\Homework\AA装箱\A装箱和可视化\zhuang\packing-workspace\output\packing_plan_20260720_172140.json
[WCS-装] 等待数据库新插入（有新 product_code 才开算）…
============================================================
[WCS-拉] 20260720_172456：拉取接口 1 …
[WCS-拉] 原始响应已保存：E:\Homework\AA装箱\A装箱和可视化\zhuang\packing-workspace\input\raw\20260720_172456.json
[WCS-拉] 已剔除 case_type≠MH423C 的品类 67 条（类型：['WR246']），保留 2045 条。
[WCS-DB] product_code 已存在、跳过 2043 条
[WCS-拉] 落库完成：候选 2045 条，新插入 2 条（新行 up_to_standard=0）。
[WCS-拉] 有新插入 → 唤醒装箱线程。
[WCS] 已加载 BMS 参考表：E:\Homework\AA装箱\A装箱和可视化\zhuang\packing-workspace\data\selected_5000_boxes_9_1_concentrated_3orders.xlsx
============================================================
[WCS-装] 20260720_172501：未达标行 2150 条，开始装箱 …
[WCS-装] 展开为 2150 个箱子。
数据预处理和箱子分组完成（按托盘类型+销售订单号）。
----------------------------------------
  - 组内子聚类：19 个混合订单拆出规则子集走 GCP、杂箱走 baseline。
正在处理托盘类型：MH423C，销售订单号：LAID16285EN01S
  - 主算法：全局列式装箱 + 柱级组合优化（GCP）。
  - 失败托盘互借诊断：未合并（no_target_or_single_plan）。
托盘类型 MH423C（销售订单号：LAID16285EN01S）处理完成：总托盘 1，指数达标 0，未达标 1，平均缺口 136.00，最大缺口 136.00，失败托盘互借修复成功 0。
  - KPI：near/mid/deep=0/0/1，救回率=0.00%，pair效率=0.00%。
  - 耗时拆解：packing=0.02s，main_topup=0.00s，retry=0.00s，failed_pool=0.00s，repack=0.00s，total=0.02s。
正在处理托盘类型：MH423C，销售订单号：LAID16285EN01S__SPLITREST__
  - 该分组不适合列式（多非满柱）→ 回退 beam + 配方优先。
  - 配方优先[fast]：规划 0 实例，实装成功 0，配方路径不可用 → 采用基线方案。
  - 指数诊断：箱子 4 个，总指数 9.5，目标 192，理论最多达标托盘 0 个，剩余指数 9.5。
  - 几何诊断：典型整层堆叠单盘参考上限 9.5/192。 当前目标可能受托盘高度/箱型组合限制。
  - 几何不可达标记：典型整层上限 9.5 < 目标 192，救援优先压缩托盘数和填充率。
  - 失败托盘互借诊断：未合并（no_target_or_single_plan）。
托盘类型 MH423C（销售订单号：LAID16285EN01S__SPLITREST__）处理完成：总托盘 1，指数达标 0，未达标 1，平均缺口 182.50，最大缺口 182.50，失败托盘互借修复成功 0。
  - KPI：near/mid/deep=0/0/1，救回率=0.00%，pair效率=0.00%。
  - 耗时拆解：packing=0.01s，main_topup=0.00s，retry=0.00s，failed_pool=0.00s，repack=0.00s，total=0.02s。
正在处理托盘类型：MH423C，销售订单号：LAID16286DN02S
  - 该分组不适合列式（多非满柱）→ 回退 beam + 配方优先。
  - 配方优先[fast]：规划 0 实例，实装成功 0，配方路径不可用 → 采用基线方案。
  - 指数诊断：箱子 1 个，总指数 0.5，目标 192，理论最多达标托盘 0 个，剩余指数 0.5。
  - 几何诊断：典型整层堆叠单盘参考上限 0.5/192。 当前目标可能受托盘高度/箱型组合限制。
  - 几何不可达标记：典型整层上限 0.5 < 目标 192，救援优先压缩托盘数和填充率。
  - 失败托盘互借诊断：未合并（no_target_or_single_plan）。
托盘类型 MH423C（销售订单号：LAID16286DN02S）处理完成：总托盘 1，指数达标 0，未达标 1，平均缺口 191.50，最大缺口 191.50，失败托盘互借修复成功 0。
  - KPI：near/mid/deep=0/0/1，救回率=0.00%，pair效率=0.00%。
  - 耗时拆解：packing=0.00s，main_topup=0.00s，retry=0.00s，failed_pool=0.00s，repack=0.00s，total=0.00s。
正在处理托盘类型：MH423C，销售订单号：PAIN26280MN08S
  - 主算法：全局列式装箱 + 柱级组合优化（GCP）。
  - 失败托盘互借诊断：未合并（no_target_or_single_plan）。
托盘类型 MH423C（销售订单号：PAIN26280MN08S）处理完成：总托盘 1，指数达标 0，未达标 1，平均缺口 105.00，最大缺口 105.00，失败托盘互借修复成功 0。
  - KPI：near/mid/deep=0/0/1，救回率=0.00%，pair效率=0.00%。
  - 耗时拆解：packing=0.00s，main_topup=0.00s，retry=0.00s，failed_pool=0.00s，repack=0.00s，total=0.00s。
正在处理托盘类型：MH423C，销售订单号：PAIN26280MN01S
  - 该分组不适合列式（多非满柱）→ 回退 beam + 配方优先。
  - 配方优先[fast]：规划 0 实例，实装成功 0，配方路径不可用 → 采用基线方案。
  - 指数诊断：箱子 3 个，总指数 6，目标 192，理论最多达标托盘 0 个，剩余指数 6。
  - 几何诊断：典型整层堆叠单盘参考上限 6/192。 当前目标可能受托盘高度/箱型组合限制。
  - 几何不可达标记：典型整层上限 6 < 目标 192，救援优先压缩托盘数和填充率。
  - 失败托盘互借诊断：未合并（no_target_or_single_plan）。
托盘类型 MH423C（销售订单号：PAIN26280MN01S）处理完成：总托盘 1，指数达标 0，未达标 1，平均缺口 186.00，最大缺口 186.00，失败托盘互借修复成功 0。
  - KPI：near/mid/deep=0/0/1，救回率=0.00%，pair效率=0.00%。
  - 耗时拆解：packing=0.00s，main_topup=0.00s，retry=0.00s，failed_pool=0.00s，repack=0.00s，total=0.01s。
正在处理托盘类型：MH423C，销售订单号：LAID16306DN01S
  - 主算法：全局列式装箱 + 柱级组合优化（GCP）。
  - 失败托盘互借诊断：未合并（aborted_no_improvement_possible）。
托盘类型 MH423C（销售订单号：LAID16306DN01S）处理完成：总托盘 2，指数达标 0，未达标 2，平均缺口 90.00，最大缺口 168.00，失败托盘互借修复成功 0。
  - KPI：near/mid/deep=0/1/1，救回率=0.00%，pair效率=0.00%。
  - 耗时拆解：packing=0.02s，main_topup=0.00s，retry=0.00s，failed_pool=0.00s，repack=1.28s，total=1.30s。
正在处理托盘类型：MH423C，销售订单号：LAID16306DN01S__SPLITREST__
  - 该分组不适合列式（多非满柱）→ 回退 beam + 配方优先。
  - 托盘 MH423C-LAID16306DN01S__SPLITREST__-1 未找到可行装箱方案，启用剩余箱子守恒兜底。
  - 配方优先[fast]：规划 0 实例，实装成功 0，配方路径不可用 → 采用基线方案。
  - 指数诊断：箱子 5 个，总指数 5.5，目标 192，理论最多达标托盘 0 个，剩余指数 5.5。
  - 几何诊断：典型整层堆叠单盘参考上限 5.5/192。 当前目标可能受托盘高度/箱型组合限制。
  - 几何不可达标记：典型整层上限 5.5 < 目标 192，救援优先压缩托盘数和填充率。
  - 失败盘装满压实：合并/吸收 1 次（纯减盘数）。
  - 失败托盘互借诊断：未合并（aborted_no_improvement_possible）。
托盘类型 MH423C（销售订单号：LAID16306DN01S__SPLITREST__）处理完成：总托盘 1，指数达标 0，未达标 1，平均缺口 186.50，最大缺口 186.50，失败托盘互借修复成功 0。
  - KPI：near/mid/deep=0/0/1，救回率=0.00%，pair效率=0.00%。
  - 耗时拆解：packing=0.01s，main_topup=0.00s，retry=0.00s，failed_pool=0.00s，repack=0.02s，total=0.07s。
正在处理托盘类型：MH423C，销售订单号：LAID16296DN01S
  - 主算法：全局列式装箱 + 柱级组合优化（GCP）。
  - 失败托盘互借诊断：未合并（aborted_no_improvement_possible）。
托盘类型 MH423C（销售订单号：LAID16296DN01S）处理完成：总托盘 2，指数达标 0，未达标 2，平均缺口 163.75，最大缺口 188.00，失败托盘互借修复成功 0。
  - KPI：near/mid/deep=0/0/2，救回率=0.00%，pair效率=0.00%。
  - 耗时拆解：packing=0.07s，main_topup=0.00s，retry=0.00s，failed_pool=0.00s，repack=0.12s，total=0.19s。
正在处理托盘类型：MH423C，销售订单号：LAID16296DN01S__SPLITREST__
  - 该分组不适合列式（多非满柱）→ 回退 beam + 配方优先。
  - 配方优先[fast]：规划 0 实例，实装成功 0，配方路径不可用 → 采用基线方案。
  - 指数诊断：箱子 4 个，总指数 8，目标 192，理论最多达标托盘 0 个，剩余指数 8。
  - 几何诊断：典型整层堆叠单盘参考上限 8/192。 当前目标可能受托盘高度/箱型组合限制。
  - 几何不可达标记：典型整层上限 8 < 目标 192，救援优先压缩托盘数和填充率。
  - 失败托盘互借诊断：未合并（no_target_or_single_plan）。
托盘类型 MH423C（销售订单号：LAID16296DN01S__SPLITREST__）处理完成：总托盘 1，指数达标 0，未达标 1，平均缺口 184.00，最大缺口 184.00，失败托盘互借修复成功 0。
  - KPI：near/mid/deep=0/0/1，救回率=0.00%，pair效率=0.00%。
  - 耗时拆解：packing=0.01s，main_topup=0.00s，retry=0.00s，failed_pool=0.00s，repack=0.00s，total=0.02s。
正在处理托盘类型：MH423C，销售订单号：LAID16296DN02S
  - 主算法：全局列式装箱 + 柱级组合优化（GCP）。
  - GCP 盘数远超理论（CP-SAT 装不满）→ 回退 baseline beam + 配方优先。
  - 托盘 MH423C-LAID16296DN02S-2 未找到可行装箱方案，启用剩余箱子守恒兜底。
  - 配方优先[fast]：规划 0 实例，实装成功 0，配方路径不可用 → 采用基线方案。
  - 指数诊断：箱子 34 个，总指数 117.5，目标 192，理论最多达标托盘 0 个，剩余指数 117.5。
  - 几何诊断：典型整层堆叠单盘参考上限 97/192。 当前目标可能受托盘高度/箱型组合限制。
  - 几何不可达标记：典型整层上限 97 < 目标 192，救援优先压缩托盘数和填充率。
  - 失败盘装满压实：合并/吸收 1 次（纯减盘数）。
  - 失败托盘互借诊断：未合并（aborted_no_improvement_possible）。
托盘类型 MH423C（销售订单号：LAID16296DN02S）处理完成：总托盘 2，指数达标 0，未达标 2，平均缺口 133.25，最大缺口 189.50，失败托盘互借修复成功 0。
  - KPI：near/mid/deep=0/0/2，救回率=0.00%，pair效率=0.00%。
  - 耗时拆解：packing=0.19s，main_topup=0.00s，retry=0.00s，failed_pool=0.00s，repack=0.34s，total=1.27s。
正在处理托盘类型：MH423C，销售订单号：LAID16296DN02S__SPLITREST__
  - 该分组不适合列式（多非满柱）→ 回退 beam + 配方优先。
  - 配方优先[fast]：规划 0 实例，实装成功 0，配方路径不可用 → 采用基线方案。
  - 指数诊断：箱子 3 个，总指数 5，目标 192，理论最多达标托盘 0 个，剩余指数 5。
  - 几何诊断：典型整层堆叠单盘参考上限 5/192。 当前目标可能受托盘高度/箱型组合限制。
  - 几何不可达标记：典型整层上限 5 < 目标 192，救援优先压缩托盘数和填充率。
  - 失败托盘互借诊断：未合并（no_target_or_single_plan）。
托盘类型 MH423C（销售订单号：LAID16296DN02S__SPLITREST__）处理完成：总托盘 1，指数达标 0，未达标 1，平均缺口 187.00，最大缺口 187.00，失败托盘互借修复成功 0。
  - KPI：near/mid/deep=0/0/1，救回率=0.00%，pair效率=0.00%。
  - 耗时拆解：packing=0.00s，main_topup=0.00s，retry=0.00s，failed_pool=0.00s，repack=0.00s，total=0.01s。
正在处理托盘类型：MH423C，销售订单号：LAID16296DN03S
  - 主算法：全局列式装箱 + 柱级组合优化（GCP）。
  - 失败托盘互借诊断：未合并（no_target_or_single_plan）。
托盘类型 MH423C（销售订单号：LAID16296DN03S）处理完成：总托盘 1，指数达标 0，未达标 1，平均缺口 145.00，最大缺口 145.00，失败托盘互借修复成功 0。
  - KPI：near/mid/deep=0/0/1，救回率=0.00%，pair效率=0.00%。
  - 耗时拆解：packing=0.28s，main_topup=0.00s，retry=0.00s，failed_pool=0.00s，repack=0.00s，total=0.28s。
正在处理托盘类型：MH423C，销售订单号：LAID16285EN01S__CASEGROUP__1
  - 主算法：全局列式装箱 + 柱级组合优化（GCP）。
  - 失败托盘互借诊断：未合并（aborted_no_improvement_possible）。
托盘类型 MH423C（销售订单号：LAID16285EN01S__CASEGROUP__1）处理完成：总托盘 2，指数达标 0，未达标 2，平均缺口 170.50，最大缺口 190.00，失败托盘互借修复成功 0。
  - KPI：near/mid/deep=0/0/2，救回率=0.00%，pair效率=0.00%。
  - 耗时拆解：packing=0.73s，main_topup=0.00s，retry=0.00s，failed_pool=0.00s，repack=1.10s，total=1.83s。
正在处理托盘类型：MH423C，销售订单号：LAID16285EN01S__CASEGROUP__1__SPLITREST__
  - 该分组不适合列式（多非满柱）→ 回退 beam + 配方优先。
  - 配方优先[fast]：规划 0 实例，实装成功 0，配方路径不可用 → 采用基线方案。
  - 指数诊断：箱子 2 个，总指数 3，目标 192，理论最多达标托盘 0 个，剩余指数 3。
  - 几何诊断：典型整层堆叠单盘参考上限 3/192。 当前目标可能受托盘高度/箱型组合限制。
  - 几何不可达标记：典型整层上限 3 < 目标 192，救援优先压缩托盘数和填充率。
  - 失败托盘互借诊断：未合并（no_target_or_single_plan）。
托盘类型 MH423C（销售订单号：LAID16285EN01S__CASEGROUP__1__SPLITREST__）处理完成：总托盘 1，指数达标 0，未达标 1，平均缺口 189.00，最大缺口 189.00，失败托盘互借修复成功 0。
  - KPI：near/mid/deep=0/0/1，救回率=0.00%，pair效率=0.00%。
  - 耗时拆解：packing=0.00s，main_topup=0.00s，retry=0.00s，failed_pool=0.00s，repack=0.00s，total=0.01s。
正在处理托盘类型：MH423C，销售订单号：PAIN26286EN01S
  - 主算法：全局列式装箱 + 柱级组合优化（GCP）。
  - 失败托盘互借诊断：未合并（no_target_or_single_plan）。
托盘类型 MH423C（销售订单号：PAIN26286EN01S）处理完成：总托盘 1，指数达标 0，未达标 1，平均缺口 84.00，最大缺口 84.00，失败托盘互借修复成功 0。
  - KPI：near/mid/deep=0/0/1，救回率=0.00%，pair效率=0.00%。
  - 耗时拆解：packing=0.00s，main_topup=0.00s，retry=0.00s，failed_pool=0.00s，repack=0.00s，total=0.00s。
正在处理托盘类型：MH423C，销售订单号：PAIN26286EN01S__SPLITREST__
  - 该分组不适合列式（多非满柱）→ 回退 beam + 配方优先。
  - 配方优先[fast]：规划 0 实例，实装成功 0，配方路径不可用 → 采用基线方案。
  - 指数诊断：箱子 2 个，总指数 8，目标 192，理论最多达标托盘 0 个，剩余指数 8。
  - 几何诊断：典型整层堆叠单盘参考上限 8/192。 当前目标可能受托盘高度/箱型组合限制。
  - 几何不可达标记：典型整层上限 8 < 目标 192，救援优先压缩托盘数和填充率。
  - 失败托盘互借诊断：未合并（no_target_or_single_plan）。
托盘类型 MH423C（销售订单号：PAIN26286EN01S__SPLITREST__）处理完成：总托盘 1，指数达标 0，未达标 1，平均缺口 184.00，最大缺口 184.00，失败托盘互借修复成功 0。
  - KPI：near/mid/deep=0/0/1，救回率=0.00%，pair效率=0.00%。
  - 耗时拆解：packing=0.00s，main_topup=0.00s，retry=0.00s，failed_pool=0.00s，repack=0.00s，total=0.01s。
正在处理托盘类型：MH423C，销售订单号：LFEG16290IN02S
  - 该分组不适合列式（多非满柱）→ 回退 beam + 配方优先。
  - 配方优先[fast]：规划 0 实例，实装成功 0，配方路径不可用 → 采用基线方案。
  - 指数诊断：箱子 63 个，总指数 109.5，目标 192，理论最多达标托盘 0 个，剩余指数 109.5。
  - 几何诊断：典型整层堆叠单盘参考上限 83/192。 当前目标可能受托盘高度/箱型组合限制。
  - 几何不可达标记：典型整层上限 83 < 目标 192，救援优先压缩托盘数和填充率。
  - 失败托盘互借诊断：未合并（aborted_no_improvement_possible）。
托盘类型 MH423C（销售订单号：LFEG16290IN02S）处理完成：总托盘 2，指数达标 0，未达标 2，平均缺口 137.25，最大缺口 191.50，失败托盘互借修复成功 0。
  - KPI：near/mid/deep=0/0/2，救回率=0.00%，pair效率=0.00%。
  - 耗时拆解：packing=0.80s，main_topup=0.01s，retry=0.00s，failed_pool=0.00s，repack=1.28s，total=4.30s。
正在处理托盘类型：MH423C，销售订单号：LAID16295BN02S
  - 主算法：全局列式装箱 + 柱级组合优化（GCP）。
  - 失败托盘互借诊断：未合并（aborted_no_improvement_possible）。
托盘类型 MH423C（销售订单号：LAID16295BN02S）处理完成：总托盘 2，指数达标 0，未达标 2，平均缺口 155.75，最大缺口 184.00，失败托盘互借修复成功 0。
  - KPI：near/mid/deep=0/0/2，救回率=0.00%，pair效率=0.00%。
  - 耗时拆解：packing=0.37s，main_topup=0.00s，retry=0.00s，failed_pool=0.00s，repack=0.70s，total=1.07s。
正在处理托盘类型：MH423C，销售订单号：LFEG16290IN03S
  - 主算法：全局列式装箱 + 柱级组合优化（GCP）。
  - GCP 盘数远超理论（CP-SAT 装不满）→ 回退 baseline beam + 配方优先。
  - 配方优先[fast]：规划 0 实例，实装成功 0，配方路径不可用 → 采用基线方案。
  - 指数诊断：箱子 88 个，总指数 157，目标 192，理论最多达标托盘 0 个，剩余指数 157。
  - 几何诊断：典型整层堆叠单盘参考上限 115/192。 当前目标可能受托盘高度/箱型组合限制。
  - 几何不可达标记：典型整层上限 115 < 目标 192，救援优先压缩托盘数和填充率。
  - 失败托盘互借诊断：未合并（aborted_no_improvement_possible）。
托盘类型 MH423C（销售订单号：LFEG16290IN03S）处理完成：总托盘 2，指数达标 0，未达标 2，平均缺口 113.50，最大缺口 174.50，失败托盘互借修复成功 0。
  - KPI：near/mid/deep=0/0/2，救回率=0.00%，pair效率=0.00%。
  - 耗时拆解：packing=5.52s，main_topup=0.00s，retry=0.00s，failed_pool=0.00s，repack=3.07s，total=10.58s。
正在处理托盘类型：MH423C，销售订单号：LFEG16290IN03S__SPLITREST__
  - 该分组不适合列式（多非满柱）→ 回退 beam + 配方优先。
  - 配方优先[fast]：规划 0 实例，实装成功 0，配方路径不可用 → 采用基线方案。
  - 指数诊断：箱子 19 个，总指数 21，目标 192，理论最多达标托盘 0 个，剩余指数 21。
  - 几何诊断：典型整层堆叠单盘参考上限 21/192。 当前目标可能受托盘高度/箱型组合限制。
  - 几何不可达标记：典型整层上限 21 < 目标 192，救援优先压缩托盘数和填充率。
  - 失败托盘互借诊断：未合并（no_target_or_single_plan）。
托盘类型 MH423C（销售订单号：LFEG16290IN03S__SPLITREST__）处理完成：总托盘 1，指数达标 0，未达标 1，平均缺口 171.00，最大缺口 171.00，失败托盘互借修复成功 0。
  - KPI：near/mid/deep=0/0/1，救回率=0.00%，pair效率=0.00%。
  - 耗时拆解：packing=0.14s，main_topup=0.00s，retry=0.00s，failed_pool=0.00s，repack=0.00s，total=0.14s。
正在处理托盘类型：MH423C，销售订单号：LAMY16295FN01S
  - 该分组不适合列式（多非满柱）→ 回退 beam + 配方优先。
  - 配方优先[fast]：规划 0 实例，实装成功 0，配方路径不可用 → 采用基线方案。
  - 指数诊断：箱子 26 个，总指数 86.5，目标 192，理论最多达标托盘 0 个，剩余指数 86.5。
  - 几何诊断：典型整层堆叠单盘参考上限 70/192。 当前目标可能受托盘高度/箱型组合限制。
  - 几何不可达标记：典型整层上限 70 < 目标 192，救援优先压缩托盘数和填充率。
  - 失败托盘互借诊断：未合并（no_target_or_single_plan）。
托盘类型 MH423C（销售订单号：LAMY16295FN01S）处理完成：总托盘 1，指数达标 0，未达标 1，平均缺口 105.50，最大缺口 105.50，失败托盘互借修复成功 0。
  - KPI：near/mid/deep=0/0/1，救回率=0.00%，pair效率=0.00%。
  - 耗时拆解：packing=0.24s，main_topup=0.00s，retry=0.00s，failed_pool=0.00s，repack=0.00s，total=0.24s。
正在处理托盘类型：MH423C，销售订单号：LFEG16300IN02S
  - 该分组不适合列式（多非满柱）→ 回退 beam + 配方优先。
  - 配方优先[fast]：规划 0 实例，实装成功 0，配方路径不可用 → 采用基线方案。
  - 指数诊断：箱子 4 个，总指数 8，目标 192，理论最多达标托盘 0 个，剩余指数 8。
  - 几何诊断：典型整层堆叠单盘参考上限 8/192。 当前目标可能受托盘高度/箱型组合限制。
  - 几何不可达标记：典型整层上限 8 < 目标 192，救援优先压缩托盘数和填充率。
  - 失败托盘互借诊断：未合并（no_target_or_single_plan）。
托盘类型 MH423C（销售订单号：LFEG16300IN02S）处理完成：总托盘 1，指数达标 0，未达标 1，平均缺口 184.00，最大缺口 184.00，失败托盘互借修复成功 0。
  - KPI：near/mid/deep=0/0/1，救回率=0.00%，pair效率=0.00%。
  - 耗时拆解：packing=0.00s，main_topup=0.00s，retry=0.00s，failed_pool=0.00s，repack=0.00s，total=0.02s。
正在处理托盘类型：MH423C，销售订单号：PAIN26290BN01S
  - 主算法：全局列式装箱 + 柱级组合优化（GCP）。
  - 失败托盘互借诊断：未合并（no_target_or_single_plan）。
托盘类型 MH423C（销售订单号：PAIN26290BN01S）处理完成：总托盘 1，指数达标 0，未达标 1，平均缺口 115.00，最大缺口 115.00，失败托盘互借修复成功 0。
  - KPI：near/mid/deep=0/0/1，救回率=0.00%，pair效率=0.00%。
  - 耗时拆解：packing=1.38s，main_topup=0.00s，retry=0.00s，failed_pool=0.00s，repack=0.00s，total=1.38s。
正在处理托盘类型：MH423C，销售订单号：PAIN26290BN01S__SPLITREST__
  - 该分组不适合列式（多非满柱）→ 回退 beam + 配方优先。
  - 配方优先[fast]：规划 0 实例，实装成功 0，配方路径不可用 → 采用基线方案。
  - 指数诊断：箱子 9 个，总指数 9，目标 192，理论最多达标托盘 0 个，剩余指数 9。
  - 几何诊断：典型整层堆叠单盘参考上限 9/192。 当前目标可能受托盘高度/箱型组合限制。
  - 几何不可达标记：典型整层上限 9 < 目标 192，救援优先压缩托盘数和填充率。
  - 失败托盘互借诊断：未合并（no_target_or_single_plan）。
托盘类型 MH423C（销售订单号：PAIN26290BN01S__SPLITREST__）处理完成：总托盘 1，指数达标 0，未达标 1，平均缺口 183.00，最大缺口 183.00，失败托盘互借修复成功 0。
  - KPI：near/mid/deep=0/0/1，救回率=0.00%，pair效率=0.00%。
  - 耗时拆解：packing=0.04s，main_topup=0.00s，retry=0.00s，failed_pool=0.00s，repack=0.00s，total=0.04s。
正在处理托盘类型：MH423C，销售订单号：PAIN26290BC02S
  - 主算法：全局列式装箱 + 柱级组合优化（GCP）。
  - 失败托盘互借诊断：未合并（no_target_or_single_plan）。
托盘类型 MH423C（销售订单号：PAIN26290BC02S）处理完成：总托盘 1，指数达标 0，未达标 1，平均缺口 80.00，最大缺口 80.00，失败托盘互借修复成功 0。
  - KPI：near/mid/deep=0/0/1，救回率=0.00%，pair效率=0.00%。
  - 耗时拆解：packing=0.01s，main_topup=0.00s，retry=0.00s，failed_pool=0.00s，repack=0.00s，total=0.01s。
正在处理托盘类型：MH423C，销售订单号：PAIN26290BC02S__SPLITREST__
  - 该分组不适合列式（多非满柱）→ 回退 beam + 配方优先。
  - 配方优先[fast]：规划 0 实例，实装成功 0，配方路径不可用 → 采用基线方案。
  - 指数诊断：箱子 2 个，总指数 1，目标 192，理论最多达标托盘 0 个，剩余指数 1。
  - 几何诊断：典型整层堆叠单盘参考上限 1/192。 当前目标可能受托盘高度/箱型组合限制。
  - 几何不可达标记：典型整层上限 1 < 目标 192，救援优先压缩托盘数和填充率。
  - 失败托盘互借诊断：未合并（no_target_or_single_plan）。
托盘类型 MH423C（销售订单号：PAIN26290BC02S__SPLITREST__）处理完成：总托盘 1，指数达标 0，未达标 1，平均缺口 191.00，最大缺口 191.00，失败托盘互借修复成功 0。
  - KPI：near/mid/deep=0/0/1，救回率=0.00%，pair效率=0.00%。
  - 耗时拆解：packing=0.00s，main_topup=0.00s，retry=0.00s，failed_pool=0.00s，repack=0.00s，total=0.01s。
正在处理托盘类型：MH423C，销售订单号：PAIN26290GN01S
  - 该分组不适合列式（多非满柱）→ 回退 beam + 配方优先。
  - 配方优先[fast]：规划 0 实例，实装成功 0，配方路径不可用 → 采用基线方案。
  - 指数诊断：箱子 51 个，总指数 78.5，目标 192，理论最多达标托盘 0 个，剩余指数 78.5。
  - 几何诊断：典型整层堆叠单盘参考上限 58/192。 当前目标可能受托盘高度/箱型组合限制。
  - 几何不可达标记：典型整层上限 58 < 目标 192，救援优先压缩托盘数和填充率。
  - 失败托盘互借诊断：未合并（aborted_no_improvement_possible）。
托盘类型 MH423C（销售订单号：PAIN26290GN01S）处理完成：总托盘 2，指数达标 0，未达标 2，平均缺口 152.75，最大缺口 189.00，失败托盘互借修复成功 0。
  - KPI：near/mid/deep=0/0/2，救回率=0.00%，pair效率=0.00%。
  - 耗时拆解：packing=0.58s，main_topup=0.01s，retry=0.00s，failed_pool=0.00s，repack=1.36s，total=3.47s。
正在处理托盘类型：MH423C，销售订单号：PEG126290LN01S
  - 主算法：全局列式装箱 + 柱级组合优化（GCP）。
  - 失败托盘互借诊断：未合并（no_target_or_single_plan）。
托盘类型 MH423C（销售订单号：PEG126290LN01S）处理完成：总托盘 1，指数达标 0，未达标 1，平均缺口 128.00，最大缺口 128.00，失败托盘互借修复成功 0。
  - KPI：near/mid/deep=0/0/1，救回率=0.00%，pair效率=0.00%。
  - 耗时拆解：packing=0.71s，main_topup=0.00s，retry=0.00s，failed_pool=0.00s，repack=0.00s，total=0.71s。
正在处理托盘类型：MH423C，销售订单号：PAIN26280GN01S
  - 该分组不适合列式（多非满柱）→ 回退 beam + 配方优先。
  - 配方优先[fast]：规划 0 实例，实装成功 0，配方路径不可用 → 采用基线方案。
  - 指数诊断：箱子 1 个，总指数 4，目标 192，理论最多达标托盘 0 个，剩余指数 4。
  - 几何诊断：典型整层堆叠单盘参考上限 4/192。 当前目标可能受托盘高度/箱型组合限制。
  - 几何不可达标记：典型整层上限 4 < 目标 192，救援优先压缩托盘数和填充率。
  - 失败托盘互借诊断：未合并（no_target_or_single_plan）。
托盘类型 MH423C（销售订单号：PAIN26280GN01S）处理完成：总托盘 1，指数达标 0，未达标 1，平均缺口 188.00，最大缺口 188.00，失败托盘互借修复成功 0。
  - KPI：near/mid/deep=0/0/1，救回率=0.00%，pair效率=0.00%。
  - 耗时拆解：packing=0.00s，main_topup=0.00s，retry=0.00s，failed_pool=0.00s，repack=0.00s，total=0.00s。
正在处理托盘类型：MH423C，销售订单号：LAID16295EN02S
  - 主算法：全局列式装箱 + 柱级组合优化（GCP）。
  - 失败托盘互借诊断：未合并（aborted_no_improvement_possible）。
托盘类型 MH423C（销售订单号：LAID16295EN02S）处理完成：总托盘 2，指数达标 0，未达标 2，平均缺口 95.50，最大缺口 175.00，失败托盘互借修复成功 0。
  - KPI：near/mid/deep=0/1/1，救回率=0.00%，pair效率=0.00%。
  - 耗时拆解：packing=2.59s，main_topup=0.00s，retry=0.00s，failed_pool=0.00s，repack=5.32s，total=7.91s。
正在处理托盘类型：MH423C，销售订单号：LAID16295EN02S__SPLITREST__
  - 该分组不适合列式（多非满柱）→ 回退 beam + 配方优先。
  - 配方优先[fast]：规划 0 实例，实装成功 0，配方路径不可用 → 采用基线方案。
  - 指数诊断：箱子 2 个，总指数 14，目标 192，理论最多达标托盘 0 个，剩余指数 14。
  - 几何诊断：典型整层堆叠单盘参考上限 14/192。 当前目标可能受托盘高度/箱型组合限制。
  - 几何不可达标记：典型整层上限 14 < 目标 192，救援优先压缩托盘数和填充率。
  - 失败托盘互借诊断：未合并（no_target_or_single_plan）。
托盘类型 MH423C（销售订单号：LAID16295EN02S__SPLITREST__）处理完成：总托盘 1，指数达标 0，未达标 1，平均缺口 178.00，最大缺口 178.00，失败托盘互借修复成功 0。
  - KPI：near/mid/deep=0/0/1，救回率=0.00%，pair效率=0.00%。
  - 耗时拆解：packing=0.00s，main_topup=0.00s，retry=0.00s，failed_pool=0.00s，repack=0.00s，total=0.01s。
正在处理托盘类型：MH423C，销售订单号：PAIN26280MN07S
  - 主算法：全局列式装箱 + 柱级组合优化（GCP）。
  - 失败托盘互借诊断：未合并（no_target_or_single_plan）。
托盘类型 MH423C（销售订单号：PAIN26280MN07S）处理完成：总托盘 1，指数达标 0，未达标 1，平均缺口 108.00，最大缺口 108.00，失败托盘互借修复成功 0。
  - KPI：near/mid/deep=0/0/1，救回率=0.00%，pair效率=0.00%。
  - 耗时拆解：packing=0.00s，main_topup=0.00s，retry=0.00s，failed_pool=0.00s，repack=0.00s，total=0.00s。
正在处理托盘类型：MH423C，销售订单号：PEG086250LN01S
  - 该分组不适合列式（多非满柱）→ 回退 beam + 配方优先。
  - 配方优先[fast]：规划 0 实例，实装成功 0，配方路径不可用 → 采用基线方案。
  - 指数诊断：箱子 1 个，总指数 4，目标 192，理论最多达标托盘 0 个，剩余指数 4。
  - 几何诊断：典型整层堆叠单盘参考上限 4/192。 当前目标可能受托盘高度/箱型组合限制。
  - 几何不可达标记：典型整层上限 4 < 目标 192，救援优先压缩托盘数和填充率。
  - 失败托盘互借诊断：未合并（no_target_or_single_plan）。
托盘类型 MH423C（销售订单号：PEG086250LN01S）处理完成：总托盘 1，指数达标 0，未达标 1，平均缺口 188.00，最大缺口 188.00，失败托盘互借修复成功 0。
  - KPI：near/mid/deep=0/0/1，救回率=0.00%，pair效率=0.00%。
  - 耗时拆解：packing=0.00s，main_topup=0.00s，retry=0.00s，failed_pool=0.00s，repack=0.00s，total=0.00s。
正在处理托盘类型：MH423C，销售订单号：LFEG16290IN01S
  - 主算法：全局列式装箱 + 柱级组合优化（GCP）。
  - 失败托盘互借诊断：未合并（no_target_or_single_plan）。
托盘类型 MH423C（销售订单号：LFEG16290IN01S）处理完成：总托盘 1，指数达标 0，未达标 1，平均缺口 67.00，最大缺口 67.00，失败托盘互借修复成功 0。
  - KPI：near/mid/deep=0/0/1，救回率=0.00%，pair效率=0.00%。
  - 耗时拆解：packing=0.01s，main_topup=0.00s，retry=0.00s，failed_pool=0.00s，repack=0.00s，total=0.01s。
正在处理托盘类型：MH423C，销售订单号：LFEG16290IN01S__SPLITREST__
  - 该分组不适合列式（多非满柱）→ 回退 beam + 配方优先。
  - 配方优先[fast]：规划 0 实例，实装成功 0，配方路径不可用 → 采用基线方案。
  - 指数诊断：箱子 3 个，总指数 8.5，目标 192，理论最多达标托盘 0 个，剩余指数 8.5。
  - 几何诊断：典型整层堆叠单盘参考上限 8.5/192。 当前目标可能受托盘高度/箱型组合限制。
  - 几何不可达标记：典型整层上限 8.5 < 目标 192，救援优先压缩托盘数和填充率。
  - 失败托盘互借诊断：未合并（no_target_or_single_plan）。
托盘类型 MH423C（销售订单号：LFEG16290IN01S__SPLITREST__）处理完成：总托盘 1，指数达标 0，未达标 1，平均缺口 183.50，最大缺口 183.50，失败托盘互借修复成功 0。
  - KPI：near/mid/deep=0/0/1，救回率=0.00%，pair效率=0.00%。
  - 耗时拆解：packing=0.00s，main_topup=0.00s，retry=0.00s，failed_pool=0.00s，repack=0.00s，total=0.01s。
正在处理托盘类型：MH423C，销售订单号：LAID16295EN01S
  - 主算法：全局列式装箱 + 柱级组合优化（GCP）。
  - GCP 盘数远超理论（CP-SAT 装不满）→ 回退 baseline beam + 配方优先。
  - 托盘 MH423C-LAID16295EN01S-2 未找到可行装箱方案，启用剩余箱子守恒兜底。
  - 配方优先[fast]：规划 0 实例，实装成功 0，配方路径不可用 → 采用基线方案。
  - 指数诊断：箱子 71 个，总指数 170.5，目标 192，理论最多达标托盘 0 个，剩余指数 170.5。
  - 几何诊断：典型整层堆叠单盘参考上限 125/192。 当前目标可能受托盘高度/箱型组合限制。
  - 几何不可达标记：典型整层上限 125 < 目标 192，救援优先压缩托盘数和填充率。
  - 失败盘装满压实：合并/吸收 1 次（纯减盘数）。
  - 失败托盘互借诊断：未合并（aborted_no_improvement_possible）。
托盘类型 MH423C（销售订单号：LAID16295EN01S）处理完成：总托盘 3，指数达标 0，未达标 3，平均缺口 135.17，最大缺口 189.50，失败托盘互借修复成功 0。
  - KPI：near/mid/deep=0/0/3，救回率=0.00%，pair效率=0.00%。
  - 耗时拆解：packing=1.42s，main_topup=0.02s，retry=0.00s，failed_pool=0.00s，repack=4.32s，total=11.35s。
正在处理托盘类型：MH423C，销售订单号：PAID16295EN06S
  - 主算法：全局列式装箱 + 柱级组合优化（GCP）。
  - GCP 盘数远超理论（CP-SAT 装不满）→ 回退 baseline beam + 配方优先。
  - 配方优先[fast]：规划 0 实例，实装成功 0，配方路径不可用 → 采用基线方案。
  - 指数诊断：箱子 66 个，总指数 189，目标 192，理论最多达标托盘 0 个，剩余指数 189。
  - 几何诊断：典型整层堆叠单盘参考上限 97/192。 当前目标可能受托盘高度/箱型组合限制。
  - 几何不可达标记：典型整层上限 97 < 目标 192，救援优先压缩托盘数和填充率。
  - 失败托盘互借诊断：未合并（less_than_2_consolidatable）。
托盘类型 MH423C（销售订单号：PAID16295EN06S）处理完成：总托盘 1，指数达标 0，未达标 1，平均缺口 3.00，最大缺口 3.00，失败托盘互借修复成功 0。
  - KPI：near/mid/deep=1/0/0，救回率=0.00%，pair效率=0.00%。
  - 耗时拆解：packing=1.11s，main_topup=0.01s，retry=0.00s，failed_pool=0.00s，repack=0.01s，total=4.33s。
正在处理托盘类型：MH423C，销售订单号：PAID16295EN06S__SPLITREST__
  - 该分组不适合列式（多非满柱）→ 回退 beam + 配方优先。
  - 配方优先[fast]：规划 0 实例，实装成功 0，配方路径不可用 → 采用基线方案。
  - 指数诊断：箱子 6 个，总指数 14.5，目标 192，理论最多达标托盘 0 个，剩余指数 14.5。
  - 几何诊断：典型整层堆叠单盘参考上限 14.5/192。 当前目标可能受托盘高度/箱型组合限制。
  - 几何不可达标记：典型整层上限 14.5 < 目标 192，救援优先压缩托盘数和填充率。
  - 失败托盘互借诊断：未合并（no_target_or_single_plan）。
托盘类型 MH423C（销售订单号：PAID16295EN06S__SPLITREST__）处理完成：总托盘 1，指数达标 0，未达标 1，平均缺口 177.50，最大缺口 177.50，失败托盘互借修复成功 0。
  - KPI：near/mid/deep=0/0/1，救回率=0.00%，pair效率=0.00%。
  - 耗时拆解：packing=0.03s，main_topup=0.00s，retry=0.00s，failed_pool=0.00s，repack=0.00s，total=0.03s。
正在处理托盘类型：MH423C，销售订单号：LAID16295BN01S
  - 主算法：全局列式装箱 + 柱级组合优化（GCP）。
  - 失败托盘互借诊断：未合并（no_target_or_single_plan）。
托盘类型 MH423C（销售订单号：LAID16295BN01S）处理完成：总托盘 1，指数达标 0，未达标 1，平均缺口 127.00，最大缺口 127.00，失败托盘互借修复成功 0。
  - KPI：near/mid/deep=0/0/1，救回率=0.00%，pair效率=0.00%。
  - 耗时拆解：packing=0.13s，main_topup=0.00s，retry=0.00s，failed_pool=0.00s，repack=0.00s，total=0.13s。
正在处理托盘类型：MH423C，销售订单号：LFEG16310IN02S
  - 该分组不适合列式（多非满柱）→ 回退 beam + 配方优先。
  - 配方优先[fast]：规划 0 实例，实装成功 0，配方路径不可用 → 采用基线方案。
  - 指数诊断：箱子 1 个，总指数 1，目标 192，理论最多达标托盘 0 个，剩余指数 1。
  - 几何诊断：典型整层堆叠单盘参考上限 1/192。 当前目标可能受托盘高度/箱型组合限制。
  - 几何不可达标记：典型整层上限 1 < 目标 192，救援优先压缩托盘数和填充率。
  - 失败托盘互借诊断：未合并（no_target_or_single_plan）。
托盘类型 MH423C（销售订单号：LFEG16310IN02S）处理完成：总托盘 1，指数达标 0，未达标 1，平均缺口 191.00，最大缺口 191.00，失败托盘互借修复成功 0。
  - KPI：near/mid/deep=0/0/1，救回率=0.00%，pair效率=0.00%。
  - 耗时拆解：packing=0.00s，main_topup=0.00s，retry=0.00s，failed_pool=0.00s，repack=0.00s，total=0.00s。
正在处理托盘类型：MH423C，销售订单号：LFEG16310IN01S
  - 该分组不适合列式（多非满柱）→ 回退 beam + 配方优先。
  - 配方优先[fast]：规划 0 实例，实装成功 0，配方路径不可用 → 采用基线方案。
  - 指数诊断：箱子 1 个，总指数 1，目标 192，理论最多达标托盘 0 个，剩余指数 1。
  - 几何诊断：典型整层堆叠单盘参考上限 1/192。 当前目标可能受托盘高度/箱型组合限制。
  - 几何不可达标记：典型整层上限 1 < 目标 192，救援优先压缩托盘数和填充率。
  - 失败托盘互借诊断：未合并（no_target_or_single_plan）。
托盘类型 MH423C（销售订单号：LFEG16310IN01S）处理完成：总托盘 1，指数达标 0，未达标 1，平均缺口 191.00，最大缺口 191.00，失败托盘互借修复成功 0。
  - KPI：near/mid/deep=0/0/1，救回率=0.00%，pair效率=0.00%。
  - 耗时拆解：packing=0.00s，main_topup=0.00s，retry=0.00s，failed_pool=0.00s，repack=0.00s，total=0.00s。
正在处理托盘类型：MH423C，销售订单号：PEG086300LN01S
  - 主算法：全局列式装箱 + 柱级组合优化（GCP）。
  - 失败托盘互借诊断：未合并（no_target_or_single_plan）。
托盘类型 MH423C（销售订单号：PEG086300LN01S）处理完成：总托盘 1，指数达标 0，未达标 1，平均缺口 76.00，最大缺口 76.00，失败托盘互借修复成功 0。
  - KPI：near/mid/deep=0/0/1，救回率=0.00%，pair效率=0.00%。
  - 耗时拆解：packing=0.01s，main_topup=0.00s，retry=0.00s，failed_pool=0.00s，repack=0.00s，total=0.01s。
正在处理托盘类型：MH423C，销售订单号：PAID162808N01S
  - 该分组不适合列式（多非满柱）→ 回退 beam + 配方优先。
  - 配方优先[fast]：规划 0 实例，实装成功 0，配方路径不可用 → 采用基线方案。
  - 指数诊断：箱子 12 个，总指数 20.5，目标 192，理论最多达标托盘 0 个，剩余指数 20.5。
  - 几何诊断：典型整层堆叠单盘参考上限 20.5/192。 当前目标可能受托盘高度/箱型组合限制。
  - 几何不可达标记：典型整层上限 20.5 < 目标 192，救援优先压缩托盘数和填充率。
  - 失败托盘互借诊断：未合并（no_target_or_single_plan）。
托盘类型 MH423C（销售订单号：PAID162808N01S）处理完成：总托盘 1，指数达标 0，未达标 1，平均缺口 171.50，最大缺口 171.50，失败托盘互借修复成功 0。
  - KPI：near/mid/deep=0/0/1，救回率=0.00%，pair效率=0.00%。
  - 耗时拆解：packing=0.03s，main_topup=0.00s，retry=0.00s，failed_pool=0.00s，repack=0.01s，total=0.13s。
正在处理托盘类型：MH423C，销售订单号：PAID16290FN01S
  - 主算法：全局列式装箱 + 柱级组合优化（GCP）。
  - GCP 盘数远超理论（CP-SAT 装不满）→ 回退 baseline beam + 配方优先。
  - 配方优先[fast]：规划 0 实例，实装成功 0，配方路径不可用 → 采用基线方案。
  - 指数诊断：箱子 7 个，总指数 19，目标 192，理论最多达标托盘 0 个，剩余指数 19。
  - 几何诊断：典型整层堆叠单盘参考上限 18/192。 当前目标可能受托盘高度/箱型组合限制。
  - 几何不可达标记：典型整层上限 18 < 目标 192，救援优先压缩托盘数和填充率。
  - 失败托盘互借诊断：未合并（no_target_or_single_plan）。
托盘类型 MH423C（销售订单号：PAID16290FN01S）处理完成：总托盘 1，指数达标 0，未达标 1，平均缺口 173.00，最大缺口 173.00，失败托盘互借修复成功 0。
  - KPI：near/mid/deep=0/0/1，救回率=0.00%，pair效率=0.00%。
  - 耗时拆解：packing=0.01s，main_topup=0.00s，retry=0.00s，failed_pool=0.00s，repack=0.00s，total=0.07s。
正在处理托盘类型：MH423C，销售订单号：PAID16290FN01S__SPLITREST__
  - 该分组不适合列式（多非满柱）→ 回退 beam + 配方优先。
  - 配方优先[fast]：规划 0 实例，实装成功 0，配方路径不可用 → 采用基线方案。
  - 指数诊断：箱子 1 个，总指数 0.5，目标 192，理论最多达标托盘 0 个，剩余指数 0.5。
  - 几何诊断：典型整层堆叠单盘参考上限 0.5/192。 当前目标可能受托盘高度/箱型组合限制。
  - 几何不可达标记：典型整层上限 0.5 < 目标 192，救援优先压缩托盘数和填充率。
  - 失败托盘互借诊断：未合并（no_target_or_single_plan）。
托盘类型 MH423C（销售订单号：PAID16290FN01S__SPLITREST__）处理完成：总托盘 1，指数达标 0，未达标 1，平均缺口 191.50，最大缺口 191.50，失败托盘互借修复成功 0。
  - KPI：near/mid/deep=0/0/1，救回率=0.00%，pair效率=0.00%。
  - 耗时拆解：packing=0.00s，main_topup=0.00s，retry=0.00s，failed_pool=0.00s，repack=0.00s，total=0.00s。
正在处理托盘类型：MH423C，销售订单号：LAID16296DN03S__CASEGROUP__1
  - 主算法：全局列式装箱 + 柱级组合优化（GCP）。
  - 失败托盘互借诊断：未合并（no_target_or_single_plan）。
托盘类型 MH423C（销售订单号：LAID16296DN03S__CASEGROUP__1）处理完成：总托盘 1，指数达标 0，未达标 1，平均缺口 90.00，最大缺口 90.00，失败托盘互借修复成功 0。
  - KPI：near/mid/deep=0/0/1，救回率=0.00%，pair效率=0.00%。
  - 耗时拆解：packing=0.00s，main_topup=0.00s，retry=0.00s，failed_pool=0.00s，repack=0.00s，total=0.00s。
正在处理托盘类型：MH423C，销售订单号：LAID16296DN03S__CASEGROUP__1__SPLITREST__
  - 该分组不适合列式（多非满柱）→ 回退 beam + 配方优先。
  - 配方优先[fast]：规划 0 实例，实装成功 0，配方路径不可用 → 采用基线方案。
  - 指数诊断：箱子 4 个，总指数 2，目标 192，理论最多达标托盘 0 个，剩余指数 2。
  - 几何诊断：典型整层堆叠单盘参考上限 2/192。 当前目标可能受托盘高度/箱型组合限制。
  - 几何不可达标记：典型整层上限 2 < 目标 192，救援优先压缩托盘数和填充率。
  - 失败托盘互借诊断：未合并（no_target_or_single_plan）。
托盘类型 MH423C（销售订单号：LAID16296DN03S__CASEGROUP__1__SPLITREST__）处理完成：总托盘 1，指数达标 0，未达标 1，平均缺口 190.00，最大缺口 190.00，失败托盘互借修复成功 0。
  - KPI：near/mid/deep=0/0/1，救回率=0.00%，pair效率=0.00%。
  - 耗时拆解：packing=0.00s，main_topup=0.00s，retry=0.00s，failed_pool=0.00s，repack=0.00s，total=0.02s。
正在处理托盘类型：MH423C，销售订单号：PAID162808C02S
  - 主算法：全局列式装箱 + 柱级组合优化（GCP）。
  - GCP 盘数远超理论（CP-SAT 装不满）→ 回退 baseline beam + 配方优先。
  - 配方优先[fast]：规划 0 实例，实装成功 0，配方路径不可用 → 采用基线方案。
  - 指数诊断：箱子 6 个，总指数 12，目标 192，理论最多达标托盘 0 个，剩余指数 12。
  - 几何诊断：典型整层堆叠单盘参考上限 12/192。 当前目标可能受托盘高度/箱型组合限制。
  - 几何不可达标记：典型整层上限 12 < 目标 192，救援优先压缩托盘数和填充率。
  - 失败托盘互借诊断：未合并（no_target_or_single_plan）。
托盘类型 MH423C（销售订单号：PAID162808C02S）处理完成：总托盘 1，指数达标 0，未达标 1，平均缺口 180.00，最大缺口 180.00，失败托盘互借修复成功 0。
  - KPI：near/mid/deep=0/0/1，救回率=0.00%，pair效率=0.00%。
  - 耗时拆解：packing=0.01s，main_topup=0.00s，retry=0.00s，failed_pool=0.00s，repack=0.00s，total=0.07s。
正在处理托盘类型：MH423C，销售订单号：LFEG16300IN01S
  - 该分组不适合列式（多非满柱）→ 回退 beam + 配方优先。
  - 配方优先[fast]：规划 0 实例，实装成功 0，配方路径不可用 → 采用基线方案。
  - 指数诊断：箱子 3 个，总指数 10，目标 192，理论最多达标托盘 0 个，剩余指数 10。
  - 几何诊断：典型整层堆叠单盘参考上限 10/192。 当前目标可能受托盘高度/箱型组合限制。
  - 几何不可达标记：典型整层上限 10 < 目标 192，救援优先压缩托盘数和填充率。
  - 失败托盘互借诊断：未合并（no_target_or_single_plan）。
托盘类型 MH423C（销售订单号：LFEG16300IN01S）处理完成：总托盘 1，指数达标 0，未达标 1，平均缺口 182.00，最大缺口 182.00，失败托盘互借修复成功 0。
  - KPI：near/mid/deep=0/0/1，救回率=0.00%，pair效率=0.00%。
  - 耗时拆解：packing=0.00s，main_topup=0.00s，retry=0.00s，failed_pool=0.00s，repack=0.00s，total=0.01s。
正在处理托盘类型：MH423C，销售订单号：LAMY16315FN01S
  - 主算法：全局列式装箱 + 柱级组合优化（GCP）。
  - 失败托盘互借诊断：未合并（no_target_or_single_plan）。
托盘类型 MH423C（销售订单号：LAMY16315FN01S）处理完成：总托盘 1，指数达标 0，未达标 1，平均缺口 120.00，最大缺口 120.00，失败托盘互借修复成功 0。
  - KPI：near/mid/deep=0/0/1，救回率=0.00%，pair效率=0.00%。
  - 耗时拆解：packing=0.00s，main_topup=0.00s，retry=0.00s，failed_pool=0.00s，repack=0.00s，total=0.00s。
正在处理托盘类型：MH423C，销售订单号：LAMY16315FN01S__SPLITREST__
  - 该分组不适合列式（多非满柱）→ 回退 beam + 配方优先。
  - 配方优先[fast]：规划 0 实例，实装成功 0，配方路径不可用 → 采用基线方案。
  - 指数诊断：箱子 2 个，总指数 4，目标 192，理论最多达标托盘 0 个，剩余指数 4。
  - 几何诊断：典型整层堆叠单盘参考上限 4/192。 当前目标可能受托盘高度/箱型组合限制。
  - 几何不可达标记：典型整层上限 4 < 目标 192，救援优先压缩托盘数和填充率。
  - 失败托盘互借诊断：未合并（no_target_or_single_plan）。
托盘类型 MH423C（销售订单号：LAMY16315FN01S__SPLITREST__）处理完成：总托盘 1，指数达标 0，未达标 1，平均缺口 188.00，最大缺口 188.00，失败托盘互借修复成功 0。
  - KPI：near/mid/deep=0/0/1，救回率=0.00%，pair效率=0.00%。
  - 耗时拆解：packing=0.00s，main_topup=0.00s，retry=0.00s，failed_pool=0.00s，repack=0.00s，total=0.01s。
正在处理托盘类型：MH423C，销售订单号：LAID16305BN02S
  - 主算法：全局列式装箱 + 柱级组合优化（GCP）。
  - 失败托盘互借诊断：未合并（no_target_or_single_plan）。
托盘类型 MH423C（销售订单号：LAID16305BN02S）处理完成：总托盘 1，指数达标 0，未达标 1，平均缺口 88.00，最大缺口 88.00，失败托盘互借修复成功 0。
  - KPI：near/mid/deep=0/0/1，救回率=0.00%，pair效率=0.00%。
  - 耗时拆解：packing=0.62s，main_topup=0.00s，retry=0.00s，failed_pool=0.00s，repack=0.00s，total=0.62s。
正在处理托盘类型：MH423C，销售订单号：LFEG16300IN03S
  - 该分组不适合列式（多非满柱）→ 回退 beam + 配方优先。
  - 配方优先[fast]：规划 0 实例，实装成功 0，配方路径不可用 → 采用基线方案。
  - 指数诊断：箱子 1 个，总指数 2，目标 192，理论最多达标托盘 0 个，剩余指数 2。
  - 几何诊断：典型整层堆叠单盘参考上限 2/192。 当前目标可能受托盘高度/箱型组合限制。
  - 几何不可达标记：典型整层上限 2 < 目标 192，救援优先压缩托盘数和填充率。
  - 失败托盘互借诊断：未合并（no_target_or_single_plan）。
托盘类型 MH423C（销售订单号：LFEG16300IN03S）处理完成：总托盘 1，指数达标 0，未达标 1，平均缺口 190.00，最大缺口 190.00，失败托盘互借修复成功 0。
  - KPI：near/mid/deep=0/0/1，救回率=0.00%，pair效率=0.00%。
  - 耗时拆解：packing=0.00s，main_topup=0.00s，retry=0.00s，failed_pool=0.00s，repack=0.00s，total=0.00s。
正在处理托盘类型：MH423C，销售订单号：LAID16305BN01S
  - 主算法：全局列式装箱 + 柱级组合优化（GCP）。
  - 失败托盘互借诊断：未合并（no_target_or_single_plan）。
托盘类型 MH423C（销售订单号：LAID16305BN01S）处理完成：总托盘 1，指数达标 0，未达标 1，平均缺口 164.00，最大缺口 164.00，失败托盘互借修复成功 0。
  - KPI：near/mid/deep=0/0/1，救回率=0.00%，pair效率=0.00%。
  - 耗时拆解：packing=0.13s，main_topup=0.00s，retry=0.00s，failed_pool=0.00s，repack=0.00s，total=0.13s。
正在处理托盘类型：MH423C，销售订单号：LAID16305BN01S__SPLITREST__
  - 该分组不适合列式（多非满柱）→ 回退 beam + 配方优先。
  - 配方优先[fast]：规划 0 实例，实装成功 0，配方路径不可用 → 采用基线方案。
  - 指数诊断：箱子 3 个，总指数 6，目标 192，理论最多达标托盘 0 个，剩余指数 6。
  - 几何诊断：典型整层堆叠单盘参考上限 6/192。 当前目标可能受托盘高度/箱型组合限制。
  - 几何不可达标记：典型整层上限 6 < 目标 192，救援优先压缩托盘数和填充率。
  - 失败托盘互借诊断：未合并（no_target_or_single_plan）。
托盘类型 MH423C（销售订单号：LAID16305BN01S__SPLITREST__）处理完成：总托盘 1，指数达标 0，未达标 1，平均缺口 186.00，最大缺口 186.00，失败托盘互借修复成功 0。
  - KPI：near/mid/deep=0/0/1，救回率=0.00%，pair效率=0.00%。
  - 耗时拆解：packing=0.01s，main_topup=0.00s，retry=0.00s，failed_pool=0.00s，repack=0.00s，total=0.03s。
正在处理托盘类型：MH423C，销售订单号：LAID16305EN01S
  - 该分组不适合列式（多非满柱）→ 回退 beam + 配方优先。
  - 配方优先[fast]：规划 0 实例，实装成功 0，配方路径不可用 → 采用基线方案。
  - 指数诊断：箱子 29 个，总指数 132.5，目标 192，理论最多达标托盘 0 个，剩余指数 132.5。
  - 几何诊断：典型整层堆叠单盘参考上限 78/192。 当前目标可能受托盘高度/箱型组合限制。
  - 几何不可达标记：典型整层上限 78 < 目标 192，救援优先压缩托盘数和填充率。
  - 失败托盘互借诊断：未合并（aborted_no_improvement_possible）。
托盘类型 MH423C（销售订单号：LAID16305EN01S）处理完成：总托盘 2，指数达标 0，未达标 2，平均缺口 125.75，最大缺口 183.50，失败托盘互借修复成功 0。
  - KPI：near/mid/deep=0/0/2，救回率=0.00%，pair效率=0.00%。
  - 耗时拆解：packing=0.22s，main_topup=0.00s，retry=0.00s，failed_pool=0.00s，repack=0.30s，total=1.05s。
正在处理托盘类型：MH423C，销售订单号：PAIN26290GC02S
  - 主算法：全局列式装箱 + 柱级组合优化（GCP）。
  - GCP 盘数远超理论（CP-SAT 装不满）→ 回退 baseline beam + 配方优先。
  - 配方优先[fast]：规划 0 实例，实装成功 0，配方路径不可用 → 采用基线方案。
  - 指数诊断：箱子 41 个，总指数 178，目标 192，理论最多达标托盘 0 个，剩余指数 178。
  - 几何诊断：典型整层堆叠单盘参考上限 136/192。 当前目标可能受托盘高度/箱型组合限制。
  - 几何不可达标记：典型整层上限 136 < 目标 192，救援优先压缩托盘数和填充率。
  - 失败托盘互借诊断：未合并（not_better）。
托盘类型 MH423C（销售订单号：PAIN26290GC02S）处理完成：总托盘 2，指数达标 0，未达标 2，平均缺口 103.00，最大缺口 122.00，失败托盘互借修复成功 0。
  - KPI：near/mid/deep=0/0/2，救回率=0.00%，pair效率=0.00%。
  - 耗时拆解：packing=0.05s，main_topup=0.00s，retry=0.00s，failed_pool=0.00s，repack=0.30s，total=0.64s。
正在处理托盘类型：MH423C，销售订单号：PAID16280FC02S
  - 主算法：全局列式装箱 + 柱级组合优化（GCP）。
  - GCP 盘数远超理论（CP-SAT 装不满）→ 回退 baseline beam + 配方优先。
  - 配方优先[fast]：规划 0 实例，实装成功 0，配方路径不可用 → 采用基线方案。
  - 指数诊断：箱子 4 个，总指数 16，目标 192，理论最多达标托盘 0 个，剩余指数 16。
  - 几何诊断：典型整层堆叠单盘参考上限 16/192。 当前目标可能受托盘高度/箱型组合限制。
  - 几何不可达标记：典型整层上限 16 < 目标 192，救援优先压缩托盘数和填充率。
  - 失败托盘互借诊断：未合并（no_target_or_single_plan）。
托盘类型 MH423C（销售订单号：PAID16280FC02S）处理完成：总托盘 1，指数达标 0，未达标 1，平均缺口 176.00，最大缺口 176.00，失败托盘互借修复成功 0。
  - KPI：near/mid/deep=0/0/1，救回率=0.00%，pair效率=0.00%。
  - 耗时拆解：packing=0.00s，main_topup=0.00s，retry=0.00s，failed_pool=0.00s，repack=0.00s，total=0.03s。
正在处理托盘类型：MH423C，销售订单号：PAIN26296EC02S
  - 主算法：全局列式装箱 + 柱级组合优化（GCP）。
  - 失败托盘互借诊断：未合并（aborted_no_improvement_possible）。
托盘类型 MH423C（销售订单号：PAIN26296EC02S）处理完成：总托盘 2，指数达标 0，未达标 2，平均缺口 84.00，最大缺口 162.00，失败托盘互借修复成功 0。
  - KPI：near/mid/deep=1/0/1，救回率=0.00%，pair效率=0.00%。
  - 耗时拆解：packing=0.06s，main_topup=0.00s，retry=0.00s，failed_pool=0.00s，repack=6.94s，total=6.99s。
正在处理托盘类型：MH423C，销售订单号：PAID16290FC02S
  - 该分组不适合列式（多非满柱）→ 回退 beam + 配方优先。
  - 配方优先[fast]：规划 0 实例，实装成功 0，配方路径不可用 → 采用基线方案。
  - 指数诊断：箱子 6 个，总指数 14，目标 192，理论最多达标托盘 0 个，剩余指数 14。
  - 几何诊断：典型整层堆叠单盘参考上限 14/192。 当前目标可能受托盘高度/箱型组合限制。
  - 几何不可达标记：典型整层上限 14 < 目标 192，救援优先压缩托盘数和填充率。
  - 失败托盘互借诊断：未合并（no_target_or_single_plan）。
托盘类型 MH423C（销售订单号：PAID16290FC02S）处理完成：总托盘 1，指数达标 0，未达标 1，平均缺口 178.00，最大缺口 178.00，失败托盘互借修复成功 0。
  - KPI：near/mid/deep=0/0/1，救回率=0.00%，pair效率=0.00%。
  - 耗时拆解：packing=0.02s，main_topup=0.00s，retry=0.00s，failed_pool=0.00s，repack=0.00s，total=0.10s。
正在处理托盘类型：MH423C，销售订单号：LAID16295EN01S__CASEGROUP__1
  - 主算法：全局列式装箱 + 柱级组合优化（GCP）。
  - 失败托盘互借诊断：未合并（no_target_or_single_plan）。
托盘类型 MH423C（销售订单号：LAID16295EN01S__CASEGROUP__1）处理完成：总托盘 1，指数达标 0，未达标 1，平均缺口 52.00，最大缺口 52.00，失败托盘互借修复成功 0。
  - KPI：near/mid/deep=0/0/1，救回率=0.00%，pair效率=0.00%。
  - 耗时拆解：packing=2.66s，main_topup=0.00s，retry=0.00s，failed_pool=0.00s，repack=0.00s，total=2.66s。
正在处理托盘类型：MH423C，销售订单号：LAID16295EN01S__CASEGROUP__1__SPLITREST__
  - 该分组不适合列式（多非满柱）→ 回退 beam + 配方优先。
  - 配方优先[fast]：规划 0 实例，实装成功 0，配方路径不可用 → 采用基线方案。
  - 指数诊断：箱子 5 个，总指数 16，目标 192，理论最多达标托盘 0 个，剩余指数 16。
  - 几何诊断：典型整层堆叠单盘参考上限 16/192。 当前目标可能受托盘高度/箱型组合限制。
  - 几何不可达标记：典型整层上限 16 < 目标 192，救援优先压缩托盘数和填充率。
  - 失败托盘互借诊断：未合并（no_target_or_single_plan）。
托盘类型 MH423C（销售订单号：LAID16295EN01S__CASEGROUP__1__SPLITREST__）处理完成：总托盘 1，指数达标 0，未达标 1，平均缺口 176.00，最大缺口 176.00，失败托盘互借修复成功 0。
  - KPI：near/mid/deep=0/0/1，救回率=0.00%，pair效率=0.00%。
  - 耗时拆解：packing=0.01s，main_topup=0.00s，retry=0.00s，failed_pool=0.00s，repack=0.00s，total=0.01s。
正在处理托盘类型：MH423C，销售订单号：PEG146296CN01S
  - 主算法：全局列式装箱 + 柱级组合优化（GCP）。
  - 失败托盘互借诊断：未合并（no_target_or_single_plan）。
托盘类型 MH423C（销售订单号：PEG146296CN01S）处理完成：总托盘 1，指数达标 0，未达标 1，平均缺口 68.00，最大缺口 68.00，失败托盘互借修复成功 0。
  - KPI：near/mid/deep=0/0/1，救回率=0.00%，pair效率=0.00%。
  - 耗时拆解：packing=0.01s，main_topup=0.00s，retry=0.00s，failed_pool=0.00s，repack=0.00s，total=0.01s。
正在处理托盘类型：MH423C，销售订单号：LAID16284AN02S
  - 主算法：全局列式装箱 + 柱级组合优化（GCP）。
  - GCP 盘数远超理论（CP-SAT 装不满）→ 回退 baseline beam + 配方优先。
  - 配方优先[fast]：规划 0 实例，实装成功 0，配方路径不可用 → 采用基线方案。
  - 指数诊断：箱子 7 个，总指数 22，目标 192，理论最多达标托盘 0 个，剩余指数 22。
  - 几何诊断：典型整层堆叠单盘参考上限 22/192。 当前目标可能受托盘高度/箱型组合限制。
  - 几何不可达标记：典型整层上限 22 < 目标 192，救援优先压缩托盘数和填充率。
  - 失败托盘互借诊断：未合并（no_target_or_single_plan）。
托盘类型 MH423C（销售订单号：LAID16284AN02S）处理完成：总托盘 1，指数达标 0，未达标 1，平均缺口 170.00，最大缺口 170.00，失败托盘互借修复成功 0。
  - KPI：near/mid/deep=0/0/1，救回率=0.00%，pair效率=0.00%。
  - 耗时拆解：packing=0.01s，main_topup=0.00s，retry=0.00s，failed_pool=0.00s，repack=0.00s，total=0.06s。
正在处理托盘类型：MH423C，销售订单号：PAIN26290MN09S
  - 主算法：全局列式装箱 + 柱级组合优化（GCP）。
  - 失败托盘互借诊断：未合并（no_target_or_single_plan）。
托盘类型 MH423C（销售订单号：PAIN26290MN09S）处理完成：总托盘 1，指数达标 0，未达标 1，平均缺口 84.00，最大缺口 84.00，失败托盘互借修复成功 0。
  - KPI：near/mid/deep=0/0/1，救回率=0.00%，pair效率=0.00%。
  - 耗时拆解：packing=0.04s，main_topup=0.00s，retry=0.00s，failed_pool=0.00s，repack=0.00s，total=0.04s。
正在处理托盘类型：MH423C，销售订单号：LAID16294AN01S
  - 该分组不适合列式（多非满柱）→ 回退 beam + 配方优先。
  - 配方优先[fast]：规划 0 实例，实装成功 0，配方路径不可用 → 采用基线方案。
  - 指数诊断：箱子 9 个，总指数 23，目标 192，理论最多达标托盘 0 个，剩余指数 23。
  - 几何诊断：典型整层堆叠单盘参考上限 20/192。 当前目标可能受托盘高度/箱型组合限制。
  - 几何不可达标记：典型整层上限 20 < 目标 192，救援优先压缩托盘数和填充率。
  - 失败托盘互借诊断：未合并（no_target_or_single_plan）。
托盘类型 MH423C（销售订单号：LAID16294AN01S）处理完成：总托盘 1，指数达标 0，未达标 1，平均缺口 169.00，最大缺口 169.00，失败托盘互借修复成功 0。
  - KPI：near/mid/deep=0/0/1，救回率=0.00%，pair效率=0.00%。
  - 耗时拆解：packing=0.05s，main_topup=0.00s，retry=0.00s，failed_pool=0.00s，repack=0.00s，total=0.05s。
正在处理托盘类型：MH423C，销售订单号：LAMY16305FN01S
  - 主算法：全局列式装箱 + 柱级组合优化（GCP）。
  - 失败托盘互借诊断：未合并（no_target_or_single_plan）。
托盘类型 MH423C（销售订单号：LAMY16305FN01S）处理完成：总托盘 1，指数达标 0，未达标 1，平均缺口 170.00，最大缺口 170.00，失败托盘互借修复成功 0。
  - KPI：near/mid/deep=0/0/1，救回率=0.00%，pair效率=0.00%。
  - 耗时拆解：packing=0.02s，main_topup=0.00s，retry=0.00s，failed_pool=0.00s，repack=0.00s，total=0.02s。
正在处理托盘类型：MH423C，销售订单号：PAID16295BN01S
  - 主算法：全局列式装箱 + 柱级组合优化（GCP）。
  - 失败托盘互借诊断：未合并（no_target_or_single_plan）。
托盘类型 MH423C（销售订单号：PAID16295BN01S）处理完成：总托盘 1，指数达标 0，未达标 1，平均缺口 118.00，最大缺口 118.00，失败托盘互借修复成功 0。
  - KPI：near/mid/deep=0/0/1，救回率=0.00%，pair效率=0.00%。
  - 耗时拆解：packing=0.01s，main_topup=0.00s，retry=0.00s，failed_pool=0.00s，repack=0.00s，total=0.01s。
正在处理托盘类型：MH423C，销售订单号：PAID16296DN01S
  - 主算法：全局列式装箱 + 柱级组合优化（GCP）。
  - GCP 盘数远超理论（CP-SAT 装不满）→ 回退 baseline beam + 配方优先。
  - 配方优先[fast]：规划 0 实例，实装成功 0，配方路径不可用 → 采用基线方案。
  - 指数诊断：箱子 10 个，总指数 20，目标 192，理论最多达标托盘 0 个，剩余指数 20。
  - 几何诊断：典型整层堆叠单盘参考上限 20/192。 当前目标可能受托盘高度/箱型组合限制。
  - 几何不可达标记：典型整层上限 20 < 目标 192，救援优先压缩托盘数和填充率。
  - 失败托盘互借诊断：未合并（no_target_or_single_plan）。
托盘类型 MH423C（销售订单号：PAID16296DN01S）处理完成：总托盘 1，指数达标 0，未达标 1，平均缺口 172.00，最大缺口 172.00，失败托盘互借修复成功 0。
  - KPI：near/mid/deep=0/0/1，救回率=0.00%，pair效率=0.00%。
  - 耗时拆解：packing=0.02s，main_topup=0.00s，retry=0.00s，failed_pool=0.00s，repack=0.00s，total=0.11s。
正在处理托盘类型：MH423C，销售订单号：PAID16295EL05S
  - 该分组不适合列式（多非满柱）→ 回退 beam + 配方优先。
  - 配方优先[fast]：规划 0 实例，实装成功 0，配方路径不可用 → 采用基线方案。
  - 指数诊断：箱子 1 个，总指数 2，目标 192，理论最多达标托盘 0 个，剩余指数 2。
  - 几何诊断：典型整层堆叠单盘参考上限 2/192。 当前目标可能受托盘高度/箱型组合限制。
  - 几何不可达标记：典型整层上限 2 < 目标 192，救援优先压缩托盘数和填充率。
  - 失败托盘互借诊断：未合并（no_target_or_single_plan）。
托盘类型 MH423C（销售订单号：PAID16295EL05S）处理完成：总托盘 1，指数达标 0，未达标 1，平均缺口 190.00，最大缺口 190.00，失败托盘互借修复成功 0。
  - KPI：near/mid/deep=0/0/1，救回率=0.00%，pair效率=0.00%。
  - 耗时拆解：packing=0.00s，main_topup=0.00s，retry=0.00s，failed_pool=0.00s，repack=0.00s，total=0.00s。
正在处理托盘类型：MH423C，销售订单号：PAID16290FL03S
  - 该分组不适合列式（多非满柱）→ 回退 beam + 配方优先。
  - 配方优先[fast]：规划 0 实例，实装成功 0，配方路径不可用 → 采用基线方案。
  - 指数诊断：箱子 3 个，总指数 6，目标 192，理论最多达标托盘 0 个，剩余指数 6。
  - 几何诊断：典型整层堆叠单盘参考上限 6/192。 当前目标可能受托盘高度/箱型组合限制。
  - 几何不可达标记：典型整层上限 6 < 目标 192，救援优先压缩托盘数和填充率。
  - 失败托盘互借诊断：未合并（no_target_or_single_plan）。
托盘类型 MH423C（销售订单号：PAID16290FL03S）处理完成：总托盘 1，指数达标 0，未达标 1，平均缺口 186.00，最大缺口 186.00，失败托盘互借修复成功 0。
  - KPI：near/mid/deep=0/0/1，救回率=0.00%，pair效率=0.00%。
  - 耗时拆解：packing=0.00s，main_topup=0.00s，retry=0.00s，failed_pool=0.00s，repack=0.00s，total=0.01s。
正在处理托盘类型：MH423C，销售订单号：PAIN26290MN02S
  - 该分组不适合列式（多非满柱）→ 回退 beam + 配方优先。
  - 配方优先[fast]：规划 0 实例，实装成功 0，配方路径不可用 → 采用基线方案。
  - 指数诊断：箱子 56 个，总指数 88，目标 192，理论最多达标托盘 0 个，剩余指数 88。
  - 几何诊断：典型整层堆叠单盘参考上限 85/192。 当前目标可能受托盘高度/箱型组合限制。
  - 几何不可达标记：典型整层上限 85 < 目标 192，救援优先压缩托盘数和填充率。
  - 失败托盘互借诊断：未合并（no_target_or_single_plan）。
托盘类型 MH423C（销售订单号：PAIN26290MN02S）处理完成：总托盘 1，指数达标 0，未达标 1，平均缺口 104.00，最大缺口 104.00，失败托盘互借修复成功 0。
  - KPI：near/mid/deep=0/0/1，救回率=0.00%，pair效率=0.00%。
  - 耗时拆解：packing=1.98s，main_topup=0.00s，retry=0.00s，failed_pool=0.00s，repack=0.00s，total=1.98s。
正在处理托盘类型：MH423C，销售订单号：PAIN26290MN10S
  - 主算法：全局列式装箱 + 柱级组合优化（GCP）。
  - 失败托盘互借诊断：未合并（no_target_or_single_plan）。
托盘类型 MH423C（销售订单号：PAIN26290MN10S）处理完成：总托盘 1，指数达标 0，未达标 1，平均缺口 124.00，最大缺口 124.00，失败托盘互借修复成功 0。
  - KPI：near/mid/deep=0/0/1，救回率=0.00%，pair效率=0.00%。
  - 耗时拆解：packing=0.00s，main_topup=0.00s，retry=0.00s，failed_pool=0.00s，repack=0.00s，total=0.00s。
正在处理托盘类型：MH423C，销售订单号：PAIN26290MZ07S
  - 该分组不适合列式（多非满柱）→ 回退 beam + 配方优先。
  - 配方优先[fast]：规划 0 实例，实装成功 0，配方路径不可用 → 采用基线方案。
  - 指数诊断：箱子 72 个，总指数 210，目标 192，理论最多达标托盘 1 个，剩余指数 18。
  - 几何诊断：典型整层堆叠单盘参考上限 124/192。 当前目标可能受托盘高度/箱型组合限制。
  - 几何不可达标记：典型整层上限 124 < 目标 192，救援优先压缩托盘数和填充率。
  - 失败托盘互借诊断：未合并（aborted_no_improvement_possible）。
托盘类型 MH423C（销售订单号：PAIN26290MZ07S）处理完成：总托盘 2，指数达标 0，未达标 2，平均缺口 87.00，最大缺口 106.00，失败托盘互借修复成功 0。
  - KPI：near/mid/deep=0/0/2，救回率=0.00%，pair效率=0.00%。
  - 耗时拆解：packing=1.71s，main_topup=0.01s，retry=0.00s，failed_pool=0.00s，repack=2.66s，total=4.39s。
正在处理托盘类型：MH423C，销售订单号：PEG106290LN01S
  - 主算法：全局列式装箱 + 柱级组合优化（GCP）。
  - 失败托盘互借诊断：未合并（no_target_or_single_plan）。
托盘类型 MH423C（销售订单号：PEG106290LN01S）处理完成：总托盘 1，指数达标 0，未达标 1，平均缺口 76.00，最大缺口 76.00，失败托盘互借修复成功 0。
  - KPI：near/mid/deep=0/0/1，救回率=0.00%，pair效率=0.00%。
  - 耗时拆解：packing=0.00s，main_topup=0.00s，retry=0.00s，failed_pool=0.00s，repack=0.00s，total=0.01s。
正在处理托盘类型：MH423C，销售订单号：LAID16306DN02S
  - 主算法：全局列式装箱 + 柱级组合优化（GCP）。
  - 失败托盘互借诊断：未合并（no_target_or_single_plan）。
托盘类型 MH423C（销售订单号：LAID16306DN02S）处理完成：总托盘 1，指数达标 0，未达标 1，平均缺口 116.00，最大缺口 116.00，失败托盘互借修复成功 0。
  - KPI：near/mid/deep=0/0/1，救回率=0.00%，pair效率=0.00%。
  - 耗时拆解：packing=0.00s，main_topup=0.00s，retry=0.00s，failed_pool=0.00s，repack=0.00s，total=0.00s。
正在处理托盘类型：MH423C，销售订单号：LAID16306DN02S__SPLITREST__
  - 该分组不适合列式（多非满柱）→ 回退 beam + 配方优先。
  - 配方优先[fast]：规划 0 实例，实装成功 0，配方路径不可用 → 采用基线方案。
  - 指数诊断：箱子 2 个，总指数 4，目标 192，理论最多达标托盘 0 个，剩余指数 4。
  - 几何诊断：典型整层堆叠单盘参考上限 4/192。 当前目标可能受托盘高度/箱型组合限制。
  - 几何不可达标记：典型整层上限 4 < 目标 192，救援优先压缩托盘数和填充率。
  - 失败托盘互借诊断：未合并（no_target_or_single_plan）。
托盘类型 MH423C（销售订单号：LAID16306DN02S__SPLITREST__）处理完成：总托盘 1，指数达标 0，未达标 1，平均缺口 188.00，最大缺口 188.00，失败托盘互借修复成功 0。
  - KPI：near/mid/deep=0/0/1，救回率=0.00%，pair效率=0.00%。
  - 耗时拆解：packing=0.00s，main_topup=0.00s，retry=0.00s，failed_pool=0.00s，repack=0.00s，total=0.01s。
正在处理托盘类型：MH423C，销售订单号：PAIN26280MZ06S
  - 主算法：全局列式装箱 + 柱级组合优化（GCP）。
  - 失败托盘互借诊断：未合并（no_target_or_single_plan）。
托盘类型 MH423C（销售订单号：PAIN26280MZ06S）处理完成：总托盘 1，指数达标 0，未达标 1，平均缺口 18.00，最大缺口 18.00，失败托盘互借修复成功 0。
  - KPI：near/mid/deep=0/1/0，救回率=0.00%，pair效率=0.00%。
  - 耗时拆解：packing=2.29s，main_topup=0.00s，retry=0.00s，failed_pool=0.00s，repack=0.00s，total=2.29s。
正在处理托盘类型：MH423C，销售订单号：PAIN26296EN01S
  - 主算法：全局列式装箱 + 柱级组合优化（GCP）。
  - 失败托盘互借诊断：未合并（no_target_or_single_plan）。
托盘类型 MH423C（销售订单号：PAIN26296EN01S）处理完成：总托盘 1，指数达标 0，未达标 1，平均缺口 82.00，最大缺口 82.00，失败托盘互借修复成功 0。
  - KPI：near/mid/deep=0/0/1，救回率=0.00%，pair效率=0.00%。
  - 耗时拆解：packing=0.01s，main_topup=0.00s，retry=0.00s，failed_pool=0.00s，repack=0.00s，total=0.01s。
正在处理托盘类型：MH423C，销售订单号：PAIN26280BN01S
  - 主算法：全局列式装箱 + 柱级组合优化（GCP）。
  - 失败托盘互借诊断：未合并（no_target_or_single_plan）。
托盘类型 MH423C（销售订单号：PAIN26280BN01S）处理完成：总托盘 1，指数达标 0，未达标 1，平均缺口 148.00，最大缺口 148.00，失败托盘互借修复成功 0。
  - KPI：near/mid/deep=0/0/1，救回率=0.00%，pair效率=0.00%。
  - 耗时拆解：packing=0.08s，main_topup=0.00s，retry=0.00s，failed_pool=0.00s，repack=0.00s，total=0.08s。
正在处理托盘类型：MH423C，销售订单号：PAID16300FN01S
  - 该分组不适合列式（多非满柱）→ 回退 beam + 配方优先。
  - 配方优先[fast]：规划 0 实例，实装成功 0，配方路径不可用 → 采用基线方案。
  - 指数诊断：箱子 1 个，总指数 4，目标 192，理论最多达标托盘 0 个，剩余指数 4。
  - 几何诊断：典型整层堆叠单盘参考上限 4/192。 当前目标可能受托盘高度/箱型组合限制。
  - 几何不可达标记：典型整层上限 4 < 目标 192，救援优先压缩托盘数和填充率。
  - 失败托盘互借诊断：未合并（no_target_or_single_plan）。
托盘类型 MH423C（销售订单号：PAID16300FN01S）处理完成：总托盘 1，指数达标 0，未达标 1，平均缺口 188.00，最大缺口 188.00，失败托盘互借修复成功 0。
  - KPI：near/mid/deep=0/0/1，救回率=0.00%，pair效率=0.00%。
  - 耗时拆解：packing=0.00s，main_topup=0.00s，retry=0.00s，failed_pool=0.00s，repack=0.00s，total=0.00s。
正在处理托盘类型：MH423C，销售订单号：LAID16306DN03S
  - 主算法：全局列式装箱 + 柱级组合优化（GCP）。
  - 失败托盘互借诊断：未合并（no_target_or_single_plan）。
托盘类型 MH423C（销售订单号：LAID16306DN03S）处理完成：总托盘 1，指数达标 0，未达标 1，平均缺口 132.00，最大缺口 132.00，失败托盘互借修复成功 0。
  - KPI：near/mid/deep=0/0/1，救回率=0.00%，pair效率=0.00%。
  - 耗时拆解：packing=0.04s，main_topup=0.00s，retry=0.00s，failed_pool=0.00s，repack=0.00s，total=0.04s。
正在处理托盘类型：MH423C，销售订单号：LAID16306DN03S__SPLITREST__
  - 该分组不适合列式（多非满柱）→ 回退 beam + 配方优先。
  - 配方优先[fast]：规划 0 实例，实装成功 0，配方路径不可用 → 采用基线方案。
  - 指数诊断：箱子 2 个，总指数 4，目标 192，理论最多达标托盘 0 个，剩余指数 4。
  - 几何诊断：典型整层堆叠单盘参考上限 4/192。 当前目标可能受托盘高度/箱型组合限制。
  - 几何不可达标记：典型整层上限 4 < 目标 192，救援优先压缩托盘数和填充率。
  - 失败托盘互借诊断：未合并（no_target_or_single_plan）。
托盘类型 MH423C（销售订单号：LAID16306DN03S__SPLITREST__）处理完成：总托盘 1，指数达标 0，未达标 1，平均缺口 188.00，最大缺口 188.00，失败托盘互借修复成功 0。
  - KPI：near/mid/deep=0/0/1，救回率=0.00%，pair效率=0.00%。
  - 耗时拆解：packing=0.00s，main_topup=0.00s，retry=0.00s，failed_pool=0.00s，repack=0.00s，total=0.01s。
正在处理托盘类型：MH423C，销售订单号：PAID16306DN01S
  - 主算法：全局列式装箱 + 柱级组合优化（GCP）。
  - 失败托盘互借诊断：未合并（no_target_or_single_plan）。
托盘类型 MH423C（销售订单号：PAID16306DN01S）处理完成：总托盘 1，指数达标 0，未达标 1，平均缺口 156.00，最大缺口 156.00，失败托盘互借修复成功 0。
  - KPI：near/mid/deep=0/0/1，救回率=0.00%，pair效率=0.00%。
  - 耗时拆解：packing=0.12s，main_topup=0.00s，retry=0.00s，failed_pool=0.00s，repack=0.00s，total=0.13s。
正在处理托盘类型：MH423C，销售订单号：PAID16295BD02S
  - 主算法：全局列式装箱 + 柱级组合优化（GCP）。
  - 失败托盘互借诊断：未合并（no_target_or_single_plan）。
托盘类型 MH423C（销售订单号：PAID16295BD02S）处理完成：总托盘 1，指数达标 0，未达标 1，平均缺口 156.00，最大缺口 156.00，失败托盘互借修复成功 0。
  - KPI：near/mid/deep=0/0/1，救回率=0.00%，pair效率=0.00%。
  - 耗时拆解：packing=0.06s，main_topup=0.00s，retry=0.00s，failed_pool=0.00s，repack=0.00s，total=0.06s。
正在处理托盘类型：MH423C，销售订单号：PAID16305BN01S
  - 该分组不适合列式（多非满柱）→ 回退 beam + 配方优先。
  - 配方优先[fast]：规划 0 实例，实装成功 0，配方路径不可用 → 采用基线方案。
  - 指数诊断：箱子 2 个，总指数 4，目标 192，理论最多达标托盘 0 个，剩余指数 4。
  - 几何诊断：典型整层堆叠单盘参考上限 4/192。 当前目标可能受托盘高度/箱型组合限制。
  - 几何不可达标记：典型整层上限 4 < 目标 192，救援优先压缩托盘数和填充率。
  - 失败托盘互借诊断：未合并（no_target_or_single_plan）。
托盘类型 MH423C（销售订单号：PAID16305BN01S）处理完成：总托盘 1，指数达标 0，未达标 1，平均缺口 188.00，最大缺口 188.00，失败托盘互借修复成功 0。
  - KPI：near/mid/deep=0/0/1，救回率=0.00%，pair效率=0.00%。
  - 耗时拆解：packing=0.00s，main_topup=0.00s，retry=0.00s，failed_pool=0.00s，repack=0.00s，total=0.01s。
  - 失败盘装满压实：合并/吸收 1 次（纯减盘数）。
  - 跨子组装满压实（MH423C / LAID16306DN01S）：合并 1 次（纯减盘数）。
  - 失败盘装满压实：合并/吸收 1 次（纯减盘数）。
  - 跨子组装满压实（MH423C / LAID16296DN01S）：合并 1 次（纯减盘数）。
  - 失败盘装满压实：合并/吸收 2 次（纯减盘数）。
  - 跨子组装满压实（MH423C / LAID16285EN01S__CASEGROUP__1）：合并 2 次（纯减盘数）。
  - 失败盘装满压实：合并/吸收 1 次（纯减盘数）。
  - 跨子组装满压实（MH423C / PAIN26286EN01S）：合并 1 次（纯减盘数）。
  - 失败盘装满压实：合并/吸收 1 次（纯减盘数）。
  - 跨子组装满压实（MH423C / LFEG16290IN03S）：合并 1 次（纯减盘数）。
  - 失败盘装满压实：合并/吸收 1 次（纯减盘数）。
  - 跨子组装满压实（MH423C / LAID16295EN02S）：合并 1 次（纯减盘数）。
  - 失败盘装满压实：合并/吸收 1 次（纯减盘数）。
  - 跨子组装满压实（MH423C / LAMY16315FN01S）：合并 1 次（纯减盘数）。
  - 失败盘装满压实：合并/吸收 1 次（纯减盘数）。
  - 跨子组装满压实（MH423C / LAID16305BN01S）：合并 1 次（纯减盘数）。
  - 失败盘装满压实：合并/吸收 1 次（纯减盘数）。
  - 跨子组装满压实（MH423C / LAID16295EN01S__CASEGROUP__1）：合并 1 次（纯减盘数）。
  - 失败盘装满压实：合并/吸收 1 次（纯减盘数）。
  - 跨子组装满压实（MH423C / LAID16306DN02S）：合并 1 次（纯减盘数）。
  - 失败盘装满压实：合并/吸收 1 次（纯减盘数）。
  - 跨子组装满压实（MH423C / LAID16306DN03S）：合并 1 次（纯减盘数）。
========================================
统计汇总：总托盘 89，指数达标 0，未达标 89，未知 0，平均缺口 134.93，最大缺口 191.50，失败托盘互借修复成功 0
KPI汇总：near/mid/deep=2/3/84，pair尝试=0，pair改进=0，pair效率=0.00%
耗时汇总：packing=26.77s，main_topup=0.08s，retry=0.00s，repack=29.13s，end_to_end=86.31s
========================================
[WCS-装] SUCCESS 产品码 0 个，DB 更新达标 0 行；FAILED 盘 89 个保持未达标。
[WCS-装] 本轮结束；等待下一次「新插入」再开算。
[WCS-装] 装箱报告已保存：E:\Homework\AA装箱\A装箱和可视化\zhuang\packing-workspace\output\packing_plan_20260720_172501.json
[WCS-装] 接口 2 发送体已保存：E:\Homework\AA装箱\A装箱和可视化\zhuang\packing-workspace\output\wcs_plan_20260720_172501.json（89 个 case）
[WCS-装] 已跳过接口 2 推送（仅本地保存）。
[UI-RESULT] E:\Homework\AA装箱\A装箱和可视化\zhuang\packing-workspace\output\packing_plan_20260720_172501.json
[WCS-装] 等待数据库新插入（有新 product_code 才开算）…
