[LOG] 后端日志文件：D:\research_code\final\zhuang\packing-workspace\runtime\packing-realtime\logs\backend_20260731_130809.log
[LOG] 接口模式：每 200 秒拉取并计算，直到手动停止。
[CMD] D:\research_code\zhuang-ui-m\.venvs\packing-realtime\python.exe D:\research_code\final\zhuang\packing-system\packing\run_wcs_service.py --config D:\research_code\final\zhuang\packing-workspace\runtime\packing-realtime\temp\ui_config_api_20260731_130809.yaml --run-mode continuous
[WCS] 已加载 BMS 参考表：D:\research_code\final\zhuang\packing-workspace\data\selected_5000_boxes_9_1_concentrated_3orders.xlsx
============================================================
WCS 接口装箱服务（DB 模式）
  接口模式：真实 WCS（use_real_api=True）
  接口地址：http://10.222.10.1:8092
  接口1：http://10.222.10.1:8092/api/wcs/reqstockinfo
  接口2：http://10.222.10.1:8092/api/wcs/sendpalletplanresult
  拉取间隔：200 秒（仅拉取）
  原始 JSON：D:\research_code\final\zhuang\packing-workspace\input\raw
  数据库：localhost:3306/zhuangdb 表 wcs_stock_box（当前） / wcs_stock_box_all（历史）
  BMS 参考：D:\research_code\final\zhuang\packing-workspace\data\selected_5000_boxes_9_1_concentrated_3orders.xlsx
  输出目录：D:\research_code\final\zhuang\packing-workspace\output
  触发：wcs_stock_box 的 product_code 集合相对立库有变化才全量替换并开算；装箱用当前全表；算完再读 need_repack；历史表只追加
  约束配置：D:\research_code\final\zhuang\packing-workspace\runtime\packing-realtime\temp\ui_config_api_20260731_130809.yaml
  按 Ctrl+C 或由 UI 停止按钮结束进程
============================================================
============================================================
[WCS-拉] 20260731_130813：拉取接口 1 …
[WCS-装] 等待 need_repack（立库相对库表有变化才开算）…
[WCS-拉] 原始响应已保存：D:\research_code\final\zhuang\packing-workspace\input\raw\20260731_130813.json
[WCS-拉] 已剔除 case_type≠MH423C 的品类 63 条（类型：['MH113', 'WR246']），保留 1932 条。
[WCS-拉] 忽略 4 条零尺寸/非法尺寸库存；有效记录 1928 条；样例：product_code=30086366/box_type=YZX507/0×0×0, product_code=30086359/box_type=YZX507/0×0×0, product_code=30086364/box_type=YZX507/0×0×0, product_code=30086358/box_type=YZX507/0×0×0
[WCS-DB] wcs_stock_box product_code 集合未变（1928 个），跳过替换
[WCS-拉] wcs_stock_box 与本次立库 product_code 一致（候选 1928），不替换、不触发装箱。
[WCS-DB] wcs_stock_box_all product_code 已存在、跳过 1928 条
[WCS-拉] wcs_stock_box_all 追加：新插入 0，跳过已有 1928（历史不删）。
[WCS-拉] 库存无变化 → need_repack 不变。
============================================================
[WCS-拉] 20260731_131133：拉取接口 1 …
[WCS-拉] 原始响应已保存：D:\research_code\final\zhuang\packing-workspace\input\raw\20260731_131133.json
[WCS-拉] 已剔除 case_type≠MH423C 的品类 63 条（类型：['MH113', 'WR246']），保留 1938 条。
[WCS-拉] 忽略 4 条零尺寸/非法尺寸库存；有效记录 1934 条；样例：product_code=30086366/box_type=YZX507/0×0×0, product_code=30086359/box_type=YZX507/0×0×0, product_code=30086364/box_type=YZX507/0×0×0, product_code=30086358/box_type=YZX507/0×0×0
[WCS-DB] wcs_stock_box 已全量替换：清空 1928 → 插入 1934
[WCS-拉] wcs_stock_box 已全量替换：删 1928，插 1934。
[WCS-DB] wcs_stock_box_all product_code 已存在、跳过 1928 条
[WCS-拉] wcs_stock_box_all 追加：新插入 6，跳过已有 1928（历史不删）。
[WCS-拉] 库存有变化 → need_repack=True，唤醒装箱。
[WCS] 已加载 BMS 参考表：D:\research_code\final\zhuang\packing-workspace\data\selected_5000_boxes_9_1_concentrated_3orders.xlsx
============================================================
[WCS-装] 20260731_131137：库存行 1934 条，开始装箱 …
[WCS-装] 展开为 1934 个箱子。
load D:\research_code\zhuang-ui-m\.venvs\packing-realtime\Lib\site-packages\ortools\.libs\zlib1.dll...
load D:\research_code\zhuang-ui-m\.venvs\packing-realtime\Lib\site-packages\ortools\.libs\abseil_dll.dll...
load D:\research_code\zhuang-ui-m\.venvs\packing-realtime\Lib\site-packages\ortools\.libs\utf8_validity.dll...
load D:\research_code\zhuang-ui-m\.venvs\packing-realtime\Lib\site-packages\ortools\.libs\re2.dll...
load D:\research_code\zhuang-ui-m\.venvs\packing-realtime\Lib\site-packages\ortools\.libs\libprotobuf.dll...
load D:\research_code\zhuang-ui-m\.venvs\packing-realtime\Lib\site-packages\ortools\.libs\highs.dll...
load D:\research_code\zhuang-ui-m\.venvs\packing-realtime\Lib\site-packages\ortools\.libs\ortools.dll...
数据预处理和箱子分组完成（按托盘类型+销售订单号）。
----------------------------------------
  - 组内子聚类：11 个混合订单拆出规则子集走 GCP、杂箱走 baseline。
正在处理托盘类型：MH423C，销售订单号：LAID16306DN01S
  - 主算法：全局列式装箱 + 柱级组合优化（GCP）。
  - 失败托盘互借诊断：未合并（aborted_no_improvement_possible）。
托盘类型 MH423C（销售订单号：LAID16306DN01S）处理完成：总托盘 2，指数达标 0，未达标 2，平均缺口 74.25，最大缺口 131.50，失败托盘互借修复成功 0。
  - KPI：near/mid/deep=0/1/1，救回率=0.00%，pair效率=0.00%。
  - 耗时拆解：packing=54.54s，main_topup=0.00s，retry=0.00s，failed_pool=0.00s，repack=2.42s，total=56.96s。
  - 条件双路径棘轮：替代完整路径通过守恒和最终门禁，严格优于 GCP，已采用。
正在处理托盘类型：MH423C，销售订单号：LAID16305BN02S
  - 主算法：全局列式装箱 + 柱级组合优化（GCP）。
  - GCP 盘数远超理论（CP-SAT 装不满）→ 回退 baseline beam + 配方优先。
  - 配方优先[fast]：规划 0 实例，实装成功 0，配方路径不可用 → 采用基线方案。
  - 指数诊断：箱子 82 个，总指数 156，目标 192，理论最多达标托盘 0 个，剩余指数 156。
  - 几何诊断：典型整层堆叠单盘参考上限 98.5/192。 当前目标可能受托盘高度/箱型组合限制。
  - 几何诊断提示：典型整层参考值 98.5 < 目标 192；该值不是不可达证明，继续执行指数救援。
  - 失败托盘互借诊断：未合并（aborted_no_improvement_possible）。
托盘类型 MH423C（销售订单号：LAID16305BN02S）处理完成：总托盘 2，指数达标 0，未达标 2，平均缺口 114.00，最大缺口 185.00，失败托盘互借修复成功 0。
  - KPI：near/mid/deep=0/0/2，救回率=0.00%，pair效率=0.00%。
  - 耗时拆解：packing=1.07s，main_topup=0.02s，retry=0.00s，failed_pool=0.00s，repack=1.94s，total=8.77s。
正在处理托盘类型：MH423C，销售订单号：LAID16305BN02S__SPLITREST__
  - 该分组不适合列式（多非满柱）→ 回退 beam + 配方优先。
  - 配方优先[fast]：规划 0 实例，实装成功 0，配方路径不可用 → 采用基线方案。
  - 指数诊断：箱子 12 个，总指数 48，目标 192，理论最多达标托盘 0 个，剩余指数 48。
  - 几何诊断：典型整层堆叠单盘参考上限 48/192。 当前目标可能受托盘高度/箱型组合限制。
  - 几何诊断提示：典型整层参考值 48 < 目标 192；该值不是不可达证明，继续执行指数救援。
  - 失败托盘互借诊断：未合并（no_target_or_single_plan）。
托盘类型 MH423C（销售订单号：LAID16305BN02S__SPLITREST__）处理完成：总托盘 1，指数达标 0，未达标 1，平均缺口 144.00，最大缺口 144.00，失败托盘互借修复成功 0。
  - KPI：near/mid/deep=0/0/1，救回率=0.00%，pair效率=0.00%。
  - 耗时拆解：packing=0.00s，main_topup=0.00s，retry=0.00s，failed_pool=0.00s，repack=0.00s，total=0.00s。
正在处理托盘类型：MH423C，销售订单号：LAID16305EN01S
  - 该分组不适合列式（多非满柱）→ 回退 beam + 配方优先。
  - 配方优先[fast]：规划 0 实例，实装成功 0，配方路径不可用 → 采用基线方案。
  - 指数诊断：箱子 28 个，总指数 90.5，目标 192，理论最多达标托盘 0 个，剩余指数 90.5。
  - 几何诊断：典型整层堆叠单盘参考上限 67/192。 当前目标可能受托盘高度/箱型组合限制。
  - 几何诊断提示：典型整层参考值 67 < 目标 192；该值不是不可达证明，继续执行指数救援。
  - 失败托盘互借诊断：未合并（aborted_no_improvement_possible）。
托盘类型 MH423C（销售订单号：LAID16305EN01S）处理完成：总托盘 2，指数达标 0，未达标 2，平均缺口 146.75，最大缺口 176.00，失败托盘互借修复成功 0。
  - KPI：near/mid/deep=0/0/2，救回率=0.00%，pair效率=0.00%。
  - 耗时拆解：packing=0.10s，main_topup=0.00s，retry=0.00s，failed_pool=0.00s，repack=0.19s，total=0.56s。
正在处理托盘类型：MH423C，销售订单号：PAID16306DN01S
  - 主算法：全局列式装箱 + 柱级组合优化（GCP）。
  - 失败托盘互借诊断：未合并（no_target_or_single_plan）。
托盘类型 MH423C（销售订单号：PAID16306DN01S）处理完成：总托盘 1，指数达标 0，未达标 1，平均缺口 87.00，最大缺口 87.00，失败托盘互借修复成功 0。
  - KPI：near/mid/deep=0/0/1，救回率=0.00%，pair效率=0.00%。
  - 耗时拆解：packing=3.55s，main_topup=0.00s，retry=0.00s，failed_pool=0.00s，repack=0.00s，total=3.55s。
正在处理托盘类型：MH423C，销售订单号：PAID16306DN01S__SPLITREST__
  - 该分组不适合列式（多非满柱）→ 回退 beam + 配方优先。
  - 配方优先[fast]：规划 0 实例，实装成功 0，配方路径不可用 → 采用基线方案。
  - 指数诊断：箱子 2 个，总指数 1，目标 192，理论最多达标托盘 0 个，剩余指数 1。
  - 几何诊断：典型整层堆叠单盘参考上限 1/192。 当前目标可能受托盘高度/箱型组合限制。
  - 几何诊断提示：典型整层参考值 1 < 目标 192；该值不是不可达证明，继续执行指数救援。
  - 失败托盘互借诊断：未合并（no_target_or_single_plan）。
托盘类型 MH423C（销售订单号：PAID16306DN01S__SPLITREST__）处理完成：总托盘 1，指数达标 0，未达标 1，平均缺口 191.00，最大缺口 191.00，失败托盘互借修复成功 0。
  - KPI：near/mid/deep=0/0/1，救回率=0.00%，pair效率=0.00%。
  - 耗时拆解：packing=0.00s，main_topup=0.00s，retry=0.00s，failed_pool=0.00s，repack=0.00s，total=0.00s。
正在处理托盘类型：MH423C，销售订单号：LAID16305BN01S
  - 主算法：全局列式装箱 + 柱级组合优化（GCP）。
  - 失败托盘互借诊断：未合并（aborted_no_improvement_possible）。
托盘类型 MH423C（销售订单号：LAID16305BN01S）处理完成：总托盘 2，指数达标 0，未达标 2，平均缺口 90.50，最大缺口 176.00，失败托盘互借修复成功 0。
  - KPI：near/mid/deep=1/0/1，救回率=0.00%，pair效率=0.00%。
  - 耗时拆解：packing=68.69s，main_topup=0.00s，retry=0.00s，failed_pool=0.00s，repack=3.08s，total=71.77s。
  - 条件双路径棘轮：替代完整路径未严格改善，保留 GCP。
正在处理托盘类型：MH423C，销售订单号：LAID16305BN01S__SPLITREST__
  - 该分组不适合列式（多非满柱）→ 回退 beam + 配方优先。
  - 配方优先[fast]：规划 0 实例，实装成功 0，配方路径不可用 → 采用基线方案。
  - 指数诊断：箱子 12 个，总指数 48，目标 192，理论最多达标托盘 0 个，剩余指数 48。
  - 几何诊断：典型整层堆叠单盘参考上限 48/192。 当前目标可能受托盘高度/箱型组合限制。
  - 几何诊断提示：典型整层参考值 48 < 目标 192；该值不是不可达证明，继续执行指数救援。
  - 失败托盘互借诊断：未合并（no_target_or_single_plan）。
托盘类型 MH423C（销售订单号：LAID16305BN01S__SPLITREST__）处理完成：总托盘 1，指数达标 0，未达标 1，平均缺口 144.00，最大缺口 144.00，失败托盘互借修复成功 0。
  - KPI：near/mid/deep=0/0/1，救回率=0.00%，pair效率=0.00%。
  - 耗时拆解：packing=0.00s，main_topup=0.00s，retry=0.00s，failed_pool=0.00s，repack=0.00s，total=0.00s。
正在处理托盘类型：MH423C，销售订单号：LFEG16300IN03S
  - 主算法：全局列式装箱 + 柱级组合优化（GCP）。
  - GCP 盘数远超理论（CP-SAT 装不满）→ 回退 baseline beam + 配方优先。
  - 配方优先[fast]：规划 0 实例，实装成功 0，配方路径不可用 → 采用基线方案。
  - 指数诊断：箱子 50 个，总指数 126，目标 192，理论最多达标托盘 0 个，剩余指数 126。
  - 几何诊断：典型整层堆叠单盘参考上限 86/192。 当前目标可能受托盘高度/箱型组合限制。
  - 几何诊断提示：典型整层参考值 86 < 目标 192；该值不是不可达证明，继续执行指数救援。
  - 失败托盘互借诊断：未合并（no_target_or_single_plan）。
托盘类型 MH423C（销售订单号：LFEG16300IN03S）处理完成：总托盘 1，指数达标 0，未达标 1，平均缺口 66.00，最大缺口 66.00，失败托盘互借修复成功 0。
  - KPI：near/mid/deep=0/0/1，救回率=0.00%，pair效率=0.00%。
  - 耗时拆解：packing=0.37s，main_topup=0.01s，retry=0.00s，failed_pool=0.00s，repack=0.00s，total=2.09s。
正在处理托盘类型：MH423C，销售订单号：LFEG16300IN03S__SPLITREST__
  - 该分组不适合列式（多非满柱）→ 回退 beam + 配方优先。
  - 配方优先[fast]：规划 0 实例，实装成功 0，配方路径不可用 → 采用基线方案。
  - 指数诊断：箱子 3 个，总指数 4.5，目标 192，理论最多达标托盘 0 个，剩余指数 4.5。
  - 几何诊断：典型整层堆叠单盘参考上限 4.5/192。 当前目标可能受托盘高度/箱型组合限制。
  - 几何诊断提示：典型整层参考值 4.5 < 目标 192；该值不是不可达证明，继续执行指数救援。
  - 失败托盘互借诊断：未合并（no_target_or_single_plan）。
托盘类型 MH423C（销售订单号：LFEG16300IN03S__SPLITREST__）处理完成：总托盘 1，指数达标 0，未达标 1，平均缺口 187.50，最大缺口 187.50，失败托盘互借修复成功 0。
  - KPI：near/mid/deep=0/0/1，救回率=0.00%，pair效率=0.00%。
  - 耗时拆解：packing=0.00s，main_topup=0.00s，retry=0.00s，failed_pool=0.00s，repack=0.00s，total=0.01s。
正在处理托盘类型：MH423C，销售订单号：LAID16305BN03S
  - 主算法：全局列式装箱 + 柱级组合优化（GCP）。
============================================================
[WCS-拉] 20260731_131454：拉取接口 1 …
[WCS-拉] 原始响应已保存：D:\research_code\final\zhuang\packing-workspace\input\raw\20260731_131454.json
[WCS-拉] 已剔除 case_type≠MH423C 的品类 63 条（类型：['MH113', 'WR246']），保留 1950 条。
[WCS-拉] 忽略 4 条零尺寸/非法尺寸库存；有效记录 1946 条；样例：product_code=30086366/box_type=YZX507/0×0×0, product_code=30086359/box_type=YZX507/0×0×0, product_code=30086364/box_type=YZX507/0×0×0, product_code=30086358/box_type=YZX507/0×0×0
[WCS-DB] wcs_stock_box 已全量替换：清空 1934 → 插入 1946
[WCS-拉] wcs_stock_box 已全量替换：删 1934，插 1946。
[WCS-DB] wcs_stock_box_all product_code 已存在、跳过 1934 条
[WCS-拉] wcs_stock_box_all 追加：新插入 12，跳过已有 1934（历史不删）。
[WCS-拉] 库存有变化 → need_repack=True，唤醒装箱。
  - 失败托盘互借诊断：未合并（aborted_no_improvement_possible）。
托盘类型 MH423C（销售订单号：LAID16305BN03S）处理完成：总托盘 2，指数达标 0，未达标 2，平均缺口 68.50，最大缺口 128.00，失败托盘互借修复成功 0。
  - KPI：near/mid/deep=0/1/1，救回率=0.00%，pair效率=0.00%。
  - 耗时拆解：packing=34.99s，main_topup=0.00s，retry=0.00s，failed_pool=0.00s，repack=2.14s，total=37.13s。
  - 条件双路径棘轮：替代完整路径未严格改善，保留 GCP。
正在处理托盘类型：MH423C，销售订单号：LAID16305BN03S__SPLITREST__
  - 该分组不适合列式（多非满柱）→ 回退 beam + 配方优先。
  - 配方优先[fast]：规划 0 实例，实装成功 0，配方路径不可用 → 采用基线方案。
  - 指数诊断：箱子 12 个，总指数 48，目标 192，理论最多达标托盘 0 个，剩余指数 48。
  - 几何诊断：典型整层堆叠单盘参考上限 48/192。 当前目标可能受托盘高度/箱型组合限制。
  - 几何诊断提示：典型整层参考值 48 < 目标 192；该值不是不可达证明，继续执行指数救援。
  - 失败托盘互借诊断：未合并（no_target_or_single_plan）。
托盘类型 MH423C（销售订单号：LAID16305BN03S__SPLITREST__）处理完成：总托盘 1，指数达标 0，未达标 1，平均缺口 144.00，最大缺口 144.00，失败托盘互借修复成功 0。
  - KPI：near/mid/deep=0/0/1，救回率=0.00%，pair效率=0.00%。
  - 耗时拆解：packing=0.00s，main_topup=0.00s，retry=0.00s，failed_pool=0.00s，repack=0.00s，total=0.00s。
正在处理托盘类型：MH423C，销售订单号：LAMY16315FN01S
  - 该分组不适合列式（多非满柱）→ 回退 beam + 配方优先。
  - 配方优先[fast]：规划 0 实例，实装成功 0，配方路径不可用 → 采用基线方案。
  - 指数诊断：箱子 34 个，总指数 86.5，目标 192，理论最多达标托盘 0 个，剩余指数 86.5。
  - 几何诊断：典型整层堆叠单盘参考上限 73/192。 当前目标可能受托盘高度/箱型组合限制。
  - 几何诊断提示：典型整层参考值 73 < 目标 192；该值不是不可达证明，继续执行指数救援。
  - 失败托盘互借诊断：未合并（aborted_no_improvement_possible）。
托盘类型 MH423C（销售订单号：LAMY16315FN01S）处理完成：总托盘 2，指数达标 0，未达标 2，平均缺口 148.75，最大缺口 166.00，失败托盘互借修复成功 0。
  - KPI：near/mid/deep=0/0/2，救回率=0.00%，pair效率=0.00%。
  - 耗时拆解：packing=0.16s，main_topup=0.00s，retry=0.00s，failed_pool=0.00s，repack=0.33s，total=0.90s。
正在处理托盘类型：MH423C，销售订单号：PAID16305EC01S
  - 该分组不适合列式（多非满柱）→ 回退 beam + 配方优先。
  - 配方优先[fast]：规划 0 实例，实装成功 0，配方路径不可用 → 采用基线方案。
  - 指数诊断：箱子 2 个，总指数 2，目标 192，理论最多达标托盘 0 个，剩余指数 2。
  - 几何诊断：典型整层堆叠单盘参考上限 2/192。 当前目标可能受托盘高度/箱型组合限制。
  - 几何诊断提示：典型整层参考值 2 < 目标 192；该值不是不可达证明，继续执行指数救援。
  - 失败托盘互借诊断：未合并（no_target_or_single_plan）。
托盘类型 MH423C（销售订单号：PAID16305EC01S）处理完成：总托盘 1，指数达标 0，未达标 1，平均缺口 190.00，最大缺口 190.00，失败托盘互借修复成功 0。
  - KPI：near/mid/deep=0/0/1，救回率=0.00%，pair效率=0.00%。
  - 耗时拆解：packing=0.00s，main_topup=0.00s，retry=0.00s，failed_pool=0.00s，repack=0.00s，total=0.00s。
正在处理托盘类型：MH423C，销售订单号：LAID16306DN02S
  - 主算法：全局列式装箱 + 柱级组合优化（GCP）。
  - GCP 盘数远超理论（CP-SAT 装不满）→ 回退 baseline beam + 配方优先。
  - 配方优先[fast]：规划 0 实例，实装成功 0，配方路径不可用 → 采用基线方案。
  - 指数诊断：箱子 44 个，总指数 180，目标 192，理论最多达标托盘 0 个，剩余指数 180。
  - 几何诊断：典型整层堆叠单盘参考上限 100/192。 当前目标可能受托盘高度/箱型组合限制。
  - 几何诊断提示：典型整层参考值 100 < 目标 192；该值不是不可达证明，继续执行指数救援。
  - 失败托盘互借诊断：未合并（aborted_no_improvement_possible）。
托盘类型 MH423C（销售订单号：LAID16306DN02S）处理完成：总托盘 2，指数达标 0，未达标 2，平均缺口 102.00，最大缺口 178.00，失败托盘互借修复成功 0。
  - KPI：near/mid/deep=0/0/2，救回率=0.00%，pair效率=0.00%。
  - 耗时拆解：packing=0.29s，main_topup=0.00s，retry=0.00s，failed_pool=0.00s，repack=0.49s，total=2.15s。
正在处理托盘类型：MH423C，销售订单号：LAID16306DN02S__SPLITREST__
  - 该分组不适合列式（多非满柱）→ 回退 beam + 配方优先。
  - 配方优先[fast]：规划 0 实例，实装成功 0，配方路径不可用 → 采用基线方案。
  - 指数诊断：箱子 4 个，总指数 4，目标 192，理论最多达标托盘 0 个，剩余指数 4。
  - 几何诊断：典型整层堆叠单盘参考上限 4/192。 当前目标可能受托盘高度/箱型组合限制。
  - 几何诊断提示：典型整层参考值 4 < 目标 192；该值不是不可达证明，继续执行指数救援。
  - 失败托盘互借诊断：未合并（no_target_or_single_plan）。
托盘类型 MH423C（销售订单号：LAID16306DN02S__SPLITREST__）处理完成：总托盘 1，指数达标 0，未达标 1，平均缺口 188.00，最大缺口 188.00，失败托盘互借修复成功 0。
  - KPI：near/mid/deep=0/0/1，救回率=0.00%，pair效率=0.00%。
  - 耗时拆解：packing=0.00s，main_topup=0.00s，retry=0.00s，failed_pool=0.00s，repack=0.00s，total=0.02s。
正在处理托盘类型：MH423C，销售订单号：LAID16315EN01S
  - 主算法：全局列式装箱 + 柱级组合优化（GCP）。
  - 失败托盘互借诊断：未合并（no_target_or_single_plan）。
托盘类型 MH423C（销售订单号：LAID16315EN01S）处理完成：总托盘 1，指数达标 0，未达标 1，平均缺口 10.00，最大缺口 10.00，失败托盘互借修复成功 0。
  - KPI：near/mid/deep=0/1/0，救回率=0.00%，pair效率=0.00%。
  - 耗时拆解：packing=6.68s，main_topup=0.00s，retry=0.00s，failed_pool=0.00s，repack=0.00s，total=6.68s。
正在处理托盘类型：MH423C，销售订单号：PEG086300LN01S
  - 主算法：全局列式装箱 + 柱级组合优化（GCP）。
  - GCP 盘数远超理论（CP-SAT 装不满）→ 回退 baseline beam + 配方优先。
  - 配方优先[fast]：规划 0 实例，实装成功 0，配方路径不可用 → 采用基线方案。
  - 指数诊断：箱子 64 个，总指数 143，目标 192，理论最多达标托盘 0 个，剩余指数 143。
  - 几何诊断：典型整层堆叠单盘参考上限 101/192。 当前目标可能受托盘高度/箱型组合限制。
  - 几何诊断提示：典型整层参考值 101 < 目标 192；该值不是不可达证明，继续执行指数救援。
  - 失败盘装满压实：合并/吸收 1 次（纯减盘数）。
  - 失败托盘互借诊断：未合并（aborted_no_improvement_possible）。
托盘类型 MH423C（销售订单号：PEG086300LN01S）处理完成：总托盘 1，指数达标 0，未达标 1，平均缺口 49.00，最大缺口 49.00，失败托盘互借修复成功 0。
  - KPI：near/mid/deep=0/0/1，救回率=0.00%，pair效率=0.00%。
  - 耗时拆解：packing=0.76s，main_topup=0.01s，retry=0.00s，failed_pool=0.00s，repack=0.71s，total=5.43s。
正在处理托盘类型：MH423C，销售订单号：LAID16306DN03S
  - 该分组不适合列式（多非满柱）→ 回退 beam + 配方优先。
  - 配方优先[fast]：规划 0 实例，实装成功 0，配方路径不可用 → 采用基线方案。
  - 指数诊断：箱子 10 个，总指数 40，目标 192，理论最多达标托盘 0 个，剩余指数 40。
  - 几何诊断：典型整层堆叠单盘参考上限 36/192。 当前目标可能受托盘高度/箱型组合限制。
  - 几何诊断提示：典型整层参考值 36 < 目标 192；该值不是不可达证明，继续执行指数救援。
  - 失败托盘互借诊断：未合并（no_target_or_single_plan）。
托盘类型 MH423C（销售订单号：LAID16306DN03S）处理完成：总托盘 1，指数达标 0，未达标 1，平均缺口 152.00，最大缺口 152.00，失败托盘互借修复成功 0。
  - KPI：near/mid/deep=0/0/1，救回率=0.00%，pair效率=0.00%。
  - 耗时拆解：packing=0.03s，main_topup=0.00s，retry=0.00s，failed_pool=0.00s，repack=0.00s，total=0.03s。
正在处理托盘类型：MH423C，销售订单号：LFEG16310IN02S
  - 该分组不适合列式（多非满柱）→ 回退 beam + 配方优先。
  - 配方优先[fast]：规划 0 实例，实装成功 0，配方路径不可用 → 采用基线方案。
  - 指数诊断：箱子 58 个，总指数 166，目标 192，理论最多达标托盘 0 个，剩余指数 166。
  - 几何诊断：典型整层堆叠单盘参考上限 100/192。 当前目标可能受托盘高度/箱型组合限制。
  - 几何诊断提示：典型整层参考值 100 < 目标 192；该值不是不可达证明，继续执行指数救援。
  - 失败托盘互借诊断：未合并（aborted_no_improvement_possible）。
托盘类型 MH423C（销售订单号：LFEG16310IN02S）处理完成：总托盘 2，指数达标 0，未达标 2，平均缺口 109.00，最大缺口 187.00，失败托盘互借修复成功 0。
  - KPI：near/mid/deep=0/0/2，救回率=0.00%，pair效率=0.00%。
  - 耗时拆解：packing=0.47s，main_topup=0.01s，retry=0.00s，failed_pool=0.00s，repack=0.83s，total=2.72s。
正在处理托盘类型：MH423C，销售订单号：LFEG16310IN01S
  - 主算法：全局列式装箱 + 柱级组合优化（GCP）。
  - 失败托盘互借诊断：未合并（aborted_no_improvement_possible）。
托盘类型 MH423C（销售订单号：LFEG16310IN01S）处理完成：总托盘 2，指数达标 0，未达标 2，平均缺口 91.00，最大缺口 176.00，失败托盘互借修复成功 0。
  - KPI：near/mid/deep=1/0/1，救回率=0.00%，pair效率=0.00%。
  - 耗时拆解：packing=66.99s，main_topup=0.00s，retry=0.00s，failed_pool=0.00s，repack=1.04s，total=68.03s。
  - 条件双路径棘轮：替代完整路径通过守恒和最终门禁，严格优于 GCP，已采用。
正在处理托盘类型：MH423C，销售订单号：LFEG16310IN01S__SPLITREST__
  - 该分组不适合列式（多非满柱）→ 回退 beam + 配方优先。
  - 配方优先[fast]：规划 0 实例，实装成功 0，配方路径不可用 → 采用基线方案。
  - 指数诊断：箱子 3 个，总指数 8，目标 192，理论最多达标托盘 0 个，剩余指数 8。
  - 几何诊断：典型整层堆叠单盘参考上限 8/192。 当前目标可能受托盘高度/箱型组合限制。
  - 几何诊断提示：典型整层参考值 8 < 目标 192；该值不是不可达证明，继续执行指数救援。
  - 失败托盘互借诊断：未合并（no_target_or_single_plan）。
托盘类型 MH423C（销售订单号：LFEG16310IN01S__SPLITREST__）处理完成：总托盘 1，指数达标 0，未达标 1，平均缺口 184.00，最大缺口 184.00，失败托盘互借修复成功 0。
  - KPI：near/mid/deep=0/0/1，救回率=0.00%，pair效率=0.00%。
  - 耗时拆解：packing=0.00s，main_topup=0.00s，retry=0.00s，failed_pool=0.00s，repack=0.00s，total=0.01s。
正在处理托盘类型：MH423C，销售订单号：LFEG16316AN01S
  - 主算法：全局列式装箱 + 柱级组合优化（GCP）。
  - 失败托盘互借诊断：未合并（no_target_or_single_plan）。
托盘类型 MH423C（销售订单号：LFEG16316AN01S）处理完成：总托盘 1，指数达标 0，未达标 1，平均缺口 131.00，最大缺口 131.00，失败托盘互借修复成功 0。
  - KPI：near/mid/deep=0/0/1，救回率=0.00%，pair效率=0.00%。
  - 耗时拆解：packing=0.05s，main_topup=0.00s，retry=0.00s，failed_pool=0.00s，repack=0.00s，total=0.05s。
正在处理托盘类型：MH423C，销售订单号：PAIN26310BC02S
  - 该分组不适合列式（多非满柱）→ 回退 beam + 配方优先。
  - 配方优先[fast]：规划 0 实例，实装成功 0，配方路径不可用 → 采用基线方案。
  - 指数诊断：箱子 12 个，总指数 86，目标 192，理论最多达标托盘 0 个，剩余指数 86。
  - 几何诊断：典型整层堆叠单盘参考上限 52/192。 当前目标可能受托盘高度/箱型组合限制。
  - 几何诊断提示：典型整层参考值 52 < 目标 192；该值不是不可达证明，继续执行指数救援。
  - 失败托盘互借诊断：未合并（no_target_or_single_plan）。
托盘类型 MH423C（销售订单号：PAIN26310BC02S）处理完成：总托盘 1，指数达标 0，未达标 1，平均缺口 106.00，最大缺口 106.00，失败托盘互借修复成功 0。
  - KPI：near/mid/deep=0/0/1，救回率=0.00%，pair效率=0.00%。
  - 耗时拆解：packing=0.04s，main_topup=0.00s，retry=0.00s，failed_pool=0.00s，repack=0.00s，total=0.05s。
正在处理托盘类型：MH423C，销售订单号：LFEG16310IN03S
  - 主算法：全局列式装箱 + 柱级组合优化（GCP）。
  - GCP 盘数远超理论（CP-SAT 装不满）→ 回退 baseline beam + 配方优先。
  - 托盘 MH423C-LFEG16310IN03S-2 未找到可行装箱方案，启用剩余箱子守恒兜底。
  - 配方优先[fast]：规划 0 实例，实装成功 0，配方路径不可用 → 采用基线方案。
  - 指数诊断：箱子 48 个，总指数 186，目标 192，理论最多达标托盘 0 个，剩余指数 186。
  - 几何诊断：典型整层堆叠单盘参考上限 152/192。 当前目标可能受托盘高度/箱型组合限制。
  - 几何诊断提示：典型整层参考值 152 < 目标 192；该值不是不可达证明，继续执行指数救援。
  - 失败托盘互借诊断：未合并（aborted_no_improvement_possible）。
托盘类型 MH423C（销售订单号：LFEG16310IN03S）处理完成：总托盘 3，指数达标 0，未达标 3，平均缺口 130.00，最大缺口 190.00，失败托盘互借修复成功 0。
  - KPI：near/mid/deep=0/1/2，救回率=0.00%，pair效率=0.00%。
  - 耗时拆解：packing=0.28s，main_topup=0.00s，retry=0.00s，failed_pool=0.00s，repack=0.71s，total=2.32s。
正在处理托盘类型：MH423C，销售订单号：LFEG16310IN03S__SPLITREST__
  - 该分组不适合列式（多非满柱）→ 回退 beam + 配方优先。
  - 配方优先[fast]：规划 0 实例，实装成功 0，配方路径不可用 → 采用基线方案。
  - 指数诊断：箱子 18 个，总指数 27，目标 192，理论最多达标托盘 0 个，剩余指数 27。
  - 几何诊断：典型整层堆叠单盘参考上限 23/192。 当前目标可能受托盘高度/箱型组合限制。
  - 几何诊断提示：典型整层参考值 23 < 目标 192；该值不是不可达证明，继续执行指数救援。
  - 失败托盘互借诊断：未合并（no_target_or_single_plan）。
托盘类型 MH423C（销售订单号：LFEG16310IN03S__SPLITREST__）处理完成：总托盘 1，指数达标 0，未达标 1，平均缺口 165.00，最大缺口 165.00，失败托盘互借修复成功 0。
  - KPI：near/mid/deep=0/0/1，救回率=0.00%，pair效率=0.00%。
  - 耗时拆解：packing=0.09s，main_topup=0.00s，retry=0.00s，failed_pool=0.00s，repack=0.00s，total=0.09s。
正在处理托盘类型：MH423C，销售订单号：PAIN26316EC02S
  - 主算法：全局列式装箱 + 柱级组合优化（GCP）。
  - GCP 盘数远超理论（CP-SAT 装不满）→ 回退 baseline beam + 配方优先。
  - 配方优先[fast]：规划 0 实例，实装成功 0，配方路径不可用 → 采用基线方案。
  - 指数诊断：箱子 61 个，总指数 168，目标 192，理论最多达标托盘 0 个，剩余指数 168。
  - 几何诊断：典型整层堆叠单盘参考上限 116/192。 当前目标可能受托盘高度/箱型组合限制。
  - 几何诊断提示：典型整层参考值 116 < 目标 192；该值不是不可达证明，继续执行指数救援。
  - 失败托盘互借诊断：未合并（aborted_no_improvement_possible）。
托盘类型 MH423C（销售订单号：PAIN26316EC02S）处理完成：总托盘 2，指数达标 0，未达标 2，平均缺口 108.00，最大缺口 122.00，失败托盘互借修复成功 0。
  - KPI：near/mid/deep=0/0/2，救回率=0.00%，pair效率=0.00%。
  - 耗时拆解：packing=0.06s，main_topup=0.00s，retry=0.00s，failed_pool=0.00s，repack=1.33s，total=2.49s。
正在处理托盘类型：MH423C，销售订单号：PAIN26296EC02S
  - 主算法：全局列式装箱 + 柱级组合优化（GCP）。
  - 失败托盘互借诊断：未合并（no_target_or_single_plan）。
托盘类型 MH423C（销售订单号：PAIN26296EC02S）处理完成：总托盘 1，指数达标 0，未达标 1，平均缺口 116.00，最大缺口 116.00，失败托盘互借修复成功 0。
  - KPI：near/mid/deep=0/0/1，救回率=0.00%，pair效率=0.00%。
  - 耗时拆解：packing=0.12s，main_topup=0.00s，retry=0.00s，failed_pool=0.00s，repack=0.00s，total=0.12s。
正在处理托盘类型：MH423C，销售订单号：LFEG16300IN02S
  - 该分组不适合列式（多非满柱）→ 回退 beam + 配方优先。
  - 配方优先[fast]：规划 0 实例，实装成功 0，配方路径不可用 → 采用基线方案。
  - 指数诊断：箱子 10 个，总指数 19，目标 192，理论最多达标托盘 0 个，剩余指数 19。
  - 几何诊断：典型整层堆叠单盘参考上限 19/192。 当前目标可能受托盘高度/箱型组合限制。
  - 几何诊断提示：典型整层参考值 19 < 目标 192；该值不是不可达证明，继续执行指数救援。
  - 失败托盘互借诊断：未合并（no_target_or_single_plan）。
托盘类型 MH423C（销售订单号：LFEG16300IN02S）处理完成：总托盘 1，指数达标 0，未达标 1，平均缺口 173.00，最大缺口 173.00，失败托盘互借修复成功 0。
  - KPI：near/mid/deep=0/0/1，救回率=0.00%，pair效率=0.00%。
  - 耗时拆解：packing=0.01s，main_topup=0.00s，retry=0.00s，failed_pool=0.00s，repack=0.00s，total=0.06s。
正在处理托盘类型：MH423C，销售订单号：PAID16315AN01S
  - 该分组不适合列式（多非满柱）→ 回退 beam + 配方优先。
  - 配方优先[fast]：规划 0 实例，实装成功 0，配方路径不可用 → 采用基线方案。
  - 指数诊断：箱子 1 个，总指数 1，目标 192，理论最多达标托盘 0 个，剩余指数 1。
  - 几何诊断：典型整层堆叠单盘参考上限 1/192。 当前目标可能受托盘高度/箱型组合限制。
  - 几何诊断提示：典型整层参考值 1 < 目标 192；该值不是不可达证明，继续执行指数救援。
  - 失败托盘互借诊断：未合并（no_target_or_single_plan）。
托盘类型 MH423C（销售订单号：PAID16315AN01S）处理完成：总托盘 1，指数达标 0，未达标 1，平均缺口 191.00，最大缺口 191.00，失败托盘互借修复成功 0。
  - KPI：near/mid/deep=0/0/1，救回率=0.00%，pair效率=0.00%。
  - 耗时拆解：packing=0.00s，main_topup=0.00s，retry=0.00s，failed_pool=0.00s，repack=0.00s，total=0.00s。
正在处理托盘类型：MH423C，销售订单号：PAIN26310BN01S
  - 主算法：全局列式装箱 + 柱级组合优化（GCP）。
  - 失败托盘互借诊断：未合并（no_target_or_single_plan）。
托盘类型 MH423C（销售订单号：PAIN26310BN01S）处理完成：总托盘 1，指数达标 0，未达标 1，平均缺口 156.00，最大缺口 156.00，失败托盘互借修复成功 0。
  - KPI：near/mid/deep=0/0/1，救回率=0.00%，pair效率=0.00%。
  - 耗时拆解：packing=0.02s，main_topup=0.00s，retry=0.00s，failed_pool=0.00s，repack=0.00s，total=0.02s。
正在处理托盘类型：MH423C，销售订单号：LAID16315EN03S
  - 主算法：全局列式装箱 + 柱级组合优化（GCP）。
  - 失败托盘互借诊断：未合并（aborted_no_improvement_possible）。
托盘类型 MH423C（销售订单号：LAID16315EN03S）处理完成：总托盘 2，指数达标 0，未达标 2，平均缺口 108.50，最大缺口 171.00，失败托盘互借修复成功 0。
  - KPI：near/mid/deep=0/0/2，救回率=0.00%，pair效率=0.00%。
  - 耗时拆解：packing=1.64s，main_topup=0.00s，retry=0.00s，failed_pool=0.00s，repack=1.35s，total=2.99s。
正在处理托盘类型：MH423C，销售订单号：PAID16316DN01S
  - 该分组不适合列式（多非满柱）→ 回退 beam + 配方优先。
  - 配方优先[fast]：规划 0 实例，实装成功 0，配方路径不可用 → 采用基线方案。
  - 指数诊断：箱子 2 个，总指数 8，目标 192，理论最多达标托盘 0 个，剩余指数 8。
  - 几何诊断：典型整层堆叠单盘参考上限 8/192。 当前目标可能受托盘高度/箱型组合限制。
  - 几何诊断提示：典型整层参考值 8 < 目标 192；该值不是不可达证明，继续执行指数救援。
  - 失败托盘互借诊断：未合并（no_target_or_single_plan）。
托盘类型 MH423C（销售订单号：PAID16316DN01S）处理完成：总托盘 1，指数达标 0，未达标 1，平均缺口 184.00，最大缺口 184.00，失败托盘互借修复成功 0。
  - KPI：near/mid/deep=0/0/1，救回率=0.00%，pair效率=0.00%。
  - 耗时拆解：packing=0.00s，main_topup=0.00s，retry=0.00s，failed_pool=0.00s，repack=0.00s，total=0.00s。
正在处理托盘类型：MH423C，销售订单号：LAID16316DN03S
  - 主算法：全局列式装箱 + 柱级组合优化（GCP）。
  - 失败托盘互借诊断：未合并（no_target_or_single_plan）。
托盘类型 MH423C（销售订单号：LAID16316DN03S）处理完成：总托盘 1，指数达标 0，未达标 1，平均缺口 168.00，最大缺口 168.00，失败托盘互借修复成功 0。
  - KPI：near/mid/deep=0/0/1，救回率=0.00%，pair效率=0.00%。
  - 耗时拆解：packing=0.01s，main_topup=0.00s，retry=0.00s，failed_pool=0.00s，repack=0.00s，total=0.01s。
正在处理托盘类型：MH423C，销售订单号：LAID16316DN03S__SPLITREST__
  - 该分组不适合列式（多非满柱）→ 回退 beam + 配方优先。
  - 配方优先[fast]：规划 0 实例，实装成功 0，配方路径不可用 → 采用基线方案。
  - 指数诊断：箱子 2 个，总指数 5，目标 192，理论最多达标托盘 0 个，剩余指数 5。
  - 几何诊断：典型整层堆叠单盘参考上限 5/192。 当前目标可能受托盘高度/箱型组合限制。
  - 几何诊断提示：典型整层参考值 5 < 目标 192；该值不是不可达证明，继续执行指数救援。
  - 失败托盘互借诊断：未合并（no_target_or_single_plan）。
托盘类型 MH423C（销售订单号：LAID16316DN03S__SPLITREST__）处理完成：总托盘 1，指数达标 0，未达标 1，平均缺口 187.00，最大缺口 187.00，失败托盘互借修复成功 0。
  - KPI：near/mid/deep=0/0/1，救回率=0.00%，pair效率=0.00%。
  - 耗时拆解：packing=0.00s，main_topup=0.00s，retry=0.00s，failed_pool=0.00s，repack=0.00s，total=0.00s。
正在处理托盘类型：MH423C，销售订单号：LAID16316DN02S
  - 主算法：全局列式装箱 + 柱级组合优化（GCP）。
  - 失败托盘互借诊断：未合并（no_target_or_single_plan）。
托盘类型 MH423C（销售订单号：LAID16316DN02S）处理完成：总托盘 1，指数达标 0，未达标 1，平均缺口 136.00，最大缺口 136.00，失败托盘互借修复成功 0。
  - KPI：near/mid/deep=0/0/1，救回率=0.00%，pair效率=0.00%。
  - 耗时拆解：packing=0.09s，main_topup=0.00s，retry=0.00s，failed_pool=0.00s，repack=0.00s，total=0.09s。
正在处理托盘类型：MH423C，销售订单号：LAID16316DN02S__SPLITREST__
  - 该分组不适合列式（多非满柱）→ 回退 beam + 配方优先。
  - 配方优先[fast]：规划 0 实例，实装成功 0，配方路径不可用 → 采用基线方案。
  - 指数诊断：箱子 1 个，总指数 4，目标 192，理论最多达标托盘 0 个，剩余指数 4。
  - 几何诊断：典型整层堆叠单盘参考上限 4/192。 当前目标可能受托盘高度/箱型组合限制。
  - 几何诊断提示：典型整层参考值 4 < 目标 192；该值不是不可达证明，继续执行指数救援。
  - 失败托盘互借诊断：未合并（no_target_or_single_plan）。
托盘类型 MH423C（销售订单号：LAID16316DN02S__SPLITREST__）处理完成：总托盘 1，指数达标 0，未达标 1，平均缺口 188.00，最大缺口 188.00，失败托盘互借修复成功 0。
  - KPI：near/mid/deep=0/0/1，救回率=0.00%，pair效率=0.00%。
  - 耗时拆解：packing=0.00s，main_topup=0.00s，retry=0.00s，failed_pool=0.00s，repack=0.00s，total=0.00s。
正在处理托盘类型：MH423C，销售订单号：LAID16315EN02S
  - 该分组不适合列式（多非满柱）→ 回退 beam + 配方优先。
  - 配方优先[fast]：规划 0 实例，实装成功 0，配方路径不可用 → 采用基线方案。
  - 指数诊断：箱子 18 个，总指数 41，目标 192，理论最多达标托盘 0 个，剩余指数 41。
  - 几何诊断：典型整层堆叠单盘参考上限 41/192。 当前目标可能受托盘高度/箱型组合限制。
  - 几何诊断提示：典型整层参考值 41 < 目标 192；该值不是不可达证明，继续执行指数救援。
  - 失败托盘互借诊断：未合并（no_target_or_single_plan）。
托盘类型 MH423C（销售订单号：LAID16315EN02S）处理完成：总托盘 1，指数达标 0，未达标 1，平均缺口 151.00，最大缺口 151.00，失败托盘互借修复成功 0。
  - KPI：near/mid/deep=0/0/1，救回率=0.00%，pair效率=0.00%。
  - 耗时拆解：packing=0.13s，main_topup=0.00s，retry=0.00s，failed_pool=0.00s，repack=0.00s，total=0.13s。
正在处理托盘类型：MH423C，销售订单号：LAID16316DN01S
  - 该分组不适合列式（多非满柱）→ 回退 beam + 配方优先。
  - 配方优先[fast]：规划 0 实例，实装成功 0，配方路径不可用 → 采用基线方案。
  - 指数诊断：箱子 21 个，总指数 121，目标 192，理论最多达标托盘 0 个，剩余指数 121。
  - 几何诊断：典型整层堆叠单盘参考上限 70/192。 当前目标可能受托盘高度/箱型组合限制。
  - 几何诊断提示：典型整层参考值 70 < 目标 192；该值不是不可达证明，继续执行指数救援。
  - 失败盘装满压实：合并/吸收 1 次（纯减盘数）。
  - 失败托盘互借诊断：未合并（not_better）。
托盘类型 MH423C（销售订单号：LAID16316DN01S）处理完成：总托盘 1，指数达标 0，未达标 1，平均缺口 71.00，最大缺口 71.00，失败托盘互借修复成功 0。
  - KPI：near/mid/deep=0/0/1，救回率=0.00%，pair效率=0.00%。
  - 耗时拆解：packing=0.01s，main_topup=0.00s，retry=0.00s，failed_pool=0.00s，repack=0.07s，total=0.08s。
正在处理托盘类型：MH423C，销售订单号：PAID163108N01S
  - 主算法：全局列式装箱 + 柱级组合优化（GCP）。
  - 失败托盘互借诊断：未合并（no_target_or_single_plan）。
托盘类型 MH423C（销售订单号：PAID163108N01S）处理完成：总托盘 1，指数达标 0，未达标 1，平均缺口 104.00，最大缺口 104.00，失败托盘互借修复成功 0。
  - KPI：near/mid/deep=0/0/1，救回率=0.00%，pair效率=0.00%。
  - 耗时拆解：packing=0.43s，main_topup=0.00s，retry=0.00s，failed_pool=0.00s，repack=0.00s，total=0.43s。
正在处理托盘类型：MH423C，销售订单号：PAID16315BN01S
  - 主算法：全局列式装箱 + 柱级组合优化（GCP）。
  - 失败托盘互借诊断：未合并（no_target_or_single_plan）。
托盘类型 MH423C（销售订单号：PAID16315BN01S）处理完成：总托盘 1，指数达标 0，未达标 1，平均缺口 154.00，最大缺口 154.00，失败托盘互借修复成功 0。
  - KPI：near/mid/deep=0/0/1，救回率=0.00%，pair效率=0.00%。
  - 耗时拆解：packing=0.13s，main_topup=0.00s，retry=0.00s，failed_pool=0.00s，repack=0.00s，total=0.13s。
正在处理托盘类型：MH423C，销售订单号：PAID163108N03S
  - 该分组不适合列式（多非满柱）→ 回退 beam + 配方优先。
  - 配方优先[fast]：规划 0 实例，实装成功 0，配方路径不可用 → 采用基线方案。
  - 指数诊断：箱子 1 个，总指数 2，目标 192，理论最多达标托盘 0 个，剩余指数 2。
  - 几何诊断：典型整层堆叠单盘参考上限 2/192。 当前目标可能受托盘高度/箱型组合限制。
  - 几何诊断提示：典型整层参考值 2 < 目标 192；该值不是不可达证明，继续执行指数救援。
  - 失败托盘互借诊断：未合并（no_target_or_single_plan）。
托盘类型 MH423C（销售订单号：PAID163108N03S）处理完成：总托盘 1，指数达标 0，未达标 1，平均缺口 190.00，最大缺口 190.00，失败托盘互借修复成功 0。
  - KPI：near/mid/deep=0/0/1，救回率=0.00%，pair效率=0.00%。
  - 耗时拆解：packing=0.00s，main_topup=0.00s，retry=0.00s，failed_pool=0.00s，repack=0.00s，total=0.00s。
正在处理托盘类型：MH423C，销售订单号：PAID16300FN01S
  - 该分组不适合列式（多非满柱）→ 回退 beam + 配方优先。
  - 配方优先[fast]：规划 0 实例，实装成功 0，配方路径不可用 → 采用基线方案。
  - 指数诊断：箱子 2 个，总指数 8，目标 192，理论最多达标托盘 0 个，剩余指数 8。
  - 几何诊断：典型整层堆叠单盘参考上限 8/192。 当前目标可能受托盘高度/箱型组合限制。
  - 几何诊断提示：典型整层参考值 8 < 目标 192；该值不是不可达证明，继续执行指数救援。
  - 失败托盘互借诊断：未合并（no_target_or_single_plan）。
托盘类型 MH423C（销售订单号：PAID16300FN01S）处理完成：总托盘 1，指数达标 0，未达标 1，平均缺口 184.00，最大缺口 184.00，失败托盘互借修复成功 0。
  - KPI：near/mid/deep=0/0/1，救回率=0.00%，pair效率=0.00%。
  - 耗时拆解：packing=0.00s，main_topup=0.00s，retry=0.00s，failed_pool=0.00s，repack=0.00s，total=0.00s。
正在处理托盘类型：MH423C，销售订单号：LFEG16316AN02S
  - 主算法：全局列式装箱 + 柱级组合优化（GCP）。
  - 失败托盘互借诊断：未合并（no_target_or_single_plan）。
托盘类型 MH423C（销售订单号：LFEG16316AN02S）处理完成：总托盘 1，指数达标 0，未达标 1，平均缺口 70.00，最大缺口 70.00，失败托盘互借修复成功 0。
  - KPI：near/mid/deep=0/0/1，救回率=0.00%，pair效率=0.00%。
  - 耗时拆解：packing=0.13s，main_topup=0.00s，retry=0.00s，failed_pool=0.00s，repack=0.00s，total=0.13s。
正在处理托盘类型：MH423C，销售订单号：LFEG16316AN02S__SPLITREST__
  - 该分组不适合列式（多非满柱）→ 回退 beam + 配方优先。
  - 配方优先[fast]：规划 0 实例，实装成功 0，配方路径不可用 → 采用基线方案。
  - 指数诊断：箱子 1 个，总指数 2，目标 192，理论最多达标托盘 0 个，剩余指数 2。
  - 几何诊断：典型整层堆叠单盘参考上限 2/192。 当前目标可能受托盘高度/箱型组合限制。
  - 几何诊断提示：典型整层参考值 2 < 目标 192；该值不是不可达证明，继续执行指数救援。
  - 失败托盘互借诊断：未合并（no_target_or_single_plan）。
托盘类型 MH423C（销售订单号：LFEG16316AN02S__SPLITREST__）处理完成：总托盘 1，指数达标 0，未达标 1，平均缺口 190.00，最大缺口 190.00，失败托盘互借修复成功 0。
  - KPI：near/mid/deep=0/0/1，救回率=0.00%，pair效率=0.00%。
  - 耗时拆解：packing=0.00s，main_topup=0.00s，retry=0.00s，failed_pool=0.00s，repack=0.00s，total=0.00s。
正在处理托盘类型：MH423C，销售订单号：LFEG16300IN01S
  - 该分组不适合列式（多非满柱）→ 回退 beam + 配方优先。
  - 配方优先[fast]：规划 0 实例，实装成功 0，配方路径不可用 → 采用基线方案。
  - 指数诊断：箱子 2 个，总指数 1，目标 192，理论最多达标托盘 0 个，剩余指数 1。
  - 几何诊断：典型整层堆叠单盘参考上限 1/192。 当前目标可能受托盘高度/箱型组合限制。
  - 几何诊断提示：典型整层参考值 1 < 目标 192；该值不是不可达证明，继续执行指数救援。
  - 失败托盘互借诊断：未合并（no_target_or_single_plan）。
托盘类型 MH423C（销售订单号：LFEG16300IN01S）处理完成：总托盘 1，指数达标 0，未达标 1，平均缺口 191.00，最大缺口 191.00，失败托盘互借修复成功 0。
  - KPI：near/mid/deep=0/0/1，救回率=0.00%，pair效率=0.00%。
  - 耗时拆解：packing=0.00s，main_topup=0.00s，retry=0.00s，failed_pool=0.00s，repack=0.00s，total=0.00s。
正在处理托盘类型：MH423C，销售订单号：PAIN26310MZ05S
  - 该分组不适合列式（多非满柱）→ 回退 beam + 配方优先。
  - 配方优先[fast]：规划 0 实例，实装成功 0，配方路径不可用 → 采用基线方案。
  - 指数诊断：箱子 55 个，总指数 818，目标 192，理论最多达标托盘 4 个，剩余指数 50。
  - 几何诊断：典型整层堆叠单盘参考上限 160/192。 当前目标可能受托盘高度/箱型组合限制。
  - 几何诊断提示：典型整层参考值 160 < 目标 192；该值不是不可达证明，继续执行指数救援。
  - 失败托盘互借诊断：未合并（aborted_no_improvement_possible）。
托盘类型 MH423C（销售订单号：PAIN26310MZ05S）处理完成：总托盘 7，指数达标 0，未达标 7，平均缺口 75.14，最大缺口 174.00，失败托盘互借修复成功 0。
  - KPI：near/mid/deep=0/0/7，救回率=0.00%，pair效率=0.00%。
  - 耗时拆解：packing=0.13s，main_topup=0.00s，retry=0.00s，failed_pool=0.21s，repack=0.74s，total=0.88s。
正在处理托盘类型：MH423C，销售订单号：LFEG16320IN01S
  - 主算法：全局列式装箱 + 柱级组合优化（GCP）。
  - 失败盘装满压实：合并/吸收 1 次（纯减盘数）。
  - 失败托盘互借诊断：未合并（aborted_no_improvement_possible）。
托盘类型 MH423C（销售订单号：LFEG16320IN01S）处理完成：总托盘 1，指数达标 0，未达标 1，平均缺口 168.00，最大缺口 168.00，失败托盘互借修复成功 0。
  - KPI：near/mid/deep=0/0/1，救回率=0.00%，pair效率=0.00%。
  - 耗时拆解：packing=0.00s，main_topup=0.00s，retry=0.00s，failed_pool=0.00s，repack=0.01s，total=0.01s。
正在处理托盘类型：MH423C，销售订单号：LFEG16320IN03S
  - 主算法：全局列式装箱 + 柱级组合优化（GCP）。
  - 失败盘装满压实：合并/吸收 1 次（纯减盘数）。
  - 失败托盘互借诊断：未合并（aborted_no_improvement_possible）。
托盘类型 MH423C（销售订单号：LFEG16320IN03S）处理完成：总托盘 1，指数达标 0，未达标 1，平均缺口 168.00，最大缺口 168.00，失败托盘互借修复成功 0。
  - KPI：near/mid/deep=0/0/1，救回率=0.00%，pair效率=0.00%。
  - 耗时拆解：packing=0.00s，main_topup=0.00s，retry=0.00s，failed_pool=0.00s，repack=0.01s，total=0.02s。
正在处理托盘类型：MH423C，销售订单号：PAIN26310GN01S
  - 主算法：全局列式装箱 + 柱级组合优化（GCP）。
  - 失败托盘互借诊断：未合并（no_target_or_single_plan）。
托盘类型 MH423C（销售订单号：PAIN26310GN01S）处理完成：总托盘 1，指数达标 0，未达标 1，平均缺口 19.00，最大缺口 19.00，失败托盘互借修复成功 0。
  - KPI：near/mid/deep=0/1/0，救回率=0.00%，pair效率=0.00%。
  - 耗时拆解：packing=4.86s，main_topup=0.00s，retry=0.00s，failed_pool=0.00s，repack=0.00s，total=4.86s。
正在处理托盘类型：MH423C，销售订单号：PAIN26310MN01S
  - 主算法：全局列式装箱 + 柱级组合优化（GCP）。
  - 失败托盘互借诊断：未合并（less_than_2_consolidatable）。
托盘类型 MH423C（销售订单号：PAIN26310MN01S）处理完成：总托盘 2，指数达标 1，未达标 1，平均缺口 167.00，最大缺口 167.00，失败托盘互借修复成功 0。
  - KPI：near/mid/deep=0/0/1，救回率=0.00%，pair效率=0.00%。
  - 耗时拆解：packing=0.21s，main_topup=0.00s，retry=0.00s，failed_pool=0.00s，repack=0.00s，total=0.21s。
正在处理托盘类型：MH423C，销售订单号：PEG126320LN02S
  - 该分组不适合列式（多非满柱）→ 回退 beam + 配方优先。
  - 配方优先[fast]：规划 0 实例，实装成功 0，配方路径不可用 → 采用基线方案。
  - 指数诊断：箱子 1 个，总指数 6，目标 192，理论最多达标托盘 0 个，剩余指数 6。
  - 几何诊断：典型整层堆叠单盘参考上限 6/192。 当前目标可能受托盘高度/箱型组合限制。
  - 几何诊断提示：典型整层参考值 6 < 目标 192；该值不是不可达证明，继续执行指数救援。
  - 失败托盘互借诊断：未合并（no_target_or_single_plan）。
托盘类型 MH423C（销售订单号：PEG126320LN02S）处理完成：总托盘 1，指数达标 0，未达标 1，平均缺口 186.00，最大缺口 186.00，失败托盘互借修复成功 0。
  - KPI：near/mid/deep=0/0/1，救回率=0.00%，pair效率=0.00%。
  - 耗时拆解：packing=0.00s，main_topup=0.00s，retry=0.00s，failed_pool=0.00s，repack=0.00s，total=0.00s。
正在处理托盘类型：MH423C，销售订单号：PAIN26290MN02S
  - 该分组不适合列式（多非满柱）→ 回退 beam + 配方优先。
  - 配方优先[fast]：规划 0 实例，实装成功 0，配方路径不可用 → 采用基线方案。
  - 指数诊断：箱子 7 个，总指数 26，目标 192，理论最多达标托盘 0 个，剩余指数 26。
  - 几何诊断：典型整层堆叠单盘参考上限 26/192。 当前目标可能受托盘高度/箱型组合限制。
  - 几何诊断提示：典型整层参考值 26 < 目标 192；该值不是不可达证明，继续执行指数救援。
  - 失败托盘互借诊断：未合并（no_target_or_single_plan）。
托盘类型 MH423C（销售订单号：PAIN26290MN02S）处理完成：总托盘 1，指数达标 0，未达标 1，平均缺口 166.00，最大缺口 166.00，失败托盘互借修复成功 0。
  - KPI：near/mid/deep=0/0/1，救回率=0.00%，pair效率=0.00%。
  - 耗时拆解：packing=0.01s，main_topup=0.00s，retry=0.00s，failed_pool=0.00s，repack=0.00s，total=0.03s。
正在处理托盘类型：MH423C，销售订单号：PAIN26310GC02S
  - 该分组不适合列式（多非满柱）→ 回退 beam + 配方优先。
  - 配方优先[fast]：规划 0 实例，实装成功 0，配方路径不可用 → 采用基线方案。
  - 指数诊断：箱子 3 个，总指数 6，目标 192，理论最多达标托盘 0 个，剩余指数 6。
  - 几何诊断：典型整层堆叠单盘参考上限 6/192。 当前目标可能受托盘高度/箱型组合限制。
  - 几何诊断提示：典型整层参考值 6 < 目标 192；该值不是不可达证明，继续执行指数救援。
  - 失败托盘互借诊断：未合并（no_target_or_single_plan）。
托盘类型 MH423C（销售订单号：PAIN26310GC02S）处理完成：总托盘 1，指数达标 0，未达标 1，平均缺口 186.00，最大缺口 186.00，失败托盘互借修复成功 0。
  - KPI：near/mid/deep=0/0/1，救回率=0.00%，pair效率=0.00%。
  - 耗时拆解：packing=0.00s，main_topup=0.00s，retry=0.00s，failed_pool=0.00s，repack=0.00s，total=0.01s。
正在处理托盘类型：MH423C，销售订单号：PAID163108C02S
  - 该分组不适合列式（多非满柱）→ 回退 beam + 配方优先。
  - 配方优先[fast]：规划 0 实例，实装成功 0，配方路径不可用 → 采用基线方案。
  - 指数诊断：箱子 1 个，总指数 8，目标 192，理论最多达标托盘 0 个，剩余指数 8。
  - 几何诊断：典型整层堆叠单盘参考上限 8/192。 当前目标可能受托盘高度/箱型组合限制。
  - 几何诊断提示：典型整层参考值 8 < 目标 192；该值不是不可达证明，继续执行指数救援。
  - 失败托盘互借诊断：未合并（no_target_or_single_plan）。
托盘类型 MH423C（销售订单号：PAID163108C02S）处理完成：总托盘 1，指数达标 0，未达标 1，平均缺口 184.00，最大缺口 184.00，失败托盘互借修复成功 0。
  - KPI：near/mid/deep=0/0/1，救回率=0.00%，pair效率=0.00%。
  - 耗时拆解：packing=0.00s，main_topup=0.00s，retry=0.00s，failed_pool=0.00s，repack=0.00s，total=0.00s。
正在处理托盘类型：MH423C，销售订单号：PEG126320LN01S
  - 主算法：全局列式装箱 + 柱级组合优化（GCP）。
  - 失败托盘互借诊断：未合并（no_target_or_single_plan）。
托盘类型 MH423C（销售订单号：PEG126320LN01S）处理完成：总托盘 1，指数达标 0，未达标 1，平均缺口 170.00，最大缺口 170.00，失败托盘互借修复成功 0。
  - KPI：near/mid/deep=0/0/1，救回率=0.00%，pair效率=0.00%。
  - 耗时拆解：packing=0.09s，main_topup=0.00s，retry=0.00s，failed_pool=0.00s，repack=0.00s，total=0.09s。
正在处理托盘类型：MH423C，销售订单号：PAIN26316EN01S
  - 该分组不适合列式（多非满柱）→ 回退 beam + 配方优先。
  - 配方优先[fast]：规划 2 实例，实装成功 2，失败回兜底 0；达标 2，直接采用配方方案（基线未跑，--safe 可审计对比）。
  - 指数诊断：箱子 123 个，总指数 581，目标 192，理论最多达标托盘 3 个，剩余指数 5。
  - 几何诊断：典型整层堆叠单盘参考上限 192/192。
  - 失败托盘互借诊断：未合并（aborted_no_improvement_possible）。
托盘类型 MH423C（销售订单号：PAIN26316EN01S）处理完成：总托盘 4，指数达标 2，未达标 2，平均缺口 93.50，最大缺口 184.00，失败托盘互借修复成功 0。
  - KPI：near/mid/deep=1/0/1，救回率=0.00%，pair效率=0.00%。
  - 耗时拆解：packing=0.32s，main_topup=0.00s，retry=0.00s，failed_pool=2.24s，repack=3.76s，total=4.09s。
正在处理托盘类型：MH423C，销售订单号：PAIN26296EN01S
  - 主算法：全局列式装箱 + 柱级组合优化（GCP）。
  - 失败托盘互借诊断：未合并（no_target_or_single_plan）。
托盘类型 MH423C（销售订单号：PAIN26296EN01S）处理完成：总托盘 1，指数达标 0，未达标 1，平均缺口 100.00，最大缺口 100.00，失败托盘互借修复成功 0。
  - KPI：near/mid/deep=0/0/1，救回率=0.00%，pair效率=0.00%。
  - 耗时拆解：packing=4.26s，main_topup=0.00s，retry=0.00s，failed_pool=0.00s，repack=0.00s，total=4.26s。
正在处理托盘类型：MH423C，销售订单号：PAIN26310MN06S
  - 主算法：全局列式装箱 + 柱级组合优化（GCP）。
  - 失败托盘互借诊断：未合并（no_target_or_single_plan）。
托盘类型 MH423C（销售订单号：PAIN26310MN06S）处理完成：总托盘 1，指数达标 0，未达标 1，平均缺口 36.00，最大缺口 36.00，失败托盘互借修复成功 0。
  - KPI：near/mid/deep=0/0/1，救回率=0.00%，pair效率=0.00%。
  - 耗时拆解：packing=0.24s，main_topup=0.00s，retry=0.00s，failed_pool=0.00s，repack=0.00s，total=0.24s。
正在处理托盘类型：MH423C，销售订单号：PAIN26310MN08S
  - 主算法：全局列式装箱 + 柱级组合优化（GCP）。
  - 失败托盘互借诊断：未合并（no_target_or_single_plan）。
托盘类型 MH423C（销售订单号：PAIN26310MN08S）处理完成：总托盘 1，指数达标 0，未达标 1，平均缺口 145.00，最大缺口 145.00，失败托盘互借修复成功 0。
  - KPI：near/mid/deep=0/0/1，救回率=0.00%，pair效率=0.00%。
  - 耗时拆解：packing=1.07s，main_topup=0.00s，retry=0.00s，failed_pool=0.00s，repack=0.00s，total=1.08s。
正在处理托盘类型：MH423C，销售订单号：LFEG16336AN01S
  - 该分组不适合列式（多非满柱）→ 回退 beam + 配方优先。
  - 配方优先[fast]：规划 0 实例，实装成功 0，配方路径不可用 → 采用基线方案。
  - 指数诊断：箱子 1 个，总指数 1，目标 192，理论最多达标托盘 0 个，剩余指数 1。
  - 几何诊断：典型整层堆叠单盘参考上限 1/192。 当前目标可能受托盘高度/箱型组合限制。
  - 几何诊断提示：典型整层参考值 1 < 目标 192；该值不是不可达证明，继续执行指数救援。
  - 失败托盘互借诊断：未合并（no_target_or_single_plan）。
托盘类型 MH423C（销售订单号：LFEG16336AN01S）处理完成：总托盘 1，指数达标 0，未达标 1，平均缺口 191.00，最大缺口 191.00，失败托盘互借修复成功 0。
  - KPI：near/mid/deep=0/0/1，救回率=0.00%，pair效率=0.00%。
  - 耗时拆解：packing=0.00s，main_topup=0.00s，retry=0.00s，failed_pool=0.00s，repack=0.00s，total=0.00s。
正在处理托盘类型：MH423C，销售订单号：LFEG16336AN02S
  - 主算法：全局列式装箱 + 柱级组合优化（GCP）。
  - GCP 盘数远超理论（CP-SAT 装不满）→ 回退 baseline beam + 配方优先。
  - 配方优先[fast]：规划 0 实例，实装成功 0，配方路径不可用 → 采用基线方案。
  - 指数诊断：箱子 4 个，总指数 6，目标 192，理论最多达标托盘 0 个，剩余指数 6。
  - 几何诊断：典型整层堆叠单盘参考上限 6/192。 当前目标可能受托盘高度/箱型组合限制。
  - 几何诊断提示：典型整层参考值 6 < 目标 192；该值不是不可达证明，继续执行指数救援。
  - 失败托盘互借诊断：未合并（no_target_or_single_plan）。
托盘类型 MH423C（销售订单号：LFEG16336AN02S）处理完成：总托盘 1，指数达标 0，未达标 1，平均缺口 186.00，最大缺口 186.00，失败托盘互借修复成功 0。
  - KPI：near/mid/deep=0/0/1，救回率=0.00%，pair效率=0.00%。
  - 耗时拆解：packing=0.00s，main_topup=0.00s，retry=0.00s，failed_pool=0.00s，repack=0.00s，total=0.02s。
正在处理托盘类型：MH423C，销售订单号：PAIN26326EN01S
  - 该分组不适合列式（多非满柱）→ 回退 beam + 配方优先。
  - 配方优先[fast]：规划 0 实例，实装成功 0，配方路径不可用 → 采用基线方案。
  - 指数诊断：箱子 1 个，总指数 4，目标 192，理论最多达标托盘 0 个，剩余指数 4。
  - 几何诊断：典型整层堆叠单盘参考上限 4/192。 当前目标可能受托盘高度/箱型组合限制。
  - 几何诊断提示：典型整层参考值 4 < 目标 192；该值不是不可达证明，继续执行指数救援。
  - 失败托盘互借诊断：未合并（no_target_or_single_plan）。
托盘类型 MH423C（销售订单号：PAIN26326EN01S）处理完成：总托盘 1，指数达标 0，未达标 1，平均缺口 188.00，最大缺口 188.00，失败托盘互借修复成功 0。
  - KPI：near/mid/deep=0/0/1，救回率=0.00%，pair效率=0.00%。
  - 耗时拆解：packing=0.00s，main_topup=0.00s，retry=0.00s，failed_pool=0.00s，repack=0.00s，total=0.00s。
正在处理托盘类型：MH423C，销售订单号：PAIN26320BN01S
  - 该分组不适合列式（多非满柱）→ 回退 beam + 配方优先。
  - 配方优先[fast]：规划 0 实例，实装成功 0，配方路径不可用 → 采用基线方案。
  - 指数诊断：箱子 1 个，总指数 2，目标 192，理论最多达标托盘 0 个，剩余指数 2。
  - 几何诊断：典型整层堆叠单盘参考上限 2/192。 当前目标可能受托盘高度/箱型组合限制。
  - 几何诊断提示：典型整层参考值 2 < 目标 192；该值不是不可达证明，继续执行指数救援。
  - 失败托盘互借诊断：未合并（no_target_or_single_plan）。
托盘类型 MH423C（销售订单号：PAIN26320BN01S）处理完成：总托盘 1，指数达标 0，未达标 1，平均缺口 190.00，最大缺口 190.00，失败托盘互借修复成功 0。
  - KPI：near/mid/deep=0/0/1，救回率=0.00%，pair效率=0.00%。
  - 耗时拆解：packing=0.00s，main_topup=0.00s，retry=0.00s，failed_pool=0.00s，repack=0.00s，total=0.00s。
正在处理托盘类型：MH423C，销售订单号：PFEG16336AN01S
  - 该分组不适合列式（多非满柱）→ 回退 beam + 配方优先。
  - 托盘 MH423C-PFEG16336AN01S-1 未找到可行装箱方案，启用剩余箱子守恒兜底。
  - 配方优先[fast]：规划 0 实例，实装成功 0，配方路径不可用 → 采用基线方案。
  - 指数诊断：箱子 7 个，总指数 10，目标 192，理论最多达标托盘 0 个，剩余指数 10。
  - 几何诊断：典型整层堆叠单盘参考上限 10/192。 当前目标可能受托盘高度/箱型组合限制。
  - 几何诊断提示：典型整层参考值 10 < 目标 192；该值不是不可达证明，继续执行指数救援。
  - 失败盘装满压实：合并/吸收 1 次（纯减盘数）。
  - 失败托盘互借诊断：未合并（aborted_no_improvement_possible）。
托盘类型 MH423C（销售订单号：PFEG16336AN01S）处理完成：总托盘 3，指数达标 0，未达标 3，平均缺口 188.67，最大缺口 191.00，失败托盘互借修复成功 0。
  - KPI：near/mid/deep=0/0/3，救回率=0.00%，pair效率=0.00%。
  - 耗时拆解：packing=0.01s，main_topup=0.00s，retry=0.00s，failed_pool=0.00s，repack=0.15s，total=0.21s。
============================================================
[WCS-拉] 20260731_131814：拉取接口 1 …
[WCS-拉] 原始响应已保存：D:\research_code\final\zhuang\packing-workspace\input\raw\20260731_131814.json
[WCS-拉] 已剔除 case_type≠MH423C 的品类 63 条（类型：['MH113', 'WR246']），保留 1966 条。
[WCS-拉] 忽略 4 条零尺寸/非法尺寸库存；有效记录 1962 条；样例：product_code=30086366/box_type=YZX507/0×0×0, product_code=30086359/box_type=YZX507/0×0×0, product_code=30086364/box_type=YZX507/0×0×0, product_code=30086358/box_type=YZX507/0×0×0
[WCS-DB] wcs_stock_box 已全量替换：清空 1946 → 插入 1962
[WCS-拉] wcs_stock_box 已全量替换：删 1946，插 1962。
[WCS-DB] wcs_stock_box_all product_code 已存在、跳过 1946 条
[WCS-拉] wcs_stock_box_all 追加：新插入 16，跳过已有 1946（历史不删）。
[WCS-拉] 库存有变化 → need_repack=True，唤醒装箱。
  - 跨子组条件双路径（MH423C / LAID16305BN02S）：采用严格更优完整路径。
  - 失败盘装满压实：合并/吸收 1 次（纯减盘数）。
  - 跨子组装满压实（MH423C / PAID16306DN01S）：合并 1 次（纯减盘数）。
  - 跨子组条件双路径（MH423C / LAID16305BN01S）：采用严格更优完整路径。
  - 跨子组 CP-SAT 目标子集（MH423C / LAID16305BN03S）：采用严格更优候选。
  - 失败盘装满压实：合并/吸收 1 次（纯减盘数）。
  - 跨子组装满压实（MH423C / LAID16306DN02S）：合并 1 次（纯减盘数）。
  - 跨子组条件双路径（MH423C / LFEG16310IN01S）：采用严格更优完整路径。
============================================================
[WCS-拉] 20260731_132135：拉取接口 1 …
[WCS-拉] 原始响应已保存：D:\research_code\final\zhuang\packing-workspace\input\raw\20260731_132135.json
[WCS-拉] 已剔除 case_type≠MH423C 的品类 63 条（类型：['MH113', 'WR246']），保留 1999 条。
[WCS-拉] 忽略 4 条零尺寸/非法尺寸库存；有效记录 1995 条；样例：product_code=30086366/box_type=YZX507/0×0×0, product_code=30086359/box_type=YZX507/0×0×0, product_code=30086364/box_type=YZX507/0×0×0, product_code=30086358/box_type=YZX507/0×0×0
[WCS-DB] wcs_stock_box 已全量替换：清空 1962 → 插入 1995
[WCS-拉] wcs_stock_box 已全量替换：删 1962，插 1995。
[WCS-DB] wcs_stock_box_all product_code 已存在、跳过 1962 条
[WCS-拉] wcs_stock_box_all 追加：新插入 33，跳过已有 1962（历史不删）。
[WCS-拉] 库存有变化 → need_repack=True，唤醒装箱。
  - 跨子组条件双路径（MH423C / LFEG16310IN03S）：采用严格更优完整路径。
  - 失败盘装满压实：合并/吸收 1 次（纯减盘数）。
  - 跨子组装满压实（MH423C / LAID16316DN03S）：合并 1 次（纯减盘数）。
  - 失败盘装满压实：合并/吸收 1 次（纯减盘数）。
  - 跨子组装满压实（MH423C / LAID16316DN02S）：合并 1 次（纯减盘数）。
  - 失败盘装满压实：合并/吸收 1 次（纯减盘数）。
  - 跨子组装满压实（MH423C / LFEG16316AN02S）：合并 1 次（纯减盘数）。
========================================
统计汇总：总托盘 80，指数达标 4，未达标 76，未知 0，平均缺口 124.53，最大缺口 191.00，失败托盘互借修复成功 0
KPI汇总：near/mid/deep=3/4/69，pair尝试=0，pair改进=0，pair效率=0.00%
耗时汇总：packing=253.18s，main_topup=0.08s，retry=0.00s，repack=21.30s，end_to_end=603.86s
========================================
[WCS-装] SUCCESS 产品码 195 个，SUCCESS 盘 4，FAILED 盘 76。
[WCS-装] 本轮结束；将检查 need_repack 决定是否再算。
[WCS-装] 本轮方案已保存（success）：D:\research_code\final\zhuang\packing-workspace\output\success\packing_plan_20260731_131137.json
[执行规划] 产物目录：D:\research_code\final\zhuang\packing-workspace\output\success（success）
[执行规划] 开始：D:\research_code\zhuang-ui-m\.venvs\packing-realtime\python.exe D:\research_code\final\zhuang\packing-system\run_execution_planning.py D:\research_code\final\zhuang\packing-workspace\output\success\packing_plan_20260731_131137.json --config D:\research_code\final\zhuang\packing-workspace\runtime\packing-realtime\temp\ui_config_api_20260731_130809.yaml --output D:\research_code\final\zhuang\packing-workspace\output\success\packing_plan_20260731_131137_execution.json --wcs-output D:\research_code\final\zhuang\packing-workspace\output\success\packing_plan_20260731_131137_execution_wcs.json --wcs-map-output D:\research_code\final\zhuang\packing-workspace\output\success\packing_plan_20260731_131137_execution_wcs_map.json
[WCS-DB] wcs_success_box：替换旧托盘 4 个，删除 203 行，写入 195 行
[WCS-DB] wcs_success_box：本批候选 195 行，本批写入 195 行。
[WCS-DB] wcs_box_orientation：本批候选 195 行，写入影响 195（含已存在跳过）。
[现场码垛] 新计算结果已入库，已清空旧码放队列 991 条
[现场会话] 新计算结果已入库，当前没有未完成托盘
execution plan written: pallets=80 boxes=1934 reordered_pallets=67 path=D:\research_code\final\zhuang\packing-workspace\output\success\packing_plan_20260731_131137_execution.json
WCS execution cases written: D:\research_code\final\zhuang\packing-workspace\output\success\packing_plan_20260731_131137_execution_wcs.json
WCS execution plan map written: D:\research_code\final\zhuang\packing-workspace\output\success\packing_plan_20260731_131137_execution_wcs_map.json
execution scan deviations pallet='MH423C-LAID16306DN01S-2' count=4: expected='WCS-0147-YZX448-0000' selected='WCS-0271-YZX428-0000' box='WCS-0147-YZX448-0000' after='WCS-0271-YZX428-0000' reason=open_direction lookahead=true; expected='WCS-0116-DZX448-0000' selected='WCS-0302-DZX444-0000' box='WCS-0116-DZX448-0000' after='WCS-0302-DZX444-0000' reason=open_direction lookahead=true; expected='WCS-0008-YBB106-0000' selected='WCS-0074-YZX448-0000' box='WCS-0008-YBB106-0000' after='WCS-0074-YZX448-0000' reason=hard_dependency; expected='WCS-0008-YBB106-0000' selected='WCS-0270-YZX428-0000' box='WCS-0008-YBB106-0000' after='WCS-0270-YZX428-0000' reason=open_direction lookahead=true
execution scan deviations pallet='MH423C-LAID16305BN02S-1' count=9: expected='WCS-0095-YZX444-0000' selected='WCS-0559-DZX424-0000' box='WCS-0095-YZX444-0000' after='WCS-0559-DZX424-0000' reason=open_direction lookahead=true; expected='WCS-0096-YZX444-0000' selected='WCS-0102-YZX444-0000' box='WCS-0096-YZX444-0000' after='WCS-0102-YZX444-0000' reason=open_direction lookahead=true; expected='WCS-0012-YZX428-0000' selected='WCS-0531-DZX424-0000' box='WCS-0012-YZX428-0000' after='WCS-0531-DZX424-0000' reason=open_direction lookahead=true; expected='WCS-0097-YZX444-0000' selected='WCS-0065-YZX448-0000' box='WCS-0097-YZX444-0000' after='WCS-0065-YZX448-0000' reason=open_direction lookahead=true; expected='WCS-0957-YZX424-0000' selected='WCS-0038-YZX448-0000' box='WCS-0957-YZX424-0000' after='WCS-0038-YZX448-0000' reason=open_direction lookahead=true; expected='WCS-0731-YBB077-0000' selected='WCS-0958-YZX424-0000' box='WCS-0731-YBB077-0000' after='WCS-0958-YZX424-0000' reason=open_direction lookahead=true; expected='WCS-0735-YBB077-0000' selected='WCS-0026-YZX448-0000' box='WCS-0735-YBB077-0000' after='WCS-0026-YZX448-0000' reason=open_direction lookahead=true; expected='WCS-0268-YBB125-0000' selected='WCS-0679-YZX444-0000' box='WCS-0268-YBB125-0000' after='WCS-0679-YZX444-0000' reason=hard_dependency; ...
execution scan deviations pallet='MH423C-LAID16305BN02S-2' count=3: expected='WCS-0692-YZX448-0000' selected='WCS-0258-DZX444-0000' box='WCS-0692-YZX448-0000' after='WCS-0258-DZX444-0000' reason=open_direction lookahead=true; expected='WCS-0695-YZX448-0000' selected='WCS-0213-YZX424-0000' box='WCS-0695-YZX448-0000' after='WCS-0213-YZX424-0000' reason=open_direction lookahead=true; expected='WCS-0680-YZX444-0000' selected='WCS-0245-YZX848-0000' box='WCS-0680-YZX444-0000' after='WCS-0245-YZX848-0000' reason=open_direction lookahead=true
execution scan deviations pallet='MH423C-LAID16305EN01S-1' count=5: expected='WCS-1242-DZX448-0000' selected='WCS-1239-DZX448-0000' box='WCS-1242-DZX448-0000' after='WCS-1239-DZX448-0000' reason=open_direction lookahead=true; expected='WCS-1243-DZX448-0000' selected='WCS-1240-DZX448-0000' box='WCS-1243-DZX448-0000' after='WCS-1240-DZX448-0000' reason=open_direction lookahead=true; expected='WCS-0016-YBB285-0000' selected='WCS-0024-YBB258-0000' box='WCS-0016-YBB285-0000' after='WCS-0024-YBB258-0000' reason=open_direction lookahead=true; expected='WCS-0023-YBB258-0000' selected='WCS-0020-YBB285-0000' box='WCS-0023-YBB258-0000' after='WCS-0020-YBB285-0000' reason=hard_dependency; expected='WCS-0023-YBB258-0000' selected='WCS-0013-YBB285-0000' box='WCS-0023-YBB258-0000' after='WCS-0013-YBB285-0000' reason=open_direction lookahead=true
execution scan deviations pallet='MH423C-PAID16306DN01S-1' count=1: expected='WCS-0044-YZX448-0000' selected='WCS-0171-YZX848-0000' box='WCS-0044-YZX448-0000' after='WCS-0171-YZX848-0000' reason=open_direction lookahead=true
execution scan deviations pallet='MH423C-LAID16305BN01S-2' count=3: expected='WCS-0684-YZX448-0000' selected='WCS-0694-YZX448-0000' box='WCS-0684-YZX448-0000' after='WCS-0694-YZX448-0000' reason=open_direction lookahead=true; expected='WCS-0340-YBB077-0000' selected='WCS-0552-DZX848-0000' box='WCS-0340-YBB077-0000' after='WCS-0552-DZX848-0000' reason=open_direction lookahead=true; expected='WCS-0693-YZX448-0000' selected='WCS-0345-YBB077-0000' box='WCS-0693-YZX448-0000' after='WCS-0345-YBB077-0000' reason=open_direction lookahead=true
execution scan deviations pallet='MH423C-LFEG16300IN03S-1' count=3: expected='WCS-0187-YZX444-0000' selected='WCS-0250-DZX244-0000' box='WCS-0187-YZX444-0000' after='WCS-0250-DZX244-0000' reason=open_direction lookahead=true; expected='WCS-0158-YBB125-0000' selected='WCS-0238-YZX507-0000' box='WCS-0158-YBB125-0000' after='WCS-0238-YZX507-0000' reason=open_direction lookahead=true; expected='WCS-0955-YZX424-0000' selected='WCS-0251-DZX244-0000' box='WCS-0955-YZX424-0000' after='WCS-0251-DZX244-0000' reason=open_direction lookahead=true
execution scan deviations pallet='MH423C-LAID16305BN03S-2' count=5: expected='WCS-0263-YZX448-0000' selected='WCS-0934-ZX848-0000' box='WCS-0263-YZX448-0000' after='WCS-0934-ZX848-0000' reason=open_direction lookahead=true; expected='WCS-0677-YZX448-0000' selected='WCS-0841-YZX444-0000' box='WCS-0677-YZX448-0000' after='WCS-0841-YZX444-0000' reason=open_direction lookahead=true; expected='WCS-0744-YBB077-0000' selected='WCS-0672-YZX444-0000' box='WCS-0744-YBB077-0000' after='WCS-0672-YZX444-0000' reason=open_direction lookahead=true; expected='WCS-0762-DZX448-0000' selected='WCS-1000-DZX444-0000' box='WCS-0762-DZX448-0000' after='WCS-1000-DZX444-0000' reason=open_direction lookahead=true; expected='WCS-0743-YBB077-0000' selected='WCS-1008-DZX848-0000' box='WCS-0743-YBB077-0000' after='WCS-1008-DZX848-0000' reason=hard_dependency
execution scan deviations pallet='MH423C-LAMY16315FN01S-1' count=4: expected='WCS-0122-DZX448-0000' selected='WCS-0931-ZX848-0000' box='WCS-0122-DZX448-0000' after='WCS-0931-ZX848-0000' reason=open_direction lookahead=true; expected='WCS-0756-DZX448-0000' selected='WCS-0714-YZX444-0000' box='WCS-0756-DZX448-0000' after='WCS-0714-YZX444-0000' reason=open_direction lookahead=true; expected='WCS-1068-YZX448-0000' selected='WCS-0764-DZX448-0000' box='WCS-1068-YZX448-0000' after='WCS-0764-DZX448-0000' reason=open_direction lookahead=true; expected='WCS-0284-YBB077-0000' selected='WCS-0292-YBB077-0000' box='WCS-0284-YBB077-0000' after='WCS-0292-YBB077-0000' reason=open_direction lookahead=true
execution scan deviations pallet='MH423C-LAID16306DN02S-1' count=2: expected='WCS-0702-DZX244-0000' selected='WCS-0280-YZX224-0000' box='WCS-0702-DZX244-0000' after='WCS-0280-YZX224-0000' reason=open_direction lookahead=true; expected='WCS-0491-DZX424-0000' selected='WCS-0500-DZX424-0000' box='WCS-0491-DZX424-0000' after='WCS-0500-DZX424-0000' reason=open_direction lookahead=true
execution scan deviations pallet='MH423C-PEG086300LN01S-1' count=9: expected='WCS-1447-DZX444-0000' selected='WCS-0824-DZX424-0000' box='WCS-1447-DZX444-0000' after='WCS-0824-DZX424-0000' reason=open_direction lookahead=true; expected='WCS-1453-DZX444-0000' selected='WCS-1462-DZX444-0000' box='WCS-1453-DZX444-0000' after='WCS-1462-DZX444-0000' reason=open_direction lookahead=true; expected='WCS-1456-DZX444-0000' selected='WCS-0427-DZX424-0000' box='WCS-1456-DZX444-0000' after='WCS-0427-DZX424-0000' reason=open_direction lookahead=true; expected='WCS-1448-DZX444-0000' selected='WCS-1459-DZX428-0000' box='WCS-1448-DZX444-0000' after='WCS-1459-DZX428-0000' reason=open_direction lookahead=true; expected='WCS-1454-DZX444-0000' selected='WCS-1463-DZX444-0000' box='WCS-1454-DZX444-0000' after='WCS-1463-DZX444-0000' reason=open_direction lookahead=true; expected='WCS-1460-DZX444-0000' selected='WCS-1449-DZX428-0000' box='WCS-1460-DZX444-0000' after='WCS-1449-DZX428-0000' reason=open_direction lookahead=true; expected='WCS-1452-DZX444-0000' selected='WCS-1465-DZX428-0000' box='WCS-1452-DZX444-0000' after='WCS-1465-DZX428-0000' reason=open_direction lookahead=true; expected='WCS-1455-DZX444-0000' selected='WCS-1467-DZX444-0000' box='WCS-1455-DZX444-0000' after='WCS-1467-DZX444-0000' reason=open_direction lookahead=true; ...
execution scan deviations pallet='MH423C-LAID16306DN03S-1' count=1: expected='WCS-0310-DZX244-0000' selected='WCS-0277-YZX224-0000' box='WCS-0310-DZX244-0000' after='WCS-0277-YZX224-0000' reason=open_direction lookahead=true
execution scan deviations pallet='MH423C-LFEG16310IN01S-2' count=4: expected='WCS-1104-YZX448-0000' selected='WCS-0792-YZX848-0000' box='WCS-1104-YZX448-0000' after='WCS-0792-YZX848-0000' reason=open_direction lookahead=true; expected='WCS-1105-YZX448-0000' selected='WCS-1037-YZX444-0000' box='WCS-1105-YZX448-0000' after='WCS-1037-YZX444-0000' reason=open_direction lookahead=true; expected='WCS-0670-YZX448-0000' selected='WCS-0886-YZX848-0000' box='WCS-0670-YZX448-0000' after='WCS-0886-YZX848-0000' reason=open_direction lookahead=true; expected='WCS-0719-YZX244-0000' selected='WCS-0887-YZX848-0000' box='WCS-0719-YZX244-0000' after='WCS-0887-YZX848-0000' reason=open_direction lookahead=true
execution scan deviations pallet='MH423C-LFEG16316AN01S-1' count=3: expected='WCS-1591-YZX424-0000' selected='WCS-1720-YZX444-0000' box='WCS-1591-YZX424-0000' after='WCS-1720-YZX444-0000' reason=open_direction lookahead=true; expected='WCS-1592-YZX424-0000' selected='WCS-1683-YZX424-0000' box='WCS-1592-YZX424-0000' after='WCS-1683-YZX424-0000' reason=open_direction lookahead=true; expected='WCS-0722-YZX224-0000' selected='WCS-1681-YZX424-0000' box='WCS-0722-YZX224-0000' after='WCS-1681-YZX424-0000' reason=open_direction lookahead=true
execution scan deviations pallet='MH423C-PAIN26310BC02S-1' count=1: expected='WCS-0615-YZX222-0000' selected='WCS-0616-YZX222-0000' box='WCS-0615-YZX222-0000' after='WCS-0616-YZX222-0000' reason=open_direction lookahead=true
execution scan deviations pallet='MH423C-LFEG16310IN03S-1' count=4: expected='WCS-0470-DZX448-0000' selected='WCS-0796-YZX848-0000' box='WCS-0470-DZX448-0000' after='WCS-0796-YZX848-0000' reason=open_direction lookahead=true; expected='WCS-0371-YBB005-0000' selected='WCS-0831-YZX848-0000' box='WCS-0371-YBB005-0000' after='WCS-0831-YZX848-0000' reason=open_direction lookahead=true; expected='WCS-1103-YZX448-0000' selected='WCS-0380-YBB005-0000' box='WCS-1103-YZX448-0000' after='WCS-0380-YBB005-0000' reason=open_direction lookahead=true; expected='WCS-0369-YBB005-0000' selected='WCS-0428-YZX428-0000' box='WCS-0369-YBB005-0000' after='WCS-0428-YZX428-0000' reason=open_direction lookahead=true
execution scan deviations pallet='MH423C-LFEG16310IN03S-2' count=3: expected='WCS-1633-YZX424-0000' selected='WCS-1108-YZX424-0000' box='WCS-1633-YZX424-0000' after='WCS-1108-YZX424-0000' reason=open_direction lookahead=true; expected='WCS-1109-YZX424-0000' selected='WCS-1726-DZX422-0000' box='WCS-1109-YZX424-0000' after='WCS-1726-DZX422-0000' reason=open_direction lookahead=true; expected='WCS-1688-DZX422-0000' selected='WCS-1699-DZX422-0000' box='WCS-1688-DZX422-0000' after='WCS-1699-DZX422-0000' reason=open_direction lookahead=true
execution scan deviations pallet='MH423C-PAIN26316EC02S-1' count=2: expected='WCS-1089-YZX507-0000' selected='WCS-1086-YZX507-0000' box='WCS-1089-YZX507-0000' after='WCS-1086-YZX507-0000' reason=open_direction lookahead=true; expected='WCS-1047-YZX424-0000' selected='WCS-1044-YZX424-0000' box='WCS-1047-YZX424-0000' after='WCS-1044-YZX424-0000' reason=open_direction lookahead=true
execution scan deviations pallet='MH423C-PAIN26316EC02S-2' count=1: expected='WCS-1090-YZX507-0000' selected='WCS-0608-YZX444-0000' box='WCS-1090-YZX507-0000' after='WCS-0608-YZX444-0000' reason=open_direction lookahead=true
execution scan deviations pallet='MH423C-LFEG16300IN02S-1' count=1: expected='WCS-0721-YZX244-0000' selected='WCS-0409-DZX444-0000' box='WCS-0721-YZX244-0000' after='WCS-0409-DZX444-0000' reason=open_direction lookahead=true
execution scan deviations pallet='MH423C-LAID16315EN03S-1' count=4: expected='WCS-1373-YZX424-0000' selected='WCS-1367-YZX424-0000' box='WCS-1373-YZX424-0000' after='WCS-1367-YZX424-0000' reason=open_direction lookahead=true; expected='WCS-1374-YZX424-0000' selected='WCS-1366-YZX424-0000' box='WCS-1374-YZX424-0000' after='WCS-1366-YZX424-0000' reason=open_direction lookahead=true; expected='WCS-1375-YZX424-0000' selected='WCS-1383-YZX428-0000' box='WCS-1375-YZX424-0000' after='WCS-1383-YZX428-0000' reason=open_direction lookahead=true; expected='WCS-0575-YZX444-0000' selected='WCS-0580-YZX444-0000' box='WCS-0575-YZX444-0000' after='WCS-0580-YZX444-0000' reason=open_direction lookahead=true
execution scan deviations pallet='MH423C-LAID16316DN02S-1' count=1: expected='WCS-1064-DZX444-0000' selected='WCS-1925-DZX448-0000' box='WCS-1064-DZX444-0000' after='WCS-1925-DZX448-0000' reason=open_direction lookahead=true
execution scan deviations pallet='MH423C-LAID16315EN02S-1' count=1: expected='WCS-1616-YZX428-0000' selected='WCS-1615-YZX448-0000' box='WCS-1616-YZX428-0000' after='WCS-1615-YZX448-0000' reason=open_direction lookahead=true
execution scan deviations pallet='MH423C-PAID163108N01S-1' count=1: expected='WCS-0780-DZX424-0000' selected='WCS-0914-DZX428-0000' box='WCS-0780-DZX424-0000' after='WCS-0914-DZX428-0000' reason=open_direction lookahead=true
execution scan deviations pallet='MH423C-PAIN26310GN01S-1' count=2: expected='WCS-1646-YZX428-0000' selected='WCS-1662-YZX428-0000' box='WCS-1646-YZX428-0000' after='WCS-1662-YZX428-0000' reason=open_direction lookahead=true; expected='WCS-1652-YZX428-0000' selected='WCS-1677-YZX428-0000' box='WCS-1652-YZX428-0000' after='WCS-1677-YZX428-0000' reason=open_direction lookahead=true
execution scan deviations pallet='MH423C-PAIN26310MN01S-2' count=1: expected='WCS-1015-YZX424-0000' selected='WCS-1005-DZX507-0000' box='WCS-1015-YZX424-0000' after='WCS-1005-DZX507-0000' reason=open_direction lookahead=true
[执行规划] 已删除原方案（仅保留 execution）：packing_plan_20260731_131137.json
[执行规划] 完成；统一使用：D:\research_code\final\zhuang\packing-workspace\output\success\packing_plan_20260731_131137_execution.json
[WCS-装] 接口 2 使用执行顺序方案，发送体已保存：D:\research_code\final\zhuang\packing-workspace\output\success\wcs_plan_20260731_131137.json（80 个 case）
[WCS-装] 执行顺序方案执行层映射已保存：D:\research_code\final\zhuang\packing-workspace\output\success\wcs_plan_map_20260731_131137.json
[WCS-装] 已跳过接口 2 推送（仅本地保存）。
[UI-RESULT] D:\research_code\final\zhuang\packing-workspace\output\success\packing_plan_20260731_131137_execution.json
[WCS-装] 算完后 need_repack 仍为 True → 立即再算。
[WCS] 已加载 BMS 参考表：D:\research_code\final\zhuang\packing-workspace\data\selected_5000_boxes_9_1_concentrated_3orders.xlsx
============================================================
[WCS-装] 20260731_132148：库存行 1995 条，开始装箱 …
[WCS-装] 展开为 1995 个箱子。
数据预处理和箱子分组完成（按托盘类型+销售订单号）。
----------------------------------------
  - 组内子聚类：11 个混合订单拆出规则子集走 GCP、杂箱走 baseline。
正在处理托盘类型：MH423C，销售订单号：LAID16306DN01S
  - 主算法：全局列式装箱 + 柱级组合优化（GCP）。
  - 失败托盘互借诊断：未合并（aborted_no_improvement_possible）。
托盘类型 MH423C（销售订单号：LAID16306DN01S）处理完成：总托盘 2，指数达标 0，未达标 2，平均缺口 74.25，最大缺口 131.50，失败托盘互借修复成功 0。
  - KPI：near/mid/deep=0/1/1，救回率=0.00%，pair效率=0.00%。
  - 耗时拆解：packing=54.62s，main_topup=0.00s，retry=0.00s，failed_pool=0.00s，repack=2.42s，total=57.04s。
  - 条件双路径棘轮：替代完整路径通过守恒和最终门禁，严格优于 GCP，已采用。
正在处理托盘类型：MH423C，销售订单号：LAID16305BN02S
  - 主算法：全局列式装箱 + 柱级组合优化（GCP）。
  - GCP 盘数远超理论（CP-SAT 装不满）→ 回退 baseline beam + 配方优先。
  - 配方优先[fast]：规划 0 实例，实装成功 0，配方路径不可用 → 采用基线方案。
  - 指数诊断：箱子 82 个，总指数 156，目标 192，理论最多达标托盘 0 个，剩余指数 156。
  - 几何诊断：典型整层堆叠单盘参考上限 98.5/192。 当前目标可能受托盘高度/箱型组合限制。
  - 几何诊断提示：典型整层参考值 98.5 < 目标 192；该值不是不可达证明，继续执行指数救援。
  - 失败托盘互借诊断：未合并（aborted_no_improvement_possible）。
托盘类型 MH423C（销售订单号：LAID16305BN02S）处理完成：总托盘 2，指数达标 0，未达标 2，平均缺口 114.00，最大缺口 185.00，失败托盘互借修复成功 0。
  - KPI：near/mid/deep=0/0/2，救回率=0.00%，pair效率=0.00%。
  - 耗时拆解：packing=1.08s，main_topup=0.02s，retry=0.00s，failed_pool=0.00s，repack=1.94s，total=8.85s。
正在处理托盘类型：MH423C，销售订单号：LAID16305BN02S__SPLITREST__
  - 该分组不适合列式（多非满柱）→ 回退 beam + 配方优先。
  - 配方优先[fast]：规划 0 实例，实装成功 0，配方路径不可用 → 采用基线方案。
  - 指数诊断：箱子 12 个，总指数 48，目标 192，理论最多达标托盘 0 个，剩余指数 48。
  - 几何诊断：典型整层堆叠单盘参考上限 48/192。 当前目标可能受托盘高度/箱型组合限制。
  - 几何诊断提示：典型整层参考值 48 < 目标 192；该值不是不可达证明，继续执行指数救援。
  - 失败托盘互借诊断：未合并（no_target_or_single_plan）。
托盘类型 MH423C（销售订单号：LAID16305BN02S__SPLITREST__）处理完成：总托盘 1，指数达标 0，未达标 1，平均缺口 144.00，最大缺口 144.00，失败托盘互借修复成功 0。
  - KPI：near/mid/deep=0/0/1，救回率=0.00%，pair效率=0.00%。
  - 耗时拆解：packing=0.00s，main_topup=0.00s，retry=0.00s，failed_pool=0.00s，repack=0.00s，total=0.00s。
正在处理托盘类型：MH423C，销售订单号：LAID16305EN01S
  - 该分组不适合列式（多非满柱）→ 回退 beam + 配方优先。
  - 配方优先[fast]：规划 0 实例，实装成功 0，配方路径不可用 → 采用基线方案。
  - 指数诊断：箱子 28 个，总指数 90.5，目标 192，理论最多达标托盘 0 个，剩余指数 90.5。
  - 几何诊断：典型整层堆叠单盘参考上限 67/192。 当前目标可能受托盘高度/箱型组合限制。
  - 几何诊断提示：典型整层参考值 67 < 目标 192；该值不是不可达证明，继续执行指数救援。
  - 失败托盘互借诊断：未合并（aborted_no_improvement_possible）。
托盘类型 MH423C（销售订单号：LAID16305EN01S）处理完成：总托盘 2，指数达标 0，未达标 2，平均缺口 146.75，最大缺口 176.00，失败托盘互借修复成功 0。
  - KPI：near/mid/deep=0/0/2，救回率=0.00%，pair效率=0.00%。
  - 耗时拆解：packing=0.10s，main_topup=0.00s，retry=0.00s，failed_pool=0.00s，repack=0.18s，total=0.55s。
正在处理托盘类型：MH423C，销售订单号：PAID16306DN01S
  - 主算法：全局列式装箱 + 柱级组合优化（GCP）。
  - 失败托盘互借诊断：未合并（no_target_or_single_plan）。
托盘类型 MH423C（销售订单号：PAID16306DN01S）处理完成：总托盘 1，指数达标 0，未达标 1，平均缺口 87.00，最大缺口 87.00，失败托盘互借修复成功 0。
  - KPI：near/mid/deep=0/0/1，救回率=0.00%，pair效率=0.00%。
  - 耗时拆解：packing=3.53s，main_topup=0.00s，retry=0.00s，failed_pool=0.00s，repack=0.00s，total=3.53s。
正在处理托盘类型：MH423C，销售订单号：PAID16306DN01S__SPLITREST__
  - 该分组不适合列式（多非满柱）→ 回退 beam + 配方优先。
  - 配方优先[fast]：规划 0 实例，实装成功 0，配方路径不可用 → 采用基线方案。
  - 指数诊断：箱子 2 个，总指数 1，目标 192，理论最多达标托盘 0 个，剩余指数 1。
  - 几何诊断：典型整层堆叠单盘参考上限 1/192。 当前目标可能受托盘高度/箱型组合限制。
  - 几何诊断提示：典型整层参考值 1 < 目标 192；该值不是不可达证明，继续执行指数救援。
  - 失败托盘互借诊断：未合并（no_target_or_single_plan）。
托盘类型 MH423C（销售订单号：PAID16306DN01S__SPLITREST__）处理完成：总托盘 1，指数达标 0，未达标 1，平均缺口 191.00，最大缺口 191.00，失败托盘互借修复成功 0。
  - KPI：near/mid/deep=0/0/1，救回率=0.00%，pair效率=0.00%。
  - 耗时拆解：packing=0.00s，main_topup=0.00s，retry=0.00s，failed_pool=0.00s，repack=0.00s，total=0.00s。
正在处理托盘类型：MH423C，销售订单号：LAID16305BN01S
  - 主算法：全局列式装箱 + 柱级组合优化（GCP）。
  - 失败托盘互借诊断：未合并（aborted_no_improvement_possible）。
托盘类型 MH423C（销售订单号：LAID16305BN01S）处理完成：总托盘 2，指数达标 0，未达标 2，平均缺口 90.50，最大缺口 176.00，失败托盘互借修复成功 0。
  - KPI：near/mid/deep=1/0/1，救回率=0.00%，pair效率=0.00%。
  - 耗时拆解：packing=68.79s，main_topup=0.00s，retry=0.00s，failed_pool=0.00s，repack=3.23s，total=72.02s。
  - 条件双路径棘轮：替代完整路径未严格改善，保留 GCP。
正在处理托盘类型：MH423C，销售订单号：LAID16305BN01S__SPLITREST__
  - 该分组不适合列式（多非满柱）→ 回退 beam + 配方优先。
  - 配方优先[fast]：规划 0 实例，实装成功 0，配方路径不可用 → 采用基线方案。
  - 指数诊断：箱子 12 个，总指数 48，目标 192，理论最多达标托盘 0 个，剩余指数 48。
  - 几何诊断：典型整层堆叠单盘参考上限 48/192。 当前目标可能受托盘高度/箱型组合限制。
  - 几何诊断提示：典型整层参考值 48 < 目标 192；该值不是不可达证明，继续执行指数救援。
  - 失败托盘互借诊断：未合并（no_target_or_single_plan）。
托盘类型 MH423C（销售订单号：LAID16305BN01S__SPLITREST__）处理完成：总托盘 1，指数达标 0，未达标 1，平均缺口 144.00，最大缺口 144.00，失败托盘互借修复成功 0。
  - KPI：near/mid/deep=0/0/1，救回率=0.00%，pair效率=0.00%。
  - 耗时拆解：packing=0.00s，main_topup=0.00s，retry=0.00s，failed_pool=0.00s，repack=0.00s，total=0.00s。
正在处理托盘类型：MH423C，销售订单号：LFEG16300IN03S
  - 主算法：全局列式装箱 + 柱级组合优化（GCP）。
  - GCP 盘数远超理论（CP-SAT 装不满）→ 回退 baseline beam + 配方优先。
  - 配方优先[fast]：规划 0 实例，实装成功 0，配方路径不可用 → 采用基线方案。
  - 指数诊断：箱子 50 个，总指数 126，目标 192，理论最多达标托盘 0 个，剩余指数 126。
  - 几何诊断：典型整层堆叠单盘参考上限 86/192。 当前目标可能受托盘高度/箱型组合限制。
  - 几何诊断提示：典型整层参考值 86 < 目标 192；该值不是不可达证明，继续执行指数救援。
  - 失败托盘互借诊断：未合并（no_target_or_single_plan）。
托盘类型 MH423C（销售订单号：LFEG16300IN03S）处理完成：总托盘 1，指数达标 0，未达标 1，平均缺口 66.00，最大缺口 66.00，失败托盘互借修复成功 0。
  - KPI：near/mid/deep=0/0/1，救回率=0.00%，pair效率=0.00%。
  - 耗时拆解：packing=0.36s，main_topup=0.01s，retry=0.00s，failed_pool=0.00s，repack=0.00s，total=2.07s。
正在处理托盘类型：MH423C，销售订单号：LFEG16300IN03S__SPLITREST__
  - 该分组不适合列式（多非满柱）→ 回退 beam + 配方优先。
  - 配方优先[fast]：规划 0 实例，实装成功 0，配方路径不可用 → 采用基线方案。
  - 指数诊断：箱子 3 个，总指数 4.5，目标 192，理论最多达标托盘 0 个，剩余指数 4.5。
  - 几何诊断：典型整层堆叠单盘参考上限 4.5/192。 当前目标可能受托盘高度/箱型组合限制。
  - 几何诊断提示：典型整层参考值 4.5 < 目标 192；该值不是不可达证明，继续执行指数救援。
  - 失败托盘互借诊断：未合并（no_target_or_single_plan）。
托盘类型 MH423C（销售订单号：LFEG16300IN03S__SPLITREST__）处理完成：总托盘 1，指数达标 0，未达标 1，平均缺口 187.50，最大缺口 187.50，失败托盘互借修复成功 0。
  - KPI：near/mid/deep=0/0/1，救回率=0.00%，pair效率=0.00%。
  - 耗时拆解：packing=0.00s，main_topup=0.00s，retry=0.00s，failed_pool=0.00s，repack=0.00s，total=0.01s。
正在处理托盘类型：MH423C，销售订单号：LAID16305BN03S
  - 主算法：全局列式装箱 + 柱级组合优化（GCP）。
============================================================
[WCS-拉] 20260731_132456：拉取接口 1 …
[WCS-拉] 原始响应已保存：D:\research_code\final\zhuang\packing-workspace\input\raw\20260731_132456.json
[WCS-拉] 已剔除 case_type≠MH423C 的品类 63 条（类型：['MH113', 'WR246']），保留 2016 条。
[WCS-拉] 忽略 4 条零尺寸/非法尺寸库存；有效记录 2012 条；样例：product_code=30086366/box_type=YZX507/0×0×0, product_code=30086359/box_type=YZX507/0×0×0, product_code=30086364/box_type=YZX507/0×0×0, product_code=30086358/box_type=YZX507/0×0×0
[WCS-DB] wcs_stock_box 已全量替换：清空 1995 → 插入 2012
[WCS-拉] wcs_stock_box 已全量替换：删 1995，插 2012。
[WCS-DB] wcs_stock_box_all product_code 已存在、跳过 1991 条
[WCS-拉] wcs_stock_box_all 追加：新插入 21，跳过已有 1991（历史不删）。
[WCS-拉] 库存有变化 → need_repack=True，唤醒装箱。
  - 失败托盘互借诊断：未合并（aborted_no_improvement_possible）。
托盘类型 MH423C（销售订单号：LAID16305BN03S）处理完成：总托盘 3，指数达标 0，未达标 3，平均缺口 107.00，最大缺口 189.00，失败托盘互借修复成功 0。
  - KPI：near/mid/deep=1/0/2，救回率=0.00%，pair效率=0.00%。
  - 耗时拆解：packing=35.08s，main_topup=0.00s，retry=0.00s，failed_pool=0.00s，repack=2.62s，total=37.70s。
  - 条件双路径棘轮：替代完整路径通过守恒和最终门禁，严格优于 GCP，已采用。
正在处理托盘类型：MH423C，销售订单号：LAID16305BN03S__SPLITREST__
  - 该分组不适合列式（多非满柱）→ 回退 beam + 配方优先。
  - 配方优先[fast]：规划 0 实例，实装成功 0，配方路径不可用 → 采用基线方案。
  - 指数诊断：箱子 12 个，总指数 48，目标 192，理论最多达标托盘 0 个，剩余指数 48。
  - 几何诊断：典型整层堆叠单盘参考上限 48/192。 当前目标可能受托盘高度/箱型组合限制。
  - 几何诊断提示：典型整层参考值 48 < 目标 192；该值不是不可达证明，继续执行指数救援。
  - 失败托盘互借诊断：未合并（no_target_or_single_plan）。
托盘类型 MH423C（销售订单号：LAID16305BN03S__SPLITREST__）处理完成：总托盘 1，指数达标 0，未达标 1，平均缺口 144.00，最大缺口 144.00，失败托盘互借修复成功 0。
  - KPI：near/mid/deep=0/0/1，救回率=0.00%，pair效率=0.00%。
  - 耗时拆解：packing=0.00s，main_topup=0.00s，retry=0.00s，failed_pool=0.00s，repack=0.00s，total=0.00s。
正在处理托盘类型：MH423C，销售订单号：LAMY16315FN01S
  - 该分组不适合列式（多非满柱）→ 回退 beam + 配方优先。
  - 配方优先[fast]：规划 0 实例，实装成功 0，配方路径不可用 → 采用基线方案。
  - 指数诊断：箱子 34 个，总指数 86.5，目标 192，理论最多达标托盘 0 个，剩余指数 86.5。
  - 几何诊断：典型整层堆叠单盘参考上限 73/192。 当前目标可能受托盘高度/箱型组合限制。
  - 几何诊断提示：典型整层参考值 73 < 目标 192；该值不是不可达证明，继续执行指数救援。
  - 失败托盘互借诊断：未合并（aborted_no_improvement_possible）。
托盘类型 MH423C（销售订单号：LAMY16315FN01S）处理完成：总托盘 2，指数达标 0，未达标 2，平均缺口 148.75，最大缺口 166.00，失败托盘互借修复成功 0。
  - KPI：near/mid/deep=0/0/2，救回率=0.00%，pair效率=0.00%。
  - 耗时拆解：packing=0.16s，main_topup=0.00s，retry=0.00s，failed_pool=0.00s，repack=0.33s，total=0.90s。
正在处理托盘类型：MH423C，销售订单号：PAID16305EC01S
  - 该分组不适合列式（多非满柱）→ 回退 beam + 配方优先。
  - 配方优先[fast]：规划 0 实例，实装成功 0，配方路径不可用 → 采用基线方案。
  - 指数诊断：箱子 2 个，总指数 2，目标 192，理论最多达标托盘 0 个，剩余指数 2。
  - 几何诊断：典型整层堆叠单盘参考上限 2/192。 当前目标可能受托盘高度/箱型组合限制。
  - 几何诊断提示：典型整层参考值 2 < 目标 192；该值不是不可达证明，继续执行指数救援。
  - 失败托盘互借诊断：未合并（no_target_or_single_plan）。
托盘类型 MH423C（销售订单号：PAID16305EC01S）处理完成：总托盘 1，指数达标 0，未达标 1，平均缺口 190.00，最大缺口 190.00，失败托盘互借修复成功 0。
  - KPI：near/mid/deep=0/0/1，救回率=0.00%，pair效率=0.00%。
  - 耗时拆解：packing=0.00s，main_topup=0.00s，retry=0.00s，failed_pool=0.00s，repack=0.00s，total=0.00s。
正在处理托盘类型：MH423C，销售订单号：LAID16306DN02S
  - 主算法：全局列式装箱 + 柱级组合优化（GCP）。
  - GCP 盘数远超理论（CP-SAT 装不满）→ 回退 baseline beam + 配方优先。
  - 配方优先[fast]：规划 0 实例，实装成功 0，配方路径不可用 → 采用基线方案。
  - 指数诊断：箱子 44 个，总指数 180，目标 192，理论最多达标托盘 0 个，剩余指数 180。
  - 几何诊断：典型整层堆叠单盘参考上限 100/192。 当前目标可能受托盘高度/箱型组合限制。
  - 几何诊断提示：典型整层参考值 100 < 目标 192；该值不是不可达证明，继续执行指数救援。
  - 失败托盘互借诊断：未合并（aborted_no_improvement_possible）。
托盘类型 MH423C（销售订单号：LAID16306DN02S）处理完成：总托盘 2，指数达标 0，未达标 2，平均缺口 102.00，最大缺口 178.00，失败托盘互借修复成功 0。
  - KPI：near/mid/deep=0/0/2，救回率=0.00%，pair效率=0.00%。
  - 耗时拆解：packing=0.29s，main_topup=0.00s，retry=0.00s，failed_pool=0.00s，repack=0.52s，total=2.17s。
正在处理托盘类型：MH423C，销售订单号：LAID16306DN02S__SPLITREST__
  - 该分组不适合列式（多非满柱）→ 回退 beam + 配方优先。
  - 配方优先[fast]：规划 0 实例，实装成功 0，配方路径不可用 → 采用基线方案。
  - 指数诊断：箱子 4 个，总指数 4，目标 192，理论最多达标托盘 0 个，剩余指数 4。
  - 几何诊断：典型整层堆叠单盘参考上限 4/192。 当前目标可能受托盘高度/箱型组合限制。
  - 几何诊断提示：典型整层参考值 4 < 目标 192；该值不是不可达证明，继续执行指数救援。
  - 失败托盘互借诊断：未合并（no_target_or_single_plan）。
托盘类型 MH423C（销售订单号：LAID16306DN02S__SPLITREST__）处理完成：总托盘 1，指数达标 0，未达标 1，平均缺口 188.00，最大缺口 188.00，失败托盘互借修复成功 0。
  - KPI：near/mid/deep=0/0/1，救回率=0.00%，pair效率=0.00%。
  - 耗时拆解：packing=0.00s，main_topup=0.00s，retry=0.00s，failed_pool=0.00s，repack=0.00s，total=0.02s。
正在处理托盘类型：MH423C，销售订单号：LAID16315EN01S
  - 主算法：全局列式装箱 + 柱级组合优化（GCP）。
  - 失败托盘互借诊断：未合并（no_target_or_single_plan）。
托盘类型 MH423C（销售订单号：LAID16315EN01S）处理完成：总托盘 1，指数达标 0，未达标 1，平均缺口 10.00，最大缺口 10.00，失败托盘互借修复成功 0。
  - KPI：near/mid/deep=0/1/0，救回率=0.00%，pair效率=0.00%。
  - 耗时拆解：packing=6.61s，main_topup=0.00s，retry=0.00s，failed_pool=0.00s，repack=0.00s，total=6.61s。
正在处理托盘类型：MH423C，销售订单号：PEG086300LN01S
  - 主算法：全局列式装箱 + 柱级组合优化（GCP）。
  - GCP 盘数远超理论（CP-SAT 装不满）→ 回退 baseline beam + 配方优先。
  - 配方优先[fast]：规划 0 实例，实装成功 0，配方路径不可用 → 采用基线方案。
  - 指数诊断：箱子 64 个，总指数 143，目标 192，理论最多达标托盘 0 个，剩余指数 143。
  - 几何诊断：典型整层堆叠单盘参考上限 101/192。 当前目标可能受托盘高度/箱型组合限制。
  - 几何诊断提示：典型整层参考值 101 < 目标 192；该值不是不可达证明，继续执行指数救援。
  - 失败盘装满压实：合并/吸收 1 次（纯减盘数）。
  - 失败托盘互借诊断：未合并（aborted_no_improvement_possible）。
托盘类型 MH423C（销售订单号：PEG086300LN01S）处理完成：总托盘 1，指数达标 0，未达标 1，平均缺口 49.00，最大缺口 49.00，失败托盘互借修复成功 0。
  - KPI：near/mid/deep=0/0/1，救回率=0.00%，pair效率=0.00%。
  - 耗时拆解：packing=0.76s，main_topup=0.01s，retry=0.00s，failed_pool=0.00s，repack=0.73s，total=5.51s。
正在处理托盘类型：MH423C，销售订单号：LAID16306DN03S
  - 该分组不适合列式（多非满柱）→ 回退 beam + 配方优先。
  - 配方优先[fast]：规划 0 实例，实装成功 0，配方路径不可用 → 采用基线方案。
  - 指数诊断：箱子 10 个，总指数 40，目标 192，理论最多达标托盘 0 个，剩余指数 40。
  - 几何诊断：典型整层堆叠单盘参考上限 36/192。 当前目标可能受托盘高度/箱型组合限制。
  - 几何诊断提示：典型整层参考值 36 < 目标 192；该值不是不可达证明，继续执行指数救援。
  - 失败托盘互借诊断：未合并（no_target_or_single_plan）。
托盘类型 MH423C（销售订单号：LAID16306DN03S）处理完成：总托盘 1，指数达标 0，未达标 1，平均缺口 152.00，最大缺口 152.00，失败托盘互借修复成功 0。
  - KPI：near/mid/deep=0/0/1，救回率=0.00%，pair效率=0.00%。
  - 耗时拆解：packing=0.03s，main_topup=0.00s，retry=0.00s，failed_pool=0.00s，repack=0.00s，total=0.03s。
正在处理托盘类型：MH423C，销售订单号：LFEG16310IN02S
  - 该分组不适合列式（多非满柱）→ 回退 beam + 配方优先。
  - 配方优先[fast]：规划 0 实例，实装成功 0，配方路径不可用 → 采用基线方案。
  - 指数诊断：箱子 58 个，总指数 166，目标 192，理论最多达标托盘 0 个，剩余指数 166。
  - 几何诊断：典型整层堆叠单盘参考上限 100/192。 当前目标可能受托盘高度/箱型组合限制。
  - 几何诊断提示：典型整层参考值 100 < 目标 192；该值不是不可达证明，继续执行指数救援。
  - 失败托盘互借诊断：未合并（aborted_no_improvement_possible）。
托盘类型 MH423C（销售订单号：LFEG16310IN02S）处理完成：总托盘 2，指数达标 0，未达标 2，平均缺口 109.00，最大缺口 187.00，失败托盘互借修复成功 0。
  - KPI：near/mid/deep=0/0/2，救回率=0.00%，pair效率=0.00%。
  - 耗时拆解：packing=0.49s，main_topup=0.01s，retry=0.00s，failed_pool=0.00s，repack=0.84s，total=2.76s。
正在处理托盘类型：MH423C，销售订单号：LFEG16310IN01S
  - 主算法：全局列式装箱 + 柱级组合优化（GCP）。
  - 失败托盘互借诊断：未合并（aborted_no_improvement_possible）。
托盘类型 MH423C（销售订单号：LFEG16310IN01S）处理完成：总托盘 2，指数达标 0，未达标 2，平均缺口 91.00，最大缺口 176.00，失败托盘互借修复成功 0。
  - KPI：near/mid/deep=1/0/1，救回率=0.00%，pair效率=0.00%。
  - 耗时拆解：packing=66.78s，main_topup=0.00s，retry=0.00s，failed_pool=0.00s，repack=1.05s，total=67.83s。
  - 条件双路径棘轮：替代完整路径通过守恒和最终门禁，严格优于 GCP，已采用。
正在处理托盘类型：MH423C，销售订单号：LFEG16310IN01S__SPLITREST__
  - 该分组不适合列式（多非满柱）→ 回退 beam + 配方优先。
  - 配方优先[fast]：规划 0 实例，实装成功 0，配方路径不可用 → 采用基线方案。
  - 指数诊断：箱子 3 个，总指数 8，目标 192，理论最多达标托盘 0 个，剩余指数 8。
  - 几何诊断：典型整层堆叠单盘参考上限 8/192。 当前目标可能受托盘高度/箱型组合限制。
  - 几何诊断提示：典型整层参考值 8 < 目标 192；该值不是不可达证明，继续执行指数救援。
  - 失败托盘互借诊断：未合并（no_target_or_single_plan）。
托盘类型 MH423C（销售订单号：LFEG16310IN01S__SPLITREST__）处理完成：总托盘 1，指数达标 0，未达标 1，平均缺口 184.00，最大缺口 184.00，失败托盘互借修复成功 0。
  - KPI：near/mid/deep=0/0/1，救回率=0.00%，pair效率=0.00%。
  - 耗时拆解：packing=0.00s，main_topup=0.00s，retry=0.00s，failed_pool=0.00s，repack=0.00s，total=0.01s。
正在处理托盘类型：MH423C，销售订单号：LFEG16316AN01S
  - 主算法：全局列式装箱 + 柱级组合优化（GCP）。
  - 失败托盘互借诊断：未合并（no_target_or_single_plan）。
托盘类型 MH423C（销售订单号：LFEG16316AN01S）处理完成：总托盘 1，指数达标 0，未达标 1，平均缺口 131.00，最大缺口 131.00，失败托盘互借修复成功 0。
  - KPI：near/mid/deep=0/0/1，救回率=0.00%，pair效率=0.00%。
  - 耗时拆解：packing=0.05s，main_topup=0.00s，retry=0.00s，failed_pool=0.00s，repack=0.00s，total=0.05s。
正在处理托盘类型：MH423C，销售订单号：PAIN26310BC02S
  - 该分组不适合列式（多非满柱）→ 回退 beam + 配方优先。
  - 配方优先[fast]：规划 0 实例，实装成功 0，配方路径不可用 → 采用基线方案。
  - 指数诊断：箱子 12 个，总指数 86，目标 192，理论最多达标托盘 0 个，剩余指数 86。
  - 几何诊断：典型整层堆叠单盘参考上限 52/192。 当前目标可能受托盘高度/箱型组合限制。
  - 几何诊断提示：典型整层参考值 52 < 目标 192；该值不是不可达证明，继续执行指数救援。
  - 失败托盘互借诊断：未合并（no_target_or_single_plan）。
托盘类型 MH423C（销售订单号：PAIN26310BC02S）处理完成：总托盘 1，指数达标 0，未达标 1，平均缺口 106.00，最大缺口 106.00，失败托盘互借修复成功 0。
  - KPI：near/mid/deep=0/0/1，救回率=0.00%，pair效率=0.00%。
  - 耗时拆解：packing=0.05s，main_topup=0.00s，retry=0.00s，failed_pool=0.00s，repack=0.00s，total=0.05s。
正在处理托盘类型：MH423C，销售订单号：LFEG16310IN03S
  - 主算法：全局列式装箱 + 柱级组合优化（GCP）。
  - GCP 盘数远超理论（CP-SAT 装不满）→ 回退 baseline beam + 配方优先。
  - 托盘 MH423C-LFEG16310IN03S-2 未找到可行装箱方案，启用剩余箱子守恒兜底。
  - 配方优先[fast]：规划 0 实例，实装成功 0，配方路径不可用 → 采用基线方案。
  - 指数诊断：箱子 48 个，总指数 186，目标 192，理论最多达标托盘 0 个，剩余指数 186。
  - 几何诊断：典型整层堆叠单盘参考上限 152/192。 当前目标可能受托盘高度/箱型组合限制。
  - 几何诊断提示：典型整层参考值 152 < 目标 192；该值不是不可达证明，继续执行指数救援。
  - 失败托盘互借诊断：未合并（aborted_no_improvement_possible）。
托盘类型 MH423C（销售订单号：LFEG16310IN03S）处理完成：总托盘 3，指数达标 0，未达标 3，平均缺口 130.00，最大缺口 190.00，失败托盘互借修复成功 0。
  - KPI：near/mid/deep=0/1/2，救回率=0.00%，pair效率=0.00%。
  - 耗时拆解：packing=0.28s，main_topup=0.01s，retry=0.00s，failed_pool=0.00s，repack=0.72s，total=2.32s。
正在处理托盘类型：MH423C，销售订单号：LFEG16310IN03S__SPLITREST__
  - 该分组不适合列式（多非满柱）→ 回退 beam + 配方优先。
  - 配方优先[fast]：规划 0 实例，实装成功 0，配方路径不可用 → 采用基线方案。
  - 指数诊断：箱子 18 个，总指数 27，目标 192，理论最多达标托盘 0 个，剩余指数 27。
  - 几何诊断：典型整层堆叠单盘参考上限 23/192。 当前目标可能受托盘高度/箱型组合限制。
  - 几何诊断提示：典型整层参考值 23 < 目标 192；该值不是不可达证明，继续执行指数救援。
  - 失败托盘互借诊断：未合并（no_target_or_single_plan）。
托盘类型 MH423C（销售订单号：LFEG16310IN03S__SPLITREST__）处理完成：总托盘 1，指数达标 0，未达标 1，平均缺口 165.00，最大缺口 165.00，失败托盘互借修复成功 0。
  - KPI：near/mid/deep=0/0/1，救回率=0.00%，pair效率=0.00%。
  - 耗时拆解：packing=0.09s，main_topup=0.00s，retry=0.00s，failed_pool=0.00s，repack=0.00s，total=0.09s。
正在处理托盘类型：MH423C，销售订单号：PAIN26316EC02S
  - 主算法：全局列式装箱 + 柱级组合优化（GCP）。
  - GCP 盘数远超理论（CP-SAT 装不满）→ 回退 baseline beam + 配方优先。
  - 配方优先[fast]：规划 0 实例，实装成功 0，配方路径不可用 → 采用基线方案。
  - 指数诊断：箱子 61 个，总指数 168，目标 192，理论最多达标托盘 0 个，剩余指数 168。
  - 几何诊断：典型整层堆叠单盘参考上限 116/192。 当前目标可能受托盘高度/箱型组合限制。
  - 几何诊断提示：典型整层参考值 116 < 目标 192；该值不是不可达证明，继续执行指数救援。
  - 失败托盘互借诊断：未合并（aborted_no_improvement_possible）。
托盘类型 MH423C（销售订单号：PAIN26316EC02S）处理完成：总托盘 2，指数达标 0，未达标 2，平均缺口 108.00，最大缺口 122.00，失败托盘互借修复成功 0。
  - KPI：near/mid/deep=0/0/2，救回率=0.00%，pair效率=0.00%。
  - 耗时拆解：packing=0.06s，main_topup=0.00s，retry=0.00s，failed_pool=0.00s，repack=1.29s，total=2.44s。
正在处理托盘类型：MH423C，销售订单号：PAIN26296EC02S
  - 主算法：全局列式装箱 + 柱级组合优化（GCP）。
  - 失败托盘互借诊断：未合并（no_target_or_single_plan）。
托盘类型 MH423C（销售订单号：PAIN26296EC02S）处理完成：总托盘 1，指数达标 0，未达标 1，平均缺口 116.00，最大缺口 116.00，失败托盘互借修复成功 0。
  - KPI：near/mid/deep=0/0/1，救回率=0.00%，pair效率=0.00%。
  - 耗时拆解：packing=0.11s，main_topup=0.00s，retry=0.00s，failed_pool=0.00s，repack=0.00s，total=0.11s。
正在处理托盘类型：MH423C，销售订单号：LFEG16300IN02S
  - 该分组不适合列式（多非满柱）→ 回退 beam + 配方优先。
  - 配方优先[fast]：规划 0 实例，实装成功 0，配方路径不可用 → 采用基线方案。
  - 指数诊断：箱子 10 个，总指数 19，目标 192，理论最多达标托盘 0 个，剩余指数 19。
  - 几何诊断：典型整层堆叠单盘参考上限 19/192。 当前目标可能受托盘高度/箱型组合限制。
  - 几何诊断提示：典型整层参考值 19 < 目标 192；该值不是不可达证明，继续执行指数救援。
  - 失败托盘互借诊断：未合并（no_target_or_single_plan）。
托盘类型 MH423C（销售订单号：LFEG16300IN02S）处理完成：总托盘 1，指数达标 0，未达标 1，平均缺口 173.00，最大缺口 173.00，失败托盘互借修复成功 0。
  - KPI：near/mid/deep=0/0/1，救回率=0.00%，pair效率=0.00%。
  - 耗时拆解：packing=0.01s，main_topup=0.00s，retry=0.00s，failed_pool=0.00s，repack=0.00s，total=0.06s。
正在处理托盘类型：MH423C，销售订单号：PAID16315AN01S
  - 该分组不适合列式（多非满柱）→ 回退 beam + 配方优先。
  - 配方优先[fast]：规划 0 实例，实装成功 0，配方路径不可用 → 采用基线方案。
  - 指数诊断：箱子 1 个，总指数 1，目标 192，理论最多达标托盘 0 个，剩余指数 1。
  - 几何诊断：典型整层堆叠单盘参考上限 1/192。 当前目标可能受托盘高度/箱型组合限制。
  - 几何诊断提示：典型整层参考值 1 < 目标 192；该值不是不可达证明，继续执行指数救援。
  - 失败托盘互借诊断：未合并（no_target_or_single_plan）。
托盘类型 MH423C（销售订单号：PAID16315AN01S）处理完成：总托盘 1，指数达标 0，未达标 1，平均缺口 191.00，最大缺口 191.00，失败托盘互借修复成功 0。
  - KPI：near/mid/deep=0/0/1，救回率=0.00%，pair效率=0.00%。
  - 耗时拆解：packing=0.00s，main_topup=0.00s，retry=0.00s，failed_pool=0.00s，repack=0.00s，total=0.00s。
正在处理托盘类型：MH423C，销售订单号：PAIN26310BN01S
  - 主算法：全局列式装箱 + 柱级组合优化（GCP）。
  - 失败托盘互借诊断：未合并（no_target_or_single_plan）。
托盘类型 MH423C（销售订单号：PAIN26310BN01S）处理完成：总托盘 1，指数达标 0，未达标 1，平均缺口 156.00，最大缺口 156.00，失败托盘互借修复成功 0。
  - KPI：near/mid/deep=0/0/1，救回率=0.00%，pair效率=0.00%。
  - 耗时拆解：packing=0.02s，main_topup=0.00s，retry=0.00s，failed_pool=0.00s，repack=0.00s，total=0.02s。
正在处理托盘类型：MH423C，销售订单号：LAID16315EN03S
  - 主算法：全局列式装箱 + 柱级组合优化（GCP）。
  - 失败托盘互借诊断：未合并（aborted_no_improvement_possible）。
托盘类型 MH423C（销售订单号：LAID16315EN03S）处理完成：总托盘 2，指数达标 0，未达标 2，平均缺口 108.50，最大缺口 171.00，失败托盘互借修复成功 0。
  - KPI：near/mid/deep=0/0/2，救回率=0.00%，pair效率=0.00%。
  - 耗时拆解：packing=1.61s，main_topup=0.00s，retry=0.00s，failed_pool=0.00s，repack=1.29s，total=2.90s。
正在处理托盘类型：MH423C，销售订单号：PAID16316DN01S
  - 该分组不适合列式（多非满柱）→ 回退 beam + 配方优先。
  - 配方优先[fast]：规划 0 实例，实装成功 0，配方路径不可用 → 采用基线方案。
  - 指数诊断：箱子 2 个，总指数 8，目标 192，理论最多达标托盘 0 个，剩余指数 8。
  - 几何诊断：典型整层堆叠单盘参考上限 8/192。 当前目标可能受托盘高度/箱型组合限制。
  - 几何诊断提示：典型整层参考值 8 < 目标 192；该值不是不可达证明，继续执行指数救援。
  - 失败托盘互借诊断：未合并（no_target_or_single_plan）。
托盘类型 MH423C（销售订单号：PAID16316DN01S）处理完成：总托盘 1，指数达标 0，未达标 1，平均缺口 184.00，最大缺口 184.00，失败托盘互借修复成功 0。
  - KPI：near/mid/deep=0/0/1，救回率=0.00%，pair效率=0.00%。
  - 耗时拆解：packing=0.00s，main_topup=0.00s，retry=0.00s，failed_pool=0.00s，repack=0.00s，total=0.00s。
正在处理托盘类型：MH423C，销售订单号：LAID16316DN03S
  - 主算法：全局列式装箱 + 柱级组合优化（GCP）。
  - 失败托盘互借诊断：未合并（no_target_or_single_plan）。
托盘类型 MH423C（销售订单号：LAID16316DN03S）处理完成：总托盘 1，指数达标 0，未达标 1，平均缺口 168.00，最大缺口 168.00，失败托盘互借修复成功 0。
  - KPI：near/mid/deep=0/0/1，救回率=0.00%，pair效率=0.00%。
  - 耗时拆解：packing=0.01s，main_topup=0.00s，retry=0.00s，failed_pool=0.00s，repack=0.00s，total=0.01s。
正在处理托盘类型：MH423C，销售订单号：LAID16316DN03S__SPLITREST__
  - 该分组不适合列式（多非满柱）→ 回退 beam + 配方优先。
  - 配方优先[fast]：规划 0 实例，实装成功 0，配方路径不可用 → 采用基线方案。
  - 指数诊断：箱子 2 个，总指数 5，目标 192，理论最多达标托盘 0 个，剩余指数 5。
  - 几何诊断：典型整层堆叠单盘参考上限 5/192。 当前目标可能受托盘高度/箱型组合限制。
  - 几何诊断提示：典型整层参考值 5 < 目标 192；该值不是不可达证明，继续执行指数救援。
  - 失败托盘互借诊断：未合并（no_target_or_single_plan）。
托盘类型 MH423C（销售订单号：LAID16316DN03S__SPLITREST__）处理完成：总托盘 1，指数达标 0，未达标 1，平均缺口 187.00，最大缺口 187.00，失败托盘互借修复成功 0。
  - KPI：near/mid/deep=0/0/1，救回率=0.00%，pair效率=0.00%。
  - 耗时拆解：packing=0.00s，main_topup=0.00s，retry=0.00s，failed_pool=0.00s，repack=0.00s，total=0.00s。
正在处理托盘类型：MH423C，销售订单号：LAID16316DN02S
  - 主算法：全局列式装箱 + 柱级组合优化（GCP）。
  - 失败托盘互借诊断：未合并（no_target_or_single_plan）。
托盘类型 MH423C（销售订单号：LAID16316DN02S）处理完成：总托盘 1，指数达标 0，未达标 1，平均缺口 136.00，最大缺口 136.00，失败托盘互借修复成功 0。
  - KPI：near/mid/deep=0/0/1，救回率=0.00%，pair效率=0.00%。
  - 耗时拆解：packing=0.09s，main_topup=0.00s，retry=0.00s，failed_pool=0.00s，repack=0.00s，total=0.09s。
正在处理托盘类型：MH423C，销售订单号：LAID16316DN02S__SPLITREST__
  - 该分组不适合列式（多非满柱）→ 回退 beam + 配方优先。
  - 配方优先[fast]：规划 0 实例，实装成功 0，配方路径不可用 → 采用基线方案。
  - 指数诊断：箱子 1 个，总指数 4，目标 192，理论最多达标托盘 0 个，剩余指数 4。
  - 几何诊断：典型整层堆叠单盘参考上限 4/192。 当前目标可能受托盘高度/箱型组合限制。
  - 几何诊断提示：典型整层参考值 4 < 目标 192；该值不是不可达证明，继续执行指数救援。
  - 失败托盘互借诊断：未合并（no_target_or_single_plan）。
托盘类型 MH423C（销售订单号：LAID16316DN02S__SPLITREST__）处理完成：总托盘 1，指数达标 0，未达标 1，平均缺口 188.00，最大缺口 188.00，失败托盘互借修复成功 0。
  - KPI：near/mid/deep=0/0/1，救回率=0.00%，pair效率=0.00%。
  - 耗时拆解：packing=0.00s，main_topup=0.00s，retry=0.00s，failed_pool=0.00s，repack=0.00s，total=0.00s。
正在处理托盘类型：MH423C，销售订单号：LAID16315EN02S
  - 该分组不适合列式（多非满柱）→ 回退 beam + 配方优先。
  - 配方优先[fast]：规划 0 实例，实装成功 0，配方路径不可用 → 采用基线方案。
  - 指数诊断：箱子 18 个，总指数 41，目标 192，理论最多达标托盘 0 个，剩余指数 41。
  - 几何诊断：典型整层堆叠单盘参考上限 41/192。 当前目标可能受托盘高度/箱型组合限制。
  - 几何诊断提示：典型整层参考值 41 < 目标 192；该值不是不可达证明，继续执行指数救援。
  - 失败托盘互借诊断：未合并（no_target_or_single_plan）。
托盘类型 MH423C（销售订单号：LAID16315EN02S）处理完成：总托盘 1，指数达标 0，未达标 1，平均缺口 151.00，最大缺口 151.00，失败托盘互借修复成功 0。
  - KPI：near/mid/deep=0/0/1，救回率=0.00%，pair效率=0.00%。
  - 耗时拆解：packing=0.13s，main_topup=0.00s，retry=0.00s，failed_pool=0.00s，repack=0.00s，total=0.13s。
正在处理托盘类型：MH423C，销售订单号：LAID16316DN01S
  - 该分组不适合列式（多非满柱）→ 回退 beam + 配方优先。
  - 配方优先[fast]：规划 0 实例，实装成功 0，配方路径不可用 → 采用基线方案。
  - 指数诊断：箱子 21 个，总指数 121，目标 192，理论最多达标托盘 0 个，剩余指数 121。
  - 几何诊断：典型整层堆叠单盘参考上限 70/192。 当前目标可能受托盘高度/箱型组合限制。
  - 几何诊断提示：典型整层参考值 70 < 目标 192；该值不是不可达证明，继续执行指数救援。
  - 失败盘装满压实：合并/吸收 1 次（纯减盘数）。
  - 失败托盘互借诊断：未合并（not_better）。
托盘类型 MH423C（销售订单号：LAID16316DN01S）处理完成：总托盘 1，指数达标 0，未达标 1，平均缺口 71.00，最大缺口 71.00，失败托盘互借修复成功 0。
  - KPI：near/mid/deep=0/0/1，救回率=0.00%，pair效率=0.00%。
  - 耗时拆解：packing=0.01s，main_topup=0.00s，retry=0.00s，failed_pool=0.00s，repack=0.07s，total=0.08s。
正在处理托盘类型：MH423C，销售订单号：PAID163108N01S
  - 主算法：全局列式装箱 + 柱级组合优化（GCP）。
  - 失败托盘互借诊断：未合并（no_target_or_single_plan）。
托盘类型 MH423C（销售订单号：PAID163108N01S）处理完成：总托盘 1，指数达标 0，未达标 1，平均缺口 104.00，最大缺口 104.00，失败托盘互借修复成功 0。
  - KPI：near/mid/deep=0/0/1，救回率=0.00%，pair效率=0.00%。
  - 耗时拆解：packing=0.44s，main_topup=0.00s，retry=0.00s，failed_pool=0.00s，repack=0.00s，total=0.44s。
正在处理托盘类型：MH423C，销售订单号：PAID16315BN01S
  - 主算法：全局列式装箱 + 柱级组合优化（GCP）。
  - 失败托盘互借诊断：未合并（no_target_or_single_plan）。
托盘类型 MH423C（销售订单号：PAID16315BN01S）处理完成：总托盘 1，指数达标 0，未达标 1，平均缺口 154.00，最大缺口 154.00，失败托盘互借修复成功 0。
  - KPI：near/mid/deep=0/0/1，救回率=0.00%，pair效率=0.00%。
  - 耗时拆解：packing=0.13s，main_topup=0.00s，retry=0.00s，failed_pool=0.00s，repack=0.00s，total=0.13s。
正在处理托盘类型：MH423C，销售订单号：PAID163108N03S
  - 该分组不适合列式（多非满柱）→ 回退 beam + 配方优先。
  - 配方优先[fast]：规划 0 实例，实装成功 0，配方路径不可用 → 采用基线方案。
  - 指数诊断：箱子 1 个，总指数 2，目标 192，理论最多达标托盘 0 个，剩余指数 2。
  - 几何诊断：典型整层堆叠单盘参考上限 2/192。 当前目标可能受托盘高度/箱型组合限制。
  - 几何诊断提示：典型整层参考值 2 < 目标 192；该值不是不可达证明，继续执行指数救援。
  - 失败托盘互借诊断：未合并（no_target_or_single_plan）。
托盘类型 MH423C（销售订单号：PAID163108N03S）处理完成：总托盘 1，指数达标 0，未达标 1，平均缺口 190.00，最大缺口 190.00，失败托盘互借修复成功 0。
  - KPI：near/mid/deep=0/0/1，救回率=0.00%，pair效率=0.00%。
  - 耗时拆解：packing=0.00s，main_topup=0.00s，retry=0.00s，failed_pool=0.00s，repack=0.00s，total=0.00s。
正在处理托盘类型：MH423C，销售订单号：PAID16300FN01S
  - 该分组不适合列式（多非满柱）→ 回退 beam + 配方优先。
  - 配方优先[fast]：规划 0 实例，实装成功 0，配方路径不可用 → 采用基线方案。
  - 指数诊断：箱子 2 个，总指数 8，目标 192，理论最多达标托盘 0 个，剩余指数 8。
  - 几何诊断：典型整层堆叠单盘参考上限 8/192。 当前目标可能受托盘高度/箱型组合限制。
  - 几何诊断提示：典型整层参考值 8 < 目标 192；该值不是不可达证明，继续执行指数救援。
  - 失败托盘互借诊断：未合并（no_target_or_single_plan）。
托盘类型 MH423C（销售订单号：PAID16300FN01S）处理完成：总托盘 1，指数达标 0，未达标 1，平均缺口 184.00，最大缺口 184.00，失败托盘互借修复成功 0。
  - KPI：near/mid/deep=0/0/1，救回率=0.00%，pair效率=0.00%。
  - 耗时拆解：packing=0.00s，main_topup=0.00s，retry=0.00s，failed_pool=0.00s，repack=0.00s，total=0.00s。
正在处理托盘类型：MH423C，销售订单号：LFEG16316AN02S
  - 主算法：全局列式装箱 + 柱级组合优化（GCP）。
  - 失败托盘互借诊断：未合并（no_target_or_single_plan）。
托盘类型 MH423C（销售订单号：LFEG16316AN02S）处理完成：总托盘 1，指数达标 0，未达标 1，平均缺口 70.00，最大缺口 70.00，失败托盘互借修复成功 0。
  - KPI：near/mid/deep=0/0/1，救回率=0.00%，pair效率=0.00%。
  - 耗时拆解：packing=0.13s，main_topup=0.00s，retry=0.00s，failed_pool=0.00s，repack=0.00s，total=0.13s。
正在处理托盘类型：MH423C，销售订单号：LFEG16316AN02S__SPLITREST__
  - 该分组不适合列式（多非满柱）→ 回退 beam + 配方优先。
  - 配方优先[fast]：规划 0 实例，实装成功 0，配方路径不可用 → 采用基线方案。
  - 指数诊断：箱子 1 个，总指数 2，目标 192，理论最多达标托盘 0 个，剩余指数 2。
  - 几何诊断：典型整层堆叠单盘参考上限 2/192。 当前目标可能受托盘高度/箱型组合限制。
  - 几何诊断提示：典型整层参考值 2 < 目标 192；该值不是不可达证明，继续执行指数救援。
  - 失败托盘互借诊断：未合并（no_target_or_single_plan）。
托盘类型 MH423C（销售订单号：LFEG16316AN02S__SPLITREST__）处理完成：总托盘 1，指数达标 0，未达标 1，平均缺口 190.00，最大缺口 190.00，失败托盘互借修复成功 0。
  - KPI：near/mid/deep=0/0/1，救回率=0.00%，pair效率=0.00%。
  - 耗时拆解：packing=0.00s，main_topup=0.00s，retry=0.00s，failed_pool=0.00s，repack=0.00s，total=0.00s。
正在处理托盘类型：MH423C，销售订单号：LFEG16300IN01S
  - 该分组不适合列式（多非满柱）→ 回退 beam + 配方优先。
  - 配方优先[fast]：规划 0 实例，实装成功 0，配方路径不可用 → 采用基线方案。
  - 指数诊断：箱子 2 个，总指数 1，目标 192，理论最多达标托盘 0 个，剩余指数 1。
  - 几何诊断：典型整层堆叠单盘参考上限 1/192。 当前目标可能受托盘高度/箱型组合限制。
  - 几何诊断提示：典型整层参考值 1 < 目标 192；该值不是不可达证明，继续执行指数救援。
  - 失败托盘互借诊断：未合并（no_target_or_single_plan）。
托盘类型 MH423C（销售订单号：LFEG16300IN01S）处理完成：总托盘 1，指数达标 0，未达标 1，平均缺口 191.00，最大缺口 191.00，失败托盘互借修复成功 0。
  - KPI：near/mid/deep=0/0/1，救回率=0.00%，pair效率=0.00%。
  - 耗时拆解：packing=0.00s，main_topup=0.00s，retry=0.00s，failed_pool=0.00s，repack=0.00s，total=0.00s。
正在处理托盘类型：MH423C，销售订单号：PAIN26310MZ05S
  - 该分组不适合列式（多非满柱）→ 回退 beam + 配方优先。
  - 配方优先[fast]：规划 0 实例，实装成功 0，配方路径不可用 → 采用基线方案。
  - 指数诊断：箱子 55 个，总指数 818，目标 192，理论最多达标托盘 4 个，剩余指数 50。
  - 几何诊断：典型整层堆叠单盘参考上限 160/192。 当前目标可能受托盘高度/箱型组合限制。
  - 几何诊断提示：典型整层参考值 160 < 目标 192；该值不是不可达证明，继续执行指数救援。
  - 失败托盘互借诊断：未合并（aborted_no_improvement_possible）。
托盘类型 MH423C（销售订单号：PAIN26310MZ05S）处理完成：总托盘 7，指数达标 0，未达标 7，平均缺口 75.14，最大缺口 174.00，失败托盘互借修复成功 0。
  - KPI：near/mid/deep=0/0/7，救回率=0.00%，pair效率=0.00%。
  - 耗时拆解：packing=0.13s，main_topup=0.00s，retry=0.00s，failed_pool=0.20s，repack=0.74s，total=0.88s。
正在处理托盘类型：MH423C，销售订单号：LFEG16320IN01S
  - 主算法：全局列式装箱 + 柱级组合优化（GCP）。
  - 失败盘装满压实：合并/吸收 1 次（纯减盘数）。
  - 失败托盘互借诊断：未合并（aborted_no_improvement_possible）。
托盘类型 MH423C（销售订单号：LFEG16320IN01S）处理完成：总托盘 1，指数达标 0，未达标 1，平均缺口 168.00，最大缺口 168.00，失败托盘互借修复成功 0。
  - KPI：near/mid/deep=0/0/1，救回率=0.00%，pair效率=0.00%。
  - 耗时拆解：packing=0.00s，main_topup=0.00s，retry=0.00s，failed_pool=0.00s，repack=0.02s，total=0.02s。
正在处理托盘类型：MH423C，销售订单号：LFEG16320IN03S
  - 主算法：全局列式装箱 + 柱级组合优化（GCP）。
  - 失败盘装满压实：合并/吸收 1 次（纯减盘数）。
  - 失败托盘互借诊断：未合并（aborted_no_improvement_possible）。
托盘类型 MH423C（销售订单号：LFEG16320IN03S）处理完成：总托盘 1，指数达标 0，未达标 1，平均缺口 168.00，最大缺口 168.00，失败托盘互借修复成功 0。
  - KPI：near/mid/deep=0/0/1，救回率=0.00%，pair效率=0.00%。
  - 耗时拆解：packing=0.00s，main_topup=0.00s，retry=0.00s，failed_pool=0.00s，repack=0.01s，total=0.02s。
正在处理托盘类型：MH423C，销售订单号：PAIN26310GN01S
  - 主算法：全局列式装箱 + 柱级组合优化（GCP）。
  - 失败托盘互借诊断：未合并（aborted_no_improvement_possible）。
托盘类型 MH423C（销售订单号：PAIN26310GN01S）处理完成：总托盘 2，指数达标 0，未达标 2，平均缺口 75.50，最大缺口 141.00，失败托盘互借修复成功 0。
  - KPI：near/mid/deep=0/1/1，救回率=0.00%，pair效率=0.00%。
  - 耗时拆解：packing=51.19s，main_topup=0.00s，retry=0.00s，failed_pool=0.00s，repack=7.97s，total=59.17s。
============================================================
[WCS-拉] 20260731_132817：拉取接口 1 …
[WCS-拉] 原始响应已保存：D:\research_code\final\zhuang\packing-workspace\input\raw\20260731_132817.json
[WCS-拉] 已剔除 case_type≠MH423C 的品类 63 条（类型：['MH113', 'WR246']），保留 1923 条。
[WCS-拉] 忽略 4 条零尺寸/非法尺寸库存；有效记录 1919 条；样例：product_code=30086366/box_type=YZX507/0×0×0, product_code=30086359/box_type=YZX507/0×0×0, product_code=30086364/box_type=YZX507/0×0×0, product_code=30086358/box_type=YZX507/0×0×0
[WCS-DB] wcs_stock_box 已全量替换：清空 2012 → 插入 1919
[WCS-拉] wcs_stock_box 已全量替换：删 2012，插 1919。
[WCS-DB] wcs_stock_box_all product_code 已存在、跳过 1898 条
[WCS-拉] wcs_stock_box_all 追加：新插入 21，跳过已有 1898（历史不删）。
[WCS-拉] 库存有变化 → need_repack=True，唤醒装箱。
正在处理托盘类型：MH423C，销售订单号：PAIN26310MN01S
  - 主算法：全局列式装箱 + 柱级组合优化（GCP）。
  - 失败托盘互借诊断：未合并（less_than_2_consolidatable）。
托盘类型 MH423C（销售订单号：PAIN26310MN01S）处理完成：总托盘 2，指数达标 1，未达标 1，平均缺口 167.00，最大缺口 167.00，失败托盘互借修复成功 0。
  - KPI：near/mid/deep=0/0/1，救回率=0.00%，pair效率=0.00%。
  - 耗时拆解：packing=1.16s，main_topup=0.00s，retry=0.00s，failed_pool=0.00s，repack=0.00s，total=1.17s。
正在处理托盘类型：MH423C，销售订单号：PEG126320LN02S
  - 该分组不适合列式（多非满柱）→ 回退 beam + 配方优先。
  - 配方优先[fast]：规划 0 实例，实装成功 0，配方路径不可用 → 采用基线方案。
  - 指数诊断：箱子 1 个，总指数 6，目标 192，理论最多达标托盘 0 个，剩余指数 6。
  - 几何诊断：典型整层堆叠单盘参考上限 6/192。 当前目标可能受托盘高度/箱型组合限制。
  - 几何诊断提示：典型整层参考值 6 < 目标 192；该值不是不可达证明，继续执行指数救援。
  - 失败托盘互借诊断：未合并（no_target_or_single_plan）。
托盘类型 MH423C（销售订单号：PEG126320LN02S）处理完成：总托盘 1，指数达标 0，未达标 1，平均缺口 186.00，最大缺口 186.00，失败托盘互借修复成功 0。
  - KPI：near/mid/deep=0/0/1，救回率=0.00%，pair效率=0.00%。
  - 耗时拆解：packing=0.00s，main_topup=0.00s，retry=0.00s，failed_pool=0.00s，repack=0.00s，total=0.00s。
正在处理托盘类型：MH423C，销售订单号：PAIN26290MN02S
  - 该分组不适合列式（多非满柱）→ 回退 beam + 配方优先。
  - 配方优先[fast]：规划 0 实例，实装成功 0，配方路径不可用 → 采用基线方案。
  - 指数诊断：箱子 7 个，总指数 26，目标 192，理论最多达标托盘 0 个，剩余指数 26。
  - 几何诊断：典型整层堆叠单盘参考上限 26/192。 当前目标可能受托盘高度/箱型组合限制。
  - 几何诊断提示：典型整层参考值 26 < 目标 192；该值不是不可达证明，继续执行指数救援。
  - 失败托盘互借诊断：未合并（no_target_or_single_plan）。
托盘类型 MH423C（销售订单号：PAIN26290MN02S）处理完成：总托盘 1，指数达标 0，未达标 1，平均缺口 166.00，最大缺口 166.00，失败托盘互借修复成功 0。
  - KPI：near/mid/deep=0/0/1，救回率=0.00%，pair效率=0.00%。
  - 耗时拆解：packing=0.01s，main_topup=0.00s，retry=0.00s，failed_pool=0.00s，repack=0.00s，total=0.03s。
正在处理托盘类型：MH423C，销售订单号：PAIN26310GC02S
  - 该分组不适合列式（多非满柱）→ 回退 beam + 配方优先。
  - 配方优先[fast]：规划 0 实例，实装成功 0，配方路径不可用 → 采用基线方案。
  - 指数诊断：箱子 3 个，总指数 6，目标 192，理论最多达标托盘 0 个，剩余指数 6。
  - 几何诊断：典型整层堆叠单盘参考上限 6/192。 当前目标可能受托盘高度/箱型组合限制。
  - 几何诊断提示：典型整层参考值 6 < 目标 192；该值不是不可达证明，继续执行指数救援。
  - 失败托盘互借诊断：未合并（no_target_or_single_plan）。
托盘类型 MH423C（销售订单号：PAIN26310GC02S）处理完成：总托盘 1，指数达标 0，未达标 1，平均缺口 186.00，最大缺口 186.00，失败托盘互借修复成功 0。
  - KPI：near/mid/deep=0/0/1，救回率=0.00%，pair效率=0.00%。
  - 耗时拆解：packing=0.00s，main_topup=0.00s，retry=0.00s，failed_pool=0.00s，repack=0.00s，total=0.01s。
正在处理托盘类型：MH423C，销售订单号：PAID163108C02S
  - 该分组不适合列式（多非满柱）→ 回退 beam + 配方优先。
  - 配方优先[fast]：规划 0 实例，实装成功 0，配方路径不可用 → 采用基线方案。
  - 指数诊断：箱子 1 个，总指数 8，目标 192，理论最多达标托盘 0 个，剩余指数 8。
  - 几何诊断：典型整层堆叠单盘参考上限 8/192。 当前目标可能受托盘高度/箱型组合限制。
  - 几何诊断提示：典型整层参考值 8 < 目标 192；该值不是不可达证明，继续执行指数救援。
  - 失败托盘互借诊断：未合并（no_target_or_single_plan）。
托盘类型 MH423C（销售订单号：PAID163108C02S）处理完成：总托盘 1，指数达标 0，未达标 1，平均缺口 184.00，最大缺口 184.00，失败托盘互借修复成功 0。
  - KPI：near/mid/deep=0/0/1，救回率=0.00%，pair效率=0.00%。
  - 耗时拆解：packing=0.00s，main_topup=0.00s，retry=0.00s，failed_pool=0.00s，repack=0.00s，total=0.00s。
正在处理托盘类型：MH423C，销售订单号：PEG126320LN01S
  - 主算法：全局列式装箱 + 柱级组合优化（GCP）。
  - 失败托盘互借诊断：未合并（no_target_or_single_plan）。
托盘类型 MH423C（销售订单号：PEG126320LN01S）处理完成：总托盘 1，指数达标 0，未达标 1，平均缺口 170.00，最大缺口 170.00，失败托盘互借修复成功 0。
  - KPI：near/mid/deep=0/0/1，救回率=0.00%，pair效率=0.00%。
  - 耗时拆解：packing=0.09s，main_topup=0.00s，retry=0.00s，failed_pool=0.00s，repack=0.00s，total=0.09s。
正在处理托盘类型：MH423C，销售订单号：PAIN26316EN01S
  - 该分组不适合列式（多非满柱）→ 回退 beam + 配方优先。
  - 配方优先[fast]：规划 2 实例，实装成功 2，失败回兜底 0；达标 2，直接采用配方方案（基线未跑，--safe 可审计对比）。
  - 指数诊断：箱子 123 个，总指数 581，目标 192，理论最多达标托盘 3 个，剩余指数 5。
  - 几何诊断：典型整层堆叠单盘参考上限 192/192。
  - 失败托盘互借诊断：未合并（aborted_no_improvement_possible）。
托盘类型 MH423C（销售订单号：PAIN26316EN01S）处理完成：总托盘 4，指数达标 2，未达标 2，平均缺口 93.50，最大缺口 184.00，失败托盘互借修复成功 0。
  - KPI：near/mid/deep=1/0/1，救回率=0.00%，pair效率=0.00%。
  - 耗时拆解：packing=0.31s，main_topup=0.00s，retry=0.00s，failed_pool=2.22s，repack=3.72s，total=4.03s。
正在处理托盘类型：MH423C，销售订单号：PAIN26296EN01S
  - 主算法：全局列式装箱 + 柱级组合优化（GCP）。
  - 失败托盘互借诊断：未合并（no_target_or_single_plan）。
托盘类型 MH423C（销售订单号：PAIN26296EN01S）处理完成：总托盘 1，指数达标 0，未达标 1，平均缺口 100.00，最大缺口 100.00，失败托盘互借修复成功 0。
  - KPI：near/mid/deep=0/0/1，救回率=0.00%，pair效率=0.00%。
  - 耗时拆解：packing=4.21s，main_topup=0.00s，retry=0.00s，failed_pool=0.00s，repack=0.00s，total=4.21s。
正在处理托盘类型：MH423C，销售订单号：PAIN26310MN06S
  - 主算法：全局列式装箱 + 柱级组合优化（GCP）。
  - 失败托盘互借诊断：未合并（no_target_or_single_plan）。
托盘类型 MH423C（销售订单号：PAIN26310MN06S）处理完成：总托盘 1，指数达标 0，未达标 1，平均缺口 36.00，最大缺口 36.00，失败托盘互借修复成功 0。
  - KPI：near/mid/deep=0/0/1，救回率=0.00%，pair效率=0.00%。
  - 耗时拆解：packing=0.24s，main_topup=0.00s，retry=0.00s，failed_pool=0.00s，repack=0.00s，total=0.24s。
正在处理托盘类型：MH423C，销售订单号：PAIN26310MN08S
  - 主算法：全局列式装箱 + 柱级组合优化（GCP）。
  - 失败托盘互借诊断：未合并（no_target_or_single_plan）。
托盘类型 MH423C（销售订单号：PAIN26310MN08S）处理完成：总托盘 1，指数达标 0，未达标 1，平均缺口 145.00，最大缺口 145.00，失败托盘互借修复成功 0。
  - KPI：near/mid/deep=0/0/1，救回率=0.00%，pair效率=0.00%。
  - 耗时拆解：packing=1.07s，main_topup=0.00s，retry=0.00s，failed_pool=0.00s，repack=0.00s，total=1.07s。
正在处理托盘类型：MH423C，销售订单号：LFEG16336AN01S
  - 该分组不适合列式（多非满柱）→ 回退 beam + 配方优先。
  - 配方优先[fast]：规划 0 实例，实装成功 0，配方路径不可用 → 采用基线方案。
  - 指数诊断：箱子 1 个，总指数 1，目标 192，理论最多达标托盘 0 个，剩余指数 1。
  - 几何诊断：典型整层堆叠单盘参考上限 1/192。 当前目标可能受托盘高度/箱型组合限制。
  - 几何诊断提示：典型整层参考值 1 < 目标 192；该值不是不可达证明，继续执行指数救援。
  - 失败托盘互借诊断：未合并（no_target_or_single_plan）。
托盘类型 MH423C（销售订单号：LFEG16336AN01S）处理完成：总托盘 1，指数达标 0，未达标 1，平均缺口 191.00，最大缺口 191.00，失败托盘互借修复成功 0。
  - KPI：near/mid/deep=0/0/1，救回率=0.00%，pair效率=0.00%。
  - 耗时拆解：packing=0.00s，main_topup=0.00s，retry=0.00s，failed_pool=0.00s，repack=0.00s，total=0.00s。
正在处理托盘类型：MH423C，销售订单号：LFEG16336AN02S
  - 主算法：全局列式装箱 + 柱级组合优化（GCP）。
  - GCP 盘数远超理论（CP-SAT 装不满）→ 回退 baseline beam + 配方优先。
  - 配方优先[fast]：规划 0 实例，实装成功 0，配方路径不可用 → 采用基线方案。
  - 指数诊断：箱子 4 个，总指数 6，目标 192，理论最多达标托盘 0 个，剩余指数 6。
  - 几何诊断：典型整层堆叠单盘参考上限 6/192。 当前目标可能受托盘高度/箱型组合限制。
  - 几何诊断提示：典型整层参考值 6 < 目标 192；该值不是不可达证明，继续执行指数救援。
  - 失败托盘互借诊断：未合并（no_target_or_single_plan）。
托盘类型 MH423C（销售订单号：LFEG16336AN02S）处理完成：总托盘 1，指数达标 0，未达标 1，平均缺口 186.00，最大缺口 186.00，失败托盘互借修复成功 0。
  - KPI：near/mid/deep=0/0/1，救回率=0.00%，pair效率=0.00%。
  - 耗时拆解：packing=0.00s，main_topup=0.00s，retry=0.00s，failed_pool=0.00s，repack=0.00s，total=0.02s。
正在处理托盘类型：MH423C，销售订单号：PAIN26326EN01S
  - 该分组不适合列式（多非满柱）→ 回退 beam + 配方优先。
  - 配方优先[fast]：规划 0 实例，实装成功 0，配方路径不可用 → 采用基线方案。
  - 指数诊断：箱子 1 个，总指数 4，目标 192，理论最多达标托盘 0 个，剩余指数 4。
  - 几何诊断：典型整层堆叠单盘参考上限 4/192。 当前目标可能受托盘高度/箱型组合限制。
  - 几何诊断提示：典型整层参考值 4 < 目标 192；该值不是不可达证明，继续执行指数救援。
  - 失败托盘互借诊断：未合并（no_target_or_single_plan）。
托盘类型 MH423C（销售订单号：PAIN26326EN01S）处理完成：总托盘 1，指数达标 0，未达标 1，平均缺口 188.00，最大缺口 188.00，失败托盘互借修复成功 0。
  - KPI：near/mid/deep=0/0/1，救回率=0.00%，pair效率=0.00%。
  - 耗时拆解：packing=0.00s，main_topup=0.00s，retry=0.00s，failed_pool=0.00s，repack=0.00s，total=0.00s。
正在处理托盘类型：MH423C，销售订单号：PAIN26320BN01S
  - 该分组不适合列式（多非满柱）→ 回退 beam + 配方优先。
  - 配方优先[fast]：规划 0 实例，实装成功 0，配方路径不可用 → 采用基线方案。
  - 指数诊断：箱子 1 个，总指数 2，目标 192，理论最多达标托盘 0 个，剩余指数 2。
  - 几何诊断：典型整层堆叠单盘参考上限 2/192。 当前目标可能受托盘高度/箱型组合限制。
  - 几何诊断提示：典型整层参考值 2 < 目标 192；该值不是不可达证明，继续执行指数救援。
  - 失败托盘互借诊断：未合并（no_target_or_single_plan）。
托盘类型 MH423C（销售订单号：PAIN26320BN01S）处理完成：总托盘 1，指数达标 0，未达标 1，平均缺口 190.00，最大缺口 190.00，失败托盘互借修复成功 0。
  - KPI：near/mid/deep=0/0/1，救回率=0.00%，pair效率=0.00%。
  - 耗时拆解：packing=0.00s，main_topup=0.00s，retry=0.00s，failed_pool=0.00s，repack=0.00s，total=0.00s。
正在处理托盘类型：MH423C，销售订单号：PFEG16336AN01S
  - 该分组不适合列式（多非满柱）→ 回退 beam + 配方优先。
  - 托盘 MH423C-PFEG16336AN01S-1 未找到可行装箱方案，启用剩余箱子守恒兜底。
  - 配方优先[fast]：规划 0 实例，实装成功 0，配方路径不可用 → 采用基线方案。
  - 指数诊断：箱子 7 个，总指数 10，目标 192，理论最多达标托盘 0 个，剩余指数 10。
  - 几何诊断：典型整层堆叠单盘参考上限 10/192。 当前目标可能受托盘高度/箱型组合限制。
  - 几何诊断提示：典型整层参考值 10 < 目标 192；该值不是不可达证明，继续执行指数救援。
  - 失败盘装满压实：合并/吸收 1 次（纯减盘数）。
  - 失败托盘互借诊断：未合并（aborted_no_improvement_possible）。
托盘类型 MH423C（销售订单号：PFEG16336AN01S）处理完成：总托盘 3，指数达标 0，未达标 3，平均缺口 188.67，最大缺口 191.00，失败托盘互借修复成功 0。
  - KPI：near/mid/deep=0/0/3，救回率=0.00%，pair效率=0.00%。
  - 耗时拆解：packing=0.01s，main_topup=0.00s，retry=0.00s，failed_pool=0.00s，repack=0.16s，total=0.22s。
  - 跨子组条件双路径（MH423C / LAID16305BN02S）：采用严格更优完整路径。
  - 失败盘装满压实：合并/吸收 1 次（纯减盘数）。
  - 跨子组装满压实（MH423C / PAID16306DN01S）：合并 1 次（纯减盘数）。
  - 跨子组条件双路径（MH423C / LAID16305BN01S）：采用严格更优完整路径。
  - 跨子组 CP-SAT 目标子集（MH423C / LAID16305BN03S）：采用严格更优候选。
  - 失败盘装满压实：合并/吸收 1 次（纯减盘数）。
  - 跨子组装满压实（MH423C / LAID16306DN02S）：合并 1 次（纯减盘数）。
============================================================
[WCS-拉] 20260731_133137：拉取接口 1 …
[WCS-拉] 原始响应已保存：D:\research_code\final\zhuang\packing-workspace\input\raw\20260731_133137.json
[WCS-拉] 已剔除 case_type≠MH423C 的品类 63 条（类型：['MH113', 'WR246']），保留 1938 条。
[WCS-拉] 忽略 4 条零尺寸/非法尺寸库存；有效记录 1934 条；样例：product_code=30086366/box_type=YZX507/0×0×0, product_code=30086359/box_type=YZX507/0×0×0, product_code=30086364/box_type=YZX507/0×0×0, product_code=30086358/box_type=YZX507/0×0×0
[WCS-DB] wcs_stock_box 已全量替换：清空 1919 → 插入 1934
[WCS-拉] wcs_stock_box 已全量替换：删 1919，插 1934。
[WCS-DB] wcs_stock_box_all product_code 已存在、跳过 1919 条
[WCS-拉] wcs_stock_box_all 追加：新插入 15，跳过已有 1919（历史不删）。
[WCS-拉] 库存有变化 → need_repack=True，唤醒装箱。
  - 跨子组条件双路径（MH423C / LFEG16310IN01S）：采用严格更优完整路径。
  - 跨子组条件双路径（MH423C / LFEG16310IN03S）：采用严格更优完整路径。
  - 失败盘装满压实：合并/吸收 1 次（纯减盘数）。
  - 跨子组装满压实（MH423C / LAID16316DN03S）：合并 1 次（纯减盘数）。
  - 失败盘装满压实：合并/吸收 1 次（纯减盘数）。
  - 跨子组装满压实（MH423C / LAID16316DN02S）：合并 1 次（纯减盘数）。
  - 失败盘装满压实：合并/吸收 1 次（纯减盘数）。
  - 跨子组装满压实（MH423C / LFEG16316AN02S）：合并 1 次（纯减盘数）。
========================================
统计汇总：总托盘 81，指数达标 4，未达标 77，未知 0，平均缺口 124.52，最大缺口 191.00，失败托盘互借修复成功 0
KPI汇总：near/mid/deep=3/4/70，pair尝试=0，pair改进=0，pair效率=0.00%
耗时汇总：packing=300.36s，main_topup=0.08s，retry=0.00s，repack=29.86s，end_to_end=693.53s
========================================
[WCS-装] SUCCESS 产品码 176 个，SUCCESS 盘 4，FAILED 盘 77。
[WCS-装] 本轮结束；将检查 need_repack 决定是否再算。
[WCS-装] 本轮方案已保存（success）：D:\research_code\final\zhuang\packing-workspace\output\success\packing_plan_20260731_132148.json
[执行规划] 产物目录：D:\research_code\final\zhuang\packing-workspace\output\success（success）
[执行规划] 开始：D:\research_code\zhuang-ui-m\.venvs\packing-realtime\python.exe D:\research_code\final\zhuang\packing-system\run_execution_planning.py D:\research_code\final\zhuang\packing-workspace\output\success\packing_plan_20260731_132148.json --config D:\research_code\final\zhuang\packing-workspace\runtime\packing-realtime\temp\ui_config_api_20260731_130809.yaml --output D:\research_code\final\zhuang\packing-workspace\output\success\packing_plan_20260731_132148_execution.json --wcs-output D:\research_code\final\zhuang\packing-workspace\output\success\packing_plan_20260731_132148_execution_wcs.json --wcs-map-output D:\research_code\final\zhuang\packing-workspace\output\success\packing_plan_20260731_132148_execution_wcs_map.json
[WCS-DB] wcs_success_box：替换旧托盘 4 个，删除 195 行，写入 176 行
[WCS-DB] wcs_success_box：本批候选 176 行，本批写入 176 行。
[WCS-DB] wcs_box_orientation：本批候选 176 行，写入影响 176（含已存在跳过）。
[现场码垛] 新计算结果已入库，已清空旧码放队列 983 条
[现场会话] 新计算结果已入库，当前没有未完成托盘
execution plan written: pallets=81 boxes=1995 reordered_pallets=69 path=D:\research_code\final\zhuang\packing-workspace\output\success\packing_plan_20260731_132148_execution.json
WCS execution cases written: D:\research_code\final\zhuang\packing-workspace\output\success\packing_plan_20260731_132148_execution_wcs.json
WCS execution plan map written: D:\research_code\final\zhuang\packing-workspace\output\success\packing_plan_20260731_132148_execution_wcs_map.json
execution scan deviations pallet='MH423C-LAID16306DN01S-2' count=4: expected='WCS-0147-YZX448-0000' selected='WCS-0271-YZX428-0000' box='WCS-0147-YZX448-0000' after='WCS-0271-YZX428-0000' reason=open_direction lookahead=true; expected='WCS-0116-DZX448-0000' selected='WCS-0302-DZX444-0000' box='WCS-0116-DZX448-0000' after='WCS-0302-DZX444-0000' reason=open_direction lookahead=true; expected='WCS-0008-YBB106-0000' selected='WCS-0074-YZX448-0000' box='WCS-0008-YBB106-0000' after='WCS-0074-YZX448-0000' reason=hard_dependency; expected='WCS-0008-YBB106-0000' selected='WCS-0270-YZX428-0000' box='WCS-0008-YBB106-0000' after='WCS-0270-YZX428-0000' reason=open_direction lookahead=true
execution scan deviations pallet='MH423C-LAID16305BN02S-1' count=9: expected='WCS-0095-YZX444-0000' selected='WCS-0559-DZX424-0000' box='WCS-0095-YZX444-0000' after='WCS-0559-DZX424-0000' reason=open_direction lookahead=true; expected='WCS-0096-YZX444-0000' selected='WCS-0102-YZX444-0000' box='WCS-0096-YZX444-0000' after='WCS-0102-YZX444-0000' reason=open_direction lookahead=true; expected='WCS-0012-YZX428-0000' selected='WCS-0531-DZX424-0000' box='WCS-0012-YZX428-0000' after='WCS-0531-DZX424-0000' reason=open_direction lookahead=true; expected='WCS-0097-YZX444-0000' selected='WCS-0065-YZX448-0000' box='WCS-0097-YZX444-0000' after='WCS-0065-YZX448-0000' reason=open_direction lookahead=true; expected='WCS-0957-YZX424-0000' selected='WCS-0038-YZX448-0000' box='WCS-0957-YZX424-0000' after='WCS-0038-YZX448-0000' reason=open_direction lookahead=true; expected='WCS-0731-YBB077-0000' selected='WCS-0958-YZX424-0000' box='WCS-0731-YBB077-0000' after='WCS-0958-YZX424-0000' reason=open_direction lookahead=true; expected='WCS-0735-YBB077-0000' selected='WCS-0026-YZX448-0000' box='WCS-0735-YBB077-0000' after='WCS-0026-YZX448-0000' reason=open_direction lookahead=true; expected='WCS-0268-YBB125-0000' selected='WCS-0679-YZX444-0000' box='WCS-0268-YBB125-0000' after='WCS-0679-YZX444-0000' reason=hard_dependency; ...
execution scan deviations pallet='MH423C-LAID16305BN02S-2' count=3: expected='WCS-0692-YZX448-0000' selected='WCS-0258-DZX444-0000' box='WCS-0692-YZX448-0000' after='WCS-0258-DZX444-0000' reason=open_direction lookahead=true; expected='WCS-0695-YZX448-0000' selected='WCS-0213-YZX424-0000' box='WCS-0695-YZX448-0000' after='WCS-0213-YZX424-0000' reason=open_direction lookahead=true; expected='WCS-0680-YZX444-0000' selected='WCS-0245-YZX848-0000' box='WCS-0680-YZX444-0000' after='WCS-0245-YZX848-0000' reason=open_direction lookahead=true
execution scan deviations pallet='MH423C-LAID16305EN01S-1' count=5: expected='WCS-1242-DZX448-0000' selected='WCS-1239-DZX448-0000' box='WCS-1242-DZX448-0000' after='WCS-1239-DZX448-0000' reason=open_direction lookahead=true; expected='WCS-1243-DZX448-0000' selected='WCS-1240-DZX448-0000' box='WCS-1243-DZX448-0000' after='WCS-1240-DZX448-0000' reason=open_direction lookahead=true; expected='WCS-0016-YBB285-0000' selected='WCS-0024-YBB258-0000' box='WCS-0016-YBB285-0000' after='WCS-0024-YBB258-0000' reason=open_direction lookahead=true; expected='WCS-0023-YBB258-0000' selected='WCS-0020-YBB285-0000' box='WCS-0023-YBB258-0000' after='WCS-0020-YBB285-0000' reason=hard_dependency; expected='WCS-0023-YBB258-0000' selected='WCS-0013-YBB285-0000' box='WCS-0023-YBB258-0000' after='WCS-0013-YBB285-0000' reason=open_direction lookahead=true
execution scan deviations pallet='MH423C-PAID16306DN01S-1' count=1: expected='WCS-0044-YZX448-0000' selected='WCS-0171-YZX848-0000' box='WCS-0044-YZX448-0000' after='WCS-0171-YZX848-0000' reason=open_direction lookahead=true
execution scan deviations pallet='MH423C-LAID16305BN01S-2' count=3: expected='WCS-0684-YZX448-0000' selected='WCS-0694-YZX448-0000' box='WCS-0684-YZX448-0000' after='WCS-0694-YZX448-0000' reason=open_direction lookahead=true; expected='WCS-0340-YBB077-0000' selected='WCS-0552-DZX848-0000' box='WCS-0340-YBB077-0000' after='WCS-0552-DZX848-0000' reason=open_direction lookahead=true; expected='WCS-0693-YZX448-0000' selected='WCS-0345-YBB077-0000' box='WCS-0693-YZX448-0000' after='WCS-0345-YBB077-0000' reason=open_direction lookahead=true
execution scan deviations pallet='MH423C-LFEG16300IN03S-1' count=3: expected='WCS-0187-YZX444-0000' selected='WCS-0250-DZX244-0000' box='WCS-0187-YZX444-0000' after='WCS-0250-DZX244-0000' reason=open_direction lookahead=true; expected='WCS-0158-YBB125-0000' selected='WCS-0238-YZX507-0000' box='WCS-0158-YBB125-0000' after='WCS-0238-YZX507-0000' reason=open_direction lookahead=true; expected='WCS-0955-YZX424-0000' selected='WCS-0251-DZX244-0000' box='WCS-0955-YZX424-0000' after='WCS-0251-DZX244-0000' reason=open_direction lookahead=true
execution scan deviations pallet='MH423C-LAID16305BN03S-2' count=5: expected='WCS-0263-YZX448-0000' selected='WCS-0934-ZX848-0000' box='WCS-0263-YZX448-0000' after='WCS-0934-ZX848-0000' reason=open_direction lookahead=true; expected='WCS-0677-YZX448-0000' selected='WCS-0841-YZX444-0000' box='WCS-0677-YZX448-0000' after='WCS-0841-YZX444-0000' reason=open_direction lookahead=true; expected='WCS-0673-YZX444-0000' selected='WCS-1006-DZX848-0000' box='WCS-0673-YZX444-0000' after='WCS-1006-DZX848-0000' reason=open_direction lookahead=true; expected='WCS-0762-DZX448-0000' selected='WCS-0672-YZX444-0000' box='WCS-0762-DZX448-0000' after='WCS-0672-YZX444-0000' reason=open_direction lookahead=true; expected='WCS-0763-DZX448-0000' selected='WCS-0564-YZX428-0000' box='WCS-0763-DZX448-0000' after='WCS-0564-YZX428-0000' reason=open_direction lookahead=true
execution scan deviations pallet='MH423C-LAMY16315FN01S-1' count=4: expected='WCS-0122-DZX448-0000' selected='WCS-0931-ZX848-0000' box='WCS-0122-DZX448-0000' after='WCS-0931-ZX848-0000' reason=open_direction lookahead=true; expected='WCS-0756-DZX448-0000' selected='WCS-0714-YZX444-0000' box='WCS-0756-DZX448-0000' after='WCS-0714-YZX444-0000' reason=open_direction lookahead=true; expected='WCS-1068-YZX448-0000' selected='WCS-0764-DZX448-0000' box='WCS-1068-YZX448-0000' after='WCS-0764-DZX448-0000' reason=open_direction lookahead=true; expected='WCS-0284-YBB077-0000' selected='WCS-0292-YBB077-0000' box='WCS-0284-YBB077-0000' after='WCS-0292-YBB077-0000' reason=open_direction lookahead=true
execution scan deviations pallet='MH423C-LAID16306DN02S-1' count=2: expected='WCS-0702-DZX244-0000' selected='WCS-0280-YZX224-0000' box='WCS-0702-DZX244-0000' after='WCS-0280-YZX224-0000' reason=open_direction lookahead=true; expected='WCS-0491-DZX424-0000' selected='WCS-0500-DZX424-0000' box='WCS-0491-DZX424-0000' after='WCS-0500-DZX424-0000' reason=open_direction lookahead=true
execution scan deviations pallet='MH423C-PEG086300LN01S-1' count=9: expected='WCS-1447-DZX444-0000' selected='WCS-0824-DZX424-0000' box='WCS-1447-DZX444-0000' after='WCS-0824-DZX424-0000' reason=open_direction lookahead=true; expected='WCS-1453-DZX444-0000' selected='WCS-1462-DZX444-0000' box='WCS-1453-DZX444-0000' after='WCS-1462-DZX444-0000' reason=open_direction lookahead=true; expected='WCS-1456-DZX444-0000' selected='WCS-0427-DZX424-0000' box='WCS-1456-DZX444-0000' after='WCS-0427-DZX424-0000' reason=open_direction lookahead=true; expected='WCS-1448-DZX444-0000' selected='WCS-1459-DZX428-0000' box='WCS-1448-DZX444-0000' after='WCS-1459-DZX428-0000' reason=open_direction lookahead=true; expected='WCS-1454-DZX444-0000' selected='WCS-1463-DZX444-0000' box='WCS-1454-DZX444-0000' after='WCS-1463-DZX444-0000' reason=open_direction lookahead=true; expected='WCS-1460-DZX444-0000' selected='WCS-1449-DZX428-0000' box='WCS-1460-DZX444-0000' after='WCS-1449-DZX428-0000' reason=open_direction lookahead=true; expected='WCS-1452-DZX444-0000' selected='WCS-1465-DZX428-0000' box='WCS-1452-DZX444-0000' after='WCS-1465-DZX428-0000' reason=open_direction lookahead=true; expected='WCS-1455-DZX444-0000' selected='WCS-1467-DZX444-0000' box='WCS-1455-DZX444-0000' after='WCS-1467-DZX444-0000' reason=open_direction lookahead=true; ...
execution scan deviations pallet='MH423C-LAID16306DN03S-1' count=1: expected='WCS-0310-DZX244-0000' selected='WCS-0277-YZX224-0000' box='WCS-0310-DZX244-0000' after='WCS-0277-YZX224-0000' reason=open_direction lookahead=true
execution scan deviations pallet='MH423C-LFEG16310IN01S-2' count=4: expected='WCS-1104-YZX448-0000' selected='WCS-0792-YZX848-0000' box='WCS-1104-YZX448-0000' after='WCS-0792-YZX848-0000' reason=open_direction lookahead=true; expected='WCS-1105-YZX448-0000' selected='WCS-1037-YZX444-0000' box='WCS-1105-YZX448-0000' after='WCS-1037-YZX444-0000' reason=open_direction lookahead=true; expected='WCS-0670-YZX448-0000' selected='WCS-0886-YZX848-0000' box='WCS-0670-YZX448-0000' after='WCS-0886-YZX848-0000' reason=open_direction lookahead=true; expected='WCS-0719-YZX244-0000' selected='WCS-0887-YZX848-0000' box='WCS-0719-YZX244-0000' after='WCS-0887-YZX848-0000' reason=open_direction lookahead=true
execution scan deviations pallet='MH423C-LFEG16316AN01S-1' count=3: expected='WCS-1591-YZX424-0000' selected='WCS-1720-YZX444-0000' box='WCS-1591-YZX424-0000' after='WCS-1720-YZX444-0000' reason=open_direction lookahead=true; expected='WCS-1592-YZX424-0000' selected='WCS-1683-YZX424-0000' box='WCS-1592-YZX424-0000' after='WCS-1683-YZX424-0000' reason=open_direction lookahead=true; expected='WCS-0722-YZX224-0000' selected='WCS-1681-YZX424-0000' box='WCS-0722-YZX224-0000' after='WCS-1681-YZX424-0000' reason=open_direction lookahead=true
execution scan deviations pallet='MH423C-PAIN26310BC02S-1' count=1: expected='WCS-0615-YZX222-0000' selected='WCS-0616-YZX222-0000' box='WCS-0615-YZX222-0000' after='WCS-0616-YZX222-0000' reason=open_direction lookahead=true
execution scan deviations pallet='MH423C-LFEG16310IN03S-1' count=4: expected='WCS-0470-DZX448-0000' selected='WCS-0796-YZX848-0000' box='WCS-0470-DZX448-0000' after='WCS-0796-YZX848-0000' reason=open_direction lookahead=true; expected='WCS-0371-YBB005-0000' selected='WCS-0831-YZX848-0000' box='WCS-0371-YBB005-0000' after='WCS-0831-YZX848-0000' reason=open_direction lookahead=true; expected='WCS-1103-YZX448-0000' selected='WCS-0380-YBB005-0000' box='WCS-1103-YZX448-0000' after='WCS-0380-YBB005-0000' reason=open_direction lookahead=true; expected='WCS-0369-YBB005-0000' selected='WCS-0428-YZX428-0000' box='WCS-0369-YBB005-0000' after='WCS-0428-YZX428-0000' reason=open_direction lookahead=true
execution scan deviations pallet='MH423C-LFEG16310IN03S-2' count=3: expected='WCS-1633-YZX424-0000' selected='WCS-1108-YZX424-0000' box='WCS-1633-YZX424-0000' after='WCS-1108-YZX424-0000' reason=open_direction lookahead=true; expected='WCS-1109-YZX424-0000' selected='WCS-1726-DZX422-0000' box='WCS-1109-YZX424-0000' after='WCS-1726-DZX422-0000' reason=open_direction lookahead=true; expected='WCS-1688-DZX422-0000' selected='WCS-1699-DZX422-0000' box='WCS-1688-DZX422-0000' after='WCS-1699-DZX422-0000' reason=open_direction lookahead=true
execution scan deviations pallet='MH423C-PAIN26316EC02S-1' count=2: expected='WCS-1089-YZX507-0000' selected='WCS-1086-YZX507-0000' box='WCS-1089-YZX507-0000' after='WCS-1086-YZX507-0000' reason=open_direction lookahead=true; expected='WCS-1047-YZX424-0000' selected='WCS-1044-YZX424-0000' box='WCS-1047-YZX424-0000' after='WCS-1044-YZX424-0000' reason=open_direction lookahead=true
execution scan deviations pallet='MH423C-PAIN26316EC02S-2' count=1: expected='WCS-1090-YZX507-0000' selected='WCS-0608-YZX444-0000' box='WCS-1090-YZX507-0000' after='WCS-0608-YZX444-0000' reason=open_direction lookahead=true
execution scan deviations pallet='MH423C-LFEG16300IN02S-1' count=1: expected='WCS-0721-YZX244-0000' selected='WCS-0409-DZX444-0000' box='WCS-0721-YZX244-0000' after='WCS-0409-DZX444-0000' reason=open_direction lookahead=true
execution scan deviations pallet='MH423C-LAID16315EN03S-1' count=4: expected='WCS-1373-YZX424-0000' selected='WCS-1367-YZX424-0000' box='WCS-1373-YZX424-0000' after='WCS-1367-YZX424-0000' reason=open_direction lookahead=true; expected='WCS-1374-YZX424-0000' selected='WCS-1366-YZX424-0000' box='WCS-1374-YZX424-0000' after='WCS-1366-YZX424-0000' reason=open_direction lookahead=true; expected='WCS-1375-YZX424-0000' selected='WCS-1383-YZX428-0000' box='WCS-1375-YZX424-0000' after='WCS-1383-YZX428-0000' reason=open_direction lookahead=true; expected='WCS-0575-YZX444-0000' selected='WCS-0580-YZX444-0000' box='WCS-0575-YZX444-0000' after='WCS-0580-YZX444-0000' reason=open_direction lookahead=true
execution scan deviations pallet='MH423C-LAID16316DN02S-1' count=1: expected='WCS-1064-DZX444-0000' selected='WCS-1986-DZX448-0000' box='WCS-1064-DZX444-0000' after='WCS-1986-DZX448-0000' reason=open_direction lookahead=true
execution scan deviations pallet='MH423C-LAID16315EN02S-1' count=1: expected='WCS-1616-YZX428-0000' selected='WCS-1615-YZX448-0000' box='WCS-1616-YZX428-0000' after='WCS-1615-YZX448-0000' reason=open_direction lookahead=true
execution scan deviations pallet='MH423C-PAID163108N01S-1' count=1: expected='WCS-0780-DZX424-0000' selected='WCS-0914-DZX428-0000' box='WCS-0780-DZX424-0000' after='WCS-0914-DZX428-0000' reason=open_direction lookahead=true
execution scan deviations pallet='MH423C-PAIN26310GN01S-1' count=2: expected='WCS-1646-YZX428-0000' selected='WCS-1662-YZX428-0000' box='WCS-1646-YZX428-0000' after='WCS-1662-YZX428-0000' reason=open_direction lookahead=true; expected='WCS-1652-YZX428-0000' selected='WCS-1677-YZX428-0000' box='WCS-1652-YZX428-0000' after='WCS-1677-YZX428-0000' reason=open_direction lookahead=true
[执行规划] 已删除原方案（仅保留 execution）：packing_plan_20260731_132148.json
[执行规划] 完成；统一使用：D:\research_code\final\zhuang\packing-workspace\output\success\packing_plan_20260731_132148_execution.json
[WCS-装] 接口 2 使用执行顺序方案，发送体已保存：D:\research_code\final\zhuang\packing-workspace\output\success\wcs_plan_20260731_132148.json（81 个 case）
[WCS-装] 执行顺序方案执行层映射已保存：D:\research_code\final\zhuang\packing-workspace\output\success\wcs_plan_map_20260731_132148.json
[WCS-装] 已跳过接口 2 推送（仅本地保存）。
[UI-RESULT] D:\research_code\final\zhuang\packing-workspace\output\success\packing_plan_20260731_132148_execution.json
[WCS-装] 算完后 need_repack 仍为 True → 立即再算。
[WCS] 已加载 BMS 参考表：D:\research_code\final\zhuang\packing-workspace\data\selected_5000_boxes_9_1_concentrated_3orders.xlsx
============================================================
[WCS-装] 20260731_133328：库存行 1934 条，开始装箱 …
[WCS-装] 展开为 1934 个箱子。
数据预处理和箱子分组完成（按托盘类型+销售订单号）。
----------------------------------------
  - 组内子聚类：10 个混合订单拆出规则子集走 GCP、杂箱走 baseline。
正在处理托盘类型：MH423C，销售订单号：LAID16306DN01S
  - 主算法：全局列式装箱 + 柱级组合优化（GCP）。
  - 失败托盘互借诊断：未合并（aborted_no_improvement_possible）。
托盘类型 MH423C（销售订单号：LAID16306DN01S）处理完成：总托盘 2，指数达标 0，未达标 2，平均缺口 74.25，最大缺口 131.50，失败托盘互借修复成功 0。
  - KPI：near/mid/deep=0/1/1，救回率=0.00%，pair效率=0.00%。
  - 耗时拆解：packing=54.63s，main_topup=0.00s，retry=0.00s，failed_pool=0.00s，repack=2.53s，total=57.17s。
  - 条件双路径棘轮：替代完整路径通过守恒和最终门禁，严格优于 GCP，已采用。
正在处理托盘类型：MH423C，销售订单号：LAID16305BN02S
  - 主算法：全局列式装箱 + 柱级组合优化（GCP）。
  - GCP 盘数远超理论（CP-SAT 装不满）→ 回退 baseline beam + 配方优先。
  - 配方优先[fast]：规划 0 实例，实装成功 0，配方路径不可用 → 采用基线方案。
  - 指数诊断：箱子 82 个，总指数 156，目标 192，理论最多达标托盘 0 个，剩余指数 156。
  - 几何诊断：典型整层堆叠单盘参考上限 98.5/192。 当前目标可能受托盘高度/箱型组合限制。
  - 几何诊断提示：典型整层参考值 98.5 < 目标 192；该值不是不可达证明，继续执行指数救援。
  - 失败托盘互借诊断：未合并（aborted_no_improvement_possible）。
托盘类型 MH423C（销售订单号：LAID16305BN02S）处理完成：总托盘 2，指数达标 0，未达标 2，平均缺口 114.00，最大缺口 185.00，失败托盘互借修复成功 0。
  - KPI：near/mid/deep=0/0/2，救回率=0.00%，pair效率=0.00%。
  - 耗时拆解：packing=1.16s，main_topup=0.03s，retry=0.00s，failed_pool=0.00s，repack=2.01s，total=9.17s。
正在处理托盘类型：MH423C，销售订单号：LAID16305BN02S__SPLITREST__
  - 该分组不适合列式（多非满柱）→ 回退 beam + 配方优先。
  - 配方优先[fast]：规划 0 实例，实装成功 0，配方路径不可用 → 采用基线方案。
  - 指数诊断：箱子 12 个，总指数 48，目标 192，理论最多达标托盘 0 个，剩余指数 48。
  - 几何诊断：典型整层堆叠单盘参考上限 48/192。 当前目标可能受托盘高度/箱型组合限制。
  - 几何诊断提示：典型整层参考值 48 < 目标 192；该值不是不可达证明，继续执行指数救援。
  - 失败托盘互借诊断：未合并（no_target_or_single_plan）。
托盘类型 MH423C（销售订单号：LAID16305BN02S__SPLITREST__）处理完成：总托盘 1，指数达标 0，未达标 1，平均缺口 144.00，最大缺口 144.00，失败托盘互借修复成功 0。
  - KPI：near/mid/deep=0/0/1，救回率=0.00%，pair效率=0.00%。
  - 耗时拆解：packing=0.00s，main_topup=0.00s，retry=0.00s，failed_pool=0.00s，repack=0.00s，total=0.00s。
正在处理托盘类型：MH423C，销售订单号：LAID16305EN01S
  - 该分组不适合列式（多非满柱）→ 回退 beam + 配方优先。
  - 配方优先[fast]：规划 0 实例，实装成功 0，配方路径不可用 → 采用基线方案。
  - 指数诊断：箱子 28 个，总指数 90.5，目标 192，理论最多达标托盘 0 个，剩余指数 90.5。
  - 几何诊断：典型整层堆叠单盘参考上限 67/192。 当前目标可能受托盘高度/箱型组合限制。
  - 几何诊断提示：典型整层参考值 67 < 目标 192；该值不是不可达证明，继续执行指数救援。
  - 失败托盘互借诊断：未合并（aborted_no_improvement_possible）。
托盘类型 MH423C（销售订单号：LAID16305EN01S）处理完成：总托盘 2，指数达标 0，未达标 2，平均缺口 146.75，最大缺口 176.00，失败托盘互借修复成功 0。
  - KPI：near/mid/deep=0/0/2，救回率=0.00%，pair效率=0.00%。
  - 耗时拆解：packing=0.11s，main_topup=0.00s，retry=0.00s，failed_pool=0.00s，repack=0.19s，total=0.57s。
正在处理托盘类型：MH423C，销售订单号：PAID16306DN01S
  - 主算法：全局列式装箱 + 柱级组合优化（GCP）。
  - 失败托盘互借诊断：未合并（no_target_or_single_plan）。
托盘类型 MH423C（销售订单号：PAID16306DN01S）处理完成：总托盘 1，指数达标 0，未达标 1，平均缺口 87.00，最大缺口 87.00，失败托盘互借修复成功 0。
  - KPI：near/mid/deep=0/0/1，救回率=0.00%，pair效率=0.00%。
  - 耗时拆解：packing=3.62s，main_topup=0.00s，retry=0.00s，failed_pool=0.00s，repack=0.00s，total=3.62s。
正在处理托盘类型：MH423C，销售订单号：PAID16306DN01S__SPLITREST__
  - 该分组不适合列式（多非满柱）→ 回退 beam + 配方优先。
  - 配方优先[fast]：规划 0 实例，实装成功 0，配方路径不可用 → 采用基线方案。
  - 指数诊断：箱子 2 个，总指数 1，目标 192，理论最多达标托盘 0 个，剩余指数 1。
  - 几何诊断：典型整层堆叠单盘参考上限 1/192。 当前目标可能受托盘高度/箱型组合限制。
  - 几何诊断提示：典型整层参考值 1 < 目标 192；该值不是不可达证明，继续执行指数救援。
  - 失败托盘互借诊断：未合并（no_target_or_single_plan）。
托盘类型 MH423C（销售订单号：PAID16306DN01S__SPLITREST__）处理完成：总托盘 1，指数达标 0，未达标 1，平均缺口 191.00，最大缺口 191.00，失败托盘互借修复成功 0。
  - KPI：near/mid/deep=0/0/1，救回率=0.00%，pair效率=0.00%。
  - 耗时拆解：packing=0.00s，main_topup=0.00s，retry=0.00s，failed_pool=0.00s，repack=0.00s，total=0.00s。
正在处理托盘类型：MH423C，销售订单号：LAID16305BN01S
  - 主算法：全局列式装箱 + 柱级组合优化（GCP）。
============================================================
[WCS-拉] 20260731_133458：拉取接口 1 …
[WCS-拉] 原始响应已保存：D:\research_code\final\zhuang\packing-workspace\input\raw\20260731_133458.json
[WCS-拉] 已剔除 case_type≠MH423C 的品类 63 条（类型：['MH113', 'WR246']），保留 1951 条。
[WCS-拉] 忽略 4 条零尺寸/非法尺寸库存；有效记录 1947 条；样例：product_code=30086366/box_type=YZX507/0×0×0, product_code=30086359/box_type=YZX507/0×0×0, product_code=30086364/box_type=YZX507/0×0×0, product_code=30086358/box_type=YZX507/0×0×0
[WCS-DB] wcs_stock_box 已全量替换：清空 1934 → 插入 1947
[WCS-拉] wcs_stock_box 已全量替换：删 1934，插 1947。
[WCS-DB] wcs_stock_box_all product_code 已存在、跳过 1934 条
[WCS-拉] wcs_stock_box_all 追加：新插入 13，跳过已有 1934（历史不删）。
[WCS-拉] 库存有变化 → need_repack=True，唤醒装箱。
  - 失败托盘互借诊断：未合并（aborted_no_improvement_possible）。
托盘类型 MH423C（销售订单号：LAID16305BN01S）处理完成：总托盘 2，指数达标 0，未达标 2，平均缺口 90.50，最大缺口 176.00，失败托盘互借修复成功 0。
  - KPI：near/mid/deep=1/0/1，救回率=0.00%，pair效率=0.00%。
  - 耗时拆解：packing=68.81s，main_topup=0.00s，retry=0.00s，failed_pool=0.00s，repack=3.26s，total=72.07s。
  - 条件双路径棘轮：替代完整路径未严格改善，保留 GCP。
正在处理托盘类型：MH423C，销售订单号：LAID16305BN01S__SPLITREST__
  - 该分组不适合列式（多非满柱）→ 回退 beam + 配方优先。
  - 配方优先[fast]：规划 0 实例，实装成功 0，配方路径不可用 → 采用基线方案。
  - 指数诊断：箱子 12 个，总指数 48，目标 192，理论最多达标托盘 0 个，剩余指数 48。
  - 几何诊断：典型整层堆叠单盘参考上限 48/192。 当前目标可能受托盘高度/箱型组合限制。
  - 几何诊断提示：典型整层参考值 48 < 目标 192；该值不是不可达证明，继续执行指数救援。
  - 失败托盘互借诊断：未合并（no_target_or_single_plan）。
托盘类型 MH423C（销售订单号：LAID16305BN01S__SPLITREST__）处理完成：总托盘 1，指数达标 0，未达标 1，平均缺口 144.00，最大缺口 144.00，失败托盘互借修复成功 0。
  - KPI：near/mid/deep=0/0/1，救回率=0.00%，pair效率=0.00%。
  - 耗时拆解：packing=0.00s，main_topup=0.00s，retry=0.00s，failed_pool=0.00s，repack=0.00s，total=0.00s。
正在处理托盘类型：MH423C，销售订单号：LFEG16300IN03S
  - 主算法：全局列式装箱 + 柱级组合优化（GCP）。
  - GCP 盘数远超理论（CP-SAT 装不满）→ 回退 baseline beam + 配方优先。
  - 配方优先[fast]：规划 0 实例，实装成功 0，配方路径不可用 → 采用基线方案。
  - 指数诊断：箱子 50 个，总指数 126，目标 192，理论最多达标托盘 0 个，剩余指数 126。
  - 几何诊断：典型整层堆叠单盘参考上限 86/192。 当前目标可能受托盘高度/箱型组合限制。
  - 几何诊断提示：典型整层参考值 86 < 目标 192；该值不是不可达证明，继续执行指数救援。
  - 失败托盘互借诊断：未合并（no_target_or_single_plan）。
托盘类型 MH423C（销售订单号：LFEG16300IN03S）处理完成：总托盘 1，指数达标 0，未达标 1，平均缺口 66.00，最大缺口 66.00，失败托盘互借修复成功 0。
  - KPI：near/mid/deep=0/0/1，救回率=0.00%，pair效率=0.00%。
  - 耗时拆解：packing=0.36s，main_topup=0.01s，retry=0.00s，failed_pool=0.00s，repack=0.00s，total=2.12s。
正在处理托盘类型：MH423C，销售订单号：LFEG16300IN03S__SPLITREST__
  - 该分组不适合列式（多非满柱）→ 回退 beam + 配方优先。
  - 配方优先[fast]：规划 0 实例，实装成功 0，配方路径不可用 → 采用基线方案。
  - 指数诊断：箱子 3 个，总指数 4.5，目标 192，理论最多达标托盘 0 个，剩余指数 4.5。
  - 几何诊断：典型整层堆叠单盘参考上限 4.5/192。 当前目标可能受托盘高度/箱型组合限制。
  - 几何诊断提示：典型整层参考值 4.5 < 目标 192；该值不是不可达证明，继续执行指数救援。
  - 失败托盘互借诊断：未合并（no_target_or_single_plan）。
托盘类型 MH423C（销售订单号：LFEG16300IN03S__SPLITREST__）处理完成：总托盘 1，指数达标 0，未达标 1，平均缺口 187.50，最大缺口 187.50，失败托盘互借修复成功 0。
  - KPI：near/mid/deep=0/0/1，救回率=0.00%，pair效率=0.00%。
  - 耗时拆解：packing=0.00s，main_topup=0.00s，retry=0.00s，failed_pool=0.00s，repack=0.00s，total=0.01s。
正在处理托盘类型：MH423C，销售订单号：LAID16305BN03S
  - 该分组不适合列式（多非满柱）→ 回退 beam + 配方优先。
  - 配方优先[fast]：规划 0 实例，实装成功 0，配方路径不可用 → 采用基线方案。
  - 指数诊断：箱子 54 个，总指数 111，目标 192，理论最多达标托盘 0 个，剩余指数 111。
  - 几何诊断：典型整层堆叠单盘参考上限 85/192。 当前目标可能受托盘高度/箱型组合限制。
  - 几何诊断提示：典型整层参考值 85 < 目标 192；该值不是不可达证明，继续执行指数救援。
  - 失败托盘互借诊断：未合并（aborted_no_improvement_possible）。
托盘类型 MH423C（销售订单号：LAID16305BN03S）处理完成：总托盘 2，指数达标 0，未达标 2，平均缺口 136.50，最大缺口 171.00，失败托盘互借修复成功 0。
  - KPI：near/mid/deep=0/0/2，救回率=0.00%，pair效率=0.00%。
  - 耗时拆解：packing=1.22s，main_topup=0.00s，retry=0.00s，failed_pool=0.00s，repack=0.75s，total=1.97s。
正在处理托盘类型：MH423C，销售订单号：LAMY16315FN01S
  - 该分组不适合列式（多非满柱）→ 回退 beam + 配方优先。
  - 配方优先[fast]：规划 0 实例，实装成功 0，配方路径不可用 → 采用基线方案。
  - 指数诊断：箱子 34 个，总指数 86.5，目标 192，理论最多达标托盘 0 个，剩余指数 86.5。
  - 几何诊断：典型整层堆叠单盘参考上限 73/192。 当前目标可能受托盘高度/箱型组合限制。
  - 几何诊断提示：典型整层参考值 73 < 目标 192；该值不是不可达证明，继续执行指数救援。
  - 失败托盘互借诊断：未合并（aborted_no_improvement_possible）。
托盘类型 MH423C（销售订单号：LAMY16315FN01S）处理完成：总托盘 2，指数达标 0，未达标 2，平均缺口 148.75，最大缺口 166.00，失败托盘互借修复成功 0。
  - KPI：near/mid/deep=0/0/2，救回率=0.00%，pair效率=0.00%。
  - 耗时拆解：packing=0.15s，main_topup=0.00s，retry=0.00s，failed_pool=0.00s，repack=0.32s，total=0.86s。
正在处理托盘类型：MH423C，销售订单号：PAID16305EC01S
  - 该分组不适合列式（多非满柱）→ 回退 beam + 配方优先。
  - 配方优先[fast]：规划 0 实例，实装成功 0，配方路径不可用 → 采用基线方案。
  - 指数诊断：箱子 2 个，总指数 2，目标 192，理论最多达标托盘 0 个，剩余指数 2。
  - 几何诊断：典型整层堆叠单盘参考上限 2/192。 当前目标可能受托盘高度/箱型组合限制。
  - 几何诊断提示：典型整层参考值 2 < 目标 192；该值不是不可达证明，继续执行指数救援。
  - 失败托盘互借诊断：未合并（no_target_or_single_plan）。
托盘类型 MH423C（销售订单号：PAID16305EC01S）处理完成：总托盘 1，指数达标 0，未达标 1，平均缺口 190.00，最大缺口 190.00，失败托盘互借修复成功 0。
  - KPI：near/mid/deep=0/0/1，救回率=0.00%，pair效率=0.00%。
  - 耗时拆解：packing=0.00s，main_topup=0.00s，retry=0.00s，failed_pool=0.00s，repack=0.00s，total=0.00s。
正在处理托盘类型：MH423C，销售订单号：LAID16306DN02S
  - 主算法：全局列式装箱 + 柱级组合优化（GCP）。
  - GCP 盘数远超理论（CP-SAT 装不满）→ 回退 baseline beam + 配方优先。
  - 配方优先[fast]：规划 0 实例，实装成功 0，配方路径不可用 → 采用基线方案。
  - 指数诊断：箱子 44 个，总指数 180，目标 192，理论最多达标托盘 0 个，剩余指数 180。
  - 几何诊断：典型整层堆叠单盘参考上限 100/192。 当前目标可能受托盘高度/箱型组合限制。
  - 几何诊断提示：典型整层参考值 100 < 目标 192；该值不是不可达证明，继续执行指数救援。
  - 失败托盘互借诊断：未合并（aborted_no_improvement_possible）。
托盘类型 MH423C（销售订单号：LAID16306DN02S）处理完成：总托盘 2，指数达标 0，未达标 2，平均缺口 102.00，最大缺口 178.00，失败托盘互借修复成功 0。
  - KPI：near/mid/deep=0/0/2，救回率=0.00%，pair效率=0.00%。
  - 耗时拆解：packing=0.29s，main_topup=0.00s，retry=0.00s，failed_pool=0.00s，repack=0.48s，total=2.10s。
正在处理托盘类型：MH423C，销售订单号：LAID16306DN02S__SPLITREST__
  - 该分组不适合列式（多非满柱）→ 回退 beam + 配方优先。
  - 配方优先[fast]：规划 0 实例，实装成功 0，配方路径不可用 → 采用基线方案。
  - 指数诊断：箱子 4 个，总指数 4，目标 192，理论最多达标托盘 0 个，剩余指数 4。
  - 几何诊断：典型整层堆叠单盘参考上限 4/192。 当前目标可能受托盘高度/箱型组合限制。
  - 几何诊断提示：典型整层参考值 4 < 目标 192；该值不是不可达证明，继续执行指数救援。
  - 失败托盘互借诊断：未合并（no_target_or_single_plan）。
托盘类型 MH423C（销售订单号：LAID16306DN02S__SPLITREST__）处理完成：总托盘 1，指数达标 0，未达标 1，平均缺口 188.00，最大缺口 188.00，失败托盘互借修复成功 0。
  - KPI：near/mid/deep=0/0/1，救回率=0.00%，pair效率=0.00%。
  - 耗时拆解：packing=0.00s，main_topup=0.00s，retry=0.00s，failed_pool=0.00s，repack=0.00s，total=0.02s。
正在处理托盘类型：MH423C，销售订单号：LAID16315EN01S
  - 主算法：全局列式装箱 + 柱级组合优化（GCP）。
  - 失败托盘互借诊断：未合并（no_target_or_single_plan）。
托盘类型 MH423C（销售订单号：LAID16315EN01S）处理完成：总托盘 1，指数达标 0，未达标 1，平均缺口 10.00，最大缺口 10.00，失败托盘互借修复成功 0。
  - KPI：near/mid/deep=0/1/0，救回率=0.00%，pair效率=0.00%。
  - 耗时拆解：packing=6.39s，main_topup=0.00s，retry=0.00s，failed_pool=0.00s，repack=0.00s，total=6.39s。
正在处理托盘类型：MH423C，销售订单号：PEG086300LN01S
  - 主算法：全局列式装箱 + 柱级组合优化（GCP）。
  - GCP 盘数远超理论（CP-SAT 装不满）→ 回退 baseline beam + 配方优先。
  - 配方优先[fast]：规划 0 实例，实装成功 0，配方路径不可用 → 采用基线方案。
  - 指数诊断：箱子 64 个，总指数 143，目标 192，理论最多达标托盘 0 个，剩余指数 143。
  - 几何诊断：典型整层堆叠单盘参考上限 101/192。 当前目标可能受托盘高度/箱型组合限制。
  - 几何诊断提示：典型整层参考值 101 < 目标 192；该值不是不可达证明，继续执行指数救援。
  - 失败盘装满压实：合并/吸收 1 次（纯减盘数）。
  - 失败托盘互借诊断：未合并（aborted_no_improvement_possible）。
托盘类型 MH423C（销售订单号：PEG086300LN01S）处理完成：总托盘 1，指数达标 0，未达标 1，平均缺口 49.00，最大缺口 49.00，失败托盘互借修复成功 0。
  - KPI：near/mid/deep=0/0/1，救回率=0.00%，pair效率=0.00%。
  - 耗时拆解：packing=0.73s，main_topup=0.01s，retry=0.00s，failed_pool=0.00s，repack=0.69s，total=5.20s。
正在处理托盘类型：MH423C，销售订单号：LAID16306DN03S
  - 该分组不适合列式（多非满柱）→ 回退 beam + 配方优先。
  - 配方优先[fast]：规划 0 实例，实装成功 0，配方路径不可用 → 采用基线方案。
  - 指数诊断：箱子 10 个，总指数 40，目标 192，理论最多达标托盘 0 个，剩余指数 40。
  - 几何诊断：典型整层堆叠单盘参考上限 36/192。 当前目标可能受托盘高度/箱型组合限制。
  - 几何诊断提示：典型整层参考值 36 < 目标 192；该值不是不可达证明，继续执行指数救援。
  - 失败托盘互借诊断：未合并（no_target_or_single_plan）。
托盘类型 MH423C（销售订单号：LAID16306DN03S）处理完成：总托盘 1，指数达标 0，未达标 1，平均缺口 152.00，最大缺口 152.00，失败托盘互借修复成功 0。
  - KPI：near/mid/deep=0/0/1，救回率=0.00%，pair效率=0.00%。
  - 耗时拆解：packing=0.03s，main_topup=0.00s，retry=0.00s，failed_pool=0.00s，repack=0.00s，total=0.03s。
正在处理托盘类型：MH423C，销售订单号：LFEG16310IN02S
  - 该分组不适合列式（多非满柱）→ 回退 beam + 配方优先。
  - 配方优先[fast]：规划 0 实例，实装成功 0，配方路径不可用 → 采用基线方案。
  - 指数诊断：箱子 58 个，总指数 166，目标 192，理论最多达标托盘 0 个，剩余指数 166。
  - 几何诊断：典型整层堆叠单盘参考上限 100/192。 当前目标可能受托盘高度/箱型组合限制。
  - 几何诊断提示：典型整层参考值 100 < 目标 192；该值不是不可达证明，继续执行指数救援。
  - 失败托盘互借诊断：未合并（aborted_no_improvement_possible）。
托盘类型 MH423C（销售订单号：LFEG16310IN02S）处理完成：总托盘 2，指数达标 0，未达标 2，平均缺口 109.00，最大缺口 187.00，失败托盘互借修复成功 0。
  - KPI：near/mid/deep=0/0/2，救回率=0.00%，pair效率=0.00%。
  - 耗时拆解：packing=0.46s，main_topup=0.01s，retry=0.00s，failed_pool=0.00s，repack=0.79s，total=2.61s。
正在处理托盘类型：MH423C，销售订单号：LFEG16310IN01S
  - 主算法：全局列式装箱 + 柱级组合优化（GCP）。
  - 失败托盘互借诊断：未合并（aborted_no_improvement_possible）。
托盘类型 MH423C（销售订单号：LFEG16310IN01S）处理完成：总托盘 2，指数达标 0，未达标 2，平均缺口 91.00，最大缺口 176.00，失败托盘互借修复成功 0。
  - KPI：near/mid/deep=1/0/1，救回率=0.00%，pair效率=0.00%。
  - 耗时拆解：packing=66.79s，main_topup=0.00s，retry=0.00s，failed_pool=0.00s，repack=1.05s，total=67.84s。
  - 条件双路径棘轮：替代完整路径通过守恒和最终门禁，严格优于 GCP，已采用。
正在处理托盘类型：MH423C，销售订单号：LFEG16310IN01S__SPLITREST__
  - 该分组不适合列式（多非满柱）→ 回退 beam + 配方优先。
  - 配方优先[fast]：规划 0 实例，实装成功 0，配方路径不可用 → 采用基线方案。
  - 指数诊断：箱子 3 个，总指数 8，目标 192，理论最多达标托盘 0 个，剩余指数 8。
  - 几何诊断：典型整层堆叠单盘参考上限 8/192。 当前目标可能受托盘高度/箱型组合限制。
  - 几何诊断提示：典型整层参考值 8 < 目标 192；该值不是不可达证明，继续执行指数救援。
  - 失败托盘互借诊断：未合并（no_target_or_single_plan）。
托盘类型 MH423C（销售订单号：LFEG16310IN01S__SPLITREST__）处理完成：总托盘 1，指数达标 0，未达标 1，平均缺口 184.00，最大缺口 184.00，失败托盘互借修复成功 0。
  - KPI：near/mid/deep=0/0/1，救回率=0.00%，pair效率=0.00%。
  - 耗时拆解：packing=0.00s，main_topup=0.00s，retry=0.00s，failed_pool=0.00s，repack=0.00s，total=0.01s。
正在处理托盘类型：MH423C，销售订单号：LFEG16316AN01S
  - 主算法：全局列式装箱 + 柱级组合优化（GCP）。
  - 失败托盘互借诊断：未合并（no_target_or_single_plan）。
托盘类型 MH423C（销售订单号：LFEG16316AN01S）处理完成：总托盘 1，指数达标 0，未达标 1，平均缺口 131.00，最大缺口 131.00，失败托盘互借修复成功 0。
  - KPI：near/mid/deep=0/0/1，救回率=0.00%，pair效率=0.00%。
  - 耗时拆解：packing=0.05s，main_topup=0.00s，retry=0.00s，failed_pool=0.00s，repack=0.00s，total=0.05s。
正在处理托盘类型：MH423C，销售订单号：PAIN26310BC02S
  - 该分组不适合列式（多非满柱）→ 回退 beam + 配方优先。
  - 配方优先[fast]：规划 0 实例，实装成功 0，配方路径不可用 → 采用基线方案。
  - 指数诊断：箱子 12 个，总指数 86，目标 192，理论最多达标托盘 0 个，剩余指数 86。
  - 几何诊断：典型整层堆叠单盘参考上限 52/192。 当前目标可能受托盘高度/箱型组合限制。
  - 几何诊断提示：典型整层参考值 52 < 目标 192；该值不是不可达证明，继续执行指数救援。
  - 失败托盘互借诊断：未合并（no_target_or_single_plan）。
托盘类型 MH423C（销售订单号：PAIN26310BC02S）处理完成：总托盘 1，指数达标 0，未达标 1，平均缺口 106.00，最大缺口 106.00，失败托盘互借修复成功 0。
  - KPI：near/mid/deep=0/0/1，救回率=0.00%，pair效率=0.00%。
  - 耗时拆解：packing=0.05s，main_topup=0.00s，retry=0.00s，failed_pool=0.00s，repack=0.00s，total=0.05s。
正在处理托盘类型：MH423C，销售订单号：LFEG16310IN03S
  - 主算法：全局列式装箱 + 柱级组合优化（GCP）。
  - GCP 盘数远超理论（CP-SAT 装不满）→ 回退 baseline beam + 配方优先。
  - 托盘 MH423C-LFEG16310IN03S-2 未找到可行装箱方案，启用剩余箱子守恒兜底。
  - 配方优先[fast]：规划 0 实例，实装成功 0，配方路径不可用 → 采用基线方案。
  - 指数诊断：箱子 48 个，总指数 186，目标 192，理论最多达标托盘 0 个，剩余指数 186。
  - 几何诊断：典型整层堆叠单盘参考上限 152/192。 当前目标可能受托盘高度/箱型组合限制。
  - 几何诊断提示：典型整层参考值 152 < 目标 192；该值不是不可达证明，继续执行指数救援。
  - 失败托盘互借诊断：未合并（aborted_no_improvement_possible）。
托盘类型 MH423C（销售订单号：LFEG16310IN03S）处理完成：总托盘 3，指数达标 0，未达标 3，平均缺口 130.00，最大缺口 190.00，失败托盘互借修复成功 0。
  - KPI：near/mid/deep=0/1/2，救回率=0.00%，pair效率=0.00%。
  - 耗时拆解：packing=0.28s，main_topup=0.00s，retry=0.00s，failed_pool=0.00s，repack=0.72s，total=2.31s。
正在处理托盘类型：MH423C，销售订单号：LFEG16310IN03S__SPLITREST__
  - 该分组不适合列式（多非满柱）→ 回退 beam + 配方优先。
  - 配方优先[fast]：规划 0 实例，实装成功 0，配方路径不可用 → 采用基线方案。
  - 指数诊断：箱子 18 个，总指数 27，目标 192，理论最多达标托盘 0 个，剩余指数 27。
  - 几何诊断：典型整层堆叠单盘参考上限 23/192。 当前目标可能受托盘高度/箱型组合限制。
  - 几何诊断提示：典型整层参考值 23 < 目标 192；该值不是不可达证明，继续执行指数救援。
  - 失败托盘互借诊断：未合并（no_target_or_single_plan）。
托盘类型 MH423C（销售订单号：LFEG16310IN03S__SPLITREST__）处理完成：总托盘 1，指数达标 0，未达标 1，平均缺口 165.00，最大缺口 165.00，失败托盘互借修复成功 0。
  - KPI：near/mid/deep=0/0/1，救回率=0.00%，pair效率=0.00%。
  - 耗时拆解：packing=0.09s，main_topup=0.00s，retry=0.00s，failed_pool=0.00s，repack=0.00s，total=0.09s。
正在处理托盘类型：MH423C，销售订单号：PAIN26316EC02S
  - 主算法：全局列式装箱 + 柱级组合优化（GCP）。
  - GCP 盘数远超理论（CP-SAT 装不满）→ 回退 baseline beam + 配方优先。
  - 配方优先[fast]：规划 0 实例，实装成功 0，配方路径不可用 → 采用基线方案。
  - 指数诊断：箱子 61 个，总指数 168，目标 192，理论最多达标托盘 0 个，剩余指数 168。
  - 几何诊断：典型整层堆叠单盘参考上限 116/192。 当前目标可能受托盘高度/箱型组合限制。
  - 几何诊断提示：典型整层参考值 116 < 目标 192；该值不是不可达证明，继续执行指数救援。
  - 失败托盘互借诊断：未合并（aborted_no_improvement_possible）。
托盘类型 MH423C（销售订单号：PAIN26316EC02S）处理完成：总托盘 2，指数达标 0，未达标 2，平均缺口 108.00，最大缺口 122.00，失败托盘互借修复成功 0。
  - KPI：near/mid/deep=0/0/2，救回率=0.00%，pair效率=0.00%。
  - 耗时拆解：packing=0.06s，main_topup=0.00s，retry=0.00s，failed_pool=0.00s，repack=1.33s，total=2.49s。
正在处理托盘类型：MH423C，销售订单号：PAIN26296EC02S
  - 主算法：全局列式装箱 + 柱级组合优化（GCP）。
  - 失败托盘互借诊断：未合并（no_target_or_single_plan）。
托盘类型 MH423C（销售订单号：PAIN26296EC02S）处理完成：总托盘 1，指数达标 0，未达标 1，平均缺口 116.00，最大缺口 116.00，失败托盘互借修复成功 0。
  - KPI：near/mid/deep=0/0/1，救回率=0.00%，pair效率=0.00%。
  - 耗时拆解：packing=0.12s，main_topup=0.00s，retry=0.00s，failed_pool=0.00s，repack=0.00s，total=0.12s。
正在处理托盘类型：MH423C，销售订单号：LFEG16300IN02S
  - 该分组不适合列式（多非满柱）→ 回退 beam + 配方优先。
  - 配方优先[fast]：规划 0 实例，实装成功 0，配方路径不可用 → 采用基线方案。
  - 指数诊断：箱子 10 个，总指数 19，目标 192，理论最多达标托盘 0 个，剩余指数 19。
  - 几何诊断：典型整层堆叠单盘参考上限 19/192。 当前目标可能受托盘高度/箱型组合限制。
  - 几何诊断提示：典型整层参考值 19 < 目标 192；该值不是不可达证明，继续执行指数救援。
  - 失败托盘互借诊断：未合并（no_target_or_single_plan）。
托盘类型 MH423C（销售订单号：LFEG16300IN02S）处理完成：总托盘 1，指数达标 0，未达标 1，平均缺口 173.00，最大缺口 173.00，失败托盘互借修复成功 0。
  - KPI：near/mid/deep=0/0/1，救回率=0.00%，pair效率=0.00%。
  - 耗时拆解：packing=0.01s，main_topup=0.00s，retry=0.00s，failed_pool=0.00s，repack=0.00s，total=0.06s。
正在处理托盘类型：MH423C，销售订单号：PAID16315AN01S
  - 该分组不适合列式（多非满柱）→ 回退 beam + 配方优先。
  - 配方优先[fast]：规划 0 实例，实装成功 0，配方路径不可用 → 采用基线方案。
  - 指数诊断：箱子 1 个，总指数 1，目标 192，理论最多达标托盘 0 个，剩余指数 1。
  - 几何诊断：典型整层堆叠单盘参考上限 1/192。 当前目标可能受托盘高度/箱型组合限制。
  - 几何诊断提示：典型整层参考值 1 < 目标 192；该值不是不可达证明，继续执行指数救援。
  - 失败托盘互借诊断：未合并（no_target_or_single_plan）。
托盘类型 MH423C（销售订单号：PAID16315AN01S）处理完成：总托盘 1，指数达标 0，未达标 1，平均缺口 191.00，最大缺口 191.00，失败托盘互借修复成功 0。
  - KPI：near/mid/deep=0/0/1，救回率=0.00%，pair效率=0.00%。
  - 耗时拆解：packing=0.00s，main_topup=0.00s，retry=0.00s，failed_pool=0.00s，repack=0.00s，total=0.00s。
正在处理托盘类型：MH423C，销售订单号：PAIN26310BN01S
  - 主算法：全局列式装箱 + 柱级组合优化（GCP）。
  - 失败托盘互借诊断：未合并（no_target_or_single_plan）。
托盘类型 MH423C（销售订单号：PAIN26310BN01S）处理完成：总托盘 1，指数达标 0，未达标 1，平均缺口 156.00，最大缺口 156.00，失败托盘互借修复成功 0。
  - KPI：near/mid/deep=0/0/1，救回率=0.00%，pair效率=0.00%。
  - 耗时拆解：packing=0.02s，main_topup=0.00s，retry=0.00s，failed_pool=0.00s，repack=0.00s，total=0.02s。
正在处理托盘类型：MH423C，销售订单号：LAID16315EN03S
  - 主算法：全局列式装箱 + 柱级组合优化（GCP）。
  - 失败托盘互借诊断：未合并（aborted_no_improvement_possible）。
托盘类型 MH423C（销售订单号：LAID16315EN03S）处理完成：总托盘 2，指数达标 0，未达标 2，平均缺口 108.50，最大缺口 171.00，失败托盘互借修复成功 0。
  - KPI：near/mid/deep=0/0/2，救回率=0.00%，pair效率=0.00%。
  - 耗时拆解：packing=1.63s，main_topup=0.00s，retry=0.00s，failed_pool=0.00s，repack=1.86s，total=3.49s。
正在处理托盘类型：MH423C，销售订单号：PAID16316DN01S
  - 该分组不适合列式（多非满柱）→ 回退 beam + 配方优先。
  - 配方优先[fast]：规划 0 实例，实装成功 0，配方路径不可用 → 采用基线方案。
  - 指数诊断：箱子 2 个，总指数 8，目标 192，理论最多达标托盘 0 个，剩余指数 8。
  - 几何诊断：典型整层堆叠单盘参考上限 8/192。 当前目标可能受托盘高度/箱型组合限制。
  - 几何诊断提示：典型整层参考值 8 < 目标 192；该值不是不可达证明，继续执行指数救援。
  - 失败托盘互借诊断：未合并（no_target_or_single_plan）。
托盘类型 MH423C（销售订单号：PAID16316DN01S）处理完成：总托盘 1，指数达标 0，未达标 1，平均缺口 184.00，最大缺口 184.00，失败托盘互借修复成功 0。
  - KPI：near/mid/deep=0/0/1，救回率=0.00%，pair效率=0.00%。
  - 耗时拆解：packing=0.00s，main_topup=0.00s，retry=0.00s，failed_pool=0.00s，repack=0.00s，total=0.00s。
正在处理托盘类型：MH423C，销售订单号：LAID16316DN03S
  - 主算法：全局列式装箱 + 柱级组合优化（GCP）。
  - 失败托盘互借诊断：未合并（no_target_or_single_plan）。
托盘类型 MH423C（销售订单号：LAID16316DN03S）处理完成：总托盘 1，指数达标 0，未达标 1，平均缺口 168.00，最大缺口 168.00，失败托盘互借修复成功 0。
  - KPI：near/mid/deep=0/0/1，救回率=0.00%，pair效率=0.00%。
  - 耗时拆解：packing=0.01s，main_topup=0.00s，retry=0.00s，failed_pool=0.00s，repack=0.00s，total=0.02s。
正在处理托盘类型：MH423C，销售订单号：LAID16316DN03S__SPLITREST__
  - 该分组不适合列式（多非满柱）→ 回退 beam + 配方优先。
  - 配方优先[fast]：规划 0 实例，实装成功 0，配方路径不可用 → 采用基线方案。
  - 指数诊断：箱子 2 个，总指数 5，目标 192，理论最多达标托盘 0 个，剩余指数 5。
  - 几何诊断：典型整层堆叠单盘参考上限 5/192。 当前目标可能受托盘高度/箱型组合限制。
  - 几何诊断提示：典型整层参考值 5 < 目标 192；该值不是不可达证明，继续执行指数救援。
  - 失败托盘互借诊断：未合并（no_target_or_single_plan）。
托盘类型 MH423C（销售订单号：LAID16316DN03S__SPLITREST__）处理完成：总托盘 1，指数达标 0，未达标 1，平均缺口 187.00，最大缺口 187.00，失败托盘互借修复成功 0。
  - KPI：near/mid/deep=0/0/1，救回率=0.00%，pair效率=0.00%。
  - 耗时拆解：packing=0.00s，main_topup=0.00s，retry=0.00s，failed_pool=0.00s，repack=0.00s，total=0.00s。
正在处理托盘类型：MH423C，销售订单号：LAID16316DN02S
  - 主算法：全局列式装箱 + 柱级组合优化（GCP）。
  - 失败托盘互借诊断：未合并（no_target_or_single_plan）。
托盘类型 MH423C（销售订单号：LAID16316DN02S）处理完成：总托盘 1，指数达标 0，未达标 1，平均缺口 136.00，最大缺口 136.00，失败托盘互借修复成功 0。
  - KPI：near/mid/deep=0/0/1，救回率=0.00%，pair效率=0.00%。
  - 耗时拆解：packing=0.09s，main_topup=0.00s，retry=0.00s，failed_pool=0.00s，repack=0.00s，total=0.09s。
正在处理托盘类型：MH423C，销售订单号：LAID16316DN02S__SPLITREST__
  - 该分组不适合列式（多非满柱）→ 回退 beam + 配方优先。
  - 配方优先[fast]：规划 0 实例，实装成功 0，配方路径不可用 → 采用基线方案。
  - 指数诊断：箱子 1 个，总指数 4，目标 192，理论最多达标托盘 0 个，剩余指数 4。
  - 几何诊断：典型整层堆叠单盘参考上限 4/192。 当前目标可能受托盘高度/箱型组合限制。
  - 几何诊断提示：典型整层参考值 4 < 目标 192；该值不是不可达证明，继续执行指数救援。
  - 失败托盘互借诊断：未合并（no_target_or_single_plan）。
托盘类型 MH423C（销售订单号：LAID16316DN02S__SPLITREST__）处理完成：总托盘 1，指数达标 0，未达标 1，平均缺口 188.00，最大缺口 188.00，失败托盘互借修复成功 0。
  - KPI：near/mid/deep=0/0/1，救回率=0.00%，pair效率=0.00%。
  - 耗时拆解：packing=0.00s，main_topup=0.00s，retry=0.00s，failed_pool=0.00s，repack=0.00s，total=0.00s。
正在处理托盘类型：MH423C，销售订单号：LAID16315EN02S
  - 该分组不适合列式（多非满柱）→ 回退 beam + 配方优先。
  - 配方优先[fast]：规划 0 实例，实装成功 0，配方路径不可用 → 采用基线方案。
  - 指数诊断：箱子 18 个，总指数 41，目标 192，理论最多达标托盘 0 个，剩余指数 41。
  - 几何诊断：典型整层堆叠单盘参考上限 41/192。 当前目标可能受托盘高度/箱型组合限制。
  - 几何诊断提示：典型整层参考值 41 < 目标 192；该值不是不可达证明，继续执行指数救援。
  - 失败托盘互借诊断：未合并（no_target_or_single_plan）。
托盘类型 MH423C（销售订单号：LAID16315EN02S）处理完成：总托盘 1，指数达标 0，未达标 1，平均缺口 151.00，最大缺口 151.00，失败托盘互借修复成功 0。
  - KPI：near/mid/deep=0/0/1，救回率=0.00%，pair效率=0.00%。
  - 耗时拆解：packing=0.13s，main_topup=0.00s，retry=0.00s，failed_pool=0.00s，repack=0.00s，total=0.13s。
正在处理托盘类型：MH423C，销售订单号：LAID16316DN01S
  - 该分组不适合列式（多非满柱）→ 回退 beam + 配方优先。
  - 配方优先[fast]：规划 0 实例，实装成功 0，配方路径不可用 → 采用基线方案。
  - 指数诊断：箱子 23 个，总指数 123，目标 192，理论最多达标托盘 0 个，剩余指数 123。
  - 几何诊断：典型整层堆叠单盘参考上限 70/192。 当前目标可能受托盘高度/箱型组合限制。
  - 几何诊断提示：典型整层参考值 70 < 目标 192；该值不是不可达证明，继续执行指数救援。
  - 失败盘装满压实：合并/吸收 1 次（纯减盘数）。
  - 失败托盘互借诊断：未合并（not_better）。
托盘类型 MH423C（销售订单号：LAID16316DN01S）处理完成：总托盘 1，指数达标 0，未达标 1，平均缺口 69.00，最大缺口 69.00，失败托盘互借修复成功 0。
  - KPI：near/mid/deep=0/0/1，救回率=0.00%，pair效率=0.00%。
  - 耗时拆解：packing=0.01s，main_topup=0.00s，retry=0.00s，failed_pool=0.00s，repack=0.09s，total=0.10s。
正在处理托盘类型：MH423C，销售订单号：PAID163108N01S
  - 主算法：全局列式装箱 + 柱级组合优化（GCP）。
  - 失败托盘互借诊断：未合并（no_target_or_single_plan）。
托盘类型 MH423C（销售订单号：PAID163108N01S）处理完成：总托盘 1，指数达标 0，未达标 1，平均缺口 104.00，最大缺口 104.00，失败托盘互借修复成功 0。
  - KPI：near/mid/deep=0/0/1，救回率=0.00%，pair效率=0.00%。
  - 耗时拆解：packing=0.45s，main_topup=0.00s，retry=0.00s，failed_pool=0.00s，repack=0.00s，total=0.45s。
正在处理托盘类型：MH423C，销售订单号：PAID16315BN01S
  - 主算法：全局列式装箱 + 柱级组合优化（GCP）。
  - 失败托盘互借诊断：未合并（no_target_or_single_plan）。
托盘类型 MH423C（销售订单号：PAID16315BN01S）处理完成：总托盘 1，指数达标 0，未达标 1，平均缺口 154.00，最大缺口 154.00，失败托盘互借修复成功 0。
  - KPI：near/mid/deep=0/0/1，救回率=0.00%，pair效率=0.00%。
  - 耗时拆解：packing=0.14s，main_topup=0.00s，retry=0.00s，failed_pool=0.00s，repack=0.00s，total=0.14s。
正在处理托盘类型：MH423C，销售订单号：PAID163108N03S
  - 该分组不适合列式（多非满柱）→ 回退 beam + 配方优先。
  - 配方优先[fast]：规划 0 实例，实装成功 0，配方路径不可用 → 采用基线方案。
  - 指数诊断：箱子 1 个，总指数 2，目标 192，理论最多达标托盘 0 个，剩余指数 2。
  - 几何诊断：典型整层堆叠单盘参考上限 2/192。 当前目标可能受托盘高度/箱型组合限制。
  - 几何诊断提示：典型整层参考值 2 < 目标 192；该值不是不可达证明，继续执行指数救援。
  - 失败托盘互借诊断：未合并（no_target_or_single_plan）。
托盘类型 MH423C（销售订单号：PAID163108N03S）处理完成：总托盘 1，指数达标 0，未达标 1，平均缺口 190.00，最大缺口 190.00，失败托盘互借修复成功 0。
  - KPI：near/mid/deep=0/0/1，救回率=0.00%，pair效率=0.00%。
  - 耗时拆解：packing=0.00s，main_topup=0.00s，retry=0.00s，failed_pool=0.00s，repack=0.00s，total=0.00s。
正在处理托盘类型：MH423C，销售订单号：PAID16300FN01S
  - 该分组不适合列式（多非满柱）→ 回退 beam + 配方优先。
  - 配方优先[fast]：规划 0 实例，实装成功 0，配方路径不可用 → 采用基线方案。
  - 指数诊断：箱子 2 个，总指数 8，目标 192，理论最多达标托盘 0 个，剩余指数 8。
  - 几何诊断：典型整层堆叠单盘参考上限 8/192。 当前目标可能受托盘高度/箱型组合限制。
  - 几何诊断提示：典型整层参考值 8 < 目标 192；该值不是不可达证明，继续执行指数救援。
  - 失败托盘互借诊断：未合并（no_target_or_single_plan）。
托盘类型 MH423C（销售订单号：PAID16300FN01S）处理完成：总托盘 1，指数达标 0，未达标 1，平均缺口 184.00，最大缺口 184.00，失败托盘互借修复成功 0。
  - KPI：near/mid/deep=0/0/1，救回率=0.00%，pair效率=0.00%。
  - 耗时拆解：packing=0.00s，main_topup=0.00s，retry=0.00s，failed_pool=0.00s，repack=0.00s，total=0.00s。
正在处理托盘类型：MH423C，销售订单号：LFEG16316AN02S
  - 主算法：全局列式装箱 + 柱级组合优化（GCP）。
  - 失败托盘互借诊断：未合并（no_target_or_single_plan）。
托盘类型 MH423C（销售订单号：LFEG16316AN02S）处理完成：总托盘 1，指数达标 0，未达标 1，平均缺口 70.00，最大缺口 70.00，失败托盘互借修复成功 0。
  - KPI：near/mid/deep=0/0/1，救回率=0.00%，pair效率=0.00%。
  - 耗时拆解：packing=0.14s，main_topup=0.00s，retry=0.00s，failed_pool=0.00s，repack=0.00s，total=0.14s。
正在处理托盘类型：MH423C，销售订单号：LFEG16316AN02S__SPLITREST__
  - 该分组不适合列式（多非满柱）→ 回退 beam + 配方优先。
  - 配方优先[fast]：规划 0 实例，实装成功 0，配方路径不可用 → 采用基线方案。
  - 指数诊断：箱子 1 个，总指数 2，目标 192，理论最多达标托盘 0 个，剩余指数 2。
  - 几何诊断：典型整层堆叠单盘参考上限 2/192。 当前目标可能受托盘高度/箱型组合限制。
  - 几何诊断提示：典型整层参考值 2 < 目标 192；该值不是不可达证明，继续执行指数救援。
  - 失败托盘互借诊断：未合并（no_target_or_single_plan）。
托盘类型 MH423C（销售订单号：LFEG16316AN02S__SPLITREST__）处理完成：总托盘 1，指数达标 0，未达标 1，平均缺口 190.00，最大缺口 190.00，失败托盘互借修复成功 0。
  - KPI：near/mid/deep=0/0/1，救回率=0.00%，pair效率=0.00%。
  - 耗时拆解：packing=0.00s，main_topup=0.00s，retry=0.00s，failed_pool=0.00s，repack=0.00s，total=0.00s。
正在处理托盘类型：MH423C，销售订单号：PAIN26310MZ05S
  - 该分组不适合列式（多非满柱）→ 回退 beam + 配方优先。
  - 配方优先[fast]：规划 0 实例，实装成功 0，配方路径不可用 → 采用基线方案。
  - 指数诊断：箱子 55 个，总指数 818，目标 192，理论最多达标托盘 4 个，剩余指数 50。
  - 几何诊断：典型整层堆叠单盘参考上限 160/192。 当前目标可能受托盘高度/箱型组合限制。
  - 几何诊断提示：典型整层参考值 160 < 目标 192；该值不是不可达证明，继续执行指数救援。
  - 失败托盘互借诊断：未合并（aborted_no_improvement_possible）。
托盘类型 MH423C（销售订单号：PAIN26310MZ05S）处理完成：总托盘 7，指数达标 0，未达标 7，平均缺口 75.14，最大缺口 174.00，失败托盘互借修复成功 0。
  - KPI：near/mid/deep=0/0/7，救回率=0.00%，pair效率=0.00%。
  - 耗时拆解：packing=0.14s，main_topup=0.00s，retry=0.00s，failed_pool=0.21s，repack=0.77s，total=0.91s。
正在处理托盘类型：MH423C，销售订单号：LFEG16320IN01S
  - 主算法：全局列式装箱 + 柱级组合优化（GCP）。
  - 失败盘装满压实：合并/吸收 1 次（纯减盘数）。
  - 失败托盘互借诊断：未合并（aborted_no_improvement_possible）。
托盘类型 MH423C（销售订单号：LFEG16320IN01S）处理完成：总托盘 1，指数达标 0，未达标 1，平均缺口 168.00，最大缺口 168.00，失败托盘互借修复成功 0。
  - KPI：near/mid/deep=0/0/1，救回率=0.00%，pair效率=0.00%。
  - 耗时拆解：packing=0.00s，main_topup=0.00s，retry=0.00s，failed_pool=0.00s，repack=0.01s，total=0.01s。
正在处理托盘类型：MH423C，销售订单号：LFEG16320IN03S
  - 主算法：全局列式装箱 + 柱级组合优化（GCP）。
  - 失败盘装满压实：合并/吸收 1 次（纯减盘数）。
  - 失败托盘互借诊断：未合并（aborted_no_improvement_possible）。
托盘类型 MH423C（销售订单号：LFEG16320IN03S）处理完成：总托盘 1，指数达标 0，未达标 1，平均缺口 168.00，最大缺口 168.00，失败托盘互借修复成功 0。
  - KPI：near/mid/deep=0/0/1，救回率=0.00%，pair效率=0.00%。
  - 耗时拆解：packing=0.00s，main_topup=0.00s，retry=0.00s，failed_pool=0.00s，repack=0.01s，total=0.01s。
正在处理托盘类型：MH423C，销售订单号：PAIN26310GN01S
  - 主算法：全局列式装箱 + 柱级组合优化（GCP）。
============================================================
[WCS-拉] 20260731_133818：拉取接口 1 …
[WCS-拉] 原始响应已保存：D:\research_code\final\zhuang\packing-workspace\input\raw\20260731_133818.json
[WCS-拉] 已剔除 case_type≠MH423C 的品类 63 条（类型：['MH113', 'WR246']），保留 1982 条。
[WCS-拉] 忽略 4 条零尺寸/非法尺寸库存；有效记录 1978 条；样例：product_code=30086366/box_type=YZX507/0×0×0, product_code=30086359/box_type=YZX507/0×0×0, product_code=30086364/box_type=YZX507/0×0×0, product_code=30086358/box_type=YZX507/0×0×0
[WCS-DB] wcs_stock_box 已全量替换：清空 1947 → 插入 1978
[WCS-拉] wcs_stock_box 已全量替换：删 1947，插 1978。
[WCS-DB] wcs_stock_box_all product_code 已存在、跳过 1946 条
[WCS-拉] wcs_stock_box_all 追加：新插入 32，跳过已有 1946（历史不删）。
[WCS-拉] 库存有变化 → need_repack=True，唤醒装箱。
  - 失败托盘互借修复（凑标提交）：新增达标 1，受影响 2 盘重排为 2 盘（其余失败盘未动），耗时 0.4s。
  - 失败托盘互借诊断：未合并（less_than_2_consolidatable）。
托盘类型 MH423C（销售订单号：PAIN26310GN01S）处理完成：总托盘 2，指数达标 1，未达标 1，平均缺口 96.00，最大缺口 96.00，失败托盘互借修复成功 1。
  - KPI：near/mid/deep=0/0/1，救回率=100.00%，pair效率=0.00%。
  - 耗时拆解：packing=28.22s，main_topup=0.00s，retry=0.00s，failed_pool=0.00s，repack=0.39s，total=28.61s。
正在处理托盘类型：MH423C，销售订单号：PAIN26310MN01S
  - 该分组不适合列式（多非满柱）→ 回退 beam + 配方优先。
  - 配方优先[fast]：规划 0 实例，实装成功 0，配方路径不可用 → 采用基线方案。
  - 指数诊断：箱子 5 个，总指数 25，目标 192，理论最多达标托盘 0 个，剩余指数 25。
  - 几何诊断：典型整层堆叠单盘参考上限 25/192。 当前目标可能受托盘高度/箱型组合限制。
  - 几何诊断提示：典型整层参考值 25 < 目标 192；该值不是不可达证明，继续执行指数救援。
  - 失败托盘互借诊断：未合并（no_target_or_single_plan）。
托盘类型 MH423C（销售订单号：PAIN26310MN01S）处理完成：总托盘 1，指数达标 0，未达标 1，平均缺口 167.00，最大缺口 167.00，失败托盘互借修复成功 0。
  - KPI：near/mid/deep=0/0/1，救回率=0.00%，pair效率=0.00%。
  - 耗时拆解：packing=0.01s，main_topup=0.00s，retry=0.00s，failed_pool=0.00s，repack=0.00s，total=0.02s。
正在处理托盘类型：MH423C，销售订单号：PEG126320LN02S
  - 该分组不适合列式（多非满柱）→ 回退 beam + 配方优先。
  - 配方优先[fast]：规划 0 实例，实装成功 0，配方路径不可用 → 采用基线方案。
  - 指数诊断：箱子 1 个，总指数 6，目标 192，理论最多达标托盘 0 个，剩余指数 6。
  - 几何诊断：典型整层堆叠单盘参考上限 6/192。 当前目标可能受托盘高度/箱型组合限制。
  - 几何诊断提示：典型整层参考值 6 < 目标 192；该值不是不可达证明，继续执行指数救援。
  - 失败托盘互借诊断：未合并（no_target_or_single_plan）。
托盘类型 MH423C（销售订单号：PEG126320LN02S）处理完成：总托盘 1，指数达标 0，未达标 1，平均缺口 186.00，最大缺口 186.00，失败托盘互借修复成功 0。
  - KPI：near/mid/deep=0/0/1，救回率=0.00%，pair效率=0.00%。
  - 耗时拆解：packing=0.00s，main_topup=0.00s，retry=0.00s，failed_pool=0.00s，repack=0.00s，total=0.00s。
正在处理托盘类型：MH423C，销售订单号：PAIN26290MN02S
  - 该分组不适合列式（多非满柱）→ 回退 beam + 配方优先。
  - 配方优先[fast]：规划 0 实例，实装成功 0，配方路径不可用 → 采用基线方案。
  - 指数诊断：箱子 7 个，总指数 26，目标 192，理论最多达标托盘 0 个，剩余指数 26。
  - 几何诊断：典型整层堆叠单盘参考上限 26/192。 当前目标可能受托盘高度/箱型组合限制。
  - 几何诊断提示：典型整层参考值 26 < 目标 192；该值不是不可达证明，继续执行指数救援。
  - 失败托盘互借诊断：未合并（no_target_or_single_plan）。
托盘类型 MH423C（销售订单号：PAIN26290MN02S）处理完成：总托盘 1，指数达标 0，未达标 1，平均缺口 166.00，最大缺口 166.00，失败托盘互借修复成功 0。
  - KPI：near/mid/deep=0/0/1，救回率=0.00%，pair效率=0.00%。
  - 耗时拆解：packing=0.01s，main_topup=0.00s，retry=0.00s，failed_pool=0.00s，repack=0.00s，total=0.03s。
正在处理托盘类型：MH423C，销售订单号：PAIN26310GC02S
  - 该分组不适合列式（多非满柱）→ 回退 beam + 配方优先。
  - 配方优先[fast]：规划 0 实例，实装成功 0，配方路径不可用 → 采用基线方案。
  - 指数诊断：箱子 3 个，总指数 6，目标 192，理论最多达标托盘 0 个，剩余指数 6。
  - 几何诊断：典型整层堆叠单盘参考上限 6/192。 当前目标可能受托盘高度/箱型组合限制。
  - 几何诊断提示：典型整层参考值 6 < 目标 192；该值不是不可达证明，继续执行指数救援。
  - 失败托盘互借诊断：未合并（no_target_or_single_plan）。
托盘类型 MH423C（销售订单号：PAIN26310GC02S）处理完成：总托盘 1，指数达标 0，未达标 1，平均缺口 186.00，最大缺口 186.00，失败托盘互借修复成功 0。
  - KPI：near/mid/deep=0/0/1，救回率=0.00%，pair效率=0.00%。
  - 耗时拆解：packing=0.00s，main_topup=0.00s，retry=0.00s，failed_pool=0.00s，repack=0.00s，total=0.01s。
正在处理托盘类型：MH423C，销售订单号：PAID163108C02S
  - 该分组不适合列式（多非满柱）→ 回退 beam + 配方优先。
  - 配方优先[fast]：规划 0 实例，实装成功 0，配方路径不可用 → 采用基线方案。
  - 指数诊断：箱子 1 个，总指数 8，目标 192，理论最多达标托盘 0 个，剩余指数 8。
  - 几何诊断：典型整层堆叠单盘参考上限 8/192。 当前目标可能受托盘高度/箱型组合限制。
  - 几何诊断提示：典型整层参考值 8 < 目标 192；该值不是不可达证明，继续执行指数救援。
  - 失败托盘互借诊断：未合并（no_target_or_single_plan）。
托盘类型 MH423C（销售订单号：PAID163108C02S）处理完成：总托盘 1，指数达标 0，未达标 1，平均缺口 184.00，最大缺口 184.00，失败托盘互借修复成功 0。
  - KPI：near/mid/deep=0/0/1，救回率=0.00%，pair效率=0.00%。
  - 耗时拆解：packing=0.00s，main_topup=0.00s，retry=0.00s，failed_pool=0.00s，repack=0.00s，total=0.00s。
正在处理托盘类型：MH423C，销售订单号：PEG126320LN01S
  - 主算法：全局列式装箱 + 柱级组合优化（GCP）。
  - 失败托盘互借诊断：未合并（no_target_or_single_plan）。
托盘类型 MH423C（销售订单号：PEG126320LN01S）处理完成：总托盘 1，指数达标 0，未达标 1，平均缺口 170.00，最大缺口 170.00，失败托盘互借修复成功 0。
  - KPI：near/mid/deep=0/0/1，救回率=0.00%，pair效率=0.00%。
  - 耗时拆解：packing=0.10s，main_topup=0.00s，retry=0.00s，failed_pool=0.00s，repack=0.00s，total=0.10s。
正在处理托盘类型：MH423C，销售订单号：PAIN26316EN01S
  - 该分组不适合列式（多非满柱）→ 回退 beam + 配方优先。
  - 配方优先[fast]：规划 2 实例，实装成功 2，失败回兜底 0；达标 2，直接采用配方方案（基线未跑，--safe 可审计对比）。
  - 指数诊断：箱子 123 个，总指数 581，目标 192，理论最多达标托盘 3 个，剩余指数 5。
  - 几何诊断：典型整层堆叠单盘参考上限 192/192。
  - 失败托盘互借诊断：未合并（aborted_no_improvement_possible）。
托盘类型 MH423C（销售订单号：PAIN26316EN01S）处理完成：总托盘 4，指数达标 2，未达标 2，平均缺口 93.50，最大缺口 184.00，失败托盘互借修复成功 0。
  - KPI：near/mid/deep=1/0/1，救回率=0.00%，pair效率=0.00%。
  - 耗时拆解：packing=0.32s，main_topup=0.00s，retry=0.00s，failed_pool=2.33s，repack=3.91s，total=4.24s。
正在处理托盘类型：MH423C，销售订单号：PAIN26296EN01S
  - 主算法：全局列式装箱 + 柱级组合优化（GCP）。
  - 失败托盘互借诊断：未合并（no_target_or_single_plan）。
托盘类型 MH423C（销售订单号：PAIN26296EN01S）处理完成：总托盘 1，指数达标 0，未达标 1，平均缺口 100.00，最大缺口 100.00，失败托盘互借修复成功 0。
  - KPI：near/mid/deep=0/0/1，救回率=0.00%，pair效率=0.00%。
  - 耗时拆解：packing=4.40s，main_topup=0.00s，retry=0.00s，failed_pool=0.00s，repack=0.00s，total=4.40s。
正在处理托盘类型：MH423C，销售订单号：PAIN26310MN06S
  - 主算法：全局列式装箱 + 柱级组合优化（GCP）。
  - 失败托盘互借诊断：未合并（no_target_or_single_plan）。
托盘类型 MH423C（销售订单号：PAIN26310MN06S）处理完成：总托盘 1，指数达标 0，未达标 1，平均缺口 36.00，最大缺口 36.00，失败托盘互借修复成功 0。
  - KPI：near/mid/deep=0/0/1，救回率=0.00%，pair效率=0.00%。
  - 耗时拆解：packing=0.25s，main_topup=0.00s，retry=0.00s，failed_pool=0.00s，repack=0.00s，total=0.25s。
正在处理托盘类型：MH423C，销售订单号：PAIN26310MN08S
  - 主算法：全局列式装箱 + 柱级组合优化（GCP）。
  - 失败托盘互借诊断：未合并（no_target_or_single_plan）。
托盘类型 MH423C（销售订单号：PAIN26310MN08S）处理完成：总托盘 1，指数达标 0，未达标 1，平均缺口 145.00，最大缺口 145.00，失败托盘互借修复成功 0。
  - KPI：near/mid/deep=0/0/1，救回率=0.00%，pair效率=0.00%。
  - 耗时拆解：packing=1.14s，main_topup=0.00s，retry=0.00s，failed_pool=0.00s，repack=0.00s，total=1.14s。
正在处理托盘类型：MH423C，销售订单号：LFEG16336AN01S
  - 该分组不适合列式（多非满柱）→ 回退 beam + 配方优先。
  - 配方优先[fast]：规划 0 实例，实装成功 0，配方路径不可用 → 采用基线方案。
  - 指数诊断：箱子 1 个，总指数 1，目标 192，理论最多达标托盘 0 个，剩余指数 1。
  - 几何诊断：典型整层堆叠单盘参考上限 1/192。 当前目标可能受托盘高度/箱型组合限制。
  - 几何诊断提示：典型整层参考值 1 < 目标 192；该值不是不可达证明，继续执行指数救援。
  - 失败托盘互借诊断：未合并（no_target_or_single_plan）。
托盘类型 MH423C（销售订单号：LFEG16336AN01S）处理完成：总托盘 1，指数达标 0，未达标 1，平均缺口 191.00，最大缺口 191.00，失败托盘互借修复成功 0。
  - KPI：near/mid/deep=0/0/1，救回率=0.00%，pair效率=0.00%。
  - 耗时拆解：packing=0.00s，main_topup=0.00s，retry=0.00s，failed_pool=0.00s，repack=0.00s，total=0.00s。
正在处理托盘类型：MH423C，销售订单号：LFEG16336AN02S
  - 主算法：全局列式装箱 + 柱级组合优化（GCP）。
  - GCP 盘数远超理论（CP-SAT 装不满）→ 回退 baseline beam + 配方优先。
  - 配方优先[fast]：规划 0 实例，实装成功 0，配方路径不可用 → 采用基线方案。
  - 指数诊断：箱子 4 个，总指数 6，目标 192，理论最多达标托盘 0 个，剩余指数 6。
  - 几何诊断：典型整层堆叠单盘参考上限 6/192。 当前目标可能受托盘高度/箱型组合限制。
  - 几何诊断提示：典型整层参考值 6 < 目标 192；该值不是不可达证明，继续执行指数救援。
  - 失败托盘互借诊断：未合并（no_target_or_single_plan）。
托盘类型 MH423C（销售订单号：LFEG16336AN02S）处理完成：总托盘 1，指数达标 0，未达标 1，平均缺口 186.00，最大缺口 186.00，失败托盘互借修复成功 0。
  - KPI：near/mid/deep=0/0/1，救回率=0.00%，pair效率=0.00%。
  - 耗时拆解：packing=0.00s，main_topup=0.00s，retry=0.00s，failed_pool=0.00s，repack=0.00s，total=0.02s。
正在处理托盘类型：MH423C，销售订单号：PAIN26326EN01S
  - 该分组不适合列式（多非满柱）→ 回退 beam + 配方优先。
  - 配方优先[fast]：规划 0 实例，实装成功 0，配方路径不可用 → 采用基线方案。
  - 指数诊断：箱子 1 个，总指数 4，目标 192，理论最多达标托盘 0 个，剩余指数 4。
  - 几何诊断：典型整层堆叠单盘参考上限 4/192。 当前目标可能受托盘高度/箱型组合限制。
  - 几何诊断提示：典型整层参考值 4 < 目标 192；该值不是不可达证明，继续执行指数救援。
  - 失败托盘互借诊断：未合并（no_target_or_single_plan）。
托盘类型 MH423C（销售订单号：PAIN26326EN01S）处理完成：总托盘 1，指数达标 0，未达标 1，平均缺口 188.00，最大缺口 188.00，失败托盘互借修复成功 0。
  - KPI：near/mid/deep=0/0/1，救回率=0.00%，pair效率=0.00%。
  - 耗时拆解：packing=0.00s，main_topup=0.00s，retry=0.00s，failed_pool=0.00s，repack=0.00s，total=0.00s。
正在处理托盘类型：MH423C，销售订单号：PAIN26320BN01S
  - 该分组不适合列式（多非满柱）→ 回退 beam + 配方优先。
  - 配方优先[fast]：规划 0 实例，实装成功 0，配方路径不可用 → 采用基线方案。
  - 指数诊断：箱子 1 个，总指数 2，目标 192，理论最多达标托盘 0 个，剩余指数 2。
  - 几何诊断：典型整层堆叠单盘参考上限 2/192。 当前目标可能受托盘高度/箱型组合限制。
  - 几何诊断提示：典型整层参考值 2 < 目标 192；该值不是不可达证明，继续执行指数救援。
  - 失败托盘互借诊断：未合并（no_target_or_single_plan）。
托盘类型 MH423C（销售订单号：PAIN26320BN01S）处理完成：总托盘 1，指数达标 0，未达标 1，平均缺口 190.00，最大缺口 190.00，失败托盘互借修复成功 0。
  - KPI：near/mid/deep=0/0/1，救回率=0.00%，pair效率=0.00%。
  - 耗时拆解：packing=0.00s，main_topup=0.00s，retry=0.00s，failed_pool=0.00s，repack=0.00s，total=0.00s。
正在处理托盘类型：MH423C，销售订单号：PFEG16336AN01S
  - 该分组不适合列式（多非满柱）→ 回退 beam + 配方优先。
  - 托盘 MH423C-PFEG16336AN01S-1 未找到可行装箱方案，启用剩余箱子守恒兜底。
  - 配方优先[fast]：规划 0 实例，实装成功 0，配方路径不可用 → 采用基线方案。
  - 指数诊断：箱子 7 个，总指数 10，目标 192，理论最多达标托盘 0 个，剩余指数 10。
  - 几何诊断：典型整层堆叠单盘参考上限 10/192。 当前目标可能受托盘高度/箱型组合限制。
  - 几何诊断提示：典型整层参考值 10 < 目标 192；该值不是不可达证明，继续执行指数救援。
  - 失败盘装满压实：合并/吸收 1 次（纯减盘数）。
  - 失败托盘互借诊断：未合并（aborted_no_improvement_possible）。
托盘类型 MH423C（销售订单号：PFEG16336AN01S）处理完成：总托盘 3，指数达标 0，未达标 3，平均缺口 188.67，最大缺口 191.00，失败托盘互借修复成功 0。
  - KPI：near/mid/deep=0/0/3，救回率=0.00%，pair效率=0.00%。
  - 耗时拆解：packing=0.01s，main_topup=0.00s，retry=0.00s，failed_pool=0.00s，repack=0.16s，total=0.22s。
  - 跨子组条件双路径（MH423C / LAID16305BN02S）：采用严格更优完整路径。
  - 失败盘装满压实：合并/吸收 1 次（纯减盘数）。
  - 跨子组装满压实（MH423C / PAID16306DN01S）：合并 1 次（纯减盘数）。
  - 跨子组条件双路径（MH423C / LAID16305BN01S）：采用严格更优完整路径。
  - 失败盘装满压实：合并/吸收 1 次（纯减盘数）。
  - 跨子组装满压实（MH423C / LAID16306DN02S）：合并 1 次（纯减盘数）。
============================================================
[WCS-拉] 20260731_134145：拉取接口 1 …
[WCS-拉] 原始响应已保存：D:\research_code\final\zhuang\packing-workspace\input\raw\20260731_134145.json
[WCS-拉] 已剔除 case_type≠MH423C 的品类 63 条（类型：['MH113', 'WR246']），保留 2002 条。
[WCS-拉] 忽略 4 条零尺寸/非法尺寸库存；有效记录 1998 条；样例：product_code=30086366/box_type=YZX507/0×0×0, product_code=30086359/box_type=YZX507/0×0×0, product_code=30086364/box_type=YZX507/0×0×0, product_code=30086358/box_type=YZX507/0×0×0
[WCS-DB] wcs_stock_box 已全量替换：清空 1978 → 插入 1998
[WCS-拉] wcs_stock_box 已全量替换：删 1978，插 1998。
[WCS-DB] wcs_stock_box_all product_code 已存在、跳过 1978 条
[WCS-拉] wcs_stock_box_all 追加：新插入 20，跳过已有 1978（历史不删）。
[WCS-拉] 库存有变化 → need_repack=True，唤醒装箱。
  - 跨子组条件双路径（MH423C / LFEG16310IN01S）：采用严格更优完整路径。
  - 跨子组条件双路径（MH423C / LFEG16310IN03S）：采用严格更优完整路径。
  - 失败盘装满压实：合并/吸收 1 次（纯减盘数）。
  - 跨子组装满压实（MH423C / LAID16316DN03S）：合并 1 次（纯减盘数）。
  - 失败盘装满压实：合并/吸收 1 次（纯减盘数）。
  - 跨子组装满压实（MH423C / LAID16316DN02S）：合并 1 次（纯减盘数）。
  - 失败盘装满压实：合并/吸收 1 次（纯减盘数）。
  - 跨子组装满压实（MH423C / LFEG16316AN02S）：合并 1 次（纯减盘数）。
========================================
统计汇总：总托盘 78，指数达标 3，未达标 75，未知 0，平均缺口 124.53，最大缺口 191.00，失败托盘互借修复成功 1
KPI汇总：near/mid/deep=3/3/69，pair尝试=0，pair改进=0，pair效率=0.00%
耗时汇总：packing=242.68s，main_topup=0.08s，retry=0.00s，repack=21.33s，end_to_end=580.66s
========================================
[WCS-装] SUCCESS 产品码 256 个，SUCCESS 盘 3，FAILED 盘 75。
[WCS-装] 本轮结束；将检查 need_repack 决定是否再算。
[WCS-装] 本轮方案已保存（success）：D:\research_code\final\zhuang\packing-workspace\output\success\packing_plan_20260731_133328.json
[执行规划] 产物目录：D:\research_code\final\zhuang\packing-workspace\output\success（success）
[执行规划] 开始：D:\research_code\zhuang-ui-m\.venvs\packing-realtime\python.exe D:\research_code\final\zhuang\packing-system\run_execution_planning.py D:\research_code\final\zhuang\packing-workspace\output\success\packing_plan_20260731_133328.json --config D:\research_code\final\zhuang\packing-workspace\runtime\packing-realtime\temp\ui_config_api_20260731_130809.yaml --output D:\research_code\final\zhuang\packing-workspace\output\success\packing_plan_20260731_133328_execution.json --wcs-output D:\research_code\final\zhuang\packing-workspace\output\success\packing_plan_20260731_133328_execution_wcs.json --wcs-map-output D:\research_code\final\zhuang\packing-workspace\output\success\packing_plan_20260731_133328_execution_wcs_map.json
[WCS-DB] wcs_success_box：替换旧托盘 2 个，删除 80 行，写入 256 行
[WCS-DB] wcs_success_box：本批候选 256 行，本批写入 256 行。
[WCS-DB] wcs_box_orientation：本批候选 256 行，写入影响 256（含已存在跳过）。
[现场码垛] 新计算结果已入库，已清空旧码放队列 964 条
[现场会话] 新计算结果已入库，当前没有未完成托盘
execution plan written: pallets=78 boxes=1934 reordered_pallets=66 path=D:\research_code\final\zhuang\packing-workspace\output\success\packing_plan_20260731_133328_execution.json
WCS execution cases written: D:\research_code\final\zhuang\packing-workspace\output\success\packing_plan_20260731_133328_execution_wcs.json
WCS execution plan map written: D:\research_code\final\zhuang\packing-workspace\output\success\packing_plan_20260731_133328_execution_wcs_map.json
execution scan deviations pallet='MH423C-LAID16306DN01S-2' count=4: expected='WCS-0147-YZX448-0000' selected='WCS-0271-YZX428-0000' box='WCS-0147-YZX448-0000' after='WCS-0271-YZX428-0000' reason=open_direction lookahead=true; expected='WCS-0116-DZX448-0000' selected='WCS-0302-DZX444-0000' box='WCS-0116-DZX448-0000' after='WCS-0302-DZX444-0000' reason=open_direction lookahead=true; expected='WCS-0008-YBB106-0000' selected='WCS-0074-YZX448-0000' box='WCS-0008-YBB106-0000' after='WCS-0074-YZX448-0000' reason=hard_dependency; expected='WCS-0008-YBB106-0000' selected='WCS-0270-YZX428-0000' box='WCS-0008-YBB106-0000' after='WCS-0270-YZX428-0000' reason=open_direction lookahead=true
execution scan deviations pallet='MH423C-LAID16305BN02S-1' count=9: expected='WCS-0095-YZX444-0000' selected='WCS-0559-DZX424-0000' box='WCS-0095-YZX444-0000' after='WCS-0559-DZX424-0000' reason=open_direction lookahead=true; expected='WCS-0096-YZX444-0000' selected='WCS-0102-YZX444-0000' box='WCS-0096-YZX444-0000' after='WCS-0102-YZX444-0000' reason=open_direction lookahead=true; expected='WCS-0012-YZX428-0000' selected='WCS-0531-DZX424-0000' box='WCS-0012-YZX428-0000' after='WCS-0531-DZX424-0000' reason=open_direction lookahead=true; expected='WCS-0097-YZX444-0000' selected='WCS-0065-YZX448-0000' box='WCS-0097-YZX444-0000' after='WCS-0065-YZX448-0000' reason=open_direction lookahead=true; expected='WCS-0919-YZX424-0000' selected='WCS-0038-YZX448-0000' box='WCS-0919-YZX424-0000' after='WCS-0038-YZX448-0000' reason=open_direction lookahead=true; expected='WCS-0729-YBB077-0000' selected='WCS-0920-YZX424-0000' box='WCS-0729-YBB077-0000' after='WCS-0920-YZX424-0000' reason=open_direction lookahead=true; expected='WCS-0733-YBB077-0000' selected='WCS-0026-YZX448-0000' box='WCS-0733-YBB077-0000' after='WCS-0026-YZX448-0000' reason=open_direction lookahead=true; expected='WCS-0268-YBB125-0000' selected='WCS-0677-YZX444-0000' box='WCS-0268-YBB125-0000' after='WCS-0677-YZX444-0000' reason=hard_dependency; ...
execution scan deviations pallet='MH423C-LAID16305BN02S-2' count=3: expected='WCS-0690-YZX448-0000' selected='WCS-0258-DZX444-0000' box='WCS-0690-YZX448-0000' after='WCS-0258-DZX444-0000' reason=open_direction lookahead=true; expected='WCS-0693-YZX448-0000' selected='WCS-0213-YZX424-0000' box='WCS-0693-YZX448-0000' after='WCS-0213-YZX424-0000' reason=open_direction lookahead=true; expected='WCS-0678-YZX444-0000' selected='WCS-0245-YZX848-0000' box='WCS-0678-YZX444-0000' after='WCS-0245-YZX848-0000' reason=open_direction lookahead=true
execution scan deviations pallet='MH423C-LAID16305EN01S-1' count=5: expected='WCS-1153-DZX448-0000' selected='WCS-1150-DZX448-0000' box='WCS-1153-DZX448-0000' after='WCS-1150-DZX448-0000' reason=open_direction lookahead=true; expected='WCS-1154-DZX448-0000' selected='WCS-1151-DZX448-0000' box='WCS-1154-DZX448-0000' after='WCS-1151-DZX448-0000' reason=open_direction lookahead=true; expected='WCS-0016-YBB285-0000' selected='WCS-0024-YBB258-0000' box='WCS-0016-YBB285-0000' after='WCS-0024-YBB258-0000' reason=open_direction lookahead=true; expected='WCS-0023-YBB258-0000' selected='WCS-0020-YBB285-0000' box='WCS-0023-YBB258-0000' after='WCS-0020-YBB285-0000' reason=hard_dependency; expected='WCS-0023-YBB258-0000' selected='WCS-0013-YBB285-0000' box='WCS-0023-YBB258-0000' after='WCS-0013-YBB285-0000' reason=open_direction lookahead=true
execution scan deviations pallet='MH423C-PAID16306DN01S-1' count=1: expected='WCS-0044-YZX448-0000' selected='WCS-0171-YZX848-0000' box='WCS-0044-YZX448-0000' after='WCS-0171-YZX848-0000' reason=open_direction lookahead=true
execution scan deviations pallet='MH423C-LAID16305BN01S-2' count=3: expected='WCS-0682-YZX448-0000' selected='WCS-0692-YZX448-0000' box='WCS-0682-YZX448-0000' after='WCS-0692-YZX448-0000' reason=open_direction lookahead=true; expected='WCS-0340-YBB077-0000' selected='WCS-0552-DZX848-0000' box='WCS-0340-YBB077-0000' after='WCS-0552-DZX848-0000' reason=open_direction lookahead=true; expected='WCS-0691-YZX448-0000' selected='WCS-0345-YBB077-0000' box='WCS-0691-YZX448-0000' after='WCS-0345-YBB077-0000' reason=open_direction lookahead=true
execution scan deviations pallet='MH423C-LFEG16300IN03S-1' count=3: expected='WCS-0187-YZX444-0000' selected='WCS-0250-DZX244-0000' box='WCS-0187-YZX444-0000' after='WCS-0250-DZX244-0000' reason=open_direction lookahead=true; expected='WCS-0158-YBB125-0000' selected='WCS-0238-YZX507-0000' box='WCS-0158-YBB125-0000' after='WCS-0238-YZX507-0000' reason=open_direction lookahead=true; expected='WCS-0917-YZX424-0000' selected='WCS-0251-DZX244-0000' box='WCS-0917-YZX424-0000' after='WCS-0251-DZX244-0000' reason=open_direction lookahead=true
execution scan deviations pallet='MH423C-LAID16305BN03S-1' count=4: expected='WCS-0741-YBB077-0000' selected='WCS-0960-DZX444-0000' box='WCS-0741-YBB077-0000' after='WCS-0960-DZX444-0000' reason=open_direction lookahead=true; expected='WCS-0900-ZX848-0000' selected='WCS-0746-YBB077-0000' box='WCS-0900-ZX848-0000' after='WCS-0746-YBB077-0000' reason=open_direction lookahead=true; expected='WCS-0961-DZX848-0000' selected='WCS-0748-YBB077-0000' box='WCS-0961-DZX848-0000' after='WCS-0748-YBB077-0000' reason=open_direction lookahead=true; expected='WCS-0962-DZX848-0000' selected='WCS-0750-YBB077-0000' box='WCS-0962-DZX848-0000' after='WCS-0750-YBB077-0000' reason=open_direction lookahead=true
execution scan deviations pallet='MH423C-LAMY16315FN01S-1' count=4: expected='WCS-0122-DZX448-0000' selected='WCS-0895-ZX848-0000' box='WCS-0122-DZX448-0000' after='WCS-0895-ZX848-0000' reason=open_direction lookahead=true; expected='WCS-0754-DZX448-0000' selected='WCS-0712-YZX444-0000' box='WCS-0754-DZX448-0000' after='WCS-0712-YZX444-0000' reason=open_direction lookahead=true; expected='WCS-1018-YZX448-0000' selected='WCS-0762-DZX448-0000' box='WCS-1018-YZX448-0000' after='WCS-0762-DZX448-0000' reason=open_direction lookahead=true; expected='WCS-0284-YBB077-0000' selected='WCS-0292-YBB077-0000' box='WCS-0284-YBB077-0000' after='WCS-0292-YBB077-0000' reason=open_direction lookahead=true
execution scan deviations pallet='MH423C-LAID16306DN02S-1' count=2: expected='WCS-0700-DZX244-0000' selected='WCS-0280-YZX224-0000' box='WCS-0700-DZX244-0000' after='WCS-0280-YZX224-0000' reason=open_direction lookahead=true; expected='WCS-0491-DZX424-0000' selected='WCS-0500-DZX424-0000' box='WCS-0491-DZX424-0000' after='WCS-0500-DZX424-0000' reason=open_direction lookahead=true
execution scan deviations pallet='MH423C-PEG086300LN01S-1' count=9: expected='WCS-1342-DZX444-0000' selected='WCS-0818-DZX424-0000' box='WCS-1342-DZX444-0000' after='WCS-0818-DZX424-0000' reason=open_direction lookahead=true; expected='WCS-1348-DZX444-0000' selected='WCS-1357-DZX444-0000' box='WCS-1348-DZX444-0000' after='WCS-1357-DZX444-0000' reason=open_direction lookahead=true; expected='WCS-1351-DZX444-0000' selected='WCS-0427-DZX424-0000' box='WCS-1351-DZX444-0000' after='WCS-0427-DZX424-0000' reason=open_direction lookahead=true; expected='WCS-1343-DZX444-0000' selected='WCS-1354-DZX428-0000' box='WCS-1343-DZX444-0000' after='WCS-1354-DZX428-0000' reason=open_direction lookahead=true; expected='WCS-1349-DZX444-0000' selected='WCS-1358-DZX444-0000' box='WCS-1349-DZX444-0000' after='WCS-1358-DZX444-0000' reason=open_direction lookahead=true; expected='WCS-1355-DZX444-0000' selected='WCS-1344-DZX428-0000' box='WCS-1355-DZX444-0000' after='WCS-1344-DZX428-0000' reason=open_direction lookahead=true; expected='WCS-1347-DZX444-0000' selected='WCS-1360-DZX428-0000' box='WCS-1347-DZX444-0000' after='WCS-1360-DZX428-0000' reason=open_direction lookahead=true; expected='WCS-1350-DZX444-0000' selected='WCS-1362-DZX444-0000' box='WCS-1350-DZX444-0000' after='WCS-1362-DZX444-0000' reason=open_direction lookahead=true; ...
execution scan deviations pallet='MH423C-LAID16306DN03S-1' count=1: expected='WCS-0310-DZX244-0000' selected='WCS-0277-YZX224-0000' box='WCS-0310-DZX244-0000' after='WCS-0277-YZX224-0000' reason=open_direction lookahead=true
execution scan deviations pallet='MH423C-LFEG16310IN01S-2' count=4: expected='WCS-1053-YZX448-0000' selected='WCS-0790-YZX848-0000' box='WCS-1053-YZX448-0000' after='WCS-0790-YZX848-0000' reason=open_direction lookahead=true; expected='WCS-1054-YZX448-0000' selected='WCS-0990-YZX444-0000' box='WCS-1054-YZX448-0000' after='WCS-0990-YZX444-0000' reason=open_direction lookahead=true; expected='WCS-0669-YZX448-0000' selected='WCS-0858-YZX848-0000' box='WCS-0669-YZX448-0000' after='WCS-0858-YZX848-0000' reason=open_direction lookahead=true; expected='WCS-0717-YZX244-0000' selected='WCS-0859-YZX848-0000' box='WCS-0717-YZX244-0000' after='WCS-0859-YZX848-0000' reason=open_direction lookahead=true
execution scan deviations pallet='MH423C-LFEG16316AN01S-1' count=3: expected='WCS-1486-YZX424-0000' selected='WCS-1614-YZX444-0000' box='WCS-1486-YZX424-0000' after='WCS-1614-YZX444-0000' reason=open_direction lookahead=true; expected='WCS-1487-YZX424-0000' selected='WCS-1577-YZX424-0000' box='WCS-1487-YZX424-0000' after='WCS-1577-YZX424-0000' reason=open_direction lookahead=true; expected='WCS-0720-YZX224-0000' selected='WCS-1575-YZX424-0000' box='WCS-0720-YZX224-0000' after='WCS-1575-YZX424-0000' reason=open_direction lookahead=true
execution scan deviations pallet='MH423C-PAIN26310BC02S-1' count=1: expected='WCS-0614-YZX222-0000' selected='WCS-0615-YZX222-0000' box='WCS-0614-YZX222-0000' after='WCS-0615-YZX222-0000' reason=open_direction lookahead=true
execution scan deviations pallet='MH423C-LFEG16310IN03S-1' count=4: expected='WCS-0470-DZX448-0000' selected='WCS-0794-YZX848-0000' box='WCS-0470-DZX448-0000' after='WCS-0794-YZX848-0000' reason=open_direction lookahead=true; expected='WCS-0371-YBB005-0000' selected='WCS-0825-YZX848-0000' box='WCS-0371-YBB005-0000' after='WCS-0825-YZX848-0000' reason=open_direction lookahead=true; expected='WCS-1052-YZX448-0000' selected='WCS-0380-YBB005-0000' box='WCS-1052-YZX448-0000' after='WCS-0380-YBB005-0000' reason=open_direction lookahead=true; expected='WCS-0369-YBB005-0000' selected='WCS-0428-YZX428-0000' box='WCS-0369-YBB005-0000' after='WCS-0428-YZX428-0000' reason=open_direction lookahead=true
execution scan deviations pallet='MH423C-LFEG16310IN03S-2' count=3: expected='WCS-1528-YZX424-0000' selected='WCS-1057-YZX424-0000' box='WCS-1528-YZX424-0000' after='WCS-1057-YZX424-0000' reason=open_direction lookahead=true; expected='WCS-1058-YZX424-0000' selected='WCS-1620-DZX422-0000' box='WCS-1058-YZX424-0000' after='WCS-1620-DZX422-0000' reason=open_direction lookahead=true; expected='WCS-1582-DZX422-0000' selected='WCS-1593-DZX422-0000' box='WCS-1582-DZX422-0000' after='WCS-1593-DZX422-0000' reason=open_direction lookahead=true
execution scan deviations pallet='MH423C-PAIN26316EC02S-1' count=2: expected='WCS-1038-YZX507-0000' selected='WCS-1035-YZX507-0000' box='WCS-1038-YZX507-0000' after='WCS-1035-YZX507-0000' reason=open_direction lookahead=true; expected='WCS-0997-YZX424-0000' selected='WCS-0994-YZX424-0000' box='WCS-0997-YZX424-0000' after='WCS-0994-YZX424-0000' reason=open_direction lookahead=true
execution scan deviations pallet='MH423C-PAIN26316EC02S-2' count=1: expected='WCS-1039-YZX507-0000' selected='WCS-0607-YZX444-0000' box='WCS-1039-YZX507-0000' after='WCS-0607-YZX444-0000' reason=open_direction lookahead=true
execution scan deviations pallet='MH423C-LFEG16300IN02S-1' count=1: expected='WCS-0719-YZX244-0000' selected='WCS-0409-DZX444-0000' box='WCS-0719-YZX244-0000' after='WCS-0409-DZX444-0000' reason=open_direction lookahead=true
execution scan deviations pallet='MH423C-LAID16315EN03S-1' count=4: expected='WCS-1284-YZX424-0000' selected='WCS-1278-YZX424-0000' box='WCS-1284-YZX424-0000' after='WCS-1278-YZX424-0000' reason=open_direction lookahead=true; expected='WCS-1285-YZX424-0000' selected='WCS-1277-YZX424-0000' box='WCS-1285-YZX424-0000' after='WCS-1277-YZX424-0000' reason=open_direction lookahead=true; expected='WCS-1286-YZX424-0000' selected='WCS-1294-YZX428-0000' box='WCS-1286-YZX424-0000' after='WCS-1294-YZX428-0000' reason=open_direction lookahead=true; expected='WCS-0574-YZX444-0000' selected='WCS-0579-YZX444-0000' box='WCS-0574-YZX444-0000' after='WCS-0579-YZX444-0000' reason=open_direction lookahead=true
execution scan deviations pallet='MH423C-LAID16316DN02S-1' count=1: expected='WCS-1014-DZX444-0000' selected='WCS-1923-DZX448-0000' box='WCS-1014-DZX444-0000' after='WCS-1923-DZX448-0000' reason=open_direction lookahead=true
execution scan deviations pallet='MH423C-LAID16315EN02S-1' count=1: expected='WCS-1511-YZX428-0000' selected='WCS-1510-YZX448-0000' box='WCS-1511-YZX428-0000' after='WCS-1510-YZX448-0000' reason=open_direction lookahead=true
execution scan deviations pallet='MH423C-PAID163108N01S-1' count=1: expected='WCS-0778-DZX424-0000' selected='WCS-0886-DZX428-0000' box='WCS-0778-DZX424-0000' after='WCS-0886-DZX428-0000' reason=open_direction lookahead=true
execution scan deviations pallet='MH423C-PAIN26310GN01S-2' count=3: expected='WCS-1289-YZX424-0000' selected='WCS-1567-YZX428-0000' box='WCS-1289-YZX424-0000' after='WCS-1567-YZX428-0000' reason=open_direction lookahead=true; expected='WCS-1862-DZX448-0000' selected='WCS-1568-YZX428-0000' box='WCS-1862-DZX448-0000' after='WCS-1568-YZX428-0000' reason=open_direction lookahead=true; expected='WCS-1863-DZX448-0000' selected='WCS-1569-YZX428-0000' box='WCS-1863-DZX448-0000' after='WCS-1569-YZX428-0000' reason=open_direction lookahead=true
execution scan deviations pallet='MH423C-PAIN26310MN01S-1' count=1: expected='WCS-1733-YZX508-0000' selected='WCS-0969-YZX424-0000' box='WCS-1733-YZX508-0000' after='WCS-0969-YZX424-0000' reason=open_direction lookahead=true
[执行规划] 已删除原方案（仅保留 execution）：packing_plan_20260731_133328.json
[执行规划] 完成；统一使用：D:\research_code\final\zhuang\packing-workspace\output\success\packing_plan_20260731_133328_execution.json
[WCS-装] 接口 2 使用执行顺序方案，发送体已保存：D:\research_code\final\zhuang\packing-workspace\output\success\wcs_plan_20260731_133328.json（78 个 case）
[WCS-装] 执行顺序方案执行层映射已保存：D:\research_code\final\zhuang\packing-workspace\output\success\wcs_plan_map_20260731_133328.json
[WCS-装] 已跳过接口 2 推送（仅本地保存）。
[UI-RESULT] D:\research_code\final\zhuang\packing-workspace\output\success\packing_plan_20260731_133328_execution.json
[WCS-装] 算完后 need_repack 仍为 True → 立即再算。
[WCS] 已加载 BMS 参考表：D:\research_code\final\zhuang\packing-workspace\data\selected_5000_boxes_9_1_concentrated_3orders.xlsx
============================================================
[WCS-装] 20260731_134316：库存行 1998 条，开始装箱 …
[WCS-装] 展开为 1998 个箱子。
数据预处理和箱子分组完成（按托盘类型+销售订单号）。
----------------------------------------
  - 组内子聚类：10 个混合订单拆出规则子集走 GCP、杂箱走 baseline。
正在处理托盘类型：MH423C，销售订单号：LAID16306DN01S
  - 主算法：全局列式装箱 + 柱级组合优化（GCP）。
  - 失败托盘互借诊断：未合并（aborted_no_improvement_possible）。
托盘类型 MH423C（销售订单号：LAID16306DN01S）处理完成：总托盘 2，指数达标 0，未达标 2，平均缺口 74.25，最大缺口 131.50，失败托盘互借修复成功 0。
  - KPI：near/mid/deep=0/1/1，救回率=0.00%，pair效率=0.00%。
  - 耗时拆解：packing=54.67s，main_topup=0.00s，retry=0.00s，failed_pool=0.00s，repack=2.50s，total=57.17s。
  - 条件双路径棘轮：替代完整路径通过守恒和最终门禁，严格优于 GCP，已采用。
正在处理托盘类型：MH423C，销售订单号：LAID16305BN02S
  - 主算法：全局列式装箱 + 柱级组合优化（GCP）。
  - GCP 盘数远超理论（CP-SAT 装不满）→ 回退 baseline beam + 配方优先。
  - 配方优先[fast]：规划 0 实例，实装成功 0，配方路径不可用 → 采用基线方案。
  - 指数诊断：箱子 82 个，总指数 156，目标 192，理论最多达标托盘 0 个，剩余指数 156。
  - 几何诊断：典型整层堆叠单盘参考上限 98.5/192。 当前目标可能受托盘高度/箱型组合限制。
  - 几何诊断提示：典型整层参考值 98.5 < 目标 192；该值不是不可达证明，继续执行指数救援。
  - 失败托盘互借诊断：未合并（aborted_no_improvement_possible）。
托盘类型 MH423C（销售订单号：LAID16305BN02S）处理完成：总托盘 2，指数达标 0，未达标 2，平均缺口 114.00，最大缺口 185.00，失败托盘互借修复成功 0。
  - KPI：near/mid/deep=0/0/2，救回率=0.00%，pair效率=0.00%。
  - 耗时拆解：packing=1.13s，main_topup=0.02s，retry=0.00s，failed_pool=0.00s，repack=2.00s，total=9.19s。
正在处理托盘类型：MH423C，销售订单号：LAID16305BN02S__SPLITREST__
  - 该分组不适合列式（多非满柱）→ 回退 beam + 配方优先。
  - 配方优先[fast]：规划 0 实例，实装成功 0，配方路径不可用 → 采用基线方案。
  - 指数诊断：箱子 12 个，总指数 48，目标 192，理论最多达标托盘 0 个，剩余指数 48。
  - 几何诊断：典型整层堆叠单盘参考上限 48/192。 当前目标可能受托盘高度/箱型组合限制。
  - 几何诊断提示：典型整层参考值 48 < 目标 192；该值不是不可达证明，继续执行指数救援。
  - 失败托盘互借诊断：未合并（no_target_or_single_plan）。
托盘类型 MH423C（销售订单号：LAID16305BN02S__SPLITREST__）处理完成：总托盘 1，指数达标 0，未达标 1，平均缺口 144.00，最大缺口 144.00，失败托盘互借修复成功 0。
  - KPI：near/mid/deep=0/0/1，救回率=0.00%，pair效率=0.00%。
  - 耗时拆解：packing=0.00s，main_topup=0.00s，retry=0.00s，failed_pool=0.00s，repack=0.00s，total=0.00s。
正在处理托盘类型：MH423C，销售订单号：LAID16305EN01S
  - 该分组不适合列式（多非满柱）→ 回退 beam + 配方优先。
  - 配方优先[fast]：规划 0 实例，实装成功 0，配方路径不可用 → 采用基线方案。
  - 指数诊断：箱子 28 个，总指数 90.5，目标 192，理论最多达标托盘 0 个，剩余指数 90.5。
  - 几何诊断：典型整层堆叠单盘参考上限 67/192。 当前目标可能受托盘高度/箱型组合限制。
  - 几何诊断提示：典型整层参考值 67 < 目标 192；该值不是不可达证明，继续执行指数救援。
  - 失败托盘互借诊断：未合并（aborted_no_improvement_possible）。
托盘类型 MH423C（销售订单号：LAID16305EN01S）处理完成：总托盘 2，指数达标 0，未达标 2，平均缺口 146.75，最大缺口 176.00，失败托盘互借修复成功 0。
  - KPI：near/mid/deep=0/0/2，救回率=0.00%，pair效率=0.00%。
  - 耗时拆解：packing=0.10s，main_topup=0.00s，retry=0.00s，failed_pool=0.00s，repack=0.19s，total=0.57s。
正在处理托盘类型：MH423C，销售订单号：PAID16306DN01S
  - 主算法：全局列式装箱 + 柱级组合优化（GCP）。
  - 失败托盘互借诊断：未合并（no_target_or_single_plan）。
托盘类型 MH423C（销售订单号：PAID16306DN01S）处理完成：总托盘 1，指数达标 0，未达标 1，平均缺口 87.00，最大缺口 87.00，失败托盘互借修复成功 0。
  - KPI：near/mid/deep=0/0/1，救回率=0.00%，pair效率=0.00%。
  - 耗时拆解：packing=3.61s，main_topup=0.00s，retry=0.00s，failed_pool=0.00s，repack=0.00s，total=3.61s。
正在处理托盘类型：MH423C，销售订单号：PAID16306DN01S__SPLITREST__
  - 该分组不适合列式（多非满柱）→ 回退 beam + 配方优先。
  - 配方优先[fast]：规划 0 实例，实装成功 0，配方路径不可用 → 采用基线方案。
  - 指数诊断：箱子 2 个，总指数 1，目标 192，理论最多达标托盘 0 个，剩余指数 1。
  - 几何诊断：典型整层堆叠单盘参考上限 1/192。 当前目标可能受托盘高度/箱型组合限制。
  - 几何诊断提示：典型整层参考值 1 < 目标 192；该值不是不可达证明，继续执行指数救援。
  - 失败托盘互借诊断：未合并（no_target_or_single_plan）。
托盘类型 MH423C（销售订单号：PAID16306DN01S__SPLITREST__）处理完成：总托盘 1，指数达标 0，未达标 1，平均缺口 191.00，最大缺口 191.00，失败托盘互借修复成功 0。
  - KPI：near/mid/deep=0/0/1，救回率=0.00%，pair效率=0.00%。
  - 耗时拆解：packing=0.00s，main_topup=0.00s，retry=0.00s，failed_pool=0.00s，repack=0.00s，total=0.00s。
正在处理托盘类型：MH423C，销售订单号：LAID16305BN01S
  - 主算法：全局列式装箱 + 柱级组合优化（GCP）。
============================================================
[WCS-拉] 20260731_134506：拉取接口 1 …
[WCS-拉] 原始响应已保存：D:\research_code\final\zhuang\packing-workspace\input\raw\20260731_134506.json
[WCS-拉] 已剔除 case_type≠MH423C 的品类 63 条（类型：['MH113', 'WR246']），保留 2008 条。
[WCS-拉] 忽略 4 条零尺寸/非法尺寸库存；有效记录 2004 条；样例：product_code=30086366/box_type=YZX507/0×0×0, product_code=30086359/box_type=YZX507/0×0×0, product_code=30086364/box_type=YZX507/0×0×0, product_code=30086358/box_type=YZX507/0×0×0
[WCS-DB] wcs_stock_box 已全量替换：清空 1998 → 插入 2004
[WCS-拉] wcs_stock_box 已全量替换：删 1998，插 2004。
[WCS-DB] wcs_stock_box_all product_code 已存在、跳过 1998 条
[WCS-拉] wcs_stock_box_all 追加：新插入 6，跳过已有 1998（历史不删）。
[WCS-拉] 库存有变化 → need_repack=True，唤醒装箱。
  - 失败托盘互借诊断：未合并（aborted_no_improvement_possible）。
托盘类型 MH423C（销售订单号：LAID16305BN01S）处理完成：总托盘 2，指数达标 0，未达标 2，平均缺口 90.50，最大缺口 176.00，失败托盘互借修复成功 0。
  - KPI：near/mid/deep=1/0/1，救回率=0.00%，pair效率=0.00%。
  - 耗时拆解：packing=68.84s，main_topup=0.00s，retry=0.00s，failed_pool=0.00s，repack=3.22s，total=72.07s。
  - 条件双路径棘轮：替代完整路径未严格改善，保留 GCP。
正在处理托盘类型：MH423C，销售订单号：LAID16305BN01S__SPLITREST__
  - 该分组不适合列式（多非满柱）→ 回退 beam + 配方优先。
  - 配方优先[fast]：规划 0 实例，实装成功 0，配方路径不可用 → 采用基线方案。
  - 指数诊断：箱子 12 个，总指数 48，目标 192，理论最多达标托盘 0 个，剩余指数 48。
  - 几何诊断：典型整层堆叠单盘参考上限 48/192。 当前目标可能受托盘高度/箱型组合限制。
  - 几何诊断提示：典型整层参考值 48 < 目标 192；该值不是不可达证明，继续执行指数救援。
  - 失败托盘互借诊断：未合并（no_target_or_single_plan）。
托盘类型 MH423C（销售订单号：LAID16305BN01S__SPLITREST__）处理完成：总托盘 1，指数达标 0，未达标 1，平均缺口 144.00，最大缺口 144.00，失败托盘互借修复成功 0。
  - KPI：near/mid/deep=0/0/1，救回率=0.00%，pair效率=0.00%。
  - 耗时拆解：packing=0.00s，main_topup=0.00s，retry=0.00s，failed_pool=0.00s，repack=0.00s，total=0.00s。
正在处理托盘类型：MH423C，销售订单号：LFEG16300IN03S
  - 主算法：全局列式装箱 + 柱级组合优化（GCP）。
  - GCP 盘数远超理论（CP-SAT 装不满）→ 回退 baseline beam + 配方优先。
  - 配方优先[fast]：规划 0 实例，实装成功 0，配方路径不可用 → 采用基线方案。
  - 指数诊断：箱子 50 个，总指数 126，目标 192，理论最多达标托盘 0 个，剩余指数 126。
  - 几何诊断：典型整层堆叠单盘参考上限 86/192。 当前目标可能受托盘高度/箱型组合限制。
  - 几何诊断提示：典型整层参考值 86 < 目标 192；该值不是不可达证明，继续执行指数救援。
  - 失败托盘互借诊断：未合并（no_target_or_single_plan）。
托盘类型 MH423C（销售订单号：LFEG16300IN03S）处理完成：总托盘 1，指数达标 0，未达标 1，平均缺口 66.00，最大缺口 66.00，失败托盘互借修复成功 0。
  - KPI：near/mid/deep=0/0/1，救回率=0.00%，pair效率=0.00%。
  - 耗时拆解：packing=0.39s，main_topup=0.01s，retry=0.00s，failed_pool=0.00s，repack=0.00s，total=2.11s。
正在处理托盘类型：MH423C，销售订单号：LFEG16300IN03S__SPLITREST__
  - 该分组不适合列式（多非满柱）→ 回退 beam + 配方优先。
  - 配方优先[fast]：规划 0 实例，实装成功 0，配方路径不可用 → 采用基线方案。
  - 指数诊断：箱子 3 个，总指数 4.5，目标 192，理论最多达标托盘 0 个，剩余指数 4.5。
  - 几何诊断：典型整层堆叠单盘参考上限 4.5/192。 当前目标可能受托盘高度/箱型组合限制。
  - 几何诊断提示：典型整层参考值 4.5 < 目标 192；该值不是不可达证明，继续执行指数救援。
  - 失败托盘互借诊断：未合并（no_target_or_single_plan）。
托盘类型 MH423C（销售订单号：LFEG16300IN03S__SPLITREST__）处理完成：总托盘 1，指数达标 0，未达标 1，平均缺口 187.50，最大缺口 187.50，失败托盘互借修复成功 0。
  - KPI：near/mid/deep=0/0/1，救回率=0.00%，pair效率=0.00%。
  - 耗时拆解：packing=0.00s，main_topup=0.00s，retry=0.00s，failed_pool=0.00s，repack=0.00s，total=0.01s。
正在处理托盘类型：MH423C，销售订单号：LAID16305BN03S
  - 该分组不适合列式（多非满柱）→ 回退 beam + 配方优先。
  - 配方优先[fast]：规划 0 实例，实装成功 0，配方路径不可用 → 采用基线方案。
  - 指数诊断：箱子 54 个，总指数 111，目标 192，理论最多达标托盘 0 个，剩余指数 111。
  - 几何诊断：典型整层堆叠单盘参考上限 85/192。 当前目标可能受托盘高度/箱型组合限制。
  - 几何诊断提示：典型整层参考值 85 < 目标 192；该值不是不可达证明，继续执行指数救援。
  - 失败托盘互借诊断：未合并（aborted_no_improvement_possible）。
托盘类型 MH423C（销售订单号：LAID16305BN03S）处理完成：总托盘 2，指数达标 0，未达标 2，平均缺口 136.50，最大缺口 171.00，失败托盘互借修复成功 0。
  - KPI：near/mid/deep=0/0/2，救回率=0.00%，pair效率=0.00%。
  - 耗时拆解：packing=1.21s，main_topup=0.00s，retry=0.00s，failed_pool=0.00s，repack=0.75s，total=1.96s。
正在处理托盘类型：MH423C，销售订单号：LAMY16315FN01S
  - 该分组不适合列式（多非满柱）→ 回退 beam + 配方优先。
  - 配方优先[fast]：规划 0 实例，实装成功 0，配方路径不可用 → 采用基线方案。
  - 指数诊断：箱子 34 个，总指数 86.5，目标 192，理论最多达标托盘 0 个，剩余指数 86.5。
  - 几何诊断：典型整层堆叠单盘参考上限 73/192。 当前目标可能受托盘高度/箱型组合限制。
  - 几何诊断提示：典型整层参考值 73 < 目标 192；该值不是不可达证明，继续执行指数救援。
  - 失败托盘互借诊断：未合并（aborted_no_improvement_possible）。
托盘类型 MH423C（销售订单号：LAMY16315FN01S）处理完成：总托盘 2，指数达标 0，未达标 2，平均缺口 148.75，最大缺口 166.00，失败托盘互借修复成功 0。
  - KPI：near/mid/deep=0/0/2，救回率=0.00%，pair效率=0.00%。
  - 耗时拆解：packing=0.15s，main_topup=0.00s，retry=0.00s，failed_pool=0.00s，repack=0.31s，total=0.85s。
正在处理托盘类型：MH423C，销售订单号：PAID16305EC01S
  - 该分组不适合列式（多非满柱）→ 回退 beam + 配方优先。
  - 配方优先[fast]：规划 0 实例，实装成功 0，配方路径不可用 → 采用基线方案。
  - 指数诊断：箱子 2 个，总指数 2，目标 192，理论最多达标托盘 0 个，剩余指数 2。
  - 几何诊断：典型整层堆叠单盘参考上限 2/192。 当前目标可能受托盘高度/箱型组合限制。
  - 几何诊断提示：典型整层参考值 2 < 目标 192；该值不是不可达证明，继续执行指数救援。
  - 失败托盘互借诊断：未合并（no_target_or_single_plan）。
托盘类型 MH423C（销售订单号：PAID16305EC01S）处理完成：总托盘 1，指数达标 0，未达标 1，平均缺口 190.00，最大缺口 190.00，失败托盘互借修复成功 0。
  - KPI：near/mid/deep=0/0/1，救回率=0.00%，pair效率=0.00%。
  - 耗时拆解：packing=0.00s，main_topup=0.00s，retry=0.00s，failed_pool=0.00s，repack=0.00s，total=0.00s。
正在处理托盘类型：MH423C，销售订单号：LAID16306DN02S
  - 主算法：全局列式装箱 + 柱级组合优化（GCP）。
  - GCP 盘数远超理论（CP-SAT 装不满）→ 回退 baseline beam + 配方优先。
  - 配方优先[fast]：规划 0 实例，实装成功 0，配方路径不可用 → 采用基线方案。
  - 指数诊断：箱子 44 个，总指数 180，目标 192，理论最多达标托盘 0 个，剩余指数 180。
  - 几何诊断：典型整层堆叠单盘参考上限 100/192。 当前目标可能受托盘高度/箱型组合限制。
  - 几何诊断提示：典型整层参考值 100 < 目标 192；该值不是不可达证明，继续执行指数救援。
  - 失败托盘互借诊断：未合并（aborted_no_improvement_possible）。
托盘类型 MH423C（销售订单号：LAID16306DN02S）处理完成：总托盘 2，指数达标 0，未达标 2，平均缺口 102.00，最大缺口 178.00，失败托盘互借修复成功 0。
  - KPI：near/mid/deep=0/0/2，救回率=0.00%，pair效率=0.00%。
  - 耗时拆解：packing=0.28s，main_topup=0.01s，retry=0.00s，failed_pool=0.00s，repack=0.47s，total=2.07s。
正在处理托盘类型：MH423C，销售订单号：LAID16306DN02S__SPLITREST__
  - 该分组不适合列式（多非满柱）→ 回退 beam + 配方优先。
  - 配方优先[fast]：规划 0 实例，实装成功 0，配方路径不可用 → 采用基线方案。
  - 指数诊断：箱子 4 个，总指数 4，目标 192，理论最多达标托盘 0 个，剩余指数 4。
  - 几何诊断：典型整层堆叠单盘参考上限 4/192。 当前目标可能受托盘高度/箱型组合限制。
  - 几何诊断提示：典型整层参考值 4 < 目标 192；该值不是不可达证明，继续执行指数救援。
  - 失败托盘互借诊断：未合并（no_target_or_single_plan）。
托盘类型 MH423C（销售订单号：LAID16306DN02S__SPLITREST__）处理完成：总托盘 1，指数达标 0，未达标 1，平均缺口 188.00，最大缺口 188.00，失败托盘互借修复成功 0。
  - KPI：near/mid/deep=0/0/1，救回率=0.00%，pair效率=0.00%。
  - 耗时拆解：packing=0.00s，main_topup=0.00s，retry=0.00s，failed_pool=0.00s，repack=0.00s，total=0.02s。
正在处理托盘类型：MH423C，销售订单号：LAID16315EN01S
  - 主算法：全局列式装箱 + 柱级组合优化（GCP）。
  - 失败托盘互借诊断：未合并（no_target_or_single_plan）。
托盘类型 MH423C（销售订单号：LAID16315EN01S）处理完成：总托盘 1，指数达标 0，未达标 1，平均缺口 10.00，最大缺口 10.00，失败托盘互借修复成功 0。
  - KPI：near/mid/deep=0/1/0，救回率=0.00%，pair效率=0.00%。
  - 耗时拆解：packing=6.35s，main_topup=0.00s，retry=0.00s，failed_pool=0.00s，repack=0.00s，total=6.35s。
正在处理托盘类型：MH423C，销售订单号：PEG086300LN01S
  - 主算法：全局列式装箱 + 柱级组合优化（GCP）。
  - GCP 盘数远超理论（CP-SAT 装不满）→ 回退 baseline beam + 配方优先。
  - 配方优先[fast]：规划 0 实例，实装成功 0，配方路径不可用 → 采用基线方案。
  - 指数诊断：箱子 64 个，总指数 143，目标 192，理论最多达标托盘 0 个，剩余指数 143。
  - 几何诊断：典型整层堆叠单盘参考上限 101/192。 当前目标可能受托盘高度/箱型组合限制。
  - 几何诊断提示：典型整层参考值 101 < 目标 192；该值不是不可达证明，继续执行指数救援。
  - 失败盘装满压实：合并/吸收 1 次（纯减盘数）。
  - 失败托盘互借诊断：未合并（aborted_no_improvement_possible）。
托盘类型 MH423C（销售订单号：PEG086300LN01S）处理完成：总托盘 1，指数达标 0，未达标 1，平均缺口 49.00，最大缺口 49.00，失败托盘互借修复成功 0。
  - KPI：near/mid/deep=0/0/1，救回率=0.00%，pair效率=0.00%。
  - 耗时拆解：packing=0.73s，main_topup=0.01s，retry=0.00s，failed_pool=0.00s，repack=0.69s，total=5.21s。
正在处理托盘类型：MH423C，销售订单号：LAID16306DN03S
  - 该分组不适合列式（多非满柱）→ 回退 beam + 配方优先。
  - 配方优先[fast]：规划 0 实例，实装成功 0，配方路径不可用 → 采用基线方案。
  - 指数诊断：箱子 10 个，总指数 40，目标 192，理论最多达标托盘 0 个，剩余指数 40。
  - 几何诊断：典型整层堆叠单盘参考上限 36/192。 当前目标可能受托盘高度/箱型组合限制。
  - 几何诊断提示：典型整层参考值 36 < 目标 192；该值不是不可达证明，继续执行指数救援。
  - 失败托盘互借诊断：未合并（no_target_or_single_plan）。
托盘类型 MH423C（销售订单号：LAID16306DN03S）处理完成：总托盘 1，指数达标 0，未达标 1，平均缺口 152.00，最大缺口 152.00，失败托盘互借修复成功 0。
  - KPI：near/mid/deep=0/0/1，救回率=0.00%，pair效率=0.00%。
  - 耗时拆解：packing=0.03s，main_topup=0.00s，retry=0.00s，failed_pool=0.00s，repack=0.00s，total=0.03s。
正在处理托盘类型：MH423C，销售订单号：LFEG16310IN02S
  - 该分组不适合列式（多非满柱）→ 回退 beam + 配方优先。
  - 配方优先[fast]：规划 0 实例，实装成功 0，配方路径不可用 → 采用基线方案。
  - 指数诊断：箱子 58 个，总指数 166，目标 192，理论最多达标托盘 0 个，剩余指数 166。
  - 几何诊断：典型整层堆叠单盘参考上限 100/192。 当前目标可能受托盘高度/箱型组合限制。
  - 几何诊断提示：典型整层参考值 100 < 目标 192；该值不是不可达证明，继续执行指数救援。
  - 失败托盘互借诊断：未合并（aborted_no_improvement_possible）。
托盘类型 MH423C（销售订单号：LFEG16310IN02S）处理完成：总托盘 2，指数达标 0，未达标 2，平均缺口 109.00，最大缺口 187.00，失败托盘互借修复成功 0。
  - KPI：near/mid/deep=0/0/2，救回率=0.00%，pair效率=0.00%。
  - 耗时拆解：packing=0.45s，main_topup=0.01s，retry=0.00s，failed_pool=0.00s，repack=0.83s，total=2.64s。
正在处理托盘类型：MH423C，销售订单号：LFEG16310IN01S
  - 主算法：全局列式装箱 + 柱级组合优化（GCP）。
  - 失败托盘互借诊断：未合并（aborted_no_improvement_possible）。
托盘类型 MH423C（销售订单号：LFEG16310IN01S）处理完成：总托盘 2，指数达标 0，未达标 2，平均缺口 91.00，最大缺口 176.00，失败托盘互借修复成功 0。
  - KPI：near/mid/deep=1/0/1，救回率=0.00%，pair效率=0.00%。
  - 耗时拆解：packing=67.00s，main_topup=0.00s，retry=0.00s，failed_pool=0.00s，repack=1.05s，total=68.05s。
  - 条件双路径棘轮：替代完整路径通过守恒和最终门禁，严格优于 GCP，已采用。
正在处理托盘类型：MH423C，销售订单号：LFEG16310IN01S__SPLITREST__
  - 该分组不适合列式（多非满柱）→ 回退 beam + 配方优先。
  - 配方优先[fast]：规划 0 实例，实装成功 0，配方路径不可用 → 采用基线方案。
  - 指数诊断：箱子 3 个，总指数 8，目标 192，理论最多达标托盘 0 个，剩余指数 8。
  - 几何诊断：典型整层堆叠单盘参考上限 8/192。 当前目标可能受托盘高度/箱型组合限制。
  - 几何诊断提示：典型整层参考值 8 < 目标 192；该值不是不可达证明，继续执行指数救援。
  - 失败托盘互借诊断：未合并（no_target_or_single_plan）。
托盘类型 MH423C（销售订单号：LFEG16310IN01S__SPLITREST__）处理完成：总托盘 1，指数达标 0，未达标 1，平均缺口 184.00，最大缺口 184.00，失败托盘互借修复成功 0。
  - KPI：near/mid/deep=0/0/1，救回率=0.00%，pair效率=0.00%。
  - 耗时拆解：packing=0.00s，main_topup=0.00s，retry=0.00s，failed_pool=0.00s，repack=0.00s，total=0.01s。
正在处理托盘类型：MH423C，销售订单号：LFEG16316AN01S
  - 主算法：全局列式装箱 + 柱级组合优化（GCP）。
  - 失败托盘互借诊断：未合并（no_target_or_single_plan）。
托盘类型 MH423C（销售订单号：LFEG16316AN01S）处理完成：总托盘 1，指数达标 0，未达标 1，平均缺口 131.00，最大缺口 131.00，失败托盘互借修复成功 0。
  - KPI：near/mid/deep=0/0/1，救回率=0.00%，pair效率=0.00%。
  - 耗时拆解：packing=0.05s，main_topup=0.00s，retry=0.00s，failed_pool=0.00s，repack=0.00s，total=0.05s。
正在处理托盘类型：MH423C，销售订单号：PAIN26310BC02S
  - 该分组不适合列式（多非满柱）→ 回退 beam + 配方优先。
  - 配方优先[fast]：规划 0 实例，实装成功 0，配方路径不可用 → 采用基线方案。
  - 指数诊断：箱子 12 个，总指数 86，目标 192，理论最多达标托盘 0 个，剩余指数 86。
  - 几何诊断：典型整层堆叠单盘参考上限 52/192。 当前目标可能受托盘高度/箱型组合限制。
  - 几何诊断提示：典型整层参考值 52 < 目标 192；该值不是不可达证明，继续执行指数救援。
  - 失败托盘互借诊断：未合并（no_target_or_single_plan）。
托盘类型 MH423C（销售订单号：PAIN26310BC02S）处理完成：总托盘 1，指数达标 0，未达标 1，平均缺口 106.00，最大缺口 106.00，失败托盘互借修复成功 0。
  - KPI：near/mid/deep=0/0/1，救回率=0.00%，pair效率=0.00%。
  - 耗时拆解：packing=0.05s，main_topup=0.00s，retry=0.00s，failed_pool=0.00s，repack=0.00s，total=0.05s。
正在处理托盘类型：MH423C，销售订单号：LFEG16310IN03S
  - 主算法：全局列式装箱 + 柱级组合优化（GCP）。
  - GCP 盘数远超理论（CP-SAT 装不满）→ 回退 baseline beam + 配方优先。
  - 托盘 MH423C-LFEG16310IN03S-2 未找到可行装箱方案，启用剩余箱子守恒兜底。
  - 配方优先[fast]：规划 0 实例，实装成功 0，配方路径不可用 → 采用基线方案。
  - 指数诊断：箱子 48 个，总指数 186，目标 192，理论最多达标托盘 0 个，剩余指数 186。
  - 几何诊断：典型整层堆叠单盘参考上限 152/192。 当前目标可能受托盘高度/箱型组合限制。
  - 几何诊断提示：典型整层参考值 152 < 目标 192；该值不是不可达证明，继续执行指数救援。
  - 失败托盘互借诊断：未合并（aborted_no_improvement_possible）。
托盘类型 MH423C（销售订单号：LFEG16310IN03S）处理完成：总托盘 3，指数达标 0，未达标 3，平均缺口 130.00，最大缺口 190.00，失败托盘互借修复成功 0。
  - KPI：near/mid/deep=0/1/2，救回率=0.00%，pair效率=0.00%。
  - 耗时拆解：packing=0.29s，main_topup=0.01s，retry=0.00s，failed_pool=0.00s，repack=0.72s，total=2.33s。
正在处理托盘类型：MH423C，销售订单号：LFEG16310IN03S__SPLITREST__
  - 该分组不适合列式（多非满柱）→ 回退 beam + 配方优先。
  - 配方优先[fast]：规划 0 实例，实装成功 0，配方路径不可用 → 采用基线方案。
  - 指数诊断：箱子 18 个，总指数 27，目标 192，理论最多达标托盘 0 个，剩余指数 27。
  - 几何诊断：典型整层堆叠单盘参考上限 23/192。 当前目标可能受托盘高度/箱型组合限制。
  - 几何诊断提示：典型整层参考值 23 < 目标 192；该值不是不可达证明，继续执行指数救援。
  - 失败托盘互借诊断：未合并（no_target_or_single_plan）。
托盘类型 MH423C（销售订单号：LFEG16310IN03S__SPLITREST__）处理完成：总托盘 1，指数达标 0，未达标 1，平均缺口 165.00，最大缺口 165.00，失败托盘互借修复成功 0。
  - KPI：near/mid/deep=0/0/1，救回率=0.00%，pair效率=0.00%。
  - 耗时拆解：packing=0.09s，main_topup=0.00s，retry=0.00s，failed_pool=0.00s，repack=0.00s，total=0.09s。
正在处理托盘类型：MH423C，销售订单号：PAIN26316EC02S
  - 主算法：全局列式装箱 + 柱级组合优化（GCP）。
  - GCP 盘数远超理论（CP-SAT 装不满）→ 回退 baseline beam + 配方优先。
  - 配方优先[fast]：规划 0 实例，实装成功 0，配方路径不可用 → 采用基线方案。
  - 指数诊断：箱子 61 个，总指数 168，目标 192，理论最多达标托盘 0 个，剩余指数 168。
  - 几何诊断：典型整层堆叠单盘参考上限 116/192。 当前目标可能受托盘高度/箱型组合限制。
  - 几何诊断提示：典型整层参考值 116 < 目标 192；该值不是不可达证明，继续执行指数救援。
  - 失败托盘互借诊断：未合并（aborted_no_improvement_possible）。
托盘类型 MH423C（销售订单号：PAIN26316EC02S）处理完成：总托盘 2，指数达标 0，未达标 2，平均缺口 108.00，最大缺口 122.00，失败托盘互借修复成功 0。
  - KPI：near/mid/deep=0/0/2，救回率=0.00%，pair效率=0.00%。
  - 耗时拆解：packing=0.06s，main_topup=0.00s，retry=0.00s，failed_pool=0.00s，repack=1.31s，total=2.47s。
正在处理托盘类型：MH423C，销售订单号：PAIN26296EC02S
  - 主算法：全局列式装箱 + 柱级组合优化（GCP）。
  - 失败托盘互借诊断：未合并（no_target_or_single_plan）。
托盘类型 MH423C（销售订单号：PAIN26296EC02S）处理完成：总托盘 1，指数达标 0，未达标 1，平均缺口 116.00，最大缺口 116.00，失败托盘互借修复成功 0。
  - KPI：near/mid/deep=0/0/1，救回率=0.00%，pair效率=0.00%。
  - 耗时拆解：packing=0.11s，main_topup=0.00s，retry=0.00s，failed_pool=0.00s，repack=0.00s，total=0.11s。
正在处理托盘类型：MH423C，销售订单号：LFEG16300IN02S
  - 该分组不适合列式（多非满柱）→ 回退 beam + 配方优先。
  - 配方优先[fast]：规划 0 实例，实装成功 0，配方路径不可用 → 采用基线方案。
  - 指数诊断：箱子 10 个，总指数 19，目标 192，理论最多达标托盘 0 个，剩余指数 19。
  - 几何诊断：典型整层堆叠单盘参考上限 19/192。 当前目标可能受托盘高度/箱型组合限制。
  - 几何诊断提示：典型整层参考值 19 < 目标 192；该值不是不可达证明，继续执行指数救援。
  - 失败托盘互借诊断：未合并（no_target_or_single_plan）。
托盘类型 MH423C（销售订单号：LFEG16300IN02S）处理完成：总托盘 1，指数达标 0，未达标 1，平均缺口 173.00，最大缺口 173.00，失败托盘互借修复成功 0。
  - KPI：near/mid/deep=0/0/1，救回率=0.00%，pair效率=0.00%。
  - 耗时拆解：packing=0.01s，main_topup=0.00s，retry=0.00s，failed_pool=0.00s，repack=0.00s，total=0.06s。
正在处理托盘类型：MH423C，销售订单号：PAID16315AN01S
  - 该分组不适合列式（多非满柱）→ 回退 beam + 配方优先。
  - 配方优先[fast]：规划 0 实例，实装成功 0，配方路径不可用 → 采用基线方案。
  - 指数诊断：箱子 1 个，总指数 1，目标 192，理论最多达标托盘 0 个，剩余指数 1。
  - 几何诊断：典型整层堆叠单盘参考上限 1/192。 当前目标可能受托盘高度/箱型组合限制。
  - 几何诊断提示：典型整层参考值 1 < 目标 192；该值不是不可达证明，继续执行指数救援。
  - 失败托盘互借诊断：未合并（no_target_or_single_plan）。
托盘类型 MH423C（销售订单号：PAID16315AN01S）处理完成：总托盘 1，指数达标 0，未达标 1，平均缺口 191.00，最大缺口 191.00，失败托盘互借修复成功 0。
  - KPI：near/mid/deep=0/0/1，救回率=0.00%，pair效率=0.00%。
  - 耗时拆解：packing=0.00s，main_topup=0.00s，retry=0.00s，failed_pool=0.00s，repack=0.00s，total=0.00s。
正在处理托盘类型：MH423C，销售订单号：PAIN26310BN01S
  - 主算法：全局列式装箱 + 柱级组合优化（GCP）。
  - 失败托盘互借诊断：未合并（no_target_or_single_plan）。
托盘类型 MH423C（销售订单号：PAIN26310BN01S）处理完成：总托盘 1，指数达标 0，未达标 1，平均缺口 156.00，最大缺口 156.00，失败托盘互借修复成功 0。
  - KPI：near/mid/deep=0/0/1，救回率=0.00%，pair效率=0.00%。
  - 耗时拆解：packing=0.02s，main_topup=0.00s，retry=0.00s，failed_pool=0.00s，repack=0.00s，total=0.02s。
正在处理托盘类型：MH423C，销售订单号：LAID16315EN03S
  - 主算法：全局列式装箱 + 柱级组合优化（GCP）。
  - 失败托盘互借诊断：未合并（aborted_no_improvement_possible）。
托盘类型 MH423C（销售订单号：LAID16315EN03S）处理完成：总托盘 2，指数达标 0，未达标 2，平均缺口 108.50，最大缺口 171.00，失败托盘互借修复成功 0。
  - KPI：near/mid/deep=0/0/2，救回率=0.00%，pair效率=0.00%。
  - 耗时拆解：packing=1.63s，main_topup=0.00s，retry=0.00s，failed_pool=0.00s，repack=1.58s，total=3.21s。
正在处理托盘类型：MH423C，销售订单号：PAID16316DN01S
  - 该分组不适合列式（多非满柱）→ 回退 beam + 配方优先。
  - 配方优先[fast]：规划 0 实例，实装成功 0，配方路径不可用 → 采用基线方案。
  - 指数诊断：箱子 2 个，总指数 8，目标 192，理论最多达标托盘 0 个，剩余指数 8。
  - 几何诊断：典型整层堆叠单盘参考上限 8/192。 当前目标可能受托盘高度/箱型组合限制。
  - 几何诊断提示：典型整层参考值 8 < 目标 192；该值不是不可达证明，继续执行指数救援。
  - 失败托盘互借诊断：未合并（no_target_or_single_plan）。
托盘类型 MH423C（销售订单号：PAID16316DN01S）处理完成：总托盘 1，指数达标 0，未达标 1，平均缺口 184.00，最大缺口 184.00，失败托盘互借修复成功 0。
  - KPI：near/mid/deep=0/0/1，救回率=0.00%，pair效率=0.00%。
  - 耗时拆解：packing=0.00s，main_topup=0.00s，retry=0.00s，failed_pool=0.00s，repack=0.00s，total=0.00s。
正在处理托盘类型：MH423C，销售订单号：LAID16316DN03S
  - 主算法：全局列式装箱 + 柱级组合优化（GCP）。
  - 失败托盘互借诊断：未合并（no_target_or_single_plan）。
托盘类型 MH423C（销售订单号：LAID16316DN03S）处理完成：总托盘 1，指数达标 0，未达标 1，平均缺口 156.00，最大缺口 156.00，失败托盘互借修复成功 0。
  - KPI：near/mid/deep=0/0/1，救回率=0.00%，pair效率=0.00%。
  - 耗时拆解：packing=0.02s，main_topup=0.00s，retry=0.00s，failed_pool=0.00s，repack=0.00s，total=0.02s。
正在处理托盘类型：MH423C，销售订单号：LAID16316DN03S__SPLITREST__
  - 该分组不适合列式（多非满柱）→ 回退 beam + 配方优先。
  - 配方优先[fast]：规划 0 实例，实装成功 0，配方路径不可用 → 采用基线方案。
  - 指数诊断：箱子 1 个，总指数 1，目标 192，理论最多达标托盘 0 个，剩余指数 1。
  - 几何诊断：典型整层堆叠单盘参考上限 1/192。 当前目标可能受托盘高度/箱型组合限制。
  - 几何诊断提示：典型整层参考值 1 < 目标 192；该值不是不可达证明，继续执行指数救援。
  - 失败托盘互借诊断：未合并（no_target_or_single_plan）。
托盘类型 MH423C（销售订单号：LAID16316DN03S__SPLITREST__）处理完成：总托盘 1，指数达标 0，未达标 1，平均缺口 191.00，最大缺口 191.00，失败托盘互借修复成功 0。
  - KPI：near/mid/deep=0/0/1，救回率=0.00%，pair效率=0.00%。
  - 耗时拆解：packing=0.00s，main_topup=0.00s，retry=0.00s，failed_pool=0.00s，repack=0.00s，total=0.00s。
正在处理托盘类型：MH423C，销售订单号：LAID16316DN02S
  - 主算法：全局列式装箱 + 柱级组合优化（GCP）。
  - 失败托盘互借诊断：未合并（no_target_or_single_plan）。
托盘类型 MH423C（销售订单号：LAID16316DN02S）处理完成：总托盘 1，指数达标 0，未达标 1，平均缺口 136.00，最大缺口 136.00，失败托盘互借修复成功 0。
  - KPI：near/mid/deep=0/0/1，救回率=0.00%，pair效率=0.00%。
  - 耗时拆解：packing=0.09s，main_topup=0.00s，retry=0.00s，failed_pool=0.00s，repack=0.00s，total=0.09s。
正在处理托盘类型：MH423C，销售订单号：LAID16316DN02S__SPLITREST__
  - 该分组不适合列式（多非满柱）→ 回退 beam + 配方优先。
  - 配方优先[fast]：规划 0 实例，实装成功 0，配方路径不可用 → 采用基线方案。
  - 指数诊断：箱子 2 个，总指数 8，目标 192，理论最多达标托盘 0 个，剩余指数 8。
  - 几何诊断：典型整层堆叠单盘参考上限 8/192。 当前目标可能受托盘高度/箱型组合限制。
  - 几何诊断提示：典型整层参考值 8 < 目标 192；该值不是不可达证明，继续执行指数救援。
  - 失败托盘互借诊断：未合并（no_target_or_single_plan）。
托盘类型 MH423C（销售订单号：LAID16316DN02S__SPLITREST__）处理完成：总托盘 1，指数达标 0，未达标 1，平均缺口 184.00，最大缺口 184.00，失败托盘互借修复成功 0。
  - KPI：near/mid/deep=0/0/1，救回率=0.00%，pair效率=0.00%。
  - 耗时拆解：packing=0.00s，main_topup=0.00s，retry=0.00s，failed_pool=0.00s，repack=0.00s，total=0.00s。
正在处理托盘类型：MH423C，销售订单号：LAID16315EN02S
  - 该分组不适合列式（多非满柱）→ 回退 beam + 配方优先。
  - 配方优先[fast]：规划 0 实例，实装成功 0，配方路径不可用 → 采用基线方案。
  - 指数诊断：箱子 18 个，总指数 41，目标 192，理论最多达标托盘 0 个，剩余指数 41。
  - 几何诊断：典型整层堆叠单盘参考上限 41/192。 当前目标可能受托盘高度/箱型组合限制。
  - 几何诊断提示：典型整层参考值 41 < 目标 192；该值不是不可达证明，继续执行指数救援。
  - 失败托盘互借诊断：未合并（no_target_or_single_plan）。
托盘类型 MH423C（销售订单号：LAID16315EN02S）处理完成：总托盘 1，指数达标 0，未达标 1，平均缺口 151.00，最大缺口 151.00，失败托盘互借修复成功 0。
  - KPI：near/mid/deep=0/0/1，救回率=0.00%，pair效率=0.00%。
  - 耗时拆解：packing=0.13s，main_topup=0.00s，retry=0.00s，failed_pool=0.00s，repack=0.00s，total=0.13s。
正在处理托盘类型：MH423C，销售订单号：LAID16316DN01S
  - 该分组不适合列式（多非满柱）→ 回退 beam + 配方优先。
  - 配方优先[fast]：规划 0 实例，实装成功 0，配方路径不可用 → 采用基线方案。
  - 指数诊断：箱子 23 个，总指数 123，目标 192，理论最多达标托盘 0 个，剩余指数 123。
  - 几何诊断：典型整层堆叠单盘参考上限 70/192。 当前目标可能受托盘高度/箱型组合限制。
  - 几何诊断提示：典型整层参考值 70 < 目标 192；该值不是不可达证明，继续执行指数救援。
  - 失败盘装满压实：合并/吸收 1 次（纯减盘数）。
  - 失败托盘互借诊断：未合并（not_better）。
托盘类型 MH423C（销售订单号：LAID16316DN01S）处理完成：总托盘 1，指数达标 0，未达标 1，平均缺口 69.00，最大缺口 69.00，失败托盘互借修复成功 0。
  - KPI：near/mid/deep=0/0/1，救回率=0.00%，pair效率=0.00%。
  - 耗时拆解：packing=0.01s，main_topup=0.00s，retry=0.00s，failed_pool=0.00s，repack=0.09s，total=0.10s。
正在处理托盘类型：MH423C，销售订单号：PAID163108N01S
  - 主算法：全局列式装箱 + 柱级组合优化（GCP）。
  - 失败托盘互借诊断：未合并（no_target_or_single_plan）。
托盘类型 MH423C（销售订单号：PAID163108N01S）处理完成：总托盘 1，指数达标 0，未达标 1，平均缺口 104.00，最大缺口 104.00，失败托盘互借修复成功 0。
  - KPI：near/mid/deep=0/0/1，救回率=0.00%，pair效率=0.00%。
  - 耗时拆解：packing=0.43s，main_topup=0.00s，retry=0.00s，failed_pool=0.00s，repack=0.00s，total=0.43s。
正在处理托盘类型：MH423C，销售订单号：PAID16315BN01S
  - 主算法：全局列式装箱 + 柱级组合优化（GCP）。
  - 失败托盘互借诊断：未合并（no_target_or_single_plan）。
托盘类型 MH423C（销售订单号：PAID16315BN01S）处理完成：总托盘 1，指数达标 0，未达标 1，平均缺口 154.00，最大缺口 154.00，失败托盘互借修复成功 0。
  - KPI：near/mid/deep=0/0/1，救回率=0.00%，pair效率=0.00%。
  - 耗时拆解：packing=0.13s，main_topup=0.00s，retry=0.00s，failed_pool=0.00s，repack=0.00s，total=0.13s。
正在处理托盘类型：MH423C，销售订单号：PAID163108N03S
  - 该分组不适合列式（多非满柱）→ 回退 beam + 配方优先。
  - 配方优先[fast]：规划 0 实例，实装成功 0，配方路径不可用 → 采用基线方案。
  - 指数诊断：箱子 1 个，总指数 2，目标 192，理论最多达标托盘 0 个，剩余指数 2。
  - 几何诊断：典型整层堆叠单盘参考上限 2/192。 当前目标可能受托盘高度/箱型组合限制。
  - 几何诊断提示：典型整层参考值 2 < 目标 192；该值不是不可达证明，继续执行指数救援。
  - 失败托盘互借诊断：未合并（no_target_or_single_plan）。
托盘类型 MH423C（销售订单号：PAID163108N03S）处理完成：总托盘 1，指数达标 0，未达标 1，平均缺口 190.00，最大缺口 190.00，失败托盘互借修复成功 0。
  - KPI：near/mid/deep=0/0/1，救回率=0.00%，pair效率=0.00%。
  - 耗时拆解：packing=0.00s，main_topup=0.00s，retry=0.00s，failed_pool=0.00s，repack=0.00s，total=0.00s。
正在处理托盘类型：MH423C，销售订单号：PAID16300FN01S
  - 该分组不适合列式（多非满柱）→ 回退 beam + 配方优先。
  - 配方优先[fast]：规划 0 实例，实装成功 0，配方路径不可用 → 采用基线方案。
  - 指数诊断：箱子 2 个，总指数 8，目标 192，理论最多达标托盘 0 个，剩余指数 8。
  - 几何诊断：典型整层堆叠单盘参考上限 8/192。 当前目标可能受托盘高度/箱型组合限制。
  - 几何诊断提示：典型整层参考值 8 < 目标 192；该值不是不可达证明，继续执行指数救援。
  - 失败托盘互借诊断：未合并（no_target_or_single_plan）。
托盘类型 MH423C（销售订单号：PAID16300FN01S）处理完成：总托盘 1，指数达标 0，未达标 1，平均缺口 184.00，最大缺口 184.00，失败托盘互借修复成功 0。
  - KPI：near/mid/deep=0/0/1，救回率=0.00%，pair效率=0.00%。
  - 耗时拆解：packing=0.00s，main_topup=0.00s，retry=0.00s，failed_pool=0.00s，repack=0.00s，total=0.00s。
正在处理托盘类型：MH423C，销售订单号：LFEG16316AN02S
  - 主算法：全局列式装箱 + 柱级组合优化（GCP）。
  - 失败托盘互借诊断：未合并（no_target_or_single_plan）。
托盘类型 MH423C（销售订单号：LFEG16316AN02S）处理完成：总托盘 1，指数达标 0，未达标 1，平均缺口 70.00，最大缺口 70.00，失败托盘互借修复成功 0。
  - KPI：near/mid/deep=0/0/1，救回率=0.00%，pair效率=0.00%。
  - 耗时拆解：packing=0.13s，main_topup=0.00s，retry=0.00s，failed_pool=0.00s，repack=0.00s，total=0.13s。
正在处理托盘类型：MH423C，销售订单号：LFEG16316AN02S__SPLITREST__
  - 该分组不适合列式（多非满柱）→ 回退 beam + 配方优先。
  - 配方优先[fast]：规划 0 实例，实装成功 0，配方路径不可用 → 采用基线方案。
  - 指数诊断：箱子 1 个，总指数 2，目标 192，理论最多达标托盘 0 个，剩余指数 2。
  - 几何诊断：典型整层堆叠单盘参考上限 2/192。 当前目标可能受托盘高度/箱型组合限制。
  - 几何诊断提示：典型整层参考值 2 < 目标 192；该值不是不可达证明，继续执行指数救援。
  - 失败托盘互借诊断：未合并（no_target_or_single_plan）。
托盘类型 MH423C（销售订单号：LFEG16316AN02S__SPLITREST__）处理完成：总托盘 1，指数达标 0，未达标 1，平均缺口 190.00，最大缺口 190.00，失败托盘互借修复成功 0。
  - KPI：near/mid/deep=0/0/1，救回率=0.00%，pair效率=0.00%。
  - 耗时拆解：packing=0.00s，main_topup=0.00s，retry=0.00s，failed_pool=0.00s，repack=0.00s，total=0.00s。
正在处理托盘类型：MH423C，销售订单号：PAIN26310MZ05S
  - 该分组不适合列式（多非满柱）→ 回退 beam + 配方优先。
  - 配方优先[fast]：规划 0 实例，实装成功 0，配方路径不可用 → 采用基线方案。
  - 指数诊断：箱子 55 个，总指数 818，目标 192，理论最多达标托盘 4 个，剩余指数 50。
  - 几何诊断：典型整层堆叠单盘参考上限 160/192。 当前目标可能受托盘高度/箱型组合限制。
  - 几何诊断提示：典型整层参考值 160 < 目标 192；该值不是不可达证明，继续执行指数救援。
  - 失败托盘互借诊断：未合并（aborted_no_improvement_possible）。
托盘类型 MH423C（销售订单号：PAIN26310MZ05S）处理完成：总托盘 7，指数达标 0，未达标 7，平均缺口 75.14，最大缺口 174.00，失败托盘互借修复成功 0。
  - KPI：near/mid/deep=0/0/7，救回率=0.00%，pair效率=0.00%。
  - 耗时拆解：packing=0.13s，main_topup=0.00s，retry=0.00s，failed_pool=0.20s，repack=0.74s，total=0.87s。
正在处理托盘类型：MH423C，销售订单号：LFEG16320IN01S
  - 主算法：全局列式装箱 + 柱级组合优化（GCP）。
  - 失败盘装满压实：合并/吸收 1 次（纯减盘数）。
  - 失败托盘互借诊断：未合并（aborted_no_improvement_possible）。
托盘类型 MH423C（销售订单号：LFEG16320IN01S）处理完成：总托盘 1，指数达标 0，未达标 1，平均缺口 168.00，最大缺口 168.00，失败托盘互借修复成功 0。
  - KPI：near/mid/deep=0/0/1，救回率=0.00%，pair效率=0.00%。
  - 耗时拆解：packing=0.00s，main_topup=0.00s，retry=0.00s，failed_pool=0.00s，repack=0.00s，total=0.01s。
正在处理托盘类型：MH423C，销售订单号：LFEG16320IN03S
  - 主算法：全局列式装箱 + 柱级组合优化（GCP）。
  - 失败盘装满压实：合并/吸收 1 次（纯减盘数）。
  - 失败托盘互借诊断：未合并（aborted_no_improvement_possible）。
托盘类型 MH423C（销售订单号：LFEG16320IN03S）处理完成：总托盘 1，指数达标 0，未达标 1，平均缺口 168.00，最大缺口 168.00，失败托盘互借修复成功 0。
  - KPI：near/mid/deep=0/0/1，救回率=0.00%，pair效率=0.00%。
  - 耗时拆解：packing=0.00s，main_topup=0.00s，retry=0.00s，failed_pool=0.00s，repack=0.01s，total=0.02s。
正在处理托盘类型：MH423C，销售订单号：PAIN26310GN01S
  - 主算法：全局列式装箱 + 柱级组合优化（GCP）。
  - 失败托盘互借诊断：未合并（less_than_2_consolidatable）。
托盘类型 MH423C（销售订单号：PAIN26310GN01S）处理完成：总托盘 2，指数达标 1，未达标 1，平均缺口 42.00，最大缺口 42.00，失败托盘互借修复成功 0。
  - KPI：near/mid/deep=0/0/1，救回率=0.00%，pair效率=0.00%。
  - 耗时拆解：packing=34.92s，main_topup=0.00s，retry=0.00s，failed_pool=0.00s，repack=0.01s，total=34.93s。
正在处理托盘类型：MH423C，销售订单号：PAIN26310MN01S
  - 该分组不适合列式（多非满柱）→ 回退 beam + 配方优先。
  - 配方优先[fast]：规划 0 实例，实装成功 0，配方路径不可用 → 采用基线方案。
  - 指数诊断：箱子 12 个，总指数 95，目标 192，理论最多达标托盘 0 个，剩余指数 95。
  - 几何诊断：典型整层堆叠单盘参考上限 83/192。 当前目标可能受托盘高度/箱型组合限制。
  - 几何诊断提示：典型整层参考值 83 < 目标 192；该值不是不可达证明，继续执行指数救援。
  - 失败托盘互借诊断：未合并（no_target_or_single_plan）。
托盘类型 MH423C（销售订单号：PAIN26310MN01S）处理完成：总托盘 1，指数达标 0，未达标 1，平均缺口 97.00，最大缺口 97.00，失败托盘互借修复成功 0。
  - KPI：near/mid/deep=0/0/1，救回率=0.00%，pair效率=0.00%。
  - 耗时拆解：packing=0.05s，main_topup=0.00s，retry=0.00s，failed_pool=0.00s，repack=0.00s，total=0.05s。
正在处理托盘类型：MH423C，销售订单号：PEG126320LN02S
  - 该分组不适合列式（多非满柱）→ 回退 beam + 配方优先。
  - 配方优先[fast]：规划 0 实例，实装成功 0，配方路径不可用 → 采用基线方案。
  - 指数诊断：箱子 1 个，总指数 6，目标 192，理论最多达标托盘 0 个，剩余指数 6。
  - 几何诊断：典型整层堆叠单盘参考上限 6/192。 当前目标可能受托盘高度/箱型组合限制。
  - 几何诊断提示：典型整层参考值 6 < 目标 192；该值不是不可达证明，继续执行指数救援。
  - 失败托盘互借诊断：未合并（no_target_or_single_plan）。
托盘类型 MH423C（销售订单号：PEG126320LN02S）处理完成：总托盘 1，指数达标 0，未达标 1，平均缺口 186.00，最大缺口 186.00，失败托盘互借修复成功 0。
  - KPI：near/mid/deep=0/0/1，救回率=0.00%，pair效率=0.00%。
  - 耗时拆解：packing=0.00s，main_topup=0.00s，retry=0.00s，failed_pool=0.00s，repack=0.00s，total=0.00s。
正在处理托盘类型：MH423C，销售订单号：PAIN26290MN02S
  - 该分组不适合列式（多非满柱）→ 回退 beam + 配方优先。
  - 配方优先[fast]：规划 0 实例，实装成功 0，配方路径不可用 → 采用基线方案。
  - 指数诊断：箱子 7 个，总指数 26，目标 192，理论最多达标托盘 0 个，剩余指数 26。
  - 几何诊断：典型整层堆叠单盘参考上限 26/192。 当前目标可能受托盘高度/箱型组合限制。
  - 几何诊断提示：典型整层参考值 26 < 目标 192；该值不是不可达证明，继续执行指数救援。
  - 失败托盘互借诊断：未合并（no_target_or_single_plan）。
托盘类型 MH423C（销售订单号：PAIN26290MN02S）处理完成：总托盘 1，指数达标 0，未达标 1，平均缺口 166.00，最大缺口 166.00，失败托盘互借修复成功 0。
  - KPI：near/mid/deep=0/0/1，救回率=0.00%，pair效率=0.00%。
  - 耗时拆解：packing=0.01s，main_topup=0.00s，retry=0.00s，failed_pool=0.00s，repack=0.00s，total=0.03s。
正在处理托盘类型：MH423C，销售订单号：PAIN26310GC02S
  - 该分组不适合列式（多非满柱）→ 回退 beam + 配方优先。
  - 配方优先[fast]：规划 0 实例，实装成功 0，配方路径不可用 → 采用基线方案。
  - 指数诊断：箱子 3 个，总指数 6，目标 192，理论最多达标托盘 0 个，剩余指数 6。
  - 几何诊断：典型整层堆叠单盘参考上限 6/192。 当前目标可能受托盘高度/箱型组合限制。
  - 几何诊断提示：典型整层参考值 6 < 目标 192；该值不是不可达证明，继续执行指数救援。
  - 失败托盘互借诊断：未合并（no_target_or_single_plan）。
托盘类型 MH423C（销售订单号：PAIN26310GC02S）处理完成：总托盘 1，指数达标 0，未达标 1，平均缺口 186.00，最大缺口 186.00，失败托盘互借修复成功 0。
  - KPI：near/mid/deep=0/0/1，救回率=0.00%，pair效率=0.00%。
  - 耗时拆解：packing=0.00s，main_topup=0.00s，retry=0.00s，failed_pool=0.00s，repack=0.00s，total=0.01s。
正在处理托盘类型：MH423C，销售订单号：PAID163108C02S
  - 该分组不适合列式（多非满柱）→ 回退 beam + 配方优先。
  - 配方优先[fast]：规划 0 实例，实装成功 0，配方路径不可用 → 采用基线方案。
  - 指数诊断：箱子 1 个，总指数 8，目标 192，理论最多达标托盘 0 个，剩余指数 8。
  - 几何诊断：典型整层堆叠单盘参考上限 8/192。 当前目标可能受托盘高度/箱型组合限制。
  - 几何诊断提示：典型整层参考值 8 < 目标 192；该值不是不可达证明，继续执行指数救援。
  - 失败托盘互借诊断：未合并（no_target_or_single_plan）。
托盘类型 MH423C（销售订单号：PAID163108C02S）处理完成：总托盘 1，指数达标 0，未达标 1，平均缺口 184.00，最大缺口 184.00，失败托盘互借修复成功 0。
  - KPI：near/mid/deep=0/0/1，救回率=0.00%，pair效率=0.00%。
  - 耗时拆解：packing=0.00s，main_topup=0.00s，retry=0.00s，failed_pool=0.00s，repack=0.00s，total=0.00s。
正在处理托盘类型：MH423C，销售订单号：PEG126320LN01S
  - 主算法：全局列式装箱 + 柱级组合优化（GCP）。
  - 失败托盘互借诊断：未合并（no_target_or_single_plan）。
托盘类型 MH423C（销售订单号：PEG126320LN01S）处理完成：总托盘 1，指数达标 0，未达标 1，平均缺口 170.00，最大缺口 170.00，失败托盘互借修复成功 0。
  - KPI：near/mid/deep=0/0/1，救回率=0.00%，pair效率=0.00%。
  - 耗时拆解：packing=0.09s，main_topup=0.00s，retry=0.00s，failed_pool=0.00s，repack=0.00s，total=0.09s。
正在处理托盘类型：MH423C，销售订单号：PAIN26316EN01S
  - 该分组不适合列式（多非满柱）→ 回退 beam + 配方优先。
  - 配方优先[fast]：规划 2 实例，实装成功 2，失败回兜底 0；达标 2，直接采用配方方案（基线未跑，--safe 可审计对比）。
  - 指数诊断：箱子 124 个，总指数 582，目标 192，理论最多达标托盘 3 个，剩余指数 6。
  - 几何诊断：典型整层堆叠单盘参考上限 192/192。
============================================================
[WCS-拉] 20260731_134826：拉取接口 1 …
[WCS-拉] 原始响应已保存：D:\research_code\final\zhuang\packing-workspace\input\raw\20260731_134826.json
[WCS-拉] 已剔除 case_type≠MH423C 的品类 63 条（类型：['MH113', 'WR246']），保留 2018 条。
[WCS-拉] 忽略 4 条零尺寸/非法尺寸库存；有效记录 2014 条；样例：product_code=30086366/box_type=YZX507/0×0×0, product_code=30086359/box_type=YZX507/0×0×0, product_code=30086364/box_type=YZX507/0×0×0, product_code=30086358/box_type=YZX507/0×0×0
  - 失败托盘互借诊断：未合并（aborted_no_improvement_possible）。
托盘类型 MH423C（销售订单号：PAIN26316EN01S）处理完成：总托盘 4，指数达标 2，未达标 2，平均缺口 93.00，最大缺口 184.00，失败托盘互借修复成功 0。
  - KPI：near/mid/deep=1/0/1，救回率=0.00%，pair效率=0.00%。
  - 耗时拆解：packing=0.32s，main_topup=0.00s，retry=0.00s，failed_pool=2.37s，repack=3.95s，total=4.28s。
正在处理托盘类型：MH423C，销售订单号：PAIN26296EN01S
  - 主算法：全局列式装箱 + 柱级组合优化（GCP）。
[WCS-DB] wcs_stock_box 已全量替换：清空 2004 → 插入 2014
[WCS-拉] wcs_stock_box 已全量替换：删 2004，插 2014。
[WCS-DB] wcs_stock_box_all product_code 已存在、跳过 2004 条
  - 失败托盘互借诊断：未合并（no_target_or_single_plan）。
托盘类型 MH423C（销售订单号：PAIN26296EN01S）处理完成：总托盘 1，指数达标 0，未达标 1，平均缺口 101.00，最大缺口 101.00，失败托盘互借修复成功 0。
  - KPI：near/mid/deep=0/0/1，救回率=0.00%，pair效率=0.00%。
  - 耗时拆解：packing=4.21s，main_topup=0.00s，retry=0.00s，failed_pool=0.00s，repack=0.00s，total=4.21s。
正在处理托盘类型：MH423C，销售订单号：PAIN26310MN06S
  - 主算法：全局列式装箱 + 柱级组合优化（GCP）。
  - 失败托盘互借诊断：未合并（no_target_or_single_plan）。
托盘类型 MH423C（销售订单号：PAIN26310MN06S）处理完成：总托盘 1，指数达标 0，未达标 1，平均缺口 36.00，最大缺口 36.00，失败托盘互借修复成功 0。
  - KPI：near/mid/deep=0/0/1，救回率=0.00%，pair效率=0.00%。
  - 耗时拆解：packing=0.24s，main_topup=0.00s，retry=0.00s，failed_pool=0.00s，repack=0.00s，total=0.24s。
正在处理托盘类型：MH423C，销售订单号：PAIN26310MN08S
  - 主算法：全局列式装箱 + 柱级组合优化（GCP）。
[WCS-拉] wcs_stock_box_all 追加：新插入 10，跳过已有 2004（历史不删）。
[WCS-拉] 库存有变化 → need_repack=True，唤醒装箱。
  - 失败托盘互借诊断：未合并（no_target_or_single_plan）。
托盘类型 MH423C（销售订单号：PAIN26310MN08S）处理完成：总托盘 1，指数达标 0，未达标 1，平均缺口 145.00，最大缺口 145.00，失败托盘互借修复成功 0。
  - KPI：near/mid/deep=0/0/1，救回率=0.00%，pair效率=0.00%。
  - 耗时拆解：packing=1.08s，main_topup=0.00s，retry=0.00s，failed_pool=0.00s，repack=0.00s，total=1.08s。
正在处理托盘类型：MH423C，销售订单号：LFEG16336AN01S
  - 该分组不适合列式（多非满柱）→ 回退 beam + 配方优先。
  - 配方优先[fast]：规划 0 实例，实装成功 0，配方路径不可用 → 采用基线方案。
  - 指数诊断：箱子 1 个，总指数 1，目标 192，理论最多达标托盘 0 个，剩余指数 1。
  - 几何诊断：典型整层堆叠单盘参考上限 1/192。 当前目标可能受托盘高度/箱型组合限制。
  - 几何诊断提示：典型整层参考值 1 < 目标 192；该值不是不可达证明，继续执行指数救援。
  - 失败托盘互借诊断：未合并（no_target_or_single_plan）。
托盘类型 MH423C（销售订单号：LFEG16336AN01S）处理完成：总托盘 1，指数达标 0，未达标 1，平均缺口 191.00，最大缺口 191.00，失败托盘互借修复成功 0。
  - KPI：near/mid/deep=0/0/1，救回率=0.00%，pair效率=0.00%。
  - 耗时拆解：packing=0.00s，main_topup=0.00s，retry=0.00s，failed_pool=0.00s，repack=0.00s，total=0.00s。
正在处理托盘类型：MH423C，销售订单号：LFEG16336AN02S
  - 主算法：全局列式装箱 + 柱级组合优化（GCP）。
  - GCP 盘数远超理论（CP-SAT 装不满）→ 回退 baseline beam + 配方优先。
  - 配方优先[fast]：规划 0 实例，实装成功 0，配方路径不可用 → 采用基线方案。
  - 指数诊断：箱子 4 个，总指数 6，目标 192，理论最多达标托盘 0 个，剩余指数 6。
  - 几何诊断：典型整层堆叠单盘参考上限 6/192。 当前目标可能受托盘高度/箱型组合限制。
  - 几何诊断提示：典型整层参考值 6 < 目标 192；该值不是不可达证明，继续执行指数救援。
  - 失败托盘互借诊断：未合并（no_target_or_single_plan）。
托盘类型 MH423C（销售订单号：LFEG16336AN02S）处理完成：总托盘 1，指数达标 0，未达标 1，平均缺口 186.00，最大缺口 186.00，失败托盘互借修复成功 0。
  - KPI：near/mid/deep=0/0/1，救回率=0.00%，pair效率=0.00%。
  - 耗时拆解：packing=0.00s，main_topup=0.00s，retry=0.00s，failed_pool=0.00s，repack=0.00s，total=0.02s。
正在处理托盘类型：MH423C，销售订单号：PAIN26326EN01S
  - 该分组不适合列式（多非满柱）→ 回退 beam + 配方优先。
  - 配方优先[fast]：规划 0 实例，实装成功 0，配方路径不可用 → 采用基线方案。
  - 指数诊断：箱子 1 个，总指数 4，目标 192，理论最多达标托盘 0 个，剩余指数 4。
  - 几何诊断：典型整层堆叠单盘参考上限 4/192。 当前目标可能受托盘高度/箱型组合限制。
  - 几何诊断提示：典型整层参考值 4 < 目标 192；该值不是不可达证明，继续执行指数救援。
  - 失败托盘互借诊断：未合并（no_target_or_single_plan）。
托盘类型 MH423C（销售订单号：PAIN26326EN01S）处理完成：总托盘 1，指数达标 0，未达标 1，平均缺口 188.00，最大缺口 188.00，失败托盘互借修复成功 0。
  - KPI：near/mid/deep=0/0/1，救回率=0.00%，pair效率=0.00%。
  - 耗时拆解：packing=0.00s，main_topup=0.00s，retry=0.00s，failed_pool=0.00s，repack=0.00s，total=0.00s。
正在处理托盘类型：MH423C，销售订单号：PAIN26320BN01S
  - 该分组不适合列式（多非满柱）→ 回退 beam + 配方优先。
  - 配方优先[fast]：规划 0 实例，实装成功 0，配方路径不可用 → 采用基线方案。
  - 指数诊断：箱子 1 个，总指数 2，目标 192，理论最多达标托盘 0 个，剩余指数 2。
  - 几何诊断：典型整层堆叠单盘参考上限 2/192。 当前目标可能受托盘高度/箱型组合限制。
  - 几何诊断提示：典型整层参考值 2 < 目标 192；该值不是不可达证明，继续执行指数救援。
  - 失败托盘互借诊断：未合并（no_target_or_single_plan）。
托盘类型 MH423C（销售订单号：PAIN26320BN01S）处理完成：总托盘 1，指数达标 0，未达标 1，平均缺口 190.00，最大缺口 190.00，失败托盘互借修复成功 0。
  - KPI：near/mid/deep=0/0/1，救回率=0.00%，pair效率=0.00%。
  - 耗时拆解：packing=0.00s，main_topup=0.00s，retry=0.00s，failed_pool=0.00s，repack=0.00s，total=0.00s。
正在处理托盘类型：MH423C，销售订单号：PFEG16336AN01S
  - 该分组不适合列式（多非满柱）→ 回退 beam + 配方优先。
  - 托盘 MH423C-PFEG16336AN01S-1 未找到可行装箱方案，启用剩余箱子守恒兜底。
  - 配方优先[fast]：规划 0 实例，实装成功 0，配方路径不可用 → 采用基线方案。
  - 指数诊断：箱子 7 个，总指数 10，目标 192，理论最多达标托盘 0 个，剩余指数 10。
  - 几何诊断：典型整层堆叠单盘参考上限 10/192。 当前目标可能受托盘高度/箱型组合限制。
  - 几何诊断提示：典型整层参考值 10 < 目标 192；该值不是不可达证明，继续执行指数救援。
  - 失败盘装满压实：合并/吸收 1 次（纯减盘数）。
  - 失败托盘互借诊断：未合并（aborted_no_improvement_possible）。
托盘类型 MH423C（销售订单号：PFEG16336AN01S）处理完成：总托盘 3，指数达标 0，未达标 3，平均缺口 188.67，最大缺口 191.00，失败托盘互借修复成功 0。
  - KPI：near/mid/deep=0/0/3，救回率=0.00%，pair效率=0.00%。
  - 耗时拆解：packing=0.01s，main_topup=0.00s，retry=0.00s，failed_pool=0.00s，repack=0.15s，total=0.21s。
  - 跨子组条件双路径（MH423C / LAID16305BN02S）：采用严格更优完整路径。
  - 失败盘装满压实：合并/吸收 1 次（纯减盘数）。
  - 跨子组装满压实（MH423C / PAID16306DN01S）：合并 1 次（纯减盘数）。
  - 跨子组条件双路径（MH423C / LAID16305BN01S）：采用严格更优完整路径。
  - 失败盘装满压实：合并/吸收 1 次（纯减盘数）。
  - 跨子组装满压实（MH423C / LAID16306DN02S）：合并 1 次（纯减盘数）。
============================================================
[WCS-拉] 20260731_135154：拉取接口 1 …
[WCS-拉] 原始响应已保存：D:\research_code\final\zhuang\packing-workspace\input\raw\20260731_135154.json
[WCS-拉] 已剔除 case_type≠MH423C 的品类 63 条（类型：['MH113', 'WR246']），保留 2040 条。
[WCS-拉] 忽略 4 条零尺寸/非法尺寸库存；有效记录 2036 条；样例：product_code=30086366/box_type=YZX507/0×0×0, product_code=30086359/box_type=YZX507/0×0×0, product_code=30086364/box_type=YZX507/0×0×0, product_code=30086358/box_type=YZX507/0×0×0
[WCS-DB] wcs_stock_box 已全量替换：清空 2014 → 插入 2036
[WCS-拉] wcs_stock_box 已全量替换：删 2014，插 2036。
[WCS-DB] wcs_stock_box_all product_code 已存在、跳过 2015 条
[WCS-拉] wcs_stock_box_all 追加：新插入 21，跳过已有 2015（历史不删）。
[WCS-拉] 库存有变化 → need_repack=True，唤醒装箱。
  - 跨子组条件双路径（MH423C / LFEG16310IN01S）：采用严格更优完整路径。
  - 跨子组条件双路径（MH423C / LFEG16310IN03S）：采用严格更优完整路径。
  - 失败盘装满压实：合并/吸收 1 次（纯减盘数）。
  - 跨子组装满压实（MH423C / LAID16316DN03S）：合并 1 次（纯减盘数）。
  - 失败盘装满压实：合并/吸收 1 次（纯减盘数）。
  - 跨子组装满压实（MH423C / LAID16316DN02S）：合并 1 次（纯减盘数）。
  - 失败盘装满压实：合并/吸收 1 次（纯减盘数）。
  - 跨子组装满压实（MH423C / LFEG16316AN02S）：合并 1 次（纯减盘数）。
========================================
统计汇总：总托盘 78，指数达标 3，未达标 75，未知 0，平均缺口 122.72，最大缺口 191.00，失败托盘互借修复成功 0
KPI汇总：near/mid/deep=3/3/69，pair尝试=0，pair改进=0，pair效率=0.00%
耗时汇总：packing=249.31s，main_topup=0.08s，retry=0.00s，repack=20.57s，end_to_end=588.52s
========================================
[WCS-装] SUCCESS 产品码 272 个，SUCCESS 盘 3，FAILED 盘 75。
[WCS-装] 本轮结束；将检查 need_repack 决定是否再算。
[WCS-装] 本轮方案已保存（success）：D:\research_code\final\zhuang\packing-workspace\output\success\packing_plan_20260731_134316.json
[执行规划] 产物目录：D:\research_code\final\zhuang\packing-workspace\output\success（success）
[执行规划] 开始：D:\research_code\zhuang-ui-m\.venvs\packing-realtime\python.exe D:\research_code\final\zhuang\packing-system\run_execution_planning.py D:\research_code\final\zhuang\packing-workspace\output\success\packing_plan_20260731_134316.json --config D:\research_code\final\zhuang\packing-workspace\runtime\packing-realtime\temp\ui_config_api_20260731_130809.yaml --output D:\research_code\final\zhuang\packing-workspace\output\success\packing_plan_20260731_134316_execution.json --wcs-output D:\research_code\final\zhuang\packing-workspace\output\success\packing_plan_20260731_134316_execution_wcs.json --wcs-map-output D:\research_code\final\zhuang\packing-workspace\output\success\packing_plan_20260731_134316_execution_wcs_map.json
[WCS-DB] wcs_success_box：替换旧托盘 3 个，删除 256 行，写入 272 行
[WCS-DB] wcs_success_box：本批候选 272 行，本批写入 272 行。
[WCS-DB] wcs_box_orientation：本批候选 272 行，写入影响 272（含已存在跳过）。
[现场码垛] 新计算结果已入库，已清空旧码放队列 1140 条
[现场会话] 新计算结果已入库，当前没有未完成托盘
execution plan written: pallets=78 boxes=1998 reordered_pallets=66 path=D:\research_code\final\zhuang\packing-workspace\output\success\packing_plan_20260731_134316_execution.json
WCS execution cases written: D:\research_code\final\zhuang\packing-workspace\output\success\packing_plan_20260731_134316_execution_wcs.json
WCS execution plan map written: D:\research_code\final\zhuang\packing-workspace\output\success\packing_plan_20260731_134316_execution_wcs_map.json
execution scan deviations pallet='MH423C-LAID16306DN01S-2' count=4: expected='WCS-0147-YZX448-0000' selected='WCS-0271-YZX428-0000' box='WCS-0147-YZX448-0000' after='WCS-0271-YZX428-0000' reason=open_direction lookahead=true; expected='WCS-0116-DZX448-0000' selected='WCS-0302-DZX444-0000' box='WCS-0116-DZX448-0000' after='WCS-0302-DZX444-0000' reason=open_direction lookahead=true; expected='WCS-0008-YBB106-0000' selected='WCS-0074-YZX448-0000' box='WCS-0008-YBB106-0000' after='WCS-0074-YZX448-0000' reason=hard_dependency; expected='WCS-0008-YBB106-0000' selected='WCS-0270-YZX428-0000' box='WCS-0008-YBB106-0000' after='WCS-0270-YZX428-0000' reason=open_direction lookahead=true
execution scan deviations pallet='MH423C-LAID16305BN02S-1' count=9: expected='WCS-0095-YZX444-0000' selected='WCS-0559-DZX424-0000' box='WCS-0095-YZX444-0000' after='WCS-0559-DZX424-0000' reason=open_direction lookahead=true; expected='WCS-0096-YZX444-0000' selected='WCS-0102-YZX444-0000' box='WCS-0096-YZX444-0000' after='WCS-0102-YZX444-0000' reason=open_direction lookahead=true; expected='WCS-0012-YZX428-0000' selected='WCS-0531-DZX424-0000' box='WCS-0012-YZX428-0000' after='WCS-0531-DZX424-0000' reason=open_direction lookahead=true; expected='WCS-0097-YZX444-0000' selected='WCS-0065-YZX448-0000' box='WCS-0097-YZX444-0000' after='WCS-0065-YZX448-0000' reason=open_direction lookahead=true; expected='WCS-0919-YZX424-0000' selected='WCS-0038-YZX448-0000' box='WCS-0919-YZX424-0000' after='WCS-0038-YZX448-0000' reason=open_direction lookahead=true; expected='WCS-0729-YBB077-0000' selected='WCS-0920-YZX424-0000' box='WCS-0729-YBB077-0000' after='WCS-0920-YZX424-0000' reason=open_direction lookahead=true; expected='WCS-0733-YBB077-0000' selected='WCS-0026-YZX448-0000' box='WCS-0733-YBB077-0000' after='WCS-0026-YZX448-0000' reason=open_direction lookahead=true; expected='WCS-0268-YBB125-0000' selected='WCS-0677-YZX444-0000' box='WCS-0268-YBB125-0000' after='WCS-0677-YZX444-0000' reason=hard_dependency; ...
execution scan deviations pallet='MH423C-LAID16305BN02S-2' count=3: expected='WCS-0690-YZX448-0000' selected='WCS-0258-DZX444-0000' box='WCS-0690-YZX448-0000' after='WCS-0258-DZX444-0000' reason=open_direction lookahead=true; expected='WCS-0693-YZX448-0000' selected='WCS-0213-YZX424-0000' box='WCS-0693-YZX448-0000' after='WCS-0213-YZX424-0000' reason=open_direction lookahead=true; expected='WCS-0678-YZX444-0000' selected='WCS-0245-YZX848-0000' box='WCS-0678-YZX444-0000' after='WCS-0245-YZX848-0000' reason=open_direction lookahead=true
execution scan deviations pallet='MH423C-LAID16305EN01S-1' count=5: expected='WCS-1153-DZX448-0000' selected='WCS-1150-DZX448-0000' box='WCS-1153-DZX448-0000' after='WCS-1150-DZX448-0000' reason=open_direction lookahead=true; expected='WCS-1154-DZX448-0000' selected='WCS-1151-DZX448-0000' box='WCS-1154-DZX448-0000' after='WCS-1151-DZX448-0000' reason=open_direction lookahead=true; expected='WCS-0016-YBB285-0000' selected='WCS-0024-YBB258-0000' box='WCS-0016-YBB285-0000' after='WCS-0024-YBB258-0000' reason=open_direction lookahead=true; expected='WCS-0023-YBB258-0000' selected='WCS-0020-YBB285-0000' box='WCS-0023-YBB258-0000' after='WCS-0020-YBB285-0000' reason=hard_dependency; expected='WCS-0023-YBB258-0000' selected='WCS-0013-YBB285-0000' box='WCS-0023-YBB258-0000' after='WCS-0013-YBB285-0000' reason=open_direction lookahead=true
execution scan deviations pallet='MH423C-PAID16306DN01S-1' count=1: expected='WCS-0044-YZX448-0000' selected='WCS-0171-YZX848-0000' box='WCS-0044-YZX448-0000' after='WCS-0171-YZX848-0000' reason=open_direction lookahead=true
execution scan deviations pallet='MH423C-LAID16305BN01S-2' count=3: expected='WCS-0682-YZX448-0000' selected='WCS-0692-YZX448-0000' box='WCS-0682-YZX448-0000' after='WCS-0692-YZX448-0000' reason=open_direction lookahead=true; expected='WCS-0340-YBB077-0000' selected='WCS-0552-DZX848-0000' box='WCS-0340-YBB077-0000' after='WCS-0552-DZX848-0000' reason=open_direction lookahead=true; expected='WCS-0691-YZX448-0000' selected='WCS-0345-YBB077-0000' box='WCS-0691-YZX448-0000' after='WCS-0345-YBB077-0000' reason=open_direction lookahead=true
execution scan deviations pallet='MH423C-LFEG16300IN03S-1' count=3: expected='WCS-0187-YZX444-0000' selected='WCS-0250-DZX244-0000' box='WCS-0187-YZX444-0000' after='WCS-0250-DZX244-0000' reason=open_direction lookahead=true; expected='WCS-0158-YBB125-0000' selected='WCS-0238-YZX507-0000' box='WCS-0158-YBB125-0000' after='WCS-0238-YZX507-0000' reason=open_direction lookahead=true; expected='WCS-0917-YZX424-0000' selected='WCS-0251-DZX244-0000' box='WCS-0917-YZX424-0000' after='WCS-0251-DZX244-0000' reason=open_direction lookahead=true
execution scan deviations pallet='MH423C-LAID16305BN03S-1' count=4: expected='WCS-0741-YBB077-0000' selected='WCS-0960-DZX444-0000' box='WCS-0741-YBB077-0000' after='WCS-0960-DZX444-0000' reason=open_direction lookahead=true; expected='WCS-0900-ZX848-0000' selected='WCS-0746-YBB077-0000' box='WCS-0900-ZX848-0000' after='WCS-0746-YBB077-0000' reason=open_direction lookahead=true; expected='WCS-0961-DZX848-0000' selected='WCS-0748-YBB077-0000' box='WCS-0961-DZX848-0000' after='WCS-0748-YBB077-0000' reason=open_direction lookahead=true; expected='WCS-0962-DZX848-0000' selected='WCS-0750-YBB077-0000' box='WCS-0962-DZX848-0000' after='WCS-0750-YBB077-0000' reason=open_direction lookahead=true
execution scan deviations pallet='MH423C-LAMY16315FN01S-1' count=4: expected='WCS-0122-DZX448-0000' selected='WCS-0895-ZX848-0000' box='WCS-0122-DZX448-0000' after='WCS-0895-ZX848-0000' reason=open_direction lookahead=true; expected='WCS-0754-DZX448-0000' selected='WCS-0712-YZX444-0000' box='WCS-0754-DZX448-0000' after='WCS-0712-YZX444-0000' reason=open_direction lookahead=true; expected='WCS-1018-YZX448-0000' selected='WCS-0762-DZX448-0000' box='WCS-1018-YZX448-0000' after='WCS-0762-DZX448-0000' reason=open_direction lookahead=true; expected='WCS-0284-YBB077-0000' selected='WCS-0292-YBB077-0000' box='WCS-0284-YBB077-0000' after='WCS-0292-YBB077-0000' reason=open_direction lookahead=true
execution scan deviations pallet='MH423C-LAID16306DN02S-1' count=2: expected='WCS-0700-DZX244-0000' selected='WCS-0280-YZX224-0000' box='WCS-0700-DZX244-0000' after='WCS-0280-YZX224-0000' reason=open_direction lookahead=true; expected='WCS-0491-DZX424-0000' selected='WCS-0500-DZX424-0000' box='WCS-0491-DZX424-0000' after='WCS-0500-DZX424-0000' reason=open_direction lookahead=true
execution scan deviations pallet='MH423C-PEG086300LN01S-1' count=9: expected='WCS-1341-DZX444-0000' selected='WCS-0818-DZX424-0000' box='WCS-1341-DZX444-0000' after='WCS-0818-DZX424-0000' reason=open_direction lookahead=true; expected='WCS-1347-DZX444-0000' selected='WCS-1356-DZX444-0000' box='WCS-1347-DZX444-0000' after='WCS-1356-DZX444-0000' reason=open_direction lookahead=true; expected='WCS-1350-DZX444-0000' selected='WCS-0427-DZX424-0000' box='WCS-1350-DZX444-0000' after='WCS-0427-DZX424-0000' reason=open_direction lookahead=true; expected='WCS-1342-DZX444-0000' selected='WCS-1353-DZX428-0000' box='WCS-1342-DZX444-0000' after='WCS-1353-DZX428-0000' reason=open_direction lookahead=true; expected='WCS-1348-DZX444-0000' selected='WCS-1357-DZX444-0000' box='WCS-1348-DZX444-0000' after='WCS-1357-DZX444-0000' reason=open_direction lookahead=true; expected='WCS-1354-DZX444-0000' selected='WCS-1343-DZX428-0000' box='WCS-1354-DZX444-0000' after='WCS-1343-DZX428-0000' reason=open_direction lookahead=true; expected='WCS-1346-DZX444-0000' selected='WCS-1359-DZX428-0000' box='WCS-1346-DZX444-0000' after='WCS-1359-DZX428-0000' reason=open_direction lookahead=true; expected='WCS-1349-DZX444-0000' selected='WCS-1361-DZX444-0000' box='WCS-1349-DZX444-0000' after='WCS-1361-DZX444-0000' reason=open_direction lookahead=true; ...
execution scan deviations pallet='MH423C-LAID16306DN03S-1' count=1: expected='WCS-0310-DZX244-0000' selected='WCS-0277-YZX224-0000' box='WCS-0310-DZX244-0000' after='WCS-0277-YZX224-0000' reason=open_direction lookahead=true
execution scan deviations pallet='MH423C-LFEG16310IN01S-2' count=4: expected='WCS-1053-YZX448-0000' selected='WCS-0790-YZX848-0000' box='WCS-1053-YZX448-0000' after='WCS-0790-YZX848-0000' reason=open_direction lookahead=true; expected='WCS-1054-YZX448-0000' selected='WCS-0990-YZX444-0000' box='WCS-1054-YZX448-0000' after='WCS-0990-YZX444-0000' reason=open_direction lookahead=true; expected='WCS-0669-YZX448-0000' selected='WCS-0858-YZX848-0000' box='WCS-0669-YZX448-0000' after='WCS-0858-YZX848-0000' reason=open_direction lookahead=true; expected='WCS-0717-YZX244-0000' selected='WCS-0859-YZX848-0000' box='WCS-0717-YZX244-0000' after='WCS-0859-YZX848-0000' reason=open_direction lookahead=true
execution scan deviations pallet='MH423C-LFEG16316AN01S-1' count=3: expected='WCS-1485-YZX424-0000' selected='WCS-1613-YZX444-0000' box='WCS-1485-YZX424-0000' after='WCS-1613-YZX444-0000' reason=open_direction lookahead=true; expected='WCS-1486-YZX424-0000' selected='WCS-1576-YZX424-0000' box='WCS-1486-YZX424-0000' after='WCS-1576-YZX424-0000' reason=open_direction lookahead=true; expected='WCS-0720-YZX224-0000' selected='WCS-1574-YZX424-0000' box='WCS-0720-YZX224-0000' after='WCS-1574-YZX424-0000' reason=open_direction lookahead=true
execution scan deviations pallet='MH423C-PAIN26310BC02S-1' count=1: expected='WCS-0614-YZX222-0000' selected='WCS-0615-YZX222-0000' box='WCS-0614-YZX222-0000' after='WCS-0615-YZX222-0000' reason=open_direction lookahead=true
execution scan deviations pallet='MH423C-LFEG16310IN03S-1' count=4: expected='WCS-0470-DZX448-0000' selected='WCS-0794-YZX848-0000' box='WCS-0470-DZX448-0000' after='WCS-0794-YZX848-0000' reason=open_direction lookahead=true; expected='WCS-0371-YBB005-0000' selected='WCS-0825-YZX848-0000' box='WCS-0371-YBB005-0000' after='WCS-0825-YZX848-0000' reason=open_direction lookahead=true; expected='WCS-1052-YZX448-0000' selected='WCS-0380-YBB005-0000' box='WCS-1052-YZX448-0000' after='WCS-0380-YBB005-0000' reason=open_direction lookahead=true; expected='WCS-0369-YBB005-0000' selected='WCS-0428-YZX428-0000' box='WCS-0369-YBB005-0000' after='WCS-0428-YZX428-0000' reason=open_direction lookahead=true
execution scan deviations pallet='MH423C-LFEG16310IN03S-2' count=3: expected='WCS-1527-YZX424-0000' selected='WCS-1057-YZX424-0000' box='WCS-1527-YZX424-0000' after='WCS-1057-YZX424-0000' reason=open_direction lookahead=true; expected='WCS-1058-YZX424-0000' selected='WCS-1619-DZX422-0000' box='WCS-1058-YZX424-0000' after='WCS-1619-DZX422-0000' reason=open_direction lookahead=true; expected='WCS-1581-DZX422-0000' selected='WCS-1592-DZX422-0000' box='WCS-1581-DZX422-0000' after='WCS-1592-DZX422-0000' reason=open_direction lookahead=true
execution scan deviations pallet='MH423C-PAIN26316EC02S-1' count=2: expected='WCS-1038-YZX507-0000' selected='WCS-1035-YZX507-0000' box='WCS-1038-YZX507-0000' after='WCS-1035-YZX507-0000' reason=open_direction lookahead=true; expected='WCS-0997-YZX424-0000' selected='WCS-0994-YZX424-0000' box='WCS-0997-YZX424-0000' after='WCS-0994-YZX424-0000' reason=open_direction lookahead=true
execution scan deviations pallet='MH423C-PAIN26316EC02S-2' count=1: expected='WCS-1039-YZX507-0000' selected='WCS-0607-YZX444-0000' box='WCS-1039-YZX507-0000' after='WCS-0607-YZX444-0000' reason=open_direction lookahead=true
execution scan deviations pallet='MH423C-LFEG16300IN02S-1' count=1: expected='WCS-0719-YZX244-0000' selected='WCS-0409-DZX444-0000' box='WCS-0719-YZX244-0000' after='WCS-0409-DZX444-0000' reason=open_direction lookahead=true
execution scan deviations pallet='MH423C-LAID16315EN03S-1' count=4: expected='WCS-1283-YZX424-0000' selected='WCS-1277-YZX424-0000' box='WCS-1283-YZX424-0000' after='WCS-1277-YZX424-0000' reason=open_direction lookahead=true; expected='WCS-1284-YZX424-0000' selected='WCS-1276-YZX424-0000' box='WCS-1284-YZX424-0000' after='WCS-1276-YZX424-0000' reason=open_direction lookahead=true; expected='WCS-1285-YZX424-0000' selected='WCS-1293-YZX428-0000' box='WCS-1285-YZX424-0000' after='WCS-1293-YZX428-0000' reason=open_direction lookahead=true; expected='WCS-0574-YZX444-0000' selected='WCS-0579-YZX444-0000' box='WCS-0574-YZX444-0000' after='WCS-0579-YZX444-0000' reason=open_direction lookahead=true
execution scan deviations pallet='MH423C-LAID16316DN02S-1' count=1: expected='WCS-1014-DZX444-0000' selected='WCS-1983-DZX448-0000' box='WCS-1014-DZX444-0000' after='WCS-1983-DZX448-0000' reason=open_direction lookahead=true
execution scan deviations pallet='MH423C-LAID16315EN02S-1' count=1: expected='WCS-1510-YZX428-0000' selected='WCS-1509-YZX448-0000' box='WCS-1510-YZX428-0000' after='WCS-1509-YZX448-0000' reason=open_direction lookahead=true
execution scan deviations pallet='MH423C-PAID163108N01S-1' count=1: expected='WCS-0778-DZX424-0000' selected='WCS-0886-DZX428-0000' box='WCS-0778-DZX424-0000' after='WCS-0886-DZX428-0000' reason=open_direction lookahead=true
execution scan deviations pallet='MH423C-PAIN26310GN01S-2' count=2: expected='WCS-1539-YZX428-0000' selected='WCS-1555-YZX428-0000' box='WCS-1539-YZX428-0000' after='WCS-1555-YZX428-0000' reason=open_direction lookahead=true; expected='WCS-1545-YZX428-0000' selected='WCS-1570-YZX428-0000' box='WCS-1545-YZX428-0000' after='WCS-1570-YZX428-0000' reason=open_direction lookahead=true
[执行规划] 已删除原方案（仅保留 execution）：packing_plan_20260731_134316.json
[执行规划] 完成；统一使用：D:\research_code\final\zhuang\packing-workspace\output\success\packing_plan_20260731_134316_execution.json
[WCS-装] 接口 2 使用执行顺序方案，发送体已保存：D:\research_code\final\zhuang\packing-workspace\output\success\wcs_plan_20260731_134316.json（78 个 case）
[WCS-装] 执行顺序方案执行层映射已保存：D:\research_code\final\zhuang\packing-workspace\output\success\wcs_plan_map_20260731_134316.json
[WCS-装] 已跳过接口 2 推送（仅本地保存）。
[UI-RESULT] D:\research_code\final\zhuang\packing-workspace\output\success\packing_plan_20260731_134316_execution.json
[WCS-装] 算完后 need_repack 仍为 True → 立即再算。
[WCS] 已加载 BMS 参考表：D:\research_code\final\zhuang\packing-workspace\data\selected_5000_boxes_9_1_concentrated_3orders.xlsx
============================================================
[WCS-装] 20260731_135312：库存行 2036 条，开始装箱 …
[WCS-装] 展开为 2036 个箱子。
数据预处理和箱子分组完成（按托盘类型+销售订单号）。
----------------------------------------
  - 组内子聚类：10 个混合订单拆出规则子集走 GCP、杂箱走 baseline。
正在处理托盘类型：MH423C，销售订单号：LAID16306DN01S
  - 主算法：全局列式装箱 + 柱级组合优化（GCP）。
  - 失败托盘互借诊断：未合并（aborted_no_improvement_possible）。
托盘类型 MH423C（销售订单号：LAID16306DN01S）处理完成：总托盘 2，指数达标 0，未达标 2，平均缺口 74.25，最大缺口 131.50，失败托盘互借修复成功 0。
  - KPI：near/mid/deep=0/1/1，救回率=0.00%，pair效率=0.00%。
  - 耗时拆解：packing=54.67s，main_topup=0.00s，retry=0.00s，failed_pool=0.00s，repack=2.47s，total=57.14s。
  - 条件双路径棘轮：替代完整路径通过守恒和最终门禁，严格优于 GCP，已采用。
正在处理托盘类型：MH423C，销售订单号：LAID16305BN02S
  - 主算法：全局列式装箱 + 柱级组合优化（GCP）。
  - GCP 盘数远超理论（CP-SAT 装不满）→ 回退 baseline beam + 配方优先。
  - 配方优先[fast]：规划 0 实例，实装成功 0，配方路径不可用 → 采用基线方案。
  - 指数诊断：箱子 82 个，总指数 156，目标 192，理论最多达标托盘 0 个，剩余指数 156。
  - 几何诊断：典型整层堆叠单盘参考上限 98.5/192。 当前目标可能受托盘高度/箱型组合限制。
  - 几何诊断提示：典型整层参考值 98.5 < 目标 192；该值不是不可达证明，继续执行指数救援。
  - 失败托盘互借诊断：未合并（aborted_no_improvement_possible）。
托盘类型 MH423C（销售订单号：LAID16305BN02S）处理完成：总托盘 2，指数达标 0，未达标 2，平均缺口 114.00，最大缺口 185.00，失败托盘互借修复成功 0。
  - KPI：near/mid/deep=0/0/2，救回率=0.00%，pair效率=0.00%。
  - 耗时拆解：packing=1.12s，main_topup=0.03s，retry=0.00s，failed_pool=0.00s，repack=1.99s，total=9.07s。
正在处理托盘类型：MH423C，销售订单号：LAID16305BN02S__SPLITREST__
  - 该分组不适合列式（多非满柱）→ 回退 beam + 配方优先。
  - 配方优先[fast]：规划 0 实例，实装成功 0，配方路径不可用 → 采用基线方案。
  - 指数诊断：箱子 12 个，总指数 48，目标 192，理论最多达标托盘 0 个，剩余指数 48。
  - 几何诊断：典型整层堆叠单盘参考上限 48/192。 当前目标可能受托盘高度/箱型组合限制。
  - 几何诊断提示：典型整层参考值 48 < 目标 192；该值不是不可达证明，继续执行指数救援。
  - 失败托盘互借诊断：未合并（no_target_or_single_plan）。
托盘类型 MH423C（销售订单号：LAID16305BN02S__SPLITREST__）处理完成：总托盘 1，指数达标 0，未达标 1，平均缺口 144.00，最大缺口 144.00，失败托盘互借修复成功 0。
  - KPI：near/mid/deep=0/0/1，救回率=0.00%，pair效率=0.00%。
  - 耗时拆解：packing=0.00s，main_topup=0.00s，retry=0.00s，failed_pool=0.00s，repack=0.00s，total=0.00s。
正在处理托盘类型：MH423C，销售订单号：LAID16305EN01S
  - 该分组不适合列式（多非满柱）→ 回退 beam + 配方优先。
  - 配方优先[fast]：规划 0 实例，实装成功 0，配方路径不可用 → 采用基线方案。
  - 指数诊断：箱子 28 个，总指数 90.5，目标 192，理论最多达标托盘 0 个，剩余指数 90.5。
  - 几何诊断：典型整层堆叠单盘参考上限 67/192。 当前目标可能受托盘高度/箱型组合限制。
  - 几何诊断提示：典型整层参考值 67 < 目标 192；该值不是不可达证明，继续执行指数救援。
  - 失败托盘互借诊断：未合并（aborted_no_improvement_possible）。
托盘类型 MH423C（销售订单号：LAID16305EN01S）处理完成：总托盘 2，指数达标 0，未达标 2，平均缺口 146.75，最大缺口 176.00，失败托盘互借修复成功 0。
  - KPI：near/mid/deep=0/0/2，救回率=0.00%，pair效率=0.00%。
  - 耗时拆解：packing=0.10s，main_topup=0.00s，retry=0.00s，failed_pool=0.00s，repack=0.20s，total=0.58s。
正在处理托盘类型：MH423C，销售订单号：PAID16306DN01S
  - 主算法：全局列式装箱 + 柱级组合优化（GCP）。
  - 失败托盘互借诊断：未合并（no_target_or_single_plan）。
托盘类型 MH423C（销售订单号：PAID16306DN01S）处理完成：总托盘 1，指数达标 0，未达标 1，平均缺口 87.00，最大缺口 87.00，失败托盘互借修复成功 0。
  - KPI：near/mid/deep=0/0/1，救回率=0.00%，pair效率=0.00%。
  - 耗时拆解：packing=3.58s，main_topup=0.00s，retry=0.00s，failed_pool=0.00s，repack=0.00s，total=3.58s。
正在处理托盘类型：MH423C，销售订单号：PAID16306DN01S__SPLITREST__
  - 该分组不适合列式（多非满柱）→ 回退 beam + 配方优先。
  - 配方优先[fast]：规划 0 实例，实装成功 0，配方路径不可用 → 采用基线方案。
  - 指数诊断：箱子 2 个，总指数 1，目标 192，理论最多达标托盘 0 个，剩余指数 1。
  - 几何诊断：典型整层堆叠单盘参考上限 1/192。 当前目标可能受托盘高度/箱型组合限制。
  - 几何诊断提示：典型整层参考值 1 < 目标 192；该值不是不可达证明，继续执行指数救援。
  - 失败托盘互借诊断：未合并（no_target_or_single_plan）。
托盘类型 MH423C（销售订单号：PAID16306DN01S__SPLITREST__）处理完成：总托盘 1，指数达标 0，未达标 1，平均缺口 191.00，最大缺口 191.00，失败托盘互借修复成功 0。
  - KPI：near/mid/deep=0/0/1，救回率=0.00%，pair效率=0.00%。
  - 耗时拆解：packing=0.00s，main_topup=0.00s，retry=0.00s，failed_pool=0.00s，repack=0.00s，total=0.01s。
正在处理托盘类型：MH423C，销售订单号：LAID16305BN01S
  - 主算法：全局列式装箱 + 柱级组合优化（GCP）。
============================================================
[WCS-拉] 20260731_135515：拉取接口 1 …
[WCS-拉] 原始响应已保存：D:\research_code\final\zhuang\packing-workspace\input\raw\20260731_135515.json
[WCS-拉] 已剔除 case_type≠MH423C 的品类 63 条（类型：['MH113', 'WR246']），保留 2050 条。
[WCS-拉] 忽略 4 条零尺寸/非法尺寸库存；有效记录 2046 条；样例：product_code=30086366/box_type=YZX507/0×0×0, product_code=30086359/box_type=YZX507/0×0×0, product_code=30086364/box_type=YZX507/0×0×0, product_code=30086358/box_type=YZX507/0×0×0
[WCS-DB] wcs_stock_box 已全量替换：清空 2036 → 插入 2046
[WCS-拉] wcs_stock_box 已全量替换：删 2036，插 2046。
[WCS-DB] wcs_stock_box_all product_code 已存在、跳过 2036 条
[WCS-拉] wcs_stock_box_all 追加：新插入 10，跳过已有 2036（历史不删）。
[WCS-拉] 库存有变化 → need_repack=True，唤醒装箱。
  - 失败托盘互借诊断：未合并（aborted_no_improvement_possible）。
托盘类型 MH423C（销售订单号：LAID16305BN01S）处理完成：总托盘 2，指数达标 0，未达标 2，平均缺口 90.50，最大缺口 176.00，失败托盘互借修复成功 0。
  - KPI：near/mid/deep=1/0/1，救回率=0.00%，pair效率=0.00%。
  - 耗时拆解：packing=68.83s，main_topup=0.00s，retry=0.00s，failed_pool=0.00s，repack=3.31s，total=72.14s。
  - 条件双路径棘轮：替代完整路径未严格改善，保留 GCP。
正在处理托盘类型：MH423C，销售订单号：LAID16305BN01S__SPLITREST__
  - 该分组不适合列式（多非满柱）→ 回退 beam + 配方优先。
  - 配方优先[fast]：规划 0 实例，实装成功 0，配方路径不可用 → 采用基线方案。
  - 指数诊断：箱子 12 个，总指数 48，目标 192，理论最多达标托盘 0 个，剩余指数 48。
  - 几何诊断：典型整层堆叠单盘参考上限 48/192。 当前目标可能受托盘高度/箱型组合限制。
  - 几何诊断提示：典型整层参考值 48 < 目标 192；该值不是不可达证明，继续执行指数救援。
  - 失败托盘互借诊断：未合并（no_target_or_single_plan）。
托盘类型 MH423C（销售订单号：LAID16305BN01S__SPLITREST__）处理完成：总托盘 1，指数达标 0，未达标 1，平均缺口 144.00，最大缺口 144.00，失败托盘互借修复成功 0。
  - KPI：near/mid/deep=0/0/1，救回率=0.00%，pair效率=0.00%。
  - 耗时拆解：packing=0.00s，main_topup=0.00s，retry=0.00s，failed_pool=0.00s，repack=0.00s，total=0.00s。
正在处理托盘类型：MH423C，销售订单号：LFEG16300IN03S
  - 主算法：全局列式装箱 + 柱级组合优化（GCP）。
  - GCP 盘数远超理论（CP-SAT 装不满）→ 回退 baseline beam + 配方优先。
  - 配方优先[fast]：规划 0 实例，实装成功 0，配方路径不可用 → 采用基线方案。
  - 指数诊断：箱子 50 个，总指数 126，目标 192，理论最多达标托盘 0 个，剩余指数 126。
  - 几何诊断：典型整层堆叠单盘参考上限 86/192。 当前目标可能受托盘高度/箱型组合限制。
  - 几何诊断提示：典型整层参考值 86 < 目标 192；该值不是不可达证明，继续执行指数救援。
  - 失败托盘互借诊断：未合并（no_target_or_single_plan）。
托盘类型 MH423C（销售订单号：LFEG16300IN03S）处理完成：总托盘 1，指数达标 0，未达标 1，平均缺口 66.00，最大缺口 66.00，失败托盘互借修复成功 0。
  - KPI：near/mid/deep=0/0/1，救回率=0.00%，pair效率=0.00%。
  - 耗时拆解：packing=0.37s，main_topup=0.01s，retry=0.00s，failed_pool=0.00s，repack=0.00s，total=2.10s。
正在处理托盘类型：MH423C，销售订单号：LFEG16300IN03S__SPLITREST__
  - 该分组不适合列式（多非满柱）→ 回退 beam + 配方优先。
  - 配方优先[fast]：规划 0 实例，实装成功 0，配方路径不可用 → 采用基线方案。
  - 指数诊断：箱子 3 个，总指数 4.5，目标 192，理论最多达标托盘 0 个，剩余指数 4.5。
  - 几何诊断：典型整层堆叠单盘参考上限 4.5/192。 当前目标可能受托盘高度/箱型组合限制。
  - 几何诊断提示：典型整层参考值 4.5 < 目标 192；该值不是不可达证明，继续执行指数救援。
  - 失败托盘互借诊断：未合并（no_target_or_single_plan）。
托盘类型 MH423C（销售订单号：LFEG16300IN03S__SPLITREST__）处理完成：总托盘 1，指数达标 0，未达标 1，平均缺口 187.50，最大缺口 187.50，失败托盘互借修复成功 0。
  - KPI：near/mid/deep=0/0/1，救回率=0.00%，pair效率=0.00%。
  - 耗时拆解：packing=0.00s，main_topup=0.00s，retry=0.00s，failed_pool=0.00s，repack=0.00s，total=0.01s。
正在处理托盘类型：MH423C，销售订单号：LAID16305BN03S
  - 该分组不适合列式（多非满柱）→ 回退 beam + 配方优先。
  - 配方优先[fast]：规划 0 实例，实装成功 0，配方路径不可用 → 采用基线方案。
  - 指数诊断：箱子 54 个，总指数 111，目标 192，理论最多达标托盘 0 个，剩余指数 111。
  - 几何诊断：典型整层堆叠单盘参考上限 85/192。 当前目标可能受托盘高度/箱型组合限制。
  - 几何诊断提示：典型整层参考值 85 < 目标 192；该值不是不可达证明，继续执行指数救援。
  - 失败托盘互借诊断：未合并（aborted_no_improvement_possible）。
托盘类型 MH423C（销售订单号：LAID16305BN03S）处理完成：总托盘 2，指数达标 0，未达标 2，平均缺口 136.50，最大缺口 171.00，失败托盘互借修复成功 0。
  - KPI：near/mid/deep=0/0/2，救回率=0.00%，pair效率=0.00%。
  - 耗时拆解：packing=1.21s，main_topup=0.00s，retry=0.00s，failed_pool=0.00s，repack=0.76s，total=1.97s。
正在处理托盘类型：MH423C，销售订单号：LAMY16315FN01S
  - 该分组不适合列式（多非满柱）→ 回退 beam + 配方优先。
  - 配方优先[fast]：规划 0 实例，实装成功 0，配方路径不可用 → 采用基线方案。
  - 指数诊断：箱子 34 个，总指数 86.5，目标 192，理论最多达标托盘 0 个，剩余指数 86.5。
  - 几何诊断：典型整层堆叠单盘参考上限 73/192。 当前目标可能受托盘高度/箱型组合限制。
  - 几何诊断提示：典型整层参考值 73 < 目标 192；该值不是不可达证明，继续执行指数救援。
  - 失败托盘互借诊断：未合并（aborted_no_improvement_possible）。
托盘类型 MH423C（销售订单号：LAMY16315FN01S）处理完成：总托盘 2，指数达标 0，未达标 2，平均缺口 148.75，最大缺口 166.00，失败托盘互借修复成功 0。
  - KPI：near/mid/deep=0/0/2，救回率=0.00%，pair效率=0.00%。
  - 耗时拆解：packing=0.15s，main_topup=0.00s，retry=0.00s，failed_pool=0.00s，repack=0.31s，total=0.86s。
正在处理托盘类型：MH423C，销售订单号：PAID16305EC01S
  - 该分组不适合列式（多非满柱）→ 回退 beam + 配方优先。
  - 配方优先[fast]：规划 0 实例，实装成功 0，配方路径不可用 → 采用基线方案。
  - 指数诊断：箱子 2 个，总指数 2，目标 192，理论最多达标托盘 0 个，剩余指数 2。
  - 几何诊断：典型整层堆叠单盘参考上限 2/192。 当前目标可能受托盘高度/箱型组合限制。
  - 几何诊断提示：典型整层参考值 2 < 目标 192；该值不是不可达证明，继续执行指数救援。
  - 失败托盘互借诊断：未合并（no_target_or_single_plan）。
托盘类型 MH423C（销售订单号：PAID16305EC01S）处理完成：总托盘 1，指数达标 0，未达标 1，平均缺口 190.00，最大缺口 190.00，失败托盘互借修复成功 0。
  - KPI：near/mid/deep=0/0/1，救回率=0.00%，pair效率=0.00%。
  - 耗时拆解：packing=0.00s，main_topup=0.00s，retry=0.00s，failed_pool=0.00s，repack=0.00s，total=0.00s。
正在处理托盘类型：MH423C，销售订单号：LAID16306DN02S
  - 主算法：全局列式装箱 + 柱级组合优化（GCP）。
  - GCP 盘数远超理论（CP-SAT 装不满）→ 回退 baseline beam + 配方优先。
  - 配方优先[fast]：规划 0 实例，实装成功 0，配方路径不可用 → 采用基线方案。
  - 指数诊断：箱子 44 个，总指数 180，目标 192，理论最多达标托盘 0 个，剩余指数 180。
  - 几何诊断：典型整层堆叠单盘参考上限 100/192。 当前目标可能受托盘高度/箱型组合限制。
  - 几何诊断提示：典型整层参考值 100 < 目标 192；该值不是不可达证明，继续执行指数救援。
  - 失败托盘互借诊断：未合并（aborted_no_improvement_possible）。
托盘类型 MH423C（销售订单号：LAID16306DN02S）处理完成：总托盘 2，指数达标 0，未达标 2，平均缺口 102.00，最大缺口 178.00，失败托盘互借修复成功 0。
  - KPI：near/mid/deep=0/0/2，救回率=0.00%，pair效率=0.00%。
  - 耗时拆解：packing=0.28s，main_topup=0.01s，retry=0.00s，failed_pool=0.00s，repack=0.47s，total=2.08s。
正在处理托盘类型：MH423C，销售订单号：LAID16306DN02S__SPLITREST__
  - 该分组不适合列式（多非满柱）→ 回退 beam + 配方优先。
  - 配方优先[fast]：规划 0 实例，实装成功 0，配方路径不可用 → 采用基线方案。
  - 指数诊断：箱子 4 个，总指数 4，目标 192，理论最多达标托盘 0 个，剩余指数 4。
  - 几何诊断：典型整层堆叠单盘参考上限 4/192。 当前目标可能受托盘高度/箱型组合限制。
  - 几何诊断提示：典型整层参考值 4 < 目标 192；该值不是不可达证明，继续执行指数救援。
  - 失败托盘互借诊断：未合并（no_target_or_single_plan）。
托盘类型 MH423C（销售订单号：LAID16306DN02S__SPLITREST__）处理完成：总托盘 1，指数达标 0，未达标 1，平均缺口 188.00，最大缺口 188.00，失败托盘互借修复成功 0。
  - KPI：near/mid/deep=0/0/1，救回率=0.00%，pair效率=0.00%。
  - 耗时拆解：packing=0.00s，main_topup=0.00s，retry=0.00s，failed_pool=0.00s，repack=0.00s，total=0.02s。
正在处理托盘类型：MH423C，销售订单号：LAID16315EN01S
  - 主算法：全局列式装箱 + 柱级组合优化（GCP）。
  - 失败托盘互借诊断：未合并（no_target_or_single_plan）。
托盘类型 MH423C（销售订单号：LAID16315EN01S）处理完成：总托盘 1，指数达标 0，未达标 1，平均缺口 10.00，最大缺口 10.00，失败托盘互借修复成功 0。
  - KPI：near/mid/deep=0/1/0，救回率=0.00%，pair效率=0.00%。
  - 耗时拆解：packing=6.38s，main_topup=0.00s，retry=0.00s，failed_pool=0.00s，repack=0.00s，total=6.38s。
正在处理托盘类型：MH423C，销售订单号：PEG086300LN01S
  - 主算法：全局列式装箱 + 柱级组合优化（GCP）。
  - GCP 盘数远超理论（CP-SAT 装不满）→ 回退 baseline beam + 配方优先。
  - 配方优先[fast]：规划 0 实例，实装成功 0，配方路径不可用 → 采用基线方案。
  - 指数诊断：箱子 64 个，总指数 143，目标 192，理论最多达标托盘 0 个，剩余指数 143。
  - 几何诊断：典型整层堆叠单盘参考上限 101/192。 当前目标可能受托盘高度/箱型组合限制。
  - 几何诊断提示：典型整层参考值 101 < 目标 192；该值不是不可达证明，继续执行指数救援。
  - 失败盘装满压实：合并/吸收 1 次（纯减盘数）。
  - 失败托盘互借诊断：未合并（aborted_no_improvement_possible）。
托盘类型 MH423C（销售订单号：PEG086300LN01S）处理完成：总托盘 1，指数达标 0，未达标 1，平均缺口 49.00，最大缺口 49.00，失败托盘互借修复成功 0。
  - KPI：near/mid/deep=0/0/1，救回率=0.00%，pair效率=0.00%。
  - 耗时拆解：packing=0.75s，main_topup=0.01s，retry=0.00s，failed_pool=0.00s，repack=0.70s，total=5.26s。
正在处理托盘类型：MH423C，销售订单号：LAID16306DN03S
  - 该分组不适合列式（多非满柱）→ 回退 beam + 配方优先。
  - 配方优先[fast]：规划 0 实例，实装成功 0，配方路径不可用 → 采用基线方案。
  - 指数诊断：箱子 10 个，总指数 40，目标 192，理论最多达标托盘 0 个，剩余指数 40。
  - 几何诊断：典型整层堆叠单盘参考上限 36/192。 当前目标可能受托盘高度/箱型组合限制。
  - 几何诊断提示：典型整层参考值 36 < 目标 192；该值不是不可达证明，继续执行指数救援。
  - 失败托盘互借诊断：未合并（no_target_or_single_plan）。
托盘类型 MH423C（销售订单号：LAID16306DN03S）处理完成：总托盘 1，指数达标 0，未达标 1，平均缺口 152.00，最大缺口 152.00，失败托盘互借修复成功 0。
  - KPI：near/mid/deep=0/0/1，救回率=0.00%，pair效率=0.00%。
  - 耗时拆解：packing=0.03s，main_topup=0.00s，retry=0.00s，failed_pool=0.00s，repack=0.00s，total=0.03s。
正在处理托盘类型：MH423C，销售订单号：LFEG16310IN02S
  - 该分组不适合列式（多非满柱）→ 回退 beam + 配方优先。
  - 配方优先[fast]：规划 0 实例，实装成功 0，配方路径不可用 → 采用基线方案。
  - 指数诊断：箱子 58 个，总指数 166，目标 192，理论最多达标托盘 0 个，剩余指数 166。
  - 几何诊断：典型整层堆叠单盘参考上限 100/192。 当前目标可能受托盘高度/箱型组合限制。
  - 几何诊断提示：典型整层参考值 100 < 目标 192；该值不是不可达证明，继续执行指数救援。
  - 失败托盘互借诊断：未合并（aborted_no_improvement_possible）。
托盘类型 MH423C（销售订单号：LFEG16310IN02S）处理完成：总托盘 2，指数达标 0，未达标 2，平均缺口 109.00，最大缺口 187.00，失败托盘互借修复成功 0。
  - KPI：near/mid/deep=0/0/2，救回率=0.00%，pair效率=0.00%。
  - 耗时拆解：packing=0.46s，main_topup=0.01s，retry=0.00s，failed_pool=0.00s，repack=0.82s，total=2.68s。
正在处理托盘类型：MH423C，销售订单号：LFEG16310IN01S
  - 主算法：全局列式装箱 + 柱级组合优化（GCP）。
  - 失败托盘互借诊断：未合并（aborted_no_improvement_possible）。
托盘类型 MH423C（销售订单号：LFEG16310IN01S）处理完成：总托盘 2，指数达标 0，未达标 2，平均缺口 91.00，最大缺口 176.00，失败托盘互借修复成功 0。
  - KPI：near/mid/deep=1/0/1，救回率=0.00%，pair效率=0.00%。
  - 耗时拆解：packing=66.83s，main_topup=0.00s，retry=0.00s，failed_pool=0.00s，repack=1.05s，total=67.88s。
  - 条件双路径棘轮：替代完整路径通过守恒和最终门禁，严格优于 GCP，已采用。
正在处理托盘类型：MH423C，销售订单号：LFEG16310IN01S__SPLITREST__
  - 该分组不适合列式（多非满柱）→ 回退 beam + 配方优先。
  - 配方优先[fast]：规划 0 实例，实装成功 0，配方路径不可用 → 采用基线方案。
  - 指数诊断：箱子 3 个，总指数 8，目标 192，理论最多达标托盘 0 个，剩余指数 8。
  - 几何诊断：典型整层堆叠单盘参考上限 8/192。 当前目标可能受托盘高度/箱型组合限制。
  - 几何诊断提示：典型整层参考值 8 < 目标 192；该值不是不可达证明，继续执行指数救援。
  - 失败托盘互借诊断：未合并（no_target_or_single_plan）。
托盘类型 MH423C（销售订单号：LFEG16310IN01S__SPLITREST__）处理完成：总托盘 1，指数达标 0，未达标 1，平均缺口 184.00，最大缺口 184.00，失败托盘互借修复成功 0。
  - KPI：near/mid/deep=0/0/1，救回率=0.00%，pair效率=0.00%。
  - 耗时拆解：packing=0.00s，main_topup=0.00s，retry=0.00s，failed_pool=0.00s，repack=0.00s，total=0.01s。
正在处理托盘类型：MH423C，销售订单号：LFEG16316AN01S
  - 主算法：全局列式装箱 + 柱级组合优化（GCP）。
  - 失败托盘互借诊断：未合并（no_target_or_single_plan）。
托盘类型 MH423C（销售订单号：LFEG16316AN01S）处理完成：总托盘 1，指数达标 0，未达标 1，平均缺口 131.00，最大缺口 131.00，失败托盘互借修复成功 0。
  - KPI：near/mid/deep=0/0/1，救回率=0.00%，pair效率=0.00%。
  - 耗时拆解：packing=0.05s，main_topup=0.00s，retry=0.00s，failed_pool=0.00s，repack=0.00s，total=0.05s。
正在处理托盘类型：MH423C，销售订单号：PAIN26310BC02S
  - 该分组不适合列式（多非满柱）→ 回退 beam + 配方优先。
  - 配方优先[fast]：规划 0 实例，实装成功 0，配方路径不可用 → 采用基线方案。
  - 指数诊断：箱子 12 个，总指数 86，目标 192，理论最多达标托盘 0 个，剩余指数 86。
  - 几何诊断：典型整层堆叠单盘参考上限 52/192。 当前目标可能受托盘高度/箱型组合限制。
  - 几何诊断提示：典型整层参考值 52 < 目标 192；该值不是不可达证明，继续执行指数救援。
  - 失败托盘互借诊断：未合并（no_target_or_single_plan）。
托盘类型 MH423C（销售订单号：PAIN26310BC02S）处理完成：总托盘 1，指数达标 0，未达标 1，平均缺口 106.00，最大缺口 106.00，失败托盘互借修复成功 0。
  - KPI：near/mid/deep=0/0/1，救回率=0.00%，pair效率=0.00%。
  - 耗时拆解：packing=0.05s，main_topup=0.00s，retry=0.00s，failed_pool=0.00s，repack=0.00s，total=0.05s。
正在处理托盘类型：MH423C，销售订单号：LFEG16310IN03S
  - 主算法：全局列式装箱 + 柱级组合优化（GCP）。
  - GCP 盘数远超理论（CP-SAT 装不满）→ 回退 baseline beam + 配方优先。
  - 托盘 MH423C-LFEG16310IN03S-2 未找到可行装箱方案，启用剩余箱子守恒兜底。
  - 配方优先[fast]：规划 0 实例，实装成功 0，配方路径不可用 → 采用基线方案。
  - 指数诊断：箱子 48 个，总指数 186，目标 192，理论最多达标托盘 0 个，剩余指数 186。
  - 几何诊断：典型整层堆叠单盘参考上限 152/192。 当前目标可能受托盘高度/箱型组合限制。
  - 几何诊断提示：典型整层参考值 152 < 目标 192；该值不是不可达证明，继续执行指数救援。
  - 失败托盘互借诊断：未合并（aborted_no_improvement_possible）。
托盘类型 MH423C（销售订单号：LFEG16310IN03S）处理完成：总托盘 3，指数达标 0，未达标 3，平均缺口 130.00，最大缺口 190.00，失败托盘互借修复成功 0。
  - KPI：near/mid/deep=0/1/2，救回率=0.00%，pair效率=0.00%。
  - 耗时拆解：packing=0.30s，main_topup=0.00s，retry=0.00s，failed_pool=0.00s，repack=0.72s，total=2.32s。
正在处理托盘类型：MH423C，销售订单号：LFEG16310IN03S__SPLITREST__
  - 该分组不适合列式（多非满柱）→ 回退 beam + 配方优先。
  - 配方优先[fast]：规划 0 实例，实装成功 0，配方路径不可用 → 采用基线方案。
  - 指数诊断：箱子 18 个，总指数 27，目标 192，理论最多达标托盘 0 个，剩余指数 27。
  - 几何诊断：典型整层堆叠单盘参考上限 23/192。 当前目标可能受托盘高度/箱型组合限制。
  - 几何诊断提示：典型整层参考值 23 < 目标 192；该值不是不可达证明，继续执行指数救援。
  - 失败托盘互借诊断：未合并（no_target_or_single_plan）。
托盘类型 MH423C（销售订单号：LFEG16310IN03S__SPLITREST__）处理完成：总托盘 1，指数达标 0，未达标 1，平均缺口 165.00，最大缺口 165.00，失败托盘互借修复成功 0。
  - KPI：near/mid/deep=0/0/1，救回率=0.00%，pair效率=0.00%。
  - 耗时拆解：packing=0.08s，main_topup=0.00s，retry=0.00s，failed_pool=0.00s，repack=0.00s，total=0.09s。
正在处理托盘类型：MH423C，销售订单号：PAIN26316EC02S
  - 主算法：全局列式装箱 + 柱级组合优化（GCP）。
  - GCP 盘数远超理论（CP-SAT 装不满）→ 回退 baseline beam + 配方优先。
  - 配方优先[fast]：规划 0 实例，实装成功 0，配方路径不可用 → 采用基线方案。
  - 指数诊断：箱子 61 个，总指数 168，目标 192，理论最多达标托盘 0 个，剩余指数 168。
  - 几何诊断：典型整层堆叠单盘参考上限 116/192。 当前目标可能受托盘高度/箱型组合限制。
  - 几何诊断提示：典型整层参考值 116 < 目标 192；该值不是不可达证明，继续执行指数救援。
  - 失败托盘互借诊断：未合并（aborted_no_improvement_possible）。
托盘类型 MH423C（销售订单号：PAIN26316EC02S）处理完成：总托盘 2，指数达标 0，未达标 2，平均缺口 108.00，最大缺口 122.00，失败托盘互借修复成功 0。
  - KPI：near/mid/deep=0/0/2，救回率=0.00%，pair效率=0.00%。
  - 耗时拆解：packing=0.06s，main_topup=0.00s，retry=0.00s，failed_pool=0.00s，repack=1.31s，total=2.47s。
正在处理托盘类型：MH423C，销售订单号：PAIN26296EC02S
  - 主算法：全局列式装箱 + 柱级组合优化（GCP）。
  - 失败托盘互借诊断：未合并（no_target_or_single_plan）。
托盘类型 MH423C（销售订单号：PAIN26296EC02S）处理完成：总托盘 1，指数达标 0，未达标 1，平均缺口 116.00，最大缺口 116.00，失败托盘互借修复成功 0。
  - KPI：near/mid/deep=0/0/1，救回率=0.00%，pair效率=0.00%。
  - 耗时拆解：packing=0.11s，main_topup=0.00s，retry=0.00s，failed_pool=0.00s，repack=0.00s，total=0.11s。
正在处理托盘类型：MH423C，销售订单号：LFEG16300IN02S
  - 该分组不适合列式（多非满柱）→ 回退 beam + 配方优先。
  - 配方优先[fast]：规划 0 实例，实装成功 0，配方路径不可用 → 采用基线方案。
  - 指数诊断：箱子 10 个，总指数 19，目标 192，理论最多达标托盘 0 个，剩余指数 19。
  - 几何诊断：典型整层堆叠单盘参考上限 19/192。 当前目标可能受托盘高度/箱型组合限制。
  - 几何诊断提示：典型整层参考值 19 < 目标 192；该值不是不可达证明，继续执行指数救援。
  - 失败托盘互借诊断：未合并（no_target_or_single_plan）。
托盘类型 MH423C（销售订单号：LFEG16300IN02S）处理完成：总托盘 1，指数达标 0，未达标 1，平均缺口 173.00，最大缺口 173.00，失败托盘互借修复成功 0。
  - KPI：near/mid/deep=0/0/1，救回率=0.00%，pair效率=0.00%。
  - 耗时拆解：packing=0.01s，main_topup=0.00s，retry=0.00s，failed_pool=0.00s，repack=0.00s，total=0.06s。
正在处理托盘类型：MH423C，销售订单号：PAID16315AN01S
  - 该分组不适合列式（多非满柱）→ 回退 beam + 配方优先。
  - 配方优先[fast]：规划 0 实例，实装成功 0，配方路径不可用 → 采用基线方案。
  - 指数诊断：箱子 1 个，总指数 1，目标 192，理论最多达标托盘 0 个，剩余指数 1。
  - 几何诊断：典型整层堆叠单盘参考上限 1/192。 当前目标可能受托盘高度/箱型组合限制。
  - 几何诊断提示：典型整层参考值 1 < 目标 192；该值不是不可达证明，继续执行指数救援。
  - 失败托盘互借诊断：未合并（no_target_or_single_plan）。
托盘类型 MH423C（销售订单号：PAID16315AN01S）处理完成：总托盘 1，指数达标 0，未达标 1，平均缺口 191.00，最大缺口 191.00，失败托盘互借修复成功 0。
  - KPI：near/mid/deep=0/0/1，救回率=0.00%，pair效率=0.00%。
  - 耗时拆解：packing=0.00s，main_topup=0.00s，retry=0.00s，failed_pool=0.00s，repack=0.00s，total=0.00s。
正在处理托盘类型：MH423C，销售订单号：PAIN26310BN01S
  - 主算法：全局列式装箱 + 柱级组合优化（GCP）。
  - 失败托盘互借诊断：未合并（no_target_or_single_plan）。
托盘类型 MH423C（销售订单号：PAIN26310BN01S）处理完成：总托盘 1，指数达标 0，未达标 1，平均缺口 156.00，最大缺口 156.00，失败托盘互借修复成功 0。
  - KPI：near/mid/deep=0/0/1，救回率=0.00%，pair效率=0.00%。
  - 耗时拆解：packing=0.02s，main_topup=0.00s，retry=0.00s，failed_pool=0.00s，repack=0.00s，total=0.02s。
正在处理托盘类型：MH423C，销售订单号：LAID16315EN03S
  - 主算法：全局列式装箱 + 柱级组合优化（GCP）。
  - 失败托盘互借诊断：未合并（aborted_no_improvement_possible）。
托盘类型 MH423C（销售订单号：LAID16315EN03S）处理完成：总托盘 2，指数达标 0，未达标 2，平均缺口 108.50，最大缺口 171.00，失败托盘互借修复成功 0。
  - KPI：near/mid/deep=0/0/2，救回率=0.00%，pair效率=0.00%。
  - 耗时拆解：packing=1.61s，main_topup=0.00s，retry=0.00s，failed_pool=0.00s，repack=2.37s，total=3.97s。
正在处理托盘类型：MH423C，销售订单号：PAID16316DN01S
  - 该分组不适合列式（多非满柱）→ 回退 beam + 配方优先。
  - 配方优先[fast]：规划 0 实例，实装成功 0，配方路径不可用 → 采用基线方案。
  - 指数诊断：箱子 2 个，总指数 8，目标 192，理论最多达标托盘 0 个，剩余指数 8。
  - 几何诊断：典型整层堆叠单盘参考上限 8/192。 当前目标可能受托盘高度/箱型组合限制。
  - 几何诊断提示：典型整层参考值 8 < 目标 192；该值不是不可达证明，继续执行指数救援。
  - 失败托盘互借诊断：未合并（no_target_or_single_plan）。
托盘类型 MH423C（销售订单号：PAID16316DN01S）处理完成：总托盘 1，指数达标 0，未达标 1，平均缺口 184.00，最大缺口 184.00，失败托盘互借修复成功 0。
  - KPI：near/mid/deep=0/0/1，救回率=0.00%，pair效率=0.00%。
  - 耗时拆解：packing=0.00s，main_topup=0.00s，retry=0.00s，failed_pool=0.00s，repack=0.00s，total=0.00s。
正在处理托盘类型：MH423C，销售订单号：LAID16316DN03S
  - 主算法：全局列式装箱 + 柱级组合优化（GCP）。
  - 失败托盘互借诊断：未合并（no_target_or_single_plan）。
托盘类型 MH423C（销售订单号：LAID16316DN03S）处理完成：总托盘 1，指数达标 0，未达标 1，平均缺口 156.00，最大缺口 156.00，失败托盘互借修复成功 0。
  - KPI：near/mid/deep=0/0/1，救回率=0.00%，pair效率=0.00%。
  - 耗时拆解：packing=0.02s，main_topup=0.00s，retry=0.00s，failed_pool=0.00s，repack=0.00s，total=0.02s。
正在处理托盘类型：MH423C，销售订单号：LAID16316DN03S__SPLITREST__
  - 该分组不适合列式（多非满柱）→ 回退 beam + 配方优先。
  - 配方优先[fast]：规划 0 实例，实装成功 0，配方路径不可用 → 采用基线方案。
  - 指数诊断：箱子 3 个，总指数 3，目标 192，理论最多达标托盘 0 个，剩余指数 3。
  - 几何诊断：典型整层堆叠单盘参考上限 3/192。 当前目标可能受托盘高度/箱型组合限制。
  - 几何诊断提示：典型整层参考值 3 < 目标 192；该值不是不可达证明，继续执行指数救援。
  - 失败托盘互借诊断：未合并（no_target_or_single_plan）。
托盘类型 MH423C（销售订单号：LAID16316DN03S__SPLITREST__）处理完成：总托盘 1，指数达标 0，未达标 1，平均缺口 189.00，最大缺口 189.00，失败托盘互借修复成功 0。
  - KPI：near/mid/deep=0/0/1，救回率=0.00%，pair效率=0.00%。
  - 耗时拆解：packing=0.00s，main_topup=0.00s，retry=0.00s，failed_pool=0.00s，repack=0.00s，total=0.01s。
正在处理托盘类型：MH423C，销售订单号：LAID16316DN02S
  - 主算法：全局列式装箱 + 柱级组合优化（GCP）。
  - 失败托盘互借诊断：未合并（no_target_or_single_plan）。
托盘类型 MH423C（销售订单号：LAID16316DN02S）处理完成：总托盘 1，指数达标 0，未达标 1，平均缺口 136.00，最大缺口 136.00，失败托盘互借修复成功 0。
  - KPI：near/mid/deep=0/0/1，救回率=0.00%，pair效率=0.00%。
  - 耗时拆解：packing=0.09s，main_topup=0.00s，retry=0.00s，failed_pool=0.00s，repack=0.00s，total=0.09s。
正在处理托盘类型：MH423C，销售订单号：LAID16316DN02S__SPLITREST__
  - 该分组不适合列式（多非满柱）→ 回退 beam + 配方优先。
  - 配方优先[fast]：规划 0 实例，实装成功 0，配方路径不可用 → 采用基线方案。
  - 指数诊断：箱子 2 个，总指数 8，目标 192，理论最多达标托盘 0 个，剩余指数 8。
  - 几何诊断：典型整层堆叠单盘参考上限 8/192。 当前目标可能受托盘高度/箱型组合限制。
  - 几何诊断提示：典型整层参考值 8 < 目标 192；该值不是不可达证明，继续执行指数救援。
  - 失败托盘互借诊断：未合并（no_target_or_single_plan）。
托盘类型 MH423C（销售订单号：LAID16316DN02S__SPLITREST__）处理完成：总托盘 1，指数达标 0，未达标 1，平均缺口 184.00，最大缺口 184.00，失败托盘互借修复成功 0。
  - KPI：near/mid/deep=0/0/1，救回率=0.00%，pair效率=0.00%。
  - 耗时拆解：packing=0.00s，main_topup=0.00s，retry=0.00s，failed_pool=0.00s，repack=0.00s，total=0.00s。
正在处理托盘类型：MH423C，销售订单号：LAID16315EN02S
  - 该分组不适合列式（多非满柱）→ 回退 beam + 配方优先。
  - 配方优先[fast]：规划 0 实例，实装成功 0，配方路径不可用 → 采用基线方案。
  - 指数诊断：箱子 18 个，总指数 41，目标 192，理论最多达标托盘 0 个，剩余指数 41。
  - 几何诊断：典型整层堆叠单盘参考上限 41/192。 当前目标可能受托盘高度/箱型组合限制。
  - 几何诊断提示：典型整层参考值 41 < 目标 192；该值不是不可达证明，继续执行指数救援。
  - 失败托盘互借诊断：未合并（no_target_or_single_plan）。
托盘类型 MH423C（销售订单号：LAID16315EN02S）处理完成：总托盘 1，指数达标 0，未达标 1，平均缺口 151.00，最大缺口 151.00，失败托盘互借修复成功 0。
  - KPI：near/mid/deep=0/0/1，救回率=0.00%，pair效率=0.00%。
  - 耗时拆解：packing=0.13s，main_topup=0.00s，retry=0.00s，failed_pool=0.00s，repack=0.00s，total=0.13s。
正在处理托盘类型：MH423C，销售订单号：LAID16316DN01S
  - 该分组不适合列式（多非满柱）→ 回退 beam + 配方优先。
  - 配方优先[fast]：规划 0 实例，实装成功 0，配方路径不可用 → 采用基线方案。
  - 指数诊断：箱子 23 个，总指数 123，目标 192，理论最多达标托盘 0 个，剩余指数 123。
  - 几何诊断：典型整层堆叠单盘参考上限 70/192。 当前目标可能受托盘高度/箱型组合限制。
  - 几何诊断提示：典型整层参考值 70 < 目标 192；该值不是不可达证明，继续执行指数救援。
  - 失败盘装满压实：合并/吸收 1 次（纯减盘数）。
  - 失败托盘互借诊断：未合并（not_better）。
托盘类型 MH423C（销售订单号：LAID16316DN01S）处理完成：总托盘 1，指数达标 0，未达标 1，平均缺口 69.00，最大缺口 69.00，失败托盘互借修复成功 0。
  - KPI：near/mid/deep=0/0/1，救回率=0.00%，pair效率=0.00%。
  - 耗时拆解：packing=0.01s，main_topup=0.00s，retry=0.00s，failed_pool=0.00s，repack=0.08s，total=0.09s。
正在处理托盘类型：MH423C，销售订单号：PAID163108N01S
  - 主算法：全局列式装箱 + 柱级组合优化（GCP）。
  - 失败托盘互借诊断：未合并（no_target_or_single_plan）。
托盘类型 MH423C（销售订单号：PAID163108N01S）处理完成：总托盘 1，指数达标 0，未达标 1，平均缺口 104.00，最大缺口 104.00，失败托盘互借修复成功 0。
  - KPI：near/mid/deep=0/0/1，救回率=0.00%，pair效率=0.00%。
  - 耗时拆解：packing=0.44s，main_topup=0.00s，retry=0.00s，failed_pool=0.00s，repack=0.00s，total=0.44s。
正在处理托盘类型：MH423C，销售订单号：PAID16315BN01S
  - 主算法：全局列式装箱 + 柱级组合优化（GCP）。
  - 失败托盘互借诊断：未合并（no_target_or_single_plan）。
托盘类型 MH423C（销售订单号：PAID16315BN01S）处理完成：总托盘 1，指数达标 0，未达标 1，平均缺口 154.00，最大缺口 154.00，失败托盘互借修复成功 0。
  - KPI：near/mid/deep=0/0/1，救回率=0.00%，pair效率=0.00%。
  - 耗时拆解：packing=0.13s，main_topup=0.00s，retry=0.00s，failed_pool=0.00s，repack=0.00s，total=0.13s。
正在处理托盘类型：MH423C，销售订单号：PAID163108N03S
  - 该分组不适合列式（多非满柱）→ 回退 beam + 配方优先。
  - 配方优先[fast]：规划 0 实例，实装成功 0，配方路径不可用 → 采用基线方案。
  - 指数诊断：箱子 1 个，总指数 2，目标 192，理论最多达标托盘 0 个，剩余指数 2。
  - 几何诊断：典型整层堆叠单盘参考上限 2/192。 当前目标可能受托盘高度/箱型组合限制。
  - 几何诊断提示：典型整层参考值 2 < 目标 192；该值不是不可达证明，继续执行指数救援。
  - 失败托盘互借诊断：未合并（no_target_or_single_plan）。
托盘类型 MH423C（销售订单号：PAID163108N03S）处理完成：总托盘 1，指数达标 0，未达标 1，平均缺口 190.00，最大缺口 190.00，失败托盘互借修复成功 0。
  - KPI：near/mid/deep=0/0/1，救回率=0.00%，pair效率=0.00%。
  - 耗时拆解：packing=0.00s，main_topup=0.00s，retry=0.00s，failed_pool=0.00s，repack=0.00s，total=0.00s。
正在处理托盘类型：MH423C，销售订单号：PAID16300FN01S
  - 该分组不适合列式（多非满柱）→ 回退 beam + 配方优先。
  - 配方优先[fast]：规划 0 实例，实装成功 0，配方路径不可用 → 采用基线方案。
  - 指数诊断：箱子 2 个，总指数 8，目标 192，理论最多达标托盘 0 个，剩余指数 8。
  - 几何诊断：典型整层堆叠单盘参考上限 8/192。 当前目标可能受托盘高度/箱型组合限制。
  - 几何诊断提示：典型整层参考值 8 < 目标 192；该值不是不可达证明，继续执行指数救援。
  - 失败托盘互借诊断：未合并（no_target_or_single_plan）。
托盘类型 MH423C（销售订单号：PAID16300FN01S）处理完成：总托盘 1，指数达标 0，未达标 1，平均缺口 184.00，最大缺口 184.00，失败托盘互借修复成功 0。
  - KPI：near/mid/deep=0/0/1，救回率=0.00%，pair效率=0.00%。
  - 耗时拆解：packing=0.00s，main_topup=0.00s，retry=0.00s，failed_pool=0.00s，repack=0.00s，total=0.00s。
正在处理托盘类型：MH423C，销售订单号：LFEG16316AN02S
  - 主算法：全局列式装箱 + 柱级组合优化（GCP）。
  - 失败托盘互借诊断：未合并（no_target_or_single_plan）。
托盘类型 MH423C（销售订单号：LFEG16316AN02S）处理完成：总托盘 1，指数达标 0，未达标 1，平均缺口 70.00，最大缺口 70.00，失败托盘互借修复成功 0。
  - KPI：near/mid/deep=0/0/1，救回率=0.00%，pair效率=0.00%。
  - 耗时拆解：packing=0.13s，main_topup=0.00s，retry=0.00s，failed_pool=0.00s，repack=0.00s，total=0.13s。
正在处理托盘类型：MH423C，销售订单号：LFEG16316AN02S__SPLITREST__
  - 该分组不适合列式（多非满柱）→ 回退 beam + 配方优先。
  - 配方优先[fast]：规划 0 实例，实装成功 0，配方路径不可用 → 采用基线方案。
  - 指数诊断：箱子 1 个，总指数 2，目标 192，理论最多达标托盘 0 个，剩余指数 2。
  - 几何诊断：典型整层堆叠单盘参考上限 2/192。 当前目标可能受托盘高度/箱型组合限制。
  - 几何诊断提示：典型整层参考值 2 < 目标 192；该值不是不可达证明，继续执行指数救援。
  - 失败托盘互借诊断：未合并（no_target_or_single_plan）。
托盘类型 MH423C（销售订单号：LFEG16316AN02S__SPLITREST__）处理完成：总托盘 1，指数达标 0，未达标 1，平均缺口 190.00，最大缺口 190.00，失败托盘互借修复成功 0。
  - KPI：near/mid/deep=0/0/1，救回率=0.00%，pair效率=0.00%。
  - 耗时拆解：packing=0.00s，main_topup=0.00s，retry=0.00s，failed_pool=0.00s，repack=0.00s，total=0.00s。
正在处理托盘类型：MH423C，销售订单号：PAIN26310MZ05S
  - 该分组不适合列式（多非满柱）→ 回退 beam + 配方优先。
  - 配方优先[fast]：规划 0 实例，实装成功 0，配方路径不可用 → 采用基线方案。
  - 指数诊断：箱子 55 个，总指数 818，目标 192，理论最多达标托盘 4 个，剩余指数 50。
  - 几何诊断：典型整层堆叠单盘参考上限 160/192。 当前目标可能受托盘高度/箱型组合限制。
  - 几何诊断提示：典型整层参考值 160 < 目标 192；该值不是不可达证明，继续执行指数救援。
  - 失败托盘互借诊断：未合并（aborted_no_improvement_possible）。
托盘类型 MH423C（销售订单号：PAIN26310MZ05S）处理完成：总托盘 7，指数达标 0，未达标 7，平均缺口 75.14，最大缺口 174.00，失败托盘互借修复成功 0。
  - KPI：near/mid/deep=0/0/7，救回率=0.00%，pair效率=0.00%。
  - 耗时拆解：packing=0.13s，main_topup=0.00s，retry=0.00s，failed_pool=0.20s，repack=0.74s，total=0.87s。
正在处理托盘类型：MH423C，销售订单号：LFEG16320IN01S
  - 主算法：全局列式装箱 + 柱级组合优化（GCP）。
  - 失败盘装满压实：合并/吸收 1 次（纯减盘数）。
  - 失败托盘互借诊断：未合并（aborted_no_improvement_possible）。
托盘类型 MH423C（销售订单号：LFEG16320IN01S）处理完成：总托盘 1，指数达标 0，未达标 1，平均缺口 168.00，最大缺口 168.00，失败托盘互借修复成功 0。
  - KPI：near/mid/deep=0/0/1，救回率=0.00%，pair效率=0.00%。
  - 耗时拆解：packing=0.00s，main_topup=0.00s，retry=0.00s，failed_pool=0.00s，repack=0.02s，total=0.02s。
正在处理托盘类型：MH423C，销售订单号：LFEG16320IN03S
  - 主算法：全局列式装箱 + 柱级组合优化（GCP）。
  - 失败盘装满压实：合并/吸收 1 次（纯减盘数）。
  - 失败托盘互借诊断：未合并（aborted_no_improvement_possible）。
托盘类型 MH423C（销售订单号：LFEG16320IN03S）处理完成：总托盘 1，指数达标 0，未达标 1，平均缺口 168.00，最大缺口 168.00，失败托盘互借修复成功 0。
  - KPI：near/mid/deep=0/0/1，救回率=0.00%，pair效率=0.00%。
  - 耗时拆解：packing=0.00s，main_topup=0.00s，retry=0.00s，failed_pool=0.00s，repack=0.01s，total=0.01s。
正在处理托盘类型：MH423C，销售订单号：PAIN26310GN01S
  - 主算法：全局列式装箱 + 柱级组合优化（GCP）。
  - 失败托盘互借诊断：未合并（less_than_2_consolidatable）。
托盘类型 MH423C（销售订单号：PAIN26310GN01S）处理完成：总托盘 2，指数达标 1，未达标 1，平均缺口 41.00，最大缺口 41.00，失败托盘互借修复成功 0。
  - KPI：near/mid/deep=0/0/1，救回率=0.00%，pair效率=0.00%。
  - 耗时拆解：packing=35.63s，main_topup=0.00s，retry=0.00s，failed_pool=0.00s，repack=0.01s，total=35.64s。
正在处理托盘类型：MH423C，销售订单号：PAIN26310MN01S
  - 该分组不适合列式（多非满柱）→ 回退 beam + 配方优先。
  - 配方优先[fast]：规划 0 实例，实装成功 0，配方路径不可用 → 采用基线方案。
  - 指数诊断：箱子 19 个，总指数 165，目标 192，理论最多达标托盘 0 个，剩余指数 165。
  - 几何诊断：典型整层堆叠单盘参考上限 93/192。 当前目标可能受托盘高度/箱型组合限制。
  - 几何诊断提示：典型整层参考值 93 < 目标 192；该值不是不可达证明，继续执行指数救援。
  - 失败托盘互借诊断：未合并（aborted_no_improvement_possible）。
托盘类型 MH423C（销售订单号：PAIN26310MN01S）处理完成：总托盘 2，指数达标 0，未达标 2，平均缺口 109.50，最大缺口 188.00，失败托盘互借修复成功 0。
  - KPI：near/mid/deep=0/0/2，救回率=0.00%，pair效率=0.00%。
  - 耗时拆解：packing=0.04s，main_topup=0.00s，retry=0.00s，failed_pool=0.00s，repack=0.18s，total=0.31s。
正在处理托盘类型：MH423C，销售订单号：PEG126320LN02S
  - 该分组不适合列式（多非满柱）→ 回退 beam + 配方优先。
  - 配方优先[fast]：规划 0 实例，实装成功 0，配方路径不可用 → 采用基线方案。
  - 指数诊断：箱子 1 个，总指数 6，目标 192，理论最多达标托盘 0 个，剩余指数 6。
  - 几何诊断：典型整层堆叠单盘参考上限 6/192。 当前目标可能受托盘高度/箱型组合限制。
  - 几何诊断提示：典型整层参考值 6 < 目标 192；该值不是不可达证明，继续执行指数救援。
  - 失败托盘互借诊断：未合并（no_target_or_single_plan）。
托盘类型 MH423C（销售订单号：PEG126320LN02S）处理完成：总托盘 1，指数达标 0，未达标 1，平均缺口 186.00，最大缺口 186.00，失败托盘互借修复成功 0。
  - KPI：near/mid/deep=0/0/1，救回率=0.00%，pair效率=0.00%。
  - 耗时拆解：packing=0.00s，main_topup=0.00s，retry=0.00s，failed_pool=0.00s，repack=0.00s，total=0.00s。
正在处理托盘类型：MH423C，销售订单号：PAIN26290MN02S
  - 该分组不适合列式（多非满柱）→ 回退 beam + 配方优先。
  - 配方优先[fast]：规划 0 实例，实装成功 0，配方路径不可用 → 采用基线方案。
  - 指数诊断：箱子 7 个，总指数 26，目标 192，理论最多达标托盘 0 个，剩余指数 26。
  - 几何诊断：典型整层堆叠单盘参考上限 26/192。 当前目标可能受托盘高度/箱型组合限制。
  - 几何诊断提示：典型整层参考值 26 < 目标 192；该值不是不可达证明，继续执行指数救援。
  - 失败托盘互借诊断：未合并（no_target_or_single_plan）。
托盘类型 MH423C（销售订单号：PAIN26290MN02S）处理完成：总托盘 1，指数达标 0，未达标 1，平均缺口 166.00，最大缺口 166.00，失败托盘互借修复成功 0。
  - KPI：near/mid/deep=0/0/1，救回率=0.00%，pair效率=0.00%。
  - 耗时拆解：packing=0.01s，main_topup=0.00s，retry=0.00s，failed_pool=0.00s，repack=0.00s，total=0.03s。
正在处理托盘类型：MH423C，销售订单号：PAIN26310GC02S
  - 该分组不适合列式（多非满柱）→ 回退 beam + 配方优先。
  - 配方优先[fast]：规划 0 实例，实装成功 0，配方路径不可用 → 采用基线方案。
  - 指数诊断：箱子 3 个，总指数 6，目标 192，理论最多达标托盘 0 个，剩余指数 6。
  - 几何诊断：典型整层堆叠单盘参考上限 6/192。 当前目标可能受托盘高度/箱型组合限制。
  - 几何诊断提示：典型整层参考值 6 < 目标 192；该值不是不可达证明，继续执行指数救援。
  - 失败托盘互借诊断：未合并（no_target_or_single_plan）。
托盘类型 MH423C（销售订单号：PAIN26310GC02S）处理完成：总托盘 1，指数达标 0，未达标 1，平均缺口 186.00，最大缺口 186.00，失败托盘互借修复成功 0。
  - KPI：near/mid/deep=0/0/1，救回率=0.00%，pair效率=0.00%。
  - 耗时拆解：packing=0.00s，main_topup=0.00s，retry=0.00s，failed_pool=0.00s，repack=0.00s，total=0.01s。
正在处理托盘类型：MH423C，销售订单号：PAID163108C02S
  - 该分组不适合列式（多非满柱）→ 回退 beam + 配方优先。
  - 配方优先[fast]：规划 0 实例，实装成功 0，配方路径不可用 → 采用基线方案。
  - 指数诊断：箱子 1 个，总指数 8，目标 192，理论最多达标托盘 0 个，剩余指数 8。
  - 几何诊断：典型整层堆叠单盘参考上限 8/192。 当前目标可能受托盘高度/箱型组合限制。
  - 几何诊断提示：典型整层参考值 8 < 目标 192；该值不是不可达证明，继续执行指数救援。
  - 失败托盘互借诊断：未合并（no_target_or_single_plan）。
托盘类型 MH423C（销售订单号：PAID163108C02S）处理完成：总托盘 1，指数达标 0，未达标 1，平均缺口 184.00，最大缺口 184.00，失败托盘互借修复成功 0。
  - KPI：near/mid/deep=0/0/1，救回率=0.00%，pair效率=0.00%。
  - 耗时拆解：packing=0.00s，main_topup=0.00s，retry=0.00s，failed_pool=0.00s，repack=0.00s，total=0.00s。
正在处理托盘类型：MH423C，销售订单号：PEG126320LN01S
  - 主算法：全局列式装箱 + 柱级组合优化（GCP）。
  - 失败托盘互借诊断：未合并（no_target_or_single_plan）。
托盘类型 MH423C（销售订单号：PEG126320LN01S）处理完成：总托盘 1，指数达标 0，未达标 1，平均缺口 170.00，最大缺口 170.00，失败托盘互借修复成功 0。
  - KPI：near/mid/deep=0/0/1，救回率=0.00%，pair效率=0.00%。
  - 耗时拆解：packing=0.09s，main_topup=0.00s，retry=0.00s，failed_pool=0.00s，repack=0.00s，total=0.09s。
正在处理托盘类型：MH423C，销售订单号：PAIN26316EN01S
  - 该分组不适合列式（多非满柱）→ 回退 beam + 配方优先。
  - 配方优先[fast]：规划 2 实例，实装成功 2，失败回兜底 0；达标 3，直接采用配方方案（基线未跑，--safe 可审计对比）。
  - 指数诊断：箱子 151 个，总指数 609，目标 192，理论最多达标托盘 3 个，剩余指数 33。
  - 几何诊断：典型整层堆叠单盘参考上限 192/192。
  - 失败托盘互借诊断：未合并（less_than_2_consolidatable）。
托盘类型 MH423C（销售订单号：PAIN26316EN01S）处理完成：总托盘 4，指数达标 3，未达标 1，平均缺口 159.00，最大缺口 159.00，失败托盘互借修复成功 0。
  - KPI：near/mid/deep=0/0/1，救回率=0.00%，pair效率=0.00%。
  - 耗时拆解：packing=0.81s，main_topup=0.01s，retry=0.00s，failed_pool=0.00s，repack=0.70s，total=1.52s。
正在处理托盘类型：MH423C，销售订单号：PAIN26296EN01S
  - 主算法：全局列式装箱 + 柱级组合优化（GCP）。
  - 失败托盘互借诊断：未合并（no_target_or_single_plan）。
托盘类型 MH423C（销售订单号：PAIN26296EN01S）处理完成：总托盘 1，指数达标 0，未达标 1，平均缺口 100.00，最大缺口 100.00，失败托盘互借修复成功 0。
  - KPI：near/mid/deep=0/0/1，救回率=0.00%，pair效率=0.00%。
  - 耗时拆解：packing=4.23s，main_topup=0.00s，retry=0.00s，failed_pool=0.00s，repack=0.00s，total=4.23s。
正在处理托盘类型：MH423C，销售订单号：PAIN26310MN06S
  - 主算法：全局列式装箱 + 柱级组合优化（GCP）。
  - 失败托盘互借诊断：未合并（no_target_or_single_plan）。
托盘类型 MH423C（销售订单号：PAIN26310MN06S）处理完成：总托盘 1，指数达标 0，未达标 1，平均缺口 36.00，最大缺口 36.00，失败托盘互借修复成功 0。
  - KPI：near/mid/deep=0/0/1，救回率=0.00%，pair效率=0.00%。
  - 耗时拆解：packing=0.24s，main_topup=0.00s，retry=0.00s，failed_pool=0.00s，repack=0.00s，total=0.24s。
正在处理托盘类型：MH423C，销售订单号：PAIN26310MN08S
  - 主算法：全局列式装箱 + 柱级组合优化（GCP）。
  - 失败托盘互借诊断：未合并（no_target_or_single_plan）。
托盘类型 MH423C（销售订单号：PAIN26310MN08S）处理完成：总托盘 1，指数达标 0，未达标 1，平均缺口 145.00，最大缺口 145.00，失败托盘互借修复成功 0。
  - KPI：near/mid/deep=0/0/1，救回率=0.00%，pair效率=0.00%。
  - 耗时拆解：packing=1.08s，main_topup=0.00s，retry=0.00s，failed_pool=0.00s，repack=0.00s，total=1.08s。
正在处理托盘类型：MH423C，销售订单号：LFEG16336AN01S
  - 该分组不适合列式（多非满柱）→ 回退 beam + 配方优先。
  - 配方优先[fast]：规划 0 实例，实装成功 0，配方路径不可用 → 采用基线方案。
  - 指数诊断：箱子 1 个，总指数 1，目标 192，理论最多达标托盘 0 个，剩余指数 1。
  - 几何诊断：典型整层堆叠单盘参考上限 1/192。 当前目标可能受托盘高度/箱型组合限制。
  - 几何诊断提示：典型整层参考值 1 < 目标 192；该值不是不可达证明，继续执行指数救援。
  - 失败托盘互借诊断：未合并（no_target_or_single_plan）。
托盘类型 MH423C（销售订单号：LFEG16336AN01S）处理完成：总托盘 1，指数达标 0，未达标 1，平均缺口 191.00，最大缺口 191.00，失败托盘互借修复成功 0。
  - KPI：near/mid/deep=0/0/1，救回率=0.00%，pair效率=0.00%。
  - 耗时拆解：packing=0.00s，main_topup=0.00s，retry=0.00s，failed_pool=0.00s，repack=0.00s，total=0.00s。
正在处理托盘类型：MH423C，销售订单号：LFEG16336AN02S
  - 主算法：全局列式装箱 + 柱级组合优化（GCP）。
  - GCP 盘数远超理论（CP-SAT 装不满）→ 回退 baseline beam + 配方优先。
  - 配方优先[fast]：规划 0 实例，实装成功 0，配方路径不可用 → 采用基线方案。
  - 指数诊断：箱子 4 个，总指数 6，目标 192，理论最多达标托盘 0 个，剩余指数 6。
  - 几何诊断：典型整层堆叠单盘参考上限 6/192。 当前目标可能受托盘高度/箱型组合限制。
  - 几何诊断提示：典型整层参考值 6 < 目标 192；该值不是不可达证明，继续执行指数救援。
  - 失败托盘互借诊断：未合并（no_target_or_single_plan）。
托盘类型 MH423C（销售订单号：LFEG16336AN02S）处理完成：总托盘 1，指数达标 0，未达标 1，平均缺口 186.00，最大缺口 186.00，失败托盘互借修复成功 0。
  - KPI：near/mid/deep=0/0/1，救回率=0.00%，pair效率=0.00%。
  - 耗时拆解：packing=0.00s，main_topup=0.00s，retry=0.00s，failed_pool=0.00s，repack=0.00s，total=0.02s。
正在处理托盘类型：MH423C，销售订单号：PAIN26326EN01S
  - 该分组不适合列式（多非满柱）→ 回退 beam + 配方优先。
  - 配方优先[fast]：规划 0 实例，实装成功 0，配方路径不可用 → 采用基线方案。
  - 指数诊断：箱子 1 个，总指数 4，目标 192，理论最多达标托盘 0 个，剩余指数 4。
  - 几何诊断：典型整层堆叠单盘参考上限 4/192。 当前目标可能受托盘高度/箱型组合限制。
  - 几何诊断提示：典型整层参考值 4 < 目标 192；该值不是不可达证明，继续执行指数救援。
  - 失败托盘互借诊断：未合并（no_target_or_single_plan）。
托盘类型 MH423C（销售订单号：PAIN26326EN01S）处理完成：总托盘 1，指数达标 0，未达标 1，平均缺口 188.00，最大缺口 188.00，失败托盘互借修复成功 0。
  - KPI：near/mid/deep=0/0/1，救回率=0.00%，pair效率=0.00%。
  - 耗时拆解：packing=0.00s，main_topup=0.00s，retry=0.00s，failed_pool=0.00s，repack=0.00s，total=0.00s。
正在处理托盘类型：MH423C，销售订单号：PAIN26320BN01S
  - 该分组不适合列式（多非满柱）→ 回退 beam + 配方优先。
  - 配方优先[fast]：规划 0 实例，实装成功 0，配方路径不可用 → 采用基线方案。
  - 指数诊断：箱子 1 个，总指数 2，目标 192，理论最多达标托盘 0 个，剩余指数 2。
  - 几何诊断：典型整层堆叠单盘参考上限 2/192。 当前目标可能受托盘高度/箱型组合限制。
  - 几何诊断提示：典型整层参考值 2 < 目标 192；该值不是不可达证明，继续执行指数救援。
  - 失败托盘互借诊断：未合并（no_target_or_single_plan）。
托盘类型 MH423C（销售订单号：PAIN26320BN01S）处理完成：总托盘 1，指数达标 0，未达标 1，平均缺口 190.00，最大缺口 190.00，失败托盘互借修复成功 0。
  - KPI：near/mid/deep=0/0/1，救回率=0.00%，pair效率=0.00%。
  - 耗时拆解：packing=0.00s，main_topup=0.00s，retry=0.00s，failed_pool=0.00s，repack=0.00s，total=0.00s。
正在处理托盘类型：MH423C，销售订单号：PFEG16336AN01S
  - 该分组不适合列式（多非满柱）→ 回退 beam + 配方优先。
  - 托盘 MH423C-PFEG16336AN01S-1 未找到可行装箱方案，启用剩余箱子守恒兜底。
  - 配方优先[fast]：规划 0 实例，实装成功 0，配方路径不可用 → 采用基线方案。
  - 指数诊断：箱子 7 个，总指数 10，目标 192，理论最多达标托盘 0 个，剩余指数 10。
  - 几何诊断：典型整层堆叠单盘参考上限 10/192。 当前目标可能受托盘高度/箱型组合限制。
  - 几何诊断提示：典型整层参考值 10 < 目标 192；该值不是不可达证明，继续执行指数救援。
  - 失败盘装满压实：合并/吸收 1 次（纯减盘数）。
  - 失败托盘互借诊断：未合并（aborted_no_improvement_possible）。
托盘类型 MH423C（销售订单号：PFEG16336AN01S）处理完成：总托盘 3，指数达标 0，未达标 3，平均缺口 188.67，最大缺口 191.00，失败托盘互借修复成功 0。
  - KPI：near/mid/deep=0/0/3，救回率=0.00%，pair效率=0.00%。
  - 耗时拆解：packing=0.01s，main_topup=0.00s，retry=0.00s，failed_pool=0.00s，repack=0.16s，total=0.22s。
============================================================
[WCS-拉] 20260731_135835：拉取接口 1 …
[WCS-拉] 原始响应已保存：D:\research_code\final\zhuang\packing-workspace\input\raw\20260731_135835.json
[WCS-拉] 已剔除 case_type≠MH423C 的品类 63 条（类型：['MH113', 'WR246']），保留 2020 条。
[WCS-拉] 忽略 4 条零尺寸/非法尺寸库存；有效记录 2016 条；样例：product_code=30086366/box_type=YZX507/0×0×0, product_code=30086359/box_type=YZX507/0×0×0, product_code=30086364/box_type=YZX507/0×0×0, product_code=30086358/box_type=YZX507/0×0×0
[WCS-DB] wcs_stock_box 已全量替换：清空 2046 → 插入 2016
[WCS-拉] wcs_stock_box 已全量替换：删 2046，插 2016。
[WCS-DB] wcs_stock_box_all product_code 已存在、跳过 1998 条
[WCS-拉] wcs_stock_box_all 追加：新插入 18，跳过已有 1998（历史不删）。
[WCS-拉] 库存有变化 → need_repack=True，唤醒装箱。
  - 跨子组条件双路径（MH423C / LAID16305BN02S）：采用严格更优完整路径。
  - 失败盘装满压实：合并/吸收 1 次（纯减盘数）。
  - 跨子组装满压实（MH423C / PAID16306DN01S）：合并 1 次（纯减盘数）。
  - 跨子组条件双路径（MH423C / LAID16305BN01S）：采用严格更优完整路径。
  - 失败盘装满压实：合并/吸收 1 次（纯减盘数）。
  - 跨子组装满压实（MH423C / LAID16306DN02S）：合并 1 次（纯减盘数）。
  - 跨子组条件双路径（MH423C / LFEG16310IN01S）：采用严格更优完整路径。
============================================================
[WCS-拉] 20260731_140156：拉取接口 1 …
[WCS-拉] 原始响应已保存：D:\research_code\final\zhuang\packing-workspace\input\raw\20260731_140156.json
[WCS-拉] 已剔除 case_type≠MH423C 的品类 63 条（类型：['MH113', 'WR246']），保留 2010 条。
[WCS-拉] 忽略 4 条零尺寸/非法尺寸库存；有效记录 2006 条；样例：product_code=30086366/box_type=YZX507/0×0×0, product_code=30086359/box_type=YZX507/0×0×0, product_code=30086364/box_type=YZX507/0×0×0, product_code=30086358/box_type=YZX507/0×0×0
[WCS-DB] wcs_stock_box 已全量替换：清空 2016 → 插入 2006
[WCS-拉] wcs_stock_box 已全量替换：删 2016，插 2006。
[WCS-DB] wcs_stock_box_all product_code 已存在、跳过 1998 条
[WCS-拉] wcs_stock_box_all 追加：新插入 8，跳过已有 1998（历史不删）。
[WCS-拉] 库存有变化 → need_repack=True，唤醒装箱。
  - 跨子组条件双路径（MH423C / LFEG16310IN03S）：采用严格更优完整路径。
  - 失败盘装满压实：合并/吸收 1 次（纯减盘数）。
  - 跨子组装满压实（MH423C / LAID16316DN02S）：合并 1 次（纯减盘数）。
  - 失败盘装满压实：合并/吸收 1 次（纯减盘数）。
  - 跨子组装满压实（MH423C / LFEG16316AN02S）：合并 1 次（纯减盘数）。
========================================
统计汇总：总托盘 80，指数达标 4，未达标 76，未知 0，平均缺口 124.83，最大缺口 191.00，失败托盘互借修复成功 0
KPI汇总：near/mid/deep=2/3/71，pair尝试=0，pair改进=0，pair效率=0.00%
耗时汇总：packing=250.32s，main_topup=0.08s，retry=0.00s，repack=18.39s，end_to_end=587.39s
========================================
[WCS-装] SUCCESS 产品码 314 个，SUCCESS 盘 4，FAILED 盘 76。
[WCS-装] 本轮结束；将检查 need_repack 决定是否再算。
[WCS-装] 本轮方案已保存（success）：D:\research_code\final\zhuang\packing-workspace\output\success\packing_plan_20260731_135312.json
[执行规划] 产物目录：D:\research_code\final\zhuang\packing-workspace\output\success（success）
[执行规划] 开始：D:\research_code\zhuang-ui-m\.venvs\packing-realtime\python.exe D:\research_code\final\zhuang\packing-system\run_execution_planning.py D:\research_code\final\zhuang\packing-workspace\output\success\packing_plan_20260731_135312.json --config D:\research_code\final\zhuang\packing-workspace\runtime\packing-realtime\temp\ui_config_api_20260731_130809.yaml --output D:\research_code\final\zhuang\packing-workspace\output\success\packing_plan_20260731_135312_execution.json --wcs-output D:\research_code\final\zhuang\packing-workspace\output\success\packing_plan_20260731_135312_execution_wcs.json --wcs-map-output D:\research_code\final\zhuang\packing-workspace\output\success\packing_plan_20260731_135312_execution_wcs_map.json
[WCS-DB] wcs_success_box：替换旧托盘 3 个，删除 272 行，写入 314 行
[WCS-DB] wcs_success_box：本批候选 314 行，本批写入 314 行。
[WCS-DB] wcs_box_orientation：本批候选 314 行，写入影响 314（含已存在跳过）。
[现场码垛] 新计算结果已入库，已清空旧码放队列 1156 条
[现场会话] 新计算结果已入库，当前没有未完成托盘
execution plan written: pallets=80 boxes=2036 reordered_pallets=67 path=D:\research_code\final\zhuang\packing-workspace\output\success\packing_plan_20260731_135312_execution.json
WCS execution cases written: D:\research_code\final\zhuang\packing-workspace\output\success\packing_plan_20260731_135312_execution_wcs.json
WCS execution plan map written: D:\research_code\final\zhuang\packing-workspace\output\success\packing_plan_20260731_135312_execution_wcs_map.json
execution scan deviations pallet='MH423C-LAID16306DN01S-2' count=4: expected='WCS-0147-YZX448-0000' selected='WCS-0271-YZX428-0000' box='WCS-0147-YZX448-0000' after='WCS-0271-YZX428-0000' reason=open_direction lookahead=true; expected='WCS-0116-DZX448-0000' selected='WCS-0302-DZX444-0000' box='WCS-0116-DZX448-0000' after='WCS-0302-DZX444-0000' reason=open_direction lookahead=true; expected='WCS-0008-YBB106-0000' selected='WCS-0074-YZX448-0000' box='WCS-0008-YBB106-0000' after='WCS-0074-YZX448-0000' reason=hard_dependency; expected='WCS-0008-YBB106-0000' selected='WCS-0270-YZX428-0000' box='WCS-0008-YBB106-0000' after='WCS-0270-YZX428-0000' reason=open_direction lookahead=true
execution scan deviations pallet='MH423C-LAID16305BN02S-1' count=9: expected='WCS-0095-YZX444-0000' selected='WCS-0559-DZX424-0000' box='WCS-0095-YZX444-0000' after='WCS-0559-DZX424-0000' reason=open_direction lookahead=true; expected='WCS-0096-YZX444-0000' selected='WCS-0102-YZX444-0000' box='WCS-0096-YZX444-0000' after='WCS-0102-YZX444-0000' reason=open_direction lookahead=true; expected='WCS-0012-YZX428-0000' selected='WCS-0531-DZX424-0000' box='WCS-0012-YZX428-0000' after='WCS-0531-DZX424-0000' reason=open_direction lookahead=true; expected='WCS-0097-YZX444-0000' selected='WCS-0065-YZX448-0000' box='WCS-0097-YZX444-0000' after='WCS-0065-YZX448-0000' reason=open_direction lookahead=true; expected='WCS-0919-YZX424-0000' selected='WCS-0038-YZX448-0000' box='WCS-0919-YZX424-0000' after='WCS-0038-YZX448-0000' reason=open_direction lookahead=true; expected='WCS-0729-YBB077-0000' selected='WCS-0920-YZX424-0000' box='WCS-0729-YBB077-0000' after='WCS-0920-YZX424-0000' reason=open_direction lookahead=true; expected='WCS-0733-YBB077-0000' selected='WCS-0026-YZX448-0000' box='WCS-0733-YBB077-0000' after='WCS-0026-YZX448-0000' reason=open_direction lookahead=true; expected='WCS-0268-YBB125-0000' selected='WCS-0677-YZX444-0000' box='WCS-0268-YBB125-0000' after='WCS-0677-YZX444-0000' reason=hard_dependency; ...
execution scan deviations pallet='MH423C-LAID16305BN02S-2' count=3: expected='WCS-0690-YZX448-0000' selected='WCS-0258-DZX444-0000' box='WCS-0690-YZX448-0000' after='WCS-0258-DZX444-0000' reason=open_direction lookahead=true; expected='WCS-0693-YZX448-0000' selected='WCS-0213-YZX424-0000' box='WCS-0693-YZX448-0000' after='WCS-0213-YZX424-0000' reason=open_direction lookahead=true; expected='WCS-0678-YZX444-0000' selected='WCS-0245-YZX848-0000' box='WCS-0678-YZX444-0000' after='WCS-0245-YZX848-0000' reason=open_direction lookahead=true
execution scan deviations pallet='MH423C-LAID16305EN01S-1' count=5: expected='WCS-1153-DZX448-0000' selected='WCS-1150-DZX448-0000' box='WCS-1153-DZX448-0000' after='WCS-1150-DZX448-0000' reason=open_direction lookahead=true; expected='WCS-1154-DZX448-0000' selected='WCS-1151-DZX448-0000' box='WCS-1154-DZX448-0000' after='WCS-1151-DZX448-0000' reason=open_direction lookahead=true; expected='WCS-0016-YBB285-0000' selected='WCS-0024-YBB258-0000' box='WCS-0016-YBB285-0000' after='WCS-0024-YBB258-0000' reason=open_direction lookahead=true; expected='WCS-0023-YBB258-0000' selected='WCS-0020-YBB285-0000' box='WCS-0023-YBB258-0000' after='WCS-0020-YBB285-0000' reason=hard_dependency; expected='WCS-0023-YBB258-0000' selected='WCS-0013-YBB285-0000' box='WCS-0023-YBB258-0000' after='WCS-0013-YBB285-0000' reason=open_direction lookahead=true
execution scan deviations pallet='MH423C-PAID16306DN01S-1' count=1: expected='WCS-0044-YZX448-0000' selected='WCS-0171-YZX848-0000' box='WCS-0044-YZX448-0000' after='WCS-0171-YZX848-0000' reason=open_direction lookahead=true
execution scan deviations pallet='MH423C-LAID16305BN01S-2' count=3: expected='WCS-0682-YZX448-0000' selected='WCS-0692-YZX448-0000' box='WCS-0682-YZX448-0000' after='WCS-0692-YZX448-0000' reason=open_direction lookahead=true; expected='WCS-0340-YBB077-0000' selected='WCS-0552-DZX848-0000' box='WCS-0340-YBB077-0000' after='WCS-0552-DZX848-0000' reason=open_direction lookahead=true; expected='WCS-0691-YZX448-0000' selected='WCS-0345-YBB077-0000' box='WCS-0691-YZX448-0000' after='WCS-0345-YBB077-0000' reason=open_direction lookahead=true
execution scan deviations pallet='MH423C-LFEG16300IN03S-1' count=3: expected='WCS-0187-YZX444-0000' selected='WCS-0250-DZX244-0000' box='WCS-0187-YZX444-0000' after='WCS-0250-DZX244-0000' reason=open_direction lookahead=true; expected='WCS-0158-YBB125-0000' selected='WCS-0238-YZX507-0000' box='WCS-0158-YBB125-0000' after='WCS-0238-YZX507-0000' reason=open_direction lookahead=true; expected='WCS-0917-YZX424-0000' selected='WCS-0251-DZX244-0000' box='WCS-0917-YZX424-0000' after='WCS-0251-DZX244-0000' reason=open_direction lookahead=true
execution scan deviations pallet='MH423C-LAID16305BN03S-1' count=4: expected='WCS-0741-YBB077-0000' selected='WCS-0960-DZX444-0000' box='WCS-0741-YBB077-0000' after='WCS-0960-DZX444-0000' reason=open_direction lookahead=true; expected='WCS-0900-ZX848-0000' selected='WCS-0746-YBB077-0000' box='WCS-0900-ZX848-0000' after='WCS-0746-YBB077-0000' reason=open_direction lookahead=true; expected='WCS-0961-DZX848-0000' selected='WCS-0748-YBB077-0000' box='WCS-0961-DZX848-0000' after='WCS-0748-YBB077-0000' reason=open_direction lookahead=true; expected='WCS-0962-DZX848-0000' selected='WCS-0750-YBB077-0000' box='WCS-0962-DZX848-0000' after='WCS-0750-YBB077-0000' reason=open_direction lookahead=true
execution scan deviations pallet='MH423C-LAMY16315FN01S-1' count=4: expected='WCS-0122-DZX448-0000' selected='WCS-0895-ZX848-0000' box='WCS-0122-DZX448-0000' after='WCS-0895-ZX848-0000' reason=open_direction lookahead=true; expected='WCS-0754-DZX448-0000' selected='WCS-0712-YZX444-0000' box='WCS-0754-DZX448-0000' after='WCS-0712-YZX444-0000' reason=open_direction lookahead=true; expected='WCS-1018-YZX448-0000' selected='WCS-0762-DZX448-0000' box='WCS-1018-YZX448-0000' after='WCS-0762-DZX448-0000' reason=open_direction lookahead=true; expected='WCS-0284-YBB077-0000' selected='WCS-0292-YBB077-0000' box='WCS-0284-YBB077-0000' after='WCS-0292-YBB077-0000' reason=open_direction lookahead=true
execution scan deviations pallet='MH423C-LAID16306DN02S-1' count=2: expected='WCS-0700-DZX244-0000' selected='WCS-0280-YZX224-0000' box='WCS-0700-DZX244-0000' after='WCS-0280-YZX224-0000' reason=open_direction lookahead=true; expected='WCS-0491-DZX424-0000' selected='WCS-0500-DZX424-0000' box='WCS-0491-DZX424-0000' after='WCS-0500-DZX424-0000' reason=open_direction lookahead=true
execution scan deviations pallet='MH423C-PEG086300LN01S-1' count=9: expected='WCS-1342-DZX444-0000' selected='WCS-0818-DZX424-0000' box='WCS-1342-DZX444-0000' after='WCS-0818-DZX424-0000' reason=open_direction lookahead=true; expected='WCS-1348-DZX444-0000' selected='WCS-1357-DZX444-0000' box='WCS-1348-DZX444-0000' after='WCS-1357-DZX444-0000' reason=open_direction lookahead=true; expected='WCS-1351-DZX444-0000' selected='WCS-0427-DZX424-0000' box='WCS-1351-DZX444-0000' after='WCS-0427-DZX424-0000' reason=open_direction lookahead=true; expected='WCS-1343-DZX444-0000' selected='WCS-1354-DZX428-0000' box='WCS-1343-DZX444-0000' after='WCS-1354-DZX428-0000' reason=open_direction lookahead=true; expected='WCS-1349-DZX444-0000' selected='WCS-1358-DZX444-0000' box='WCS-1349-DZX444-0000' after='WCS-1358-DZX444-0000' reason=open_direction lookahead=true; expected='WCS-1355-DZX444-0000' selected='WCS-1344-DZX428-0000' box='WCS-1355-DZX444-0000' after='WCS-1344-DZX428-0000' reason=open_direction lookahead=true; expected='WCS-1347-DZX444-0000' selected='WCS-1360-DZX428-0000' box='WCS-1347-DZX444-0000' after='WCS-1360-DZX428-0000' reason=open_direction lookahead=true; expected='WCS-1350-DZX444-0000' selected='WCS-1362-DZX444-0000' box='WCS-1350-DZX444-0000' after='WCS-1362-DZX444-0000' reason=open_direction lookahead=true; ...
execution scan deviations pallet='MH423C-LAID16306DN03S-1' count=1: expected='WCS-0310-DZX244-0000' selected='WCS-0277-YZX224-0000' box='WCS-0310-DZX244-0000' after='WCS-0277-YZX224-0000' reason=open_direction lookahead=true
execution scan deviations pallet='MH423C-LFEG16310IN01S-2' count=4: expected='WCS-1053-YZX448-0000' selected='WCS-0790-YZX848-0000' box='WCS-1053-YZX448-0000' after='WCS-0790-YZX848-0000' reason=open_direction lookahead=true; expected='WCS-1054-YZX448-0000' selected='WCS-0990-YZX444-0000' box='WCS-1054-YZX448-0000' after='WCS-0990-YZX444-0000' reason=open_direction lookahead=true; expected='WCS-0669-YZX448-0000' selected='WCS-0858-YZX848-0000' box='WCS-0669-YZX448-0000' after='WCS-0858-YZX848-0000' reason=open_direction lookahead=true; expected='WCS-0717-YZX244-0000' selected='WCS-0859-YZX848-0000' box='WCS-0717-YZX244-0000' after='WCS-0859-YZX848-0000' reason=open_direction lookahead=true
execution scan deviations pallet='MH423C-LFEG16316AN01S-1' count=3: expected='WCS-1486-YZX424-0000' selected='WCS-1614-YZX444-0000' box='WCS-1486-YZX424-0000' after='WCS-1614-YZX444-0000' reason=open_direction lookahead=true; expected='WCS-1487-YZX424-0000' selected='WCS-1577-YZX424-0000' box='WCS-1487-YZX424-0000' after='WCS-1577-YZX424-0000' reason=open_direction lookahead=true; expected='WCS-0720-YZX224-0000' selected='WCS-1575-YZX424-0000' box='WCS-0720-YZX224-0000' after='WCS-1575-YZX424-0000' reason=open_direction lookahead=true
execution scan deviations pallet='MH423C-PAIN26310BC02S-1' count=1: expected='WCS-0614-YZX222-0000' selected='WCS-0615-YZX222-0000' box='WCS-0614-YZX222-0000' after='WCS-0615-YZX222-0000' reason=open_direction lookahead=true
execution scan deviations pallet='MH423C-LFEG16310IN03S-1' count=4: expected='WCS-0470-DZX448-0000' selected='WCS-0794-YZX848-0000' box='WCS-0470-DZX448-0000' after='WCS-0794-YZX848-0000' reason=open_direction lookahead=true; expected='WCS-0371-YBB005-0000' selected='WCS-0825-YZX848-0000' box='WCS-0371-YBB005-0000' after='WCS-0825-YZX848-0000' reason=open_direction lookahead=true; expected='WCS-1052-YZX448-0000' selected='WCS-0380-YBB005-0000' box='WCS-1052-YZX448-0000' after='WCS-0380-YBB005-0000' reason=open_direction lookahead=true; expected='WCS-0369-YBB005-0000' selected='WCS-0428-YZX428-0000' box='WCS-0369-YBB005-0000' after='WCS-0428-YZX428-0000' reason=open_direction lookahead=true
execution scan deviations pallet='MH423C-LFEG16310IN03S-2' count=3: expected='WCS-1528-YZX424-0000' selected='WCS-1057-YZX424-0000' box='WCS-1528-YZX424-0000' after='WCS-1057-YZX424-0000' reason=open_direction lookahead=true; expected='WCS-1058-YZX424-0000' selected='WCS-1620-DZX422-0000' box='WCS-1058-YZX424-0000' after='WCS-1620-DZX422-0000' reason=open_direction lookahead=true; expected='WCS-1582-DZX422-0000' selected='WCS-1593-DZX422-0000' box='WCS-1582-DZX422-0000' after='WCS-1593-DZX422-0000' reason=open_direction lookahead=true
execution scan deviations pallet='MH423C-PAIN26316EC02S-1' count=2: expected='WCS-1038-YZX507-0000' selected='WCS-1035-YZX507-0000' box='WCS-1038-YZX507-0000' after='WCS-1035-YZX507-0000' reason=open_direction lookahead=true; expected='WCS-0997-YZX424-0000' selected='WCS-0994-YZX424-0000' box='WCS-0997-YZX424-0000' after='WCS-0994-YZX424-0000' reason=open_direction lookahead=true
execution scan deviations pallet='MH423C-PAIN26316EC02S-2' count=1: expected='WCS-1039-YZX507-0000' selected='WCS-0607-YZX444-0000' box='WCS-1039-YZX507-0000' after='WCS-0607-YZX444-0000' reason=open_direction lookahead=true
execution scan deviations pallet='MH423C-LFEG16300IN02S-1' count=1: expected='WCS-0719-YZX244-0000' selected='WCS-0409-DZX444-0000' box='WCS-0719-YZX244-0000' after='WCS-0409-DZX444-0000' reason=open_direction lookahead=true
execution scan deviations pallet='MH423C-LAID16315EN03S-1' count=4: expected='WCS-1284-YZX424-0000' selected='WCS-1278-YZX424-0000' box='WCS-1284-YZX424-0000' after='WCS-1278-YZX424-0000' reason=open_direction lookahead=true; expected='WCS-1285-YZX424-0000' selected='WCS-1277-YZX424-0000' box='WCS-1285-YZX424-0000' after='WCS-1277-YZX424-0000' reason=open_direction lookahead=true; expected='WCS-1286-YZX424-0000' selected='WCS-1294-YZX428-0000' box='WCS-1286-YZX424-0000' after='WCS-1294-YZX428-0000' reason=open_direction lookahead=true; expected='WCS-0574-YZX444-0000' selected='WCS-0579-YZX444-0000' box='WCS-0574-YZX444-0000' after='WCS-0579-YZX444-0000' reason=open_direction lookahead=true
execution scan deviations pallet='MH423C-LAID16316DN02S-1' count=1: expected='WCS-1014-DZX444-0000' selected='WCS-2001-DZX448-0000' box='WCS-1014-DZX444-0000' after='WCS-2001-DZX448-0000' reason=open_direction lookahead=true
execution scan deviations pallet='MH423C-LAID16315EN02S-1' count=1: expected='WCS-1511-YZX428-0000' selected='WCS-1510-YZX448-0000' box='WCS-1511-YZX428-0000' after='WCS-1510-YZX448-0000' reason=open_direction lookahead=true
execution scan deviations pallet='MH423C-PAID163108N01S-1' count=1: expected='WCS-0778-DZX424-0000' selected='WCS-0886-DZX428-0000' box='WCS-0778-DZX424-0000' after='WCS-0886-DZX428-0000' reason=open_direction lookahead=true
execution scan deviations pallet='MH423C-PAIN26310GN01S-2' count=1: expected='WCS-0991-YZX444-0000' selected='WCS-1552-YZX428-0000' box='WCS-0991-YZX444-0000' after='WCS-1552-YZX428-0000' reason=open_direction lookahead=true
[执行规划] 已删除原方案（仅保留 execution）：packing_plan_20260731_135312.json
[执行规划] 完成；统一使用：D:\research_code\final\zhuang\packing-workspace\output\success\packing_plan_20260731_135312_execution.json
[WCS-装] 接口 2 使用执行顺序方案，发送体已保存：D:\research_code\final\zhuang\packing-workspace\output\success\wcs_plan_20260731_135312.json（80 个 case）
[WCS-装] 执行顺序方案执行层映射已保存：D:\research_code\final\zhuang\packing-workspace\output\success\wcs_plan_map_20260731_135312.json
[WCS-装] 已跳过接口 2 推送（仅本地保存）。
[UI-RESULT] D:\research_code\final\zhuang\packing-workspace\output\success\packing_plan_20260731_135312_execution.json
[WCS-装] 算完后 need_repack 仍为 True → 立即再算。
[WCS] 已加载 BMS 参考表：D:\research_code\final\zhuang\packing-workspace\data\selected_5000_boxes_9_1_concentrated_3orders.xlsx
============================================================
[WCS-装] 20260731_140307：库存行 2006 条，开始装箱 …
[WCS-装] 展开为 2006 个箱子。
数据预处理和箱子分组完成（按托盘类型+销售订单号）。
----------------------------------------
  - 组内子聚类：10 个混合订单拆出规则子集走 GCP、杂箱走 baseline。
正在处理托盘类型：MH423C，销售订单号：LAID16306DN01S
  - 主算法：全局列式装箱 + 柱级组合优化（GCP）。
  - 失败托盘互借诊断：未合并（aborted_no_improvement_possible）。
托盘类型 MH423C（销售订单号：LAID16306DN01S）处理完成：总托盘 2，指数达标 0，未达标 2，平均缺口 74.25，最大缺口 131.50，失败托盘互借修复成功 0。
  - KPI：near/mid/deep=0/1/1，救回率=0.00%，pair效率=0.00%。
  - 耗时拆解：packing=54.67s，main_topup=0.00s，retry=0.00s，failed_pool=0.00s，repack=2.57s，total=57.24s。
  - 条件双路径棘轮：替代完整路径通过守恒和最终门禁，严格优于 GCP，已采用。
正在处理托盘类型：MH423C，销售订单号：LAID16305BN02S
  - 主算法：全局列式装箱 + 柱级组合优化（GCP）。
  - GCP 盘数远超理论（CP-SAT 装不满）→ 回退 baseline beam + 配方优先。
  - 配方优先[fast]：规划 0 实例，实装成功 0，配方路径不可用 → 采用基线方案。
  - 指数诊断：箱子 82 个，总指数 156，目标 192，理论最多达标托盘 0 个，剩余指数 156。
  - 几何诊断：典型整层堆叠单盘参考上限 98.5/192。 当前目标可能受托盘高度/箱型组合限制。
  - 几何诊断提示：典型整层参考值 98.5 < 目标 192；该值不是不可达证明，继续执行指数救援。
  - 失败托盘互借诊断：未合并（aborted_no_improvement_possible）。
托盘类型 MH423C（销售订单号：LAID16305BN02S）处理完成：总托盘 2，指数达标 0，未达标 2，平均缺口 114.00，最大缺口 185.00，失败托盘互借修复成功 0。
  - KPI：near/mid/deep=0/0/2，救回率=0.00%，pair效率=0.00%。
  - 耗时拆解：packing=1.10s，main_topup=0.03s，retry=0.00s，failed_pool=0.00s，repack=1.98s，total=8.97s。
正在处理托盘类型：MH423C，销售订单号：LAID16305BN02S__SPLITREST__
  - 该分组不适合列式（多非满柱）→ 回退 beam + 配方优先。
  - 配方优先[fast]：规划 0 实例，实装成功 0，配方路径不可用 → 采用基线方案。
  - 指数诊断：箱子 12 个，总指数 48，目标 192，理论最多达标托盘 0 个，剩余指数 48。
  - 几何诊断：典型整层堆叠单盘参考上限 48/192。 当前目标可能受托盘高度/箱型组合限制。
  - 几何诊断提示：典型整层参考值 48 < 目标 192；该值不是不可达证明，继续执行指数救援。
  - 失败托盘互借诊断：未合并（no_target_or_single_plan）。
托盘类型 MH423C（销售订单号：LAID16305BN02S__SPLITREST__）处理完成：总托盘 1，指数达标 0，未达标 1，平均缺口 144.00，最大缺口 144.00，失败托盘互借修复成功 0。
  - KPI：near/mid/deep=0/0/1，救回率=0.00%，pair效率=0.00%。
  - 耗时拆解：packing=0.00s，main_topup=0.00s，retry=0.00s，failed_pool=0.00s，repack=0.00s，total=0.00s。
正在处理托盘类型：MH423C，销售订单号：LAID16305EN01S
  - 该分组不适合列式（多非满柱）→ 回退 beam + 配方优先。
  - 配方优先[fast]：规划 0 实例，实装成功 0，配方路径不可用 → 采用基线方案。
  - 指数诊断：箱子 28 个，总指数 90.5，目标 192，理论最多达标托盘 0 个，剩余指数 90.5。
  - 几何诊断：典型整层堆叠单盘参考上限 67/192。 当前目标可能受托盘高度/箱型组合限制。
  - 几何诊断提示：典型整层参考值 67 < 目标 192；该值不是不可达证明，继续执行指数救援。
  - 失败托盘互借诊断：未合并（aborted_no_improvement_possible）。
托盘类型 MH423C（销售订单号：LAID16305EN01S）处理完成：总托盘 2，指数达标 0，未达标 2，平均缺口 146.75，最大缺口 176.00，失败托盘互借修复成功 0。
  - KPI：near/mid/deep=0/0/2，救回率=0.00%，pair效率=0.00%。
  - 耗时拆解：packing=0.10s，main_topup=0.00s，retry=0.00s，failed_pool=0.00s，repack=0.19s，total=0.56s。
正在处理托盘类型：MH423C，销售订单号：PAID16306DN01S
  - 主算法：全局列式装箱 + 柱级组合优化（GCP）。
  - 失败托盘互借诊断：未合并（no_target_or_single_plan）。
托盘类型 MH423C（销售订单号：PAID16306DN01S）处理完成：总托盘 1，指数达标 0，未达标 1，平均缺口 87.00，最大缺口 87.00，失败托盘互借修复成功 0。
  - KPI：near/mid/deep=0/0/1，救回率=0.00%，pair效率=0.00%。
  - 耗时拆解：packing=3.54s，main_topup=0.00s，retry=0.00s，failed_pool=0.00s，repack=0.00s，total=3.54s。
正在处理托盘类型：MH423C，销售订单号：PAID16306DN01S__SPLITREST__
  - 该分组不适合列式（多非满柱）→ 回退 beam + 配方优先。
  - 配方优先[fast]：规划 0 实例，实装成功 0，配方路径不可用 → 采用基线方案。
  - 指数诊断：箱子 2 个，总指数 1，目标 192，理论最多达标托盘 0 个，剩余指数 1。
  - 几何诊断：典型整层堆叠单盘参考上限 1/192。 当前目标可能受托盘高度/箱型组合限制。
  - 几何诊断提示：典型整层参考值 1 < 目标 192；该值不是不可达证明，继续执行指数救援。
  - 失败托盘互借诊断：未合并（no_target_or_single_plan）。
托盘类型 MH423C（销售订单号：PAID16306DN01S__SPLITREST__）处理完成：总托盘 1，指数达标 0，未达标 1，平均缺口 191.00，最大缺口 191.00，失败托盘互借修复成功 0。
  - KPI：near/mid/deep=0/0/1，救回率=0.00%，pair效率=0.00%。
  - 耗时拆解：packing=0.00s，main_topup=0.00s，retry=0.00s，failed_pool=0.00s，repack=0.00s，total=0.00s。
正在处理托盘类型：MH423C，销售订单号：LAID16305BN01S
  - 主算法：全局列式装箱 + 柱级组合优化（GCP）。
                                                                                                                                                                                                                                                                                                                                                                                                                                                                                                                                                                                                                                 