[LOG] 后端日志文件：D:\research_code\final\zhuang\packing-workspace\runtime\packing-realtime\logs\backend_20260729_115740.log
[LOG] 接口模式：每 200 秒拉取并计算，直到手动停止。
[CMD] D:\research_code\zhuang-ui-m\.venvs\packing-realtime\python.exe D:\research_code\final\zhuang\packing-system\packing\run_wcs_service.py --config D:\research_code\final\zhuang\packing-workspace\runtime\packing-realtime\temp\ui_config_api_20260729_115740.yaml --run-mode continuous
[WCS] 已加载 BMS 参考表：D:\research_code\final\zhuang\packing-workspace\data\selected_5000_boxes_9_1_concentrated_3orders.xlsx
============================================================
WCS 接口装箱服务（DB 模式）
  接口模式：真实 WCS（use_real_api=True）
  接口地址：http://10.222.10.1:8092
  接口1：http://10.222.10.1:8092/api/wcs/reqstockinfo
  接口2：http://10.222.10.1:8092/api/wcs/sendpalletplanresult
  拉取间隔：200 秒（仅拉取）
  原始 JSON：D:\research_code\final\zhuang\packing-workspace\input\raw
  数据库：localhost:3306/zhuangdb 表 wcs_stock_box（当前） / wcs_stock_box_all（历史）
  BMS 参考：D:\research_code\final\zhuang\packing-workspace\data\selected_5000_boxes_9_1_concentrated_3orders.xlsx
  输出目录：D:\research_code\final\zhuang\packing-workspace\output
  触发：wcs_stock_box 的 product_code 集合相对立库有变化才全量替换并开算；装箱用当前全表；算完再读 need_repack；历史表只追加
  约束配置：D:\research_code\final\zhuang\packing-workspace\runtime\packing-realtime\temp\ui_config_api_20260729_115740.yaml
  按 Ctrl+C 或由 UI 停止按钮结束进程
============================================================
============================================================
[WCS-拉] 20260729_115744：拉取接口 1 …
[WCS-装] 等待 need_repack（立库相对库表有变化才开算）…
[WCS-拉] 原始响应已保存：D:\research_code\final\zhuang\packing-workspace\input\raw\20260729_115744.json
[WCS-拉] 已剔除 case_type≠MH423C 的品类 54 条（类型：['WR246']），保留 1476 条。
[WCS-DB] wcs_stock_box 已全量替换：清空 1683 → 插入 1476
[WCS-拉] wcs_stock_box 已全量替换：删 1683，插 1476。
[WCS-DB] wcs_stock_box_all product_code 已存在、跳过 1463 条
[WCS-拉] wcs_stock_box_all 追加：新插入 13，跳过已有 1463（历史不删）。
[WCS-拉] 库存有变化 → need_repack=True，唤醒装箱。
[WCS] 已加载 BMS 参考表：D:\research_code\final\zhuang\packing-workspace\data\selected_5000_boxes_9_1_concentrated_3orders.xlsx
============================================================
[WCS-装] 20260729_115747：库存行 1476 条，开始装箱 …
[WCS-装] 展开为 1476 个箱子。
load D:\research_code\zhuang-ui-m\.venvs\packing-realtime\Lib\site-packages\ortools\.libs\zlib1.dll...
load D:\research_code\zhuang-ui-m\.venvs\packing-realtime\Lib\site-packages\ortools\.libs\abseil_dll.dll...
load D:\research_code\zhuang-ui-m\.venvs\packing-realtime\Lib\site-packages\ortools\.libs\utf8_validity.dll...
load D:\research_code\zhuang-ui-m\.venvs\packing-realtime\Lib\site-packages\ortools\.libs\re2.dll...
load D:\research_code\zhuang-ui-m\.venvs\packing-realtime\Lib\site-packages\ortools\.libs\libprotobuf.dll...
load D:\research_code\zhuang-ui-m\.venvs\packing-realtime\Lib\site-packages\ortools\.libs\highs.dll...
load D:\research_code\zhuang-ui-m\.venvs\packing-realtime\Lib\site-packages\ortools\.libs\ortools.dll...
数据预处理和箱子分组完成（按托盘类型+销售订单号）。
----------------------------------------
  - 组内子聚类：15 个混合订单拆出规则子集走 GCP、杂箱走 baseline。
正在处理托盘类型：MH423C，销售订单号：LAID16306DN01S
  - 主算法：全局列式装箱 + 柱级组合优化（GCP）。
  - 失败托盘互借诊断：未合并（aborted_no_improvement_possible）。
托盘类型 MH423C（销售订单号：LAID16306DN01S）处理完成：总托盘 2，指数达标 0，未达标 2，平均缺口 74.25，最大缺口 131.50，失败托盘互借修复成功 0。
  - KPI：near/mid/deep=0/1/1，救回率=0.00%，pair效率=0.00%。
  - 耗时拆解：packing=54.51s，main_topup=0.00s，retry=0.00s，failed_pool=0.00s，repack=2.47s，total=56.98s。
  - 条件双路径棘轮：替代完整路径通过守恒和最终门禁，严格优于 GCP，已采用。
正在处理托盘类型：MH423C，销售订单号：LAMY16315FN01S
  - 主算法：全局列式装箱 + 柱级组合优化（GCP）。
  - 失败托盘互借诊断：未合并（aborted_no_improvement_possible）。
托盘类型 MH423C（销售订单号：LAMY16315FN01S）处理完成：总托盘 2，指数达标 0，未达标 2，平均缺口 104.50，最大缺口 191.00，失败托盘互借修复成功 0。
  - KPI：near/mid/deep=0/1/1，救回率=0.00%，pair效率=0.00%。
  - 耗时拆解：packing=0.89s，main_topup=0.00s，retry=0.00s，failed_pool=0.00s，repack=0.73s，total=1.62s。
正在处理托盘类型：MH423C，销售订单号：LAMY16315FN01S__SPLITREST__
  - 该分组不适合列式（多非满柱）→ 回退 beam + 配方优先。
  - 配方优先[fast]：规划 0 实例，实装成功 0，配方路径不可用 → 采用基线方案。
  - 指数诊断：箱子 13 个，总指数 48.5，目标 192，理论最多达标托盘 0 个，剩余指数 48.5。
  - 几何诊断：典型整层堆叠单盘参考上限 48.5/192。 当前目标可能受托盘高度/箱型组合限制。
  - 几何诊断提示：典型整层参考值 48.5 < 目标 192；该值不是不可达证明，继续执行指数救援。
  - 失败托盘互借诊断：未合并（no_target_or_single_plan）。
托盘类型 MH423C（销售订单号：LAMY16315FN01S__SPLITREST__）处理完成：总托盘 1，指数达标 0，未达标 1，平均缺口 143.50，最大缺口 143.50，失败托盘互借修复成功 0。
  - KPI：near/mid/deep=0/0/1，救回率=0.00%，pair效率=0.00%。
  - 耗时拆解：packing=0.04s，main_topup=0.00s，retry=0.00s，failed_pool=0.00s，repack=0.00s，total=0.04s。
正在处理托盘类型：MH423C，销售订单号：LAID16305BN02S
  - 主算法：全局列式装箱 + 柱级组合优化（GCP）。
  - 失败托盘互借诊断：未合并（no_target_or_single_plan）。
托盘类型 MH423C（销售订单号：LAID16305BN02S）处理完成：总托盘 1，指数达标 0，未达标 1，平均缺口 63.00，最大缺口 63.00，失败托盘互借修复成功 0。
  - KPI：near/mid/deep=0/0/1，救回率=0.00%，pair效率=0.00%。
  - 耗时拆解：packing=1.63s，main_topup=0.00s，retry=0.00s，failed_pool=0.00s，repack=0.00s，total=1.63s。
正在处理托盘类型：MH423C，销售订单号：LAID16305EN01S
  - 该分组不适合列式（多非满柱）→ 回退 beam + 配方优先。
  - 配方优先[fast]：规划 0 实例，实装成功 0，配方路径不可用 → 采用基线方案。
  - 指数诊断：箱子 22 个，总指数 84.5，目标 192，理论最多达标托盘 0 个，剩余指数 84.5。
  - 几何诊断：典型整层堆叠单盘参考上限 67/192。 当前目标可能受托盘高度/箱型组合限制。
  - 几何诊断提示：典型整层参考值 67 < 目标 192；该值不是不可达证明，继续执行指数救援。
  - 失败托盘互借诊断：未合并（no_target_or_single_plan）。
托盘类型 MH423C（销售订单号：LAID16305EN01S）处理完成：总托盘 1，指数达标 0，未达标 1，平均缺口 107.50，最大缺口 107.50，失败托盘互借修复成功 0。
  - KPI：near/mid/deep=0/0/1，救回率=0.00%，pair效率=0.00%。
  - 耗时拆解：packing=0.15s，main_topup=0.00s，retry=0.00s，failed_pool=0.00s，repack=0.00s，total=0.15s。
正在处理托盘类型：MH423C，销售订单号：PAID16306DN01S
  - 主算法：全局列式装箱 + 柱级组合优化（GCP）。
  - 失败托盘互借诊断：未合并（no_target_or_single_plan）。
托盘类型 MH423C（销售订单号：PAID16306DN01S）处理完成：总托盘 1，指数达标 0，未达标 1，平均缺口 97.00，最大缺口 97.00，失败托盘互借修复成功 0。
  - KPI：near/mid/deep=0/0/1，救回率=0.00%，pair效率=0.00%。
  - 耗时拆解：packing=1.64s，main_topup=0.00s，retry=0.00s，failed_pool=0.00s，repack=0.00s，total=1.64s。
正在处理托盘类型：MH423C，销售订单号：PAID16306DN01S__SPLITREST__
  - 该分组不适合列式（多非满柱）→ 回退 beam + 配方优先。
  - 配方优先[fast]：规划 0 实例，实装成功 0，配方路径不可用 → 采用基线方案。
  - 指数诊断：箱子 2 个，总指数 1，目标 192，理论最多达标托盘 0 个，剩余指数 1。
  - 几何诊断：典型整层堆叠单盘参考上限 1/192。 当前目标可能受托盘高度/箱型组合限制。
  - 几何诊断提示：典型整层参考值 1 < 目标 192；该值不是不可达证明，继续执行指数救援。
  - 失败托盘互借诊断：未合并（no_target_or_single_plan）。
托盘类型 MH423C（销售订单号：PAID16306DN01S__SPLITREST__）处理完成：总托盘 1，指数达标 0，未达标 1，平均缺口 191.00，最大缺口 191.00，失败托盘互借修复成功 0。
  - KPI：near/mid/deep=0/0/1，救回率=0.00%，pair效率=0.00%。
  - 耗时拆解：packing=0.00s，main_topup=0.00s，retry=0.00s，failed_pool=0.00s，repack=0.00s，total=0.00s。
正在处理托盘类型：MH423C，销售订单号：LAID16305BN01S
  - 主算法：全局列式装箱 + 柱级组合优化（GCP）。
  - 失败托盘互借诊断：未合并（aborted_no_improvement_possible）。
托盘类型 MH423C（销售订单号：LAID16305BN01S）处理完成：总托盘 2，指数达标 0，未达标 2，平均缺口 99.50，最大缺口 174.00，失败托盘互借修复成功 0。
  - KPI：near/mid/deep=0/0/2，救回率=0.00%，pair效率=0.00%。
  - 耗时拆解：packing=1.99s，main_topup=0.00s，retry=0.00s，failed_pool=0.00s，repack=1.42s，total=3.41s。
正在处理托盘类型：MH423C，销售订单号：LAID16305BN01S__SPLITREST__
  - 该分组不适合列式（多非满柱）→ 回退 beam + 配方优先。
  - 配方优先[fast]：规划 0 实例，实装成功 0，配方路径不可用 → 采用基线方案。
  - 指数诊断：箱子 12 个，总指数 48，目标 192，理论最多达标托盘 0 个，剩余指数 48。
  - 几何诊断：典型整层堆叠单盘参考上限 48/192。 当前目标可能受托盘高度/箱型组合限制。
  - 几何诊断提示：典型整层参考值 48 < 目标 192；该值不是不可达证明，继续执行指数救援。
  - 失败托盘互借诊断：未合并（no_target_or_single_plan）。
托盘类型 MH423C（销售订单号：LAID16305BN01S__SPLITREST__）处理完成：总托盘 1，指数达标 0，未达标 1，平均缺口 144.00，最大缺口 144.00，失败托盘互借修复成功 0。
  - KPI：near/mid/deep=0/0/1，救回率=0.00%，pair效率=0.00%。
  - 耗时拆解：packing=0.00s，main_topup=0.00s，retry=0.00s，failed_pool=0.00s，repack=0.00s，total=0.00s。
正在处理托盘类型：MH423C，销售订单号：LFEG16300IN03S
  - 主算法：全局列式装箱 + 柱级组合优化（GCP）。
  - 失败托盘互借诊断：未合并（no_target_or_single_plan）。
托盘类型 MH423C（销售订单号：LFEG16300IN03S）处理完成：总托盘 1，指数达标 0，未达标 1，平均缺口 70.00，最大缺口 70.00，失败托盘互借修复成功 0。
  - KPI：near/mid/deep=0/0/1，救回率=0.00%，pair效率=0.00%。
  - 耗时拆解：packing=0.69s，main_topup=0.00s，retry=0.00s，failed_pool=0.00s，repack=0.00s，total=0.69s。
正在处理托盘类型：MH423C，销售订单号：LFEG16300IN03S__SPLITREST__
  - 该分组不适合列式（多非满柱）→ 回退 beam + 配方优先。
  - 配方优先[fast]：规划 0 实例，实装成功 0，配方路径不可用 → 采用基线方案。
  - 指数诊断：箱子 3 个，总指数 4.5，目标 192，理论最多达标托盘 0 个，剩余指数 4.5。
  - 几何诊断：典型整层堆叠单盘参考上限 4.5/192。 当前目标可能受托盘高度/箱型组合限制。
  - 几何诊断提示：典型整层参考值 4.5 < 目标 192；该值不是不可达证明，继续执行指数救援。
  - 失败托盘互借诊断：未合并（no_target_or_single_plan）。
托盘类型 MH423C（销售订单号：LFEG16300IN03S__SPLITREST__）处理完成：总托盘 1，指数达标 0，未达标 1，平均缺口 187.50，最大缺口 187.50，失败托盘互借修复成功 0。
  - KPI：near/mid/deep=0/0/1，救回率=0.00%，pair效率=0.00%。
  - 耗时拆解：packing=0.00s，main_topup=0.00s，retry=0.00s，failed_pool=0.00s，repack=0.00s，total=0.01s。
正在处理托盘类型：MH423C，销售订单号：LAID16305BN03S
  - 主算法：全局列式装箱 + 柱级组合优化（GCP）。
  - 失败托盘互借诊断：未合并（no_target_or_single_plan）。
托盘类型 MH423C（销售订单号：LAID16305BN03S）处理完成：总托盘 1，指数达标 0，未达标 1，平均缺口 143.00，最大缺口 143.00，失败托盘互借修复成功 0。
  - KPI：near/mid/deep=0/0/1，救回率=0.00%，pair效率=0.00%。
  - 耗时拆解：packing=0.13s，main_topup=0.00s，retry=0.00s，failed_pool=0.00s，repack=0.00s，total=0.13s。
正在处理托盘类型：MH423C，销售订单号：LAID16305BN03S__SPLITREST__
  - 该分组不适合列式（多非满柱）→ 回退 beam + 配方优先。
  - 配方优先[fast]：规划 0 实例，实装成功 0，配方路径不可用 → 采用基线方案。
  - 指数诊断：箱子 1 个，总指数 0.5，目标 192，理论最多达标托盘 0 个，剩余指数 0.5。
  - 几何诊断：典型整层堆叠单盘参考上限 0.5/192。 当前目标可能受托盘高度/箱型组合限制。
  - 几何诊断提示：典型整层参考值 0.5 < 目标 192；该值不是不可达证明，继续执行指数救援。
  - 失败托盘互借诊断：未合并（no_target_or_single_plan）。
托盘类型 MH423C（销售订单号：LAID16305BN03S__SPLITREST__）处理完成：总托盘 1，指数达标 0，未达标 1，平均缺口 191.50，最大缺口 191.50，失败托盘互借修复成功 0。
  - KPI：near/mid/deep=0/0/1，救回率=0.00%，pair效率=0.00%。
  - 耗时拆解：packing=0.00s，main_topup=0.00s，retry=0.00s，failed_pool=0.00s，repack=0.00s，total=0.00s。
正在处理托盘类型：MH423C，销售订单号：PAID16305EC01S
  - 该分组不适合列式（多非满柱）→ 回退 beam + 配方优先。
  - 配方优先[fast]：规划 0 实例，实装成功 0，配方路径不可用 → 采用基线方案。
  - 指数诊断：箱子 2 个，总指数 2，目标 192，理论最多达标托盘 0 个，剩余指数 2。
  - 几何诊断：典型整层堆叠单盘参考上限 2/192。 当前目标可能受托盘高度/箱型组合限制。
  - 几何诊断提示：典型整层参考值 2 < 目标 192；该值不是不可达证明，继续执行指数救援。
  - 失败托盘互借诊断：未合并（no_target_or_single_plan）。
托盘类型 MH423C（销售订单号：PAID16305EC01S）处理完成：总托盘 1，指数达标 0，未达标 1，平均缺口 190.00，最大缺口 190.00，失败托盘互借修复成功 0。
  - KPI：near/mid/deep=0/0/1，救回率=0.00%，pair效率=0.00%。
  - 耗时拆解：packing=0.00s，main_topup=0.00s，retry=0.00s，failed_pool=0.00s，repack=0.00s，total=0.00s。
正在处理托盘类型：MH423C，销售订单号：LAID16306DN02S
  - 主算法：全局列式装箱 + 柱级组合优化（GCP）。
  - GCP 盘数远超理论（CP-SAT 装不满）→ 回退 baseline beam + 配方优先。
  - 配方优先[fast]：规划 0 实例，实装成功 0，配方路径不可用 → 采用基线方案。
  - 指数诊断：箱子 44 个，总指数 180，目标 192，理论最多达标托盘 0 个，剩余指数 180。
  - 几何诊断：典型整层堆叠单盘参考上限 100/192。 当前目标可能受托盘高度/箱型组合限制。
  - 几何诊断提示：典型整层参考值 100 < 目标 192；该值不是不可达证明，继续执行指数救援。
  - 失败托盘互借诊断：未合并（aborted_no_improvement_possible）。
托盘类型 MH423C（销售订单号：LAID16306DN02S）处理完成：总托盘 2，指数达标 0，未达标 2，平均缺口 102.00，最大缺口 178.00，失败托盘互借修复成功 0。
  - KPI：near/mid/deep=0/0/2，救回率=0.00%，pair效率=0.00%。
  - 耗时拆解：packing=0.29s，main_topup=0.01s，retry=0.00s，failed_pool=0.00s，repack=0.49s，total=2.12s。
正在处理托盘类型：MH423C，销售订单号：LAID16306DN02S__SPLITREST__
  - 该分组不适合列式（多非满柱）→ 回退 beam + 配方优先。
  - 配方优先[fast]：规划 0 实例，实装成功 0，配方路径不可用 → 采用基线方案。
  - 指数诊断：箱子 4 个，总指数 4，目标 192，理论最多达标托盘 0 个，剩余指数 4。
  - 几何诊断：典型整层堆叠单盘参考上限 4/192。 当前目标可能受托盘高度/箱型组合限制。
  - 几何诊断提示：典型整层参考值 4 < 目标 192；该值不是不可达证明，继续执行指数救援。
  - 失败托盘互借诊断：未合并（no_target_or_single_plan）。
托盘类型 MH423C（销售订单号：LAID16306DN02S__SPLITREST__）处理完成：总托盘 1，指数达标 0，未达标 1，平均缺口 188.00，最大缺口 188.00，失败托盘互借修复成功 0。
  - KPI：near/mid/deep=0/0/1，救回率=0.00%，pair效率=0.00%。
  - 耗时拆解：packing=0.00s，main_topup=0.00s，retry=0.00s，failed_pool=0.00s，repack=0.00s，total=0.02s。
正在处理托盘类型：MH423C，销售订单号：LAID16315EN01S
  - 主算法：全局列式装箱 + 柱级组合优化（GCP）。
  - 失败托盘互借诊断：未合并（no_target_or_single_plan）。
托盘类型 MH423C（销售订单号：LAID16315EN01S）处理完成：总托盘 1，指数达标 0，未达标 1，平均缺口 133.00，最大缺口 133.00，失败托盘互借修复成功 0。
  - KPI：near/mid/deep=0/0/1，救回率=0.00%，pair效率=0.00%。
  - 耗时拆解：packing=0.84s，main_topup=0.00s，retry=0.00s，failed_pool=0.00s，repack=0.00s，total=0.84s。
正在处理托盘类型：MH423C，销售订单号：LAID16315EN01S__SPLITREST__
  - 该分组不适合列式（多非满柱）→ 回退 beam + 配方优先。
  - 配方优先[fast]：规划 0 实例，实装成功 0，配方路径不可用 → 采用基线方案。
  - 指数诊断：箱子 1 个，总指数 4，目标 192，理论最多达标托盘 0 个，剩余指数 4。
  - 几何诊断：典型整层堆叠单盘参考上限 4/192。 当前目标可能受托盘高度/箱型组合限制。
  - 几何诊断提示：典型整层参考值 4 < 目标 192；该值不是不可达证明，继续执行指数救援。
  - 失败托盘互借诊断：未合并（no_target_or_single_plan）。
托盘类型 MH423C（销售订单号：LAID16315EN01S__SPLITREST__）处理完成：总托盘 1，指数达标 0，未达标 1，平均缺口 188.00，最大缺口 188.00，失败托盘互借修复成功 0。
  - KPI：near/mid/deep=0/0/1，救回率=0.00%，pair效率=0.00%。
  - 耗时拆解：packing=0.00s，main_topup=0.00s，retry=0.00s，failed_pool=0.00s，repack=0.00s，total=0.00s。
正在处理托盘类型：MH423C，销售订单号：PAIN26310MZ05S
  - 主算法：全局列式装箱 + 柱级组合优化（GCP）。
  - 失败托盘互借诊断：未合并（no_target_or_single_plan）。
托盘类型 MH423C（销售订单号：PAIN26310MZ05S）处理完成：总托盘 1，指数达标 0，未达标 1，平均缺口 132.00，最大缺口 132.00，失败托盘互借修复成功 0。
  - KPI：near/mid/deep=0/0/1，救回率=0.00%，pair效率=0.00%。
  - 耗时拆解：packing=0.05s，main_topup=0.00s，retry=0.00s，failed_pool=0.00s，repack=0.00s，total=0.05s。
正在处理托盘类型：MH423C，销售订单号：PAIN26310MZ05S__SPLITREST__
  - 该分组不适合列式（多非满柱）→ 回退 beam + 配方优先。
  - 配方优先[fast]：规划 0 实例，实装成功 0，配方路径不可用 → 采用基线方案。
  - 指数诊断：箱子 1 个，总指数 2，目标 192，理论最多达标托盘 0 个，剩余指数 2。
  - 几何诊断：典型整层堆叠单盘参考上限 2/192。 当前目标可能受托盘高度/箱型组合限制。
  - 几何诊断提示：典型整层参考值 2 < 目标 192；该值不是不可达证明，继续执行指数救援。
  - 失败托盘互借诊断：未合并（no_target_or_single_plan）。
托盘类型 MH423C（销售订单号：PAIN26310MZ05S__SPLITREST__）处理完成：总托盘 1，指数达标 0，未达标 1，平均缺口 190.00，最大缺口 190.00，失败托盘互借修复成功 0。
  - KPI：near/mid/deep=0/0/1，救回率=0.00%，pair效率=0.00%。
  - 耗时拆解：packing=0.00s，main_topup=0.00s，retry=0.00s，failed_pool=0.00s，repack=0.00s，total=0.00s。
正在处理托盘类型：MH423C，销售订单号：LAID16315EN03S
  - 该分组不适合列式（多非满柱）→ 回退 beam + 配方优先。
  - 配方优先[fast]：规划 0 实例，实装成功 0，配方路径不可用 → 采用基线方案。
  - 指数诊断：箱子 21 个，总指数 45，目标 192，理论最多达标托盘 0 个，剩余指数 45。
  - 几何诊断：典型整层堆叠单盘参考上限 37/192。 当前目标可能受托盘高度/箱型组合限制。
  - 几何诊断提示：典型整层参考值 37 < 目标 192；该值不是不可达证明，继续执行指数救援。
  - 失败托盘互借诊断：未合并（no_target_or_single_plan）。
托盘类型 MH423C（销售订单号：LAID16315EN03S）处理完成：总托盘 1，指数达标 0，未达标 1，平均缺口 147.00，最大缺口 147.00，失败托盘互借修复成功 0。
  - KPI：near/mid/deep=0/0/1，救回率=0.00%，pair效率=0.00%。
  - 耗时拆解：packing=0.13s，main_topup=0.00s，retry=0.00s，failed_pool=0.00s，repack=0.00s，total=0.13s。
正在处理托盘类型：MH423C，销售订单号：PEG086300LN01S
  - 主算法：全局列式装箱 + 柱级组合优化（GCP）。
  - GCP 盘数远超理论（CP-SAT 装不满）→ 回退 baseline beam + 配方优先。
  - 配方优先[fast]：规划 0 实例，实装成功 0，配方路径不可用 → 采用基线方案。
  - 指数诊断：箱子 3 个，总指数 12，目标 192，理论最多达标托盘 0 个，剩余指数 12。
  - 几何诊断：典型整层堆叠单盘参考上限 12/192。 当前目标可能受托盘高度/箱型组合限制。
  - 几何诊断提示：典型整层参考值 12 < 目标 192；该值不是不可达证明，继续执行指数救援。
  - 失败托盘互借诊断：未合并（no_target_or_single_plan）。
托盘类型 MH423C（销售订单号：PEG086300LN01S）处理完成：总托盘 1，指数达标 0，未达标 1，平均缺口 180.00，最大缺口 180.00，失败托盘互借修复成功 0。
  - KPI：near/mid/deep=0/0/1，救回率=0.00%，pair效率=0.00%。
  - 耗时拆解：packing=0.00s，main_topup=0.00s，retry=0.00s，failed_pool=0.00s，repack=0.00s，total=0.01s。
正在处理托盘类型：MH423C，销售订单号：PEG086300LN01S__SPLITREST__
  - 该分组不适合列式（多非满柱）→ 回退 beam + 配方优先。
  - 配方优先[fast]：规划 0 实例，实装成功 0，配方路径不可用 → 采用基线方案。
  - 指数诊断：箱子 1 个，总指数 1，目标 192，理论最多达标托盘 0 个，剩余指数 1。
  - 几何诊断：典型整层堆叠单盘参考上限 1/192。 当前目标可能受托盘高度/箱型组合限制。
  - 几何诊断提示：典型整层参考值 1 < 目标 192；该值不是不可达证明，继续执行指数救援。
  - 失败托盘互借诊断：未合并（no_target_or_single_plan）。
托盘类型 MH423C（销售订单号：PEG086300LN01S__SPLITREST__）处理完成：总托盘 1，指数达标 0，未达标 1，平均缺口 191.00，最大缺口 191.00，失败托盘互借修复成功 0。
  - KPI：near/mid/deep=0/0/1，救回率=0.00%，pair效率=0.00%。
  - 耗时拆解：packing=0.00s，main_topup=0.00s，retry=0.00s，failed_pool=0.00s，repack=0.00s，total=0.00s。
正在处理托盘类型：MH423C，销售订单号：LAID16306DN03S
  - 该分组不适合列式（多非满柱）→ 回退 beam + 配方优先。
  - 配方优先[fast]：规划 0 实例，实装成功 0，配方路径不可用 → 采用基线方案。
  - 指数诊断：箱子 10 个，总指数 40，目标 192，理论最多达标托盘 0 个，剩余指数 40。
  - 几何诊断：典型整层堆叠单盘参考上限 36/192。 当前目标可能受托盘高度/箱型组合限制。
  - 几何诊断提示：典型整层参考值 36 < 目标 192；该值不是不可达证明，继续执行指数救援。
  - 失败托盘互借诊断：未合并（no_target_or_single_plan）。
托盘类型 MH423C（销售订单号：LAID16306DN03S）处理完成：总托盘 1，指数达标 0，未达标 1，平均缺口 152.00，最大缺口 152.00，失败托盘互借修复成功 0。
  - KPI：near/mid/deep=0/0/1，救回率=0.00%，pair效率=0.00%。
  - 耗时拆解：packing=0.03s，main_topup=0.00s，retry=0.00s，failed_pool=0.00s，repack=0.00s，total=0.03s。
正在处理托盘类型：MH423C，销售订单号：LFEG16310IN02S
  - 主算法：全局列式装箱 + 柱级组合优化（GCP）。
  - 失败托盘互借诊断：未合并（no_target_or_single_plan）。
托盘类型 MH423C（销售订单号：LFEG16310IN02S）处理完成：总托盘 1，指数达标 0，未达标 1，平均缺口 118.00，最大缺口 118.00，失败托盘互借修复成功 0。
  - KPI：near/mid/deep=0/0/1，救回率=0.00%，pair效率=0.00%。
  - 耗时拆解：packing=0.19s，main_topup=0.00s，retry=0.00s，failed_pool=0.00s，repack=0.00s，total=0.19s。
正在处理托盘类型：MH423C，销售订单号：LFEG16310IN02S__SPLITREST__
  - 该分组不适合列式（多非满柱）→ 回退 beam + 配方优先。
  - 配方优先[fast]：规划 0 实例，实装成功 0，配方路径不可用 → 采用基线方案。
  - 指数诊断：箱子 4 个，总指数 5，目标 192，理论最多达标托盘 0 个，剩余指数 5。
  - 几何诊断：典型整层堆叠单盘参考上限 5/192。 当前目标可能受托盘高度/箱型组合限制。
  - 几何诊断提示：典型整层参考值 5 < 目标 192；该值不是不可达证明，继续执行指数救援。
  - 失败托盘互借诊断：未合并（no_target_or_single_plan）。
托盘类型 MH423C（销售订单号：LFEG16310IN02S__SPLITREST__）处理完成：总托盘 1，指数达标 0，未达标 1，平均缺口 187.00，最大缺口 187.00，失败托盘互借修复成功 0。
  - KPI：near/mid/deep=0/0/1，救回率=0.00%，pair效率=0.00%。
  - 耗时拆解：packing=0.00s，main_topup=0.00s，retry=0.00s，failed_pool=0.00s，repack=0.00s，total=0.02s。
正在处理托盘类型：MH423C，销售订单号：LFEG16310IN01S
  - 该分组不适合列式（多非满柱）→ 回退 beam + 配方优先。
  - 配方优先[fast]：规划 0 实例，实装成功 0，配方路径不可用 → 采用基线方案。
  - 指数诊断：箱子 21 个，总指数 49，目标 192，理论最多达标托盘 0 个，剩余指数 49。
  - 几何诊断：典型整层堆叠单盘参考上限 43/192。 当前目标可能受托盘高度/箱型组合限制。
  - 几何诊断提示：典型整层参考值 43 < 目标 192；该值不是不可达证明，继续执行指数救援。
  - 失败托盘互借诊断：未合并（aborted_no_improvement_possible）。
托盘类型 MH423C（销售订单号：LFEG16310IN01S）处理完成：总托盘 2，指数达标 0，未达标 2，平均缺口 167.50，最大缺口 184.00，失败托盘互借修复成功 0。
  - KPI：near/mid/deep=0/0/2，救回率=0.00%，pair效率=0.00%。
  - 耗时拆解：packing=0.05s，main_topup=0.00s，retry=0.00s，failed_pool=0.00s，repack=0.24s，total=0.41s。
正在处理托盘类型：MH423C，销售订单号：LAID16316DN01S
  - 主算法：全局列式装箱 + 柱级组合优化（GCP）。
  - 失败托盘互借诊断：未合并（no_target_or_single_plan）。
托盘类型 MH423C（销售订单号：LAID16316DN01S）处理完成：总托盘 1，指数达标 0，未达标 1，平均缺口 20.00，最大缺口 20.00，失败托盘互借修复成功 0。
  - KPI：near/mid/deep=0/1/0，救回率=0.00%，pair效率=0.00%。
  - 耗时拆解：packing=0.50s，main_topup=0.00s，retry=0.00s，failed_pool=0.00s，repack=0.00s，total=0.50s。
正在处理托盘类型：MH423C，销售订单号：LAID16316DN01S__SPLITREST__
  - 该分组不适合列式（多非满柱）→ 回退 beam + 配方优先。
  - 配方优先[fast]：规划 0 实例，实装成功 0，配方路径不可用 → 采用基线方案。
  - 指数诊断：箱子 7 个，总指数 11，目标 192，理论最多达标托盘 0 个，剩余指数 11。
  - 几何诊断：典型整层堆叠单盘参考上限 11/192。 当前目标可能受托盘高度/箱型组合限制。
  - 几何诊断提示：典型整层参考值 11 < 目标 192；该值不是不可达证明，继续执行指数救援。
  - 失败托盘互借诊断：未合并（no_target_or_single_plan）。
托盘类型 MH423C（销售订单号：LAID16316DN01S__SPLITREST__）处理完成：总托盘 1，指数达标 0，未达标 1，平均缺口 181.00，最大缺口 181.00，失败托盘互借修复成功 0。
  - KPI：near/mid/deep=0/0/1，救回率=0.00%，pair效率=0.00%。
  - 耗时拆解：packing=0.01s，main_topup=0.00s，retry=0.00s，failed_pool=0.00s，repack=0.00s，total=0.03s。
正在处理托盘类型：MH423C，销售订单号：PEG166300LN01S
  - 主算法：全局列式装箱 + 柱级组合优化（GCP）。
  - 失败托盘互借诊断：未合并（no_target_or_single_plan）。
托盘类型 MH423C（销售订单号：PEG166300LN01S）处理完成：总托盘 1，指数达标 0，未达标 1，平均缺口 42.00，最大缺口 42.00，失败托盘互借修复成功 0。
  - KPI：near/mid/deep=0/0/1，救回率=0.00%，pair效率=0.00%。
  - 耗时拆解：packing=0.49s，main_topup=0.00s，retry=0.00s，failed_pool=0.00s，repack=0.00s，total=0.49s。
正在处理托盘类型：MH423C，销售订单号：LAID16315EN02S
  - 主算法：全局列式装箱 + 柱级组合优化（GCP）。
  - 失败托盘互借诊断：未合并（no_target_or_single_plan）。
托盘类型 MH423C（销售订单号：LAID16315EN02S）处理完成：总托盘 1，指数达标 0，未达标 1，平均缺口 40.00，最大缺口 40.00，失败托盘互借修复成功 0。
  - KPI：near/mid/deep=0/0/1，救回率=0.00%，pair效率=0.00%。
  - 耗时拆解：packing=0.07s，main_topup=0.00s，retry=0.00s，failed_pool=0.00s，repack=0.00s，total=0.07s。
正在处理托盘类型：MH423C，销售订单号：LAID16315EN02S__SPLITREST__
  - 该分组不适合列式（多非满柱）→ 回退 beam + 配方优先。
  - 配方优先[fast]：规划 0 实例，实装成功 0，配方路径不可用 → 采用基线方案。
  - 指数诊断：箱子 4 个，总指数 5，目标 192，理论最多达标托盘 0 个，剩余指数 5。
  - 几何诊断：典型整层堆叠单盘参考上限 5/192。 当前目标可能受托盘高度/箱型组合限制。
  - 几何诊断提示：典型整层参考值 5 < 目标 192；该值不是不可达证明，继续执行指数救援。
  - 失败托盘互借诊断：未合并（no_target_or_single_plan）。
托盘类型 MH423C（销售订单号：LAID16315EN02S__SPLITREST__）处理完成：总托盘 1，指数达标 0，未达标 1，平均缺口 187.00，最大缺口 187.00，失败托盘互借修复成功 0。
  - KPI：near/mid/deep=0/0/1，救回率=0.00%，pair效率=0.00%。
  - 耗时拆解：packing=0.00s，main_topup=0.00s，retry=0.00s，failed_pool=0.00s，repack=0.00s，total=0.02s。
正在处理托盘类型：MH423C，销售订单号：LFEG16316AN01S
  - 该分组不适合列式（多非满柱）→ 回退 beam + 配方优先。
  - 配方优先[fast]：规划 0 实例，实装成功 0，配方路径不可用 → 采用基线方案。
  - 指数诊断：箱子 7 个，总指数 46，目标 192，理论最多达标托盘 0 个，剩余指数 46。
  - 几何诊断：典型整层堆叠单盘参考上限 46/192。 当前目标可能受托盘高度/箱型组合限制。
  - 几何诊断提示：典型整层参考值 46 < 目标 192；该值不是不可达证明，继续执行指数救援。
  - 失败托盘互借诊断：未合并（no_target_or_single_plan）。
托盘类型 MH423C（销售订单号：LFEG16316AN01S）处理完成：总托盘 1，指数达标 0，未达标 1，平均缺口 146.00，最大缺口 146.00，失败托盘互借修复成功 0。
  - KPI：near/mid/deep=0/0/1，救回率=0.00%，pair效率=0.00%。
  - 耗时拆解：packing=0.01s，main_topup=0.00s，retry=0.00s，failed_pool=0.00s，repack=0.00s，total=0.02s。
正在处理托盘类型：MH423C，销售订单号：PAIN26310BC02S
  - 该分组不适合列式（多非满柱）→ 回退 beam + 配方优先。
  - 配方优先[fast]：规划 0 实例，实装成功 0，配方路径不可用 → 采用基线方案。
  - 指数诊断：箱子 10 个，总指数 54，目标 192，理论最多达标托盘 0 个，剩余指数 54。
  - 几何诊断：典型整层堆叠单盘参考上限 38/192。 当前目标可能受托盘高度/箱型组合限制。
  - 几何诊断提示：典型整层参考值 38 < 目标 192；该值不是不可达证明，继续执行指数救援。
  - 失败托盘互借诊断：未合并（no_target_or_single_plan）。
托盘类型 MH423C（销售订单号：PAIN26310BC02S）处理完成：总托盘 1，指数达标 0，未达标 1，平均缺口 138.00，最大缺口 138.00，失败托盘互借修复成功 0。
  - KPI：near/mid/deep=0/0/1，救回率=0.00%，pair效率=0.00%。
  - 耗时拆解：packing=0.04s，main_topup=0.00s，retry=0.00s，failed_pool=0.00s，repack=0.00s，total=0.04s。
正在处理托盘类型：MH423C，销售订单号：LFEG16310IN03S
  - 该分组不适合列式（多非满柱）→ 回退 beam + 配方优先。
  - 配方优先[fast]：规划 0 实例，实装成功 0，配方路径不可用 → 采用基线方案。
  - 指数诊断：箱子 47 个，总指数 88.5，目标 192，理论最多达标托盘 0 个，剩余指数 88.5。
  - 几何诊断：典型整层堆叠单盘参考上限 56/192。 当前目标可能受托盘高度/箱型组合限制。
  - 几何诊断提示：典型整层参考值 56 < 目标 192；该值不是不可达证明，继续执行指数救援。
  - 失败托盘互借诊断：未合并（aborted_no_improvement_possible）。
托盘类型 MH423C（销售订单号：LFEG16310IN03S）处理完成：总托盘 2，指数达标 0，未达标 2，平均缺口 147.75，最大缺口 184.00，失败托盘互借修复成功 0。
  - KPI：near/mid/deep=0/0/2，救回率=0.00%，pair效率=0.00%。
  - 耗时拆解：packing=0.32s，main_topup=0.00s，retry=0.00s，failed_pool=0.00s，repack=0.51s，total=1.62s。
正在处理托盘类型：MH423C，销售订单号：PAIN26316EC02S
  - 主算法：全局列式装箱 + 柱级组合优化（GCP）。
  - 失败托盘互借诊断：未合并（no_target_or_single_plan）。
托盘类型 MH423C（销售订单号：PAIN26316EC02S）处理完成：总托盘 1，指数达标 0，未达标 1，平均缺口 22.00，最大缺口 22.00，失败托盘互借修复成功 0。
  - KPI：near/mid/deep=0/1/0，救回率=0.00%，pair效率=0.00%。
  - 耗时拆解：packing=1.11s，main_topup=0.00s，retry=0.00s，failed_pool=0.00s，repack=0.00s，total=1.11s。
正在处理托盘类型：MH423C，销售订单号：PAIN26296EC02S
  - 主算法：全局列式装箱 + 柱级组合优化（GCP）。
  - 失败托盘互借诊断：未合并（no_target_or_single_plan）。
托盘类型 MH423C（销售订单号：PAIN26296EC02S）处理完成：总托盘 1，指数达标 0，未达标 1，平均缺口 54.00，最大缺口 54.00，失败托盘互借修复成功 0。
  - KPI：near/mid/deep=0/0/1，救回率=0.00%，pair效率=0.00%。
  - 耗时拆解：packing=1.07s，main_topup=0.00s，retry=0.00s，failed_pool=0.00s，repack=0.00s，total=1.07s。
正在处理托盘类型：MH423C，销售订单号：LFEG16300IN02S
  - 该分组不适合列式（多非满柱）→ 回退 beam + 配方优先。
  - 配方优先[fast]：规划 0 实例，实装成功 0，配方路径不可用 → 采用基线方案。
  - 指数诊断：箱子 10 个，总指数 19，目标 192，理论最多达标托盘 0 个，剩余指数 19。
  - 几何诊断：典型整层堆叠单盘参考上限 19/192。 当前目标可能受托盘高度/箱型组合限制。
  - 几何诊断提示：典型整层参考值 19 < 目标 192；该值不是不可达证明，继续执行指数救援。
  - 失败托盘互借诊断：未合并（no_target_or_single_plan）。
托盘类型 MH423C（销售订单号：LFEG16300IN02S）处理完成：总托盘 1，指数达标 0，未达标 1，平均缺口 173.00，最大缺口 173.00，失败托盘互借修复成功 0。
  - KPI：near/mid/deep=0/0/1，救回率=0.00%，pair效率=0.00%。
  - 耗时拆解：packing=0.01s，main_topup=0.00s，retry=0.00s，failed_pool=0.00s，repack=0.00s，total=0.06s。
正在处理托盘类型：MH423C，销售订单号：PAIN26310BN01S
  - 主算法：全局列式装箱 + 柱级组合优化（GCP）。
  - GCP 盘数远超理论（CP-SAT 装不满）→ 回退 baseline beam + 配方优先。
  - 配方优先[fast]：规划 0 实例，实装成功 0，配方路径不可用 → 采用基线方案。
  - 指数诊断：箱子 52 个，总指数 136，目标 192，理论最多达标托盘 0 个，剩余指数 136。
  - 几何诊断：典型整层堆叠单盘参考上限 130/192。 当前目标可能受托盘高度/箱型组合限制。
  - 几何诊断提示：典型整层参考值 130 < 目标 192；该值不是不可达证明，继续执行指数救援。
  - 失败托盘互借诊断：未合并（no_target_or_single_plan）。
托盘类型 MH423C（销售订单号：PAIN26310BN01S）处理完成：总托盘 1，指数达标 0，未达标 1，平均缺口 56.00，最大缺口 56.00，失败托盘互借修复成功 0。
  - KPI：near/mid/deep=0/0/1，救回率=0.00%，pair效率=0.00%。
  - 耗时拆解：packing=1.35s，main_topup=0.00s，retry=0.00s，failed_pool=0.00s，repack=0.00s，total=2.25s。
正在处理托盘类型：MH423C，销售订单号：PAIN26310GN01S
  - 主算法：全局列式装箱 + 柱级组合优化（GCP）。
  - 失败托盘互借诊断：未合并（no_target_or_single_plan）。
托盘类型 MH423C（销售订单号：PAIN26310GN01S）处理完成：总托盘 1，指数达标 0，未达标 1，平均缺口 42.00，最大缺口 42.00，失败托盘互借修复成功 0。
  - KPI：near/mid/deep=0/0/1，救回率=0.00%，pair效率=0.00%。
  - 耗时拆解：packing=1.80s，main_topup=0.00s，retry=0.00s，failed_pool=0.00s，repack=0.00s，total=1.80s。
正在处理托盘类型：MH423C，销售订单号：PAIN26310GN01S__SPLITREST__
  - 该分组不适合列式（多非满柱）→ 回退 beam + 配方优先。
  - 配方优先[fast]：规划 0 实例，实装成功 0，配方路径不可用 → 采用基线方案。
  - 指数诊断：箱子 3 个，总指数 3，目标 192，理论最多达标托盘 0 个，剩余指数 3。
  - 几何诊断：典型整层堆叠单盘参考上限 3/192。 当前目标可能受托盘高度/箱型组合限制。
  - 几何诊断提示：典型整层参考值 3 < 目标 192；该值不是不可达证明，继续执行指数救援。
  - 失败托盘互借诊断：未合并（no_target_or_single_plan）。
托盘类型 MH423C（销售订单号：PAIN26310GN01S__SPLITREST__）处理完成：总托盘 1，指数达标 0，未达标 1，平均缺口 189.00，最大缺口 189.00，失败托盘互借修复成功 0。
  - KPI：near/mid/deep=0/0/1，救回率=0.00%，pair效率=0.00%。
  - 耗时拆解：packing=0.00s，main_topup=0.00s，retry=0.00s，failed_pool=0.00s，repack=0.00s，total=0.01s。
正在处理托盘类型：MH423C，销售订单号：PAID16315AN01S
  - 该分组不适合列式（多非满柱）→ 回退 beam + 配方优先。
  - 配方优先[fast]：规划 0 实例，实装成功 0，配方路径不可用 → 采用基线方案。
  - 指数诊断：箱子 1 个，总指数 1，目标 192，理论最多达标托盘 0 个，剩余指数 1。
  - 几何诊断：典型整层堆叠单盘参考上限 1/192。 当前目标可能受托盘高度/箱型组合限制。
  - 几何诊断提示：典型整层参考值 1 < 目标 192；该值不是不可达证明，继续执行指数救援。
  - 失败托盘互借诊断：未合并（no_target_or_single_plan）。
托盘类型 MH423C（销售订单号：PAID16315AN01S）处理完成：总托盘 1，指数达标 0，未达标 1，平均缺口 191.00，最大缺口 191.00，失败托盘互借修复成功 0。
  - KPI：near/mid/deep=0/0/1，救回率=0.00%，pair效率=0.00%。
  - 耗时拆解：packing=0.00s，main_topup=0.00s，retry=0.00s，failed_pool=0.00s，repack=0.00s，total=0.00s。
正在处理托盘类型：MH423C，销售订单号：LAID16316DN02S
  - 主算法：全局列式装箱 + 柱级组合优化（GCP）。
  - 失败托盘互借诊断：未合并（aborted_no_improvement_possible）。
托盘类型 MH423C（销售订单号：LAID16316DN02S）处理完成：总托盘 2，指数达标 0，未达标 2，平均缺口 98.00，最大缺口 190.00，失败托盘互借修复成功 0。
  - KPI：near/mid/deep=1/0/1，救回率=0.00%，pair效率=0.00%。
  - 耗时拆解：packing=0.62s，main_topup=0.00s，retry=0.00s，failed_pool=0.00s，repack=0.74s，total=1.36s。
正在处理托盘类型：MH423C，销售订单号：LAID16316DN02S__SPLITREST__
  - 该分组不适合列式（多非满柱）→ 回退 beam + 配方优先。
  - 配方优先[fast]：规划 0 实例，实装成功 0，配方路径不可用 → 采用基线方案。
  - 指数诊断：箱子 3 个，总指数 3，目标 192，理论最多达标托盘 0 个，剩余指数 3。
  - 几何诊断：典型整层堆叠单盘参考上限 3/192。 当前目标可能受托盘高度/箱型组合限制。
  - 几何诊断提示：典型整层参考值 3 < 目标 192；该值不是不可达证明，继续执行指数救援。
  - 失败托盘互借诊断：未合并（no_target_or_single_plan）。
托盘类型 MH423C（销售订单号：LAID16316DN02S__SPLITREST__）处理完成：总托盘 1，指数达标 0，未达标 1，平均缺口 189.00，最大缺口 189.00，失败托盘互借修复成功 0。
  - KPI：near/mid/deep=0/0/1，救回率=0.00%，pair效率=0.00%。
  - 耗时拆解：packing=0.00s，main_topup=0.00s，retry=0.00s，failed_pool=0.00s，repack=0.00s，total=0.01s。
正在处理托盘类型：MH423C，销售订单号：PAIN26266EC02S
  - 主算法：全局列式装箱 + 柱级组合优化（GCP）。
  - 失败托盘互借诊断：未合并（no_target_or_single_plan）。
托盘类型 MH423C（销售订单号：PAIN26266EC02S）处理完成：总托盘 1，指数达标 0，未达标 1，平均缺口 140.00，最大缺口 140.00，失败托盘互借修复成功 0。
  - KPI：near/mid/deep=0/0/1，救回率=0.00%，pair效率=0.00%。
  - 耗时拆解：packing=0.13s，main_topup=0.00s，retry=0.00s，failed_pool=0.00s，repack=0.00s，total=0.13s。
正在处理托盘类型：MH423C，销售订单号：LAID16316DN03S
  - 主算法：全局列式装箱 + 柱级组合优化（GCP）。
  - 失败托盘互借诊断：未合并（no_target_or_single_plan）。
托盘类型 MH423C（销售订单号：LAID16316DN03S）处理完成：总托盘 1，指数达标 0，未达标 1，平均缺口 114.00，最大缺口 114.00，失败托盘互借修复成功 0。
  - KPI：near/mid/deep=0/0/1，救回率=0.00%，pair效率=0.00%。
  - 耗时拆解：packing=0.19s，main_topup=0.00s，retry=0.00s，failed_pool=0.00s，repack=0.00s，total=0.19s。
正在处理托盘类型：MH423C，销售订单号：LAID16316DN03S__SPLITREST__
  - 该分组不适合列式（多非满柱）→ 回退 beam + 配方优先。
  - 配方优先[fast]：规划 0 实例，实装成功 0，配方路径不可用 → 采用基线方案。
  - 指数诊断：箱子 3 个，总指数 14，目标 192，理论最多达标托盘 0 个，剩余指数 14。
  - 几何诊断：典型整层堆叠单盘参考上限 14/192。 当前目标可能受托盘高度/箱型组合限制。
  - 几何诊断提示：典型整层参考值 14 < 目标 192；该值不是不可达证明，继续执行指数救援。
  - 失败托盘互借诊断：未合并（no_target_or_single_plan）。
托盘类型 MH423C（销售订单号：LAID16316DN03S__SPLITREST__）处理完成：总托盘 1，指数达标 0，未达标 1，平均缺口 178.00，最大缺口 178.00，失败托盘互借修复成功 0。
  - KPI：near/mid/deep=0/0/1，救回率=0.00%，pair效率=0.00%。
  - 耗时拆解：packing=0.00s，main_topup=0.00s，retry=0.00s，failed_pool=0.00s，repack=0.00s，total=0.01s。
正在处理托盘类型：MH423C，销售订单号：PAIN26310MN06S
  - 主算法：全局列式装箱 + 柱级组合优化（GCP）。
  - 失败托盘互借诊断：未合并（no_target_or_single_plan）。
托盘类型 MH423C（销售订单号：PAIN26310MN06S）处理完成：总托盘 1，指数达标 0，未达标 1，平均缺口 60.00，最大缺口 60.00，失败托盘互借修复成功 0。
  - KPI：near/mid/deep=0/0/1，救回率=0.00%，pair效率=0.00%。
  - 耗时拆解：packing=0.17s，main_topup=0.00s，retry=0.00s，failed_pool=0.00s，repack=0.00s，total=0.17s。
正在处理托盘类型：MH423C，销售订单号：PAIN26266EN01S
  - 主算法：全局列式装箱 + 柱级组合优化（GCP）。
  - 失败托盘互借诊断：未合并（no_target_or_single_plan）。
托盘类型 MH423C（销售订单号：PAIN26266EN01S）处理完成：总托盘 1，指数达标 0，未达标 1，平均缺口 162.00，最大缺口 162.00，失败托盘互借修复成功 0。
  - KPI：near/mid/deep=0/0/1，救回率=0.00%，pair效率=0.00%。
  - 耗时拆解：packing=0.16s，main_topup=0.00s，retry=0.00s，failed_pool=0.00s，repack=0.00s，total=0.16s。
正在处理托盘类型：MH423C，销售订单号：LFEG16316AN02S
  - 该分组不适合列式（多非满柱）→ 回退 beam + 配方优先。
  - 配方优先[fast]：规划 0 实例，实装成功 0，配方路径不可用 → 采用基线方案。
  - 指数诊断：箱子 15 个，总指数 105，目标 192，理论最多达标托盘 0 个，剩余指数 105。
  - 几何诊断：典型整层堆叠单盘参考上限 65/192。 当前目标可能受托盘高度/箱型组合限制。
  - 几何诊断提示：典型整层参考值 65 < 目标 192；该值不是不可达证明，继续执行指数救援。
  - 失败托盘互借诊断：未合并（no_target_or_single_plan）。
托盘类型 MH423C（销售订单号：LFEG16316AN02S）处理完成：总托盘 1，指数达标 0，未达标 1，平均缺口 87.00，最大缺口 87.00，失败托盘互借修复成功 0。
  - KPI：near/mid/deep=0/0/1，救回率=0.00%，pair效率=0.00%。
  - 耗时拆解：packing=0.07s，main_topup=0.00s，retry=0.00s，failed_pool=0.00s，repack=0.00s，total=0.07s。
正在处理托盘类型：MH423C，销售订单号：LAID16294AN01S
  - 主算法：全局列式装箱 + 柱级组合优化（GCP）。
  - 失败托盘互借诊断：未合并（no_target_or_single_plan）。
托盘类型 MH423C（销售订单号：LAID16294AN01S）处理完成：总托盘 1，指数达标 0，未达标 1，平均缺口 144.00，最大缺口 144.00，失败托盘互借修复成功 0。
  - KPI：near/mid/deep=0/0/1，救回率=0.00%，pair效率=0.00%。
  - 耗时拆解：packing=0.04s，main_topup=0.00s，retry=0.00s，failed_pool=0.00s，repack=0.00s，total=0.04s。
正在处理托盘类型：MH423C，销售订单号：PAIN26310GC02S
  - 主算法：全局列式装箱 + 柱级组合优化（GCP）。
  - 失败托盘互借诊断：未合并（no_target_or_single_plan）。
托盘类型 MH423C（销售订单号：PAIN26310GC02S）处理完成：总托盘 1，指数达标 0，未达标 1，平均缺口 100.00，最大缺口 100.00，失败托盘互借修复成功 0。
  - KPI：near/mid/deep=0/0/1，救回率=0.00%，pair效率=0.00%。
  - 耗时拆解：packing=0.04s，main_topup=0.00s，retry=0.00s，failed_pool=0.00s，repack=0.00s，total=0.04s。
正在处理托盘类型：MH423C，销售订单号：PAIN26290MN02S
  - 主算法：全局列式装箱 + 柱级组合优化（GCP）。
  - 失败托盘互借诊断：未合并（no_target_or_single_plan）。
托盘类型 MH423C（销售订单号：PAIN26290MN02S）处理完成：总托盘 1，指数达标 0，未达标 1，平均缺口 84.00，最大缺口 84.00，失败托盘互借修复成功 0。
  - KPI：near/mid/deep=0/0/1，救回率=0.00%，pair效率=0.00%。
  - 耗时拆解：packing=0.25s，main_topup=0.00s，retry=0.00s，failed_pool=0.00s，repack=0.00s，total=0.25s。
正在处理托盘类型：MH423C，销售订单号：PAID163108N01S
  - 主算法：全局列式装箱 + 柱级组合优化（GCP）。
  - 失败托盘互借诊断：未合并（no_target_or_single_plan）。
托盘类型 MH423C（销售订单号：PAID163108N01S）处理完成：总托盘 1，指数达标 0，未达标 1，平均缺口 122.00，最大缺口 122.00，失败托盘互借修复成功 0。
  - KPI：near/mid/deep=0/0/1，救回率=0.00%，pair效率=0.00%。
  - 耗时拆解：packing=0.22s，main_topup=0.00s，retry=0.00s，failed_pool=0.00s，repack=0.00s，total=0.22s。
正在处理托盘类型：MH423C，销售订单号：PAID16315BN01S
  - 主算法：全局列式装箱 + 柱级组合优化（GCP）。
  - 失败托盘互借诊断：未合并（no_target_or_single_plan）。
托盘类型 MH423C（销售订单号：PAID16315BN01S）处理完成：总托盘 1，指数达标 0，未达标 1，平均缺口 170.00，最大缺口 170.00，失败托盘互借修复成功 0。
  - KPI：near/mid/deep=0/0/1，救回率=0.00%，pair效率=0.00%。
  - 耗时拆解：packing=0.03s，main_topup=0.00s，retry=0.00s，failed_pool=0.00s，repack=0.00s，total=0.03s。
正在处理托盘类型：MH423C，销售订单号：PAIN26310MN01S
  - 主算法：全局列式装箱 + 柱级组合优化（GCP）。
  - 失败托盘互借诊断：未合并（aborted_no_improvement_possible）。
托盘类型 MH423C（销售订单号：PAIN26310MN01S）处理完成：总托盘 2，指数达标 0，未达标 2，平均缺口 101.00，最大缺口 164.00，失败托盘互借修复成功 0。
  - KPI：near/mid/deep=0/0/2，救回率=0.00%，pair效率=0.00%。
  - 耗时拆解：packing=2.32s，main_topup=0.00s，retry=0.00s，failed_pool=0.00s，repack=1.79s，total=4.11s。
正在处理托盘类型：MH423C，销售订单号：PAID163108N03S
  - 该分组不适合列式（多非满柱）→ 回退 beam + 配方优先。
  - 配方优先[fast]：规划 0 实例，实装成功 0，配方路径不可用 → 采用基线方案。
  - 指数诊断：箱子 1 个，总指数 2，目标 192，理论最多达标托盘 0 个，剩余指数 2。
  - 几何诊断：典型整层堆叠单盘参考上限 2/192。 当前目标可能受托盘高度/箱型组合限制。
  - 几何诊断提示：典型整层参考值 2 < 目标 192；该值不是不可达证明，继续执行指数救援。
  - 失败托盘互借诊断：未合并（no_target_or_single_plan）。
托盘类型 MH423C（销售订单号：PAID163108N03S）处理完成：总托盘 1，指数达标 0，未达标 1，平均缺口 190.00，最大缺口 190.00，失败托盘互借修复成功 0。
  - KPI：near/mid/deep=0/0/1，救回率=0.00%，pair效率=0.00%。
  - 耗时拆解：packing=0.00s，main_topup=0.00s，retry=0.00s，failed_pool=0.00s，repack=0.00s，total=0.00s。
正在处理托盘类型：MH423C，销售订单号：PAID16300FN01S
  - 该分组不适合列式（多非满柱）→ 回退 beam + 配方优先。
  - 配方优先[fast]：规划 0 实例，实装成功 0，配方路径不可用 → 采用基线方案。
  - 指数诊断：箱子 1 个，总指数 4，目标 192，理论最多达标托盘 0 个，剩余指数 4。
  - 几何诊断：典型整层堆叠单盘参考上限 4/192。 当前目标可能受托盘高度/箱型组合限制。
  - 几何诊断提示：典型整层参考值 4 < 目标 192；该值不是不可达证明，继续执行指数救援。
  - 失败托盘互借诊断：未合并（no_target_or_single_plan）。
托盘类型 MH423C（销售订单号：PAID16300FN01S）处理完成：总托盘 1，指数达标 0，未达标 1，平均缺口 188.00，最大缺口 188.00，失败托盘互借修复成功 0。
  - KPI：near/mid/deep=0/0/1，救回率=0.00%，pair效率=0.00%。
  - 耗时拆解：packing=0.00s，main_topup=0.00s，retry=0.00s，failed_pool=0.00s，repack=0.00s，total=0.00s。
  - 失败盘装满压实：合并/吸收 1 次（纯减盘数）。
  - 跨子组装满压实（MH423C / PAID16306DN01S）：合并 1 次（纯减盘数）。
============================================================
[WCS-拉] 20260729_120104：拉取接口 1 …
[WCS-拉] 原始响应已保存：D:\research_code\final\zhuang\packing-workspace\input\raw\20260729_120104.json
[WCS-拉] 已剔除 case_type≠MH423C 的品类 54 条（类型：['WR246']），保留 1476 条。
[WCS-DB] wcs_stock_box product_code 集合未变（1476 个），跳过替换
[WCS-拉] wcs_stock_box 与本次立库 product_code 一致（候选 1476），不替换、不触发装箱。
[WCS-DB] wcs_stock_box_all product_code 已存在、跳过 1476 条
[WCS-拉] wcs_stock_box_all 追加：新插入 0，跳过已有 1476（历史不删）。
[WCS-拉] 库存无变化 → need_repack 不变。
  - 跨子组条件双路径（MH423C / LAID16305BN01S）：采用严格更优完整路径。
  - 失败盘装满压实：合并/吸收 1 次（纯减盘数）。
  - 跨子组装满压实（MH423C / LAID16305BN03S）：合并 1 次（纯减盘数）。
  - 失败盘装满压实：合并/吸收 1 次（纯减盘数）。
  - 跨子组装满压实（MH423C / LAID16306DN02S）：合并 1 次（纯减盘数）。
  - 失败盘装满压实：合并/吸收 1 次（纯减盘数）。
  - 跨子组装满压实（MH423C / LAID16315EN01S）：合并 1 次（纯减盘数）。
  - 失败盘装满压实：合并/吸收 1 次（纯减盘数）。
  - 跨子组装满压实（MH423C / PAIN26310MZ05S）：合并 1 次（纯减盘数）。
  - 失败盘装满压实：合并/吸收 1 次（纯减盘数）。
  - 跨子组装满压实（MH423C / PEG086300LN01S）：合并 1 次（纯减盘数）。
  - 失败盘装满压实：合并/吸收 1 次（纯减盘数）。
  - 跨子组装满压实（MH423C / LAID16316DN02S）：合并 1 次（纯减盘数）。
  - 失败盘装满压实：合并/吸收 1 次（纯减盘数）。
  - 跨子组装满压实（MH423C / LAID16316DN03S）：合并 1 次（纯减盘数）。
========================================
统计汇总：总托盘 57，指数达标 0，未达标 57，未知 0，平均缺口 119.37，最大缺口 191.00，失败托盘互借修复成功 0
KPI汇总：near/mid/deep=1/5/51，pair尝试=0，pair改进=0，pair效率=0.00%
耗时汇总：packing=74.30s，main_topup=0.02s，retry=0.00s，repack=8.40s，end_to_end=237.99s
========================================
[WCS-装] 装箱异常：输出质量门禁失败：zero_dimension_boxes=['WCS-1375-YZX507-0000', 'WCS-1377-YZX507-0000', 'WCS-1376-YZX507-0000', 'WCS-1378-YZX507-0000']
[WCS-装] 算完后 need_repack=False → 继续等待。
[WCS-装] 等待 need_repack（立库相对库表有变化才开算）…
============================================================
[WCS-拉] 20260729_120424：拉取接口 1 …
[WCS-拉] 原始响应已保存：D:\research_code\final\zhuang\packing-workspace\input\raw\20260729_120424.json
[WCS-拉] 已剔除 case_type≠MH423C 的品类 54 条（类型：['WR246']），保留 1483 条。
[WCS-DB] wcs_stock_box 已全量替换：清空 1476 → 插入 1483
[WCS-拉] wcs_stock_box 已全量替换：删 1476，插 1483。
[WCS-DB] wcs_stock_box_all product_code 已存在、跳过 1476 条
[WCS-拉] wcs_stock_box_all 追加：新插入 7，跳过已有 1476（历史不删）。
[WCS-拉] 库存有变化 → need_repack=True，唤醒装箱。
[WCS] 已加载 BMS 参考表：D:\research_code\final\zhuang\packing-workspace\data\selected_5000_boxes_9_1_concentrated_3orders.xlsx
============================================================
[WCS-装] 20260729_120428：库存行 1483 条，开始装箱 …
[WCS-装] 展开为 1483 个箱子。
数据预处理和箱子分组完成（按托盘类型+销售订单号）。
----------------------------------------
  - 组内子聚类：15 个混合订单拆出规则子集走 GCP、杂箱走 baseline。
正在处理托盘类型：MH423C，销售订单号：LAID16306DN01S
  - 主算法：全局列式装箱 + 柱级组合优化（GCP）。
  - 失败托盘互借诊断：未合并（aborted_no_improvement_possible）。
托盘类型 MH423C（销售订单号：LAID16306DN01S）处理完成：总托盘 2，指数达标 0，未达标 2，平均缺口 74.25，最大缺口 131.50，失败托盘互借修复成功 0。
  - KPI：near/mid/deep=0/1/1，救回率=0.00%，pair效率=0.00%。
  - 耗时拆解：packing=54.57s，main_topup=0.00s，retry=0.00s，failed_pool=0.00s，repack=2.41s，total=56.98s。
  - 条件双路径棘轮：替代完整路径通过守恒和最终门禁，严格优于 GCP，已采用。
正在处理托盘类型：MH423C，销售订单号：LAMY16315FN01S
  - 主算法：全局列式装箱 + 柱级组合优化（GCP）。
  - 失败托盘互借诊断：未合并（aborted_no_improvement_possible）。
托盘类型 MH423C（销售订单号：LAMY16315FN01S）处理完成：总托盘 2，指数达标 0，未达标 2，平均缺口 104.50，最大缺口 191.00，失败托盘互借修复成功 0。
  - KPI：near/mid/deep=0/1/1，救回率=0.00%，pair效率=0.00%。
  - 耗时拆解：packing=0.86s，main_topup=0.00s，retry=0.00s，failed_pool=0.00s，repack=0.74s，total=1.60s。
正在处理托盘类型：MH423C，销售订单号：LAMY16315FN01S__SPLITREST__
  - 该分组不适合列式（多非满柱）→ 回退 beam + 配方优先。
  - 配方优先[fast]：规划 0 实例，实装成功 0，配方路径不可用 → 采用基线方案。
  - 指数诊断：箱子 13 个，总指数 48.5，目标 192，理论最多达标托盘 0 个，剩余指数 48.5。
  - 几何诊断：典型整层堆叠单盘参考上限 48.5/192。 当前目标可能受托盘高度/箱型组合限制。
  - 几何诊断提示：典型整层参考值 48.5 < 目标 192；该值不是不可达证明，继续执行指数救援。
  - 失败托盘互借诊断：未合并（no_target_or_single_plan）。
托盘类型 MH423C（销售订单号：LAMY16315FN01S__SPLITREST__）处理完成：总托盘 1，指数达标 0，未达标 1，平均缺口 143.50，最大缺口 143.50，失败托盘互借修复成功 0。
  - KPI：near/mid/deep=0/0/1，救回率=0.00%，pair效率=0.00%。
  - 耗时拆解：packing=0.04s，main_topup=0.00s，retry=0.00s，failed_pool=0.00s，repack=0.00s，total=0.04s。
正在处理托盘类型：MH423C，销售订单号：LAID16305BN02S
  - 主算法：全局列式装箱 + 柱级组合优化（GCP）。
  - 失败托盘互借诊断：未合并（no_target_or_single_plan）。
托盘类型 MH423C（销售订单号：LAID16305BN02S）处理完成：总托盘 1，指数达标 0，未达标 1，平均缺口 63.00，最大缺口 63.00，失败托盘互借修复成功 0。
  - KPI：near/mid/deep=0/0/1，救回率=0.00%，pair效率=0.00%。
  - 耗时拆解：packing=1.57s，main_topup=0.00s，retry=0.00s，failed_pool=0.00s，repack=0.00s，total=1.57s。
正在处理托盘类型：MH423C，销售订单号：LAID16305EN01S
  - 该分组不适合列式（多非满柱）→ 回退 beam + 配方优先。
  - 配方优先[fast]：规划 0 实例，实装成功 0，配方路径不可用 → 采用基线方案。
  - 指数诊断：箱子 22 个，总指数 84.5，目标 192，理论最多达标托盘 0 个，剩余指数 84.5。
  - 几何诊断：典型整层堆叠单盘参考上限 67/192。 当前目标可能受托盘高度/箱型组合限制。
  - 几何诊断提示：典型整层参考值 67 < 目标 192；该值不是不可达证明，继续执行指数救援。
  - 失败托盘互借诊断：未合并（no_target_or_single_plan）。
托盘类型 MH423C（销售订单号：LAID16305EN01S）处理完成：总托盘 1，指数达标 0，未达标 1，平均缺口 107.50，最大缺口 107.50，失败托盘互借修复成功 0。
  - KPI：near/mid/deep=0/0/1，救回率=0.00%，pair效率=0.00%。
  - 耗时拆解：packing=0.14s，main_topup=0.00s，retry=0.00s，failed_pool=0.00s，repack=0.00s，total=0.14s。
正在处理托盘类型：MH423C，销售订单号：PAID16306DN01S
  - 主算法：全局列式装箱 + 柱级组合优化（GCP）。
  - 失败托盘互借诊断：未合并（no_target_or_single_plan）。
托盘类型 MH423C（销售订单号：PAID16306DN01S）处理完成：总托盘 1，指数达标 0，未达标 1，平均缺口 97.00，最大缺口 97.00，失败托盘互借修复成功 0。
  - KPI：near/mid/deep=0/0/1，救回率=0.00%，pair效率=0.00%。
  - 耗时拆解：packing=1.57s，main_topup=0.00s，retry=0.00s，failed_pool=0.00s，repack=0.00s，total=1.57s。
正在处理托盘类型：MH423C，销售订单号：PAID16306DN01S__SPLITREST__
  - 该分组不适合列式（多非满柱）→ 回退 beam + 配方优先。
  - 配方优先[fast]：规划 0 实例，实装成功 0，配方路径不可用 → 采用基线方案。
  - 指数诊断：箱子 2 个，总指数 1，目标 192，理论最多达标托盘 0 个，剩余指数 1。
  - 几何诊断：典型整层堆叠单盘参考上限 1/192。 当前目标可能受托盘高度/箱型组合限制。
  - 几何诊断提示：典型整层参考值 1 < 目标 192；该值不是不可达证明，继续执行指数救援。
  - 失败托盘互借诊断：未合并（no_target_or_single_plan）。
托盘类型 MH423C（销售订单号：PAID16306DN01S__SPLITREST__）处理完成：总托盘 1，指数达标 0，未达标 1，平均缺口 191.00，最大缺口 191.00，失败托盘互借修复成功 0。
  - KPI：near/mid/deep=0/0/1，救回率=0.00%，pair效率=0.00%。
  - 耗时拆解：packing=0.00s，main_topup=0.00s，retry=0.00s，failed_pool=0.00s，repack=0.00s，total=0.00s。
正在处理托盘类型：MH423C，销售订单号：LAID16305BN01S
  - 主算法：全局列式装箱 + 柱级组合优化（GCP）。
  - 失败托盘互借诊断：未合并（aborted_no_improvement_possible）。
托盘类型 MH423C（销售订单号：LAID16305BN01S）处理完成：总托盘 2，指数达标 0，未达标 2，平均缺口 99.50，最大缺口 174.00，失败托盘互借修复成功 0。
  - KPI：near/mid/deep=0/0/2，救回率=0.00%，pair效率=0.00%。
  - 耗时拆解：packing=1.93s，main_topup=0.00s，retry=0.00s，failed_pool=0.00s，repack=1.39s，total=3.32s。
正在处理托盘类型：MH423C，销售订单号：LAID16305BN01S__SPLITREST__
  - 该分组不适合列式（多非满柱）→ 回退 beam + 配方优先。
  - 配方优先[fast]：规划 0 实例，实装成功 0，配方路径不可用 → 采用基线方案。
  - 指数诊断：箱子 12 个，总指数 48，目标 192，理论最多达标托盘 0 个，剩余指数 48。
  - 几何诊断：典型整层堆叠单盘参考上限 48/192。 当前目标可能受托盘高度/箱型组合限制。
  - 几何诊断提示：典型整层参考值 48 < 目标 192；该值不是不可达证明，继续执行指数救援。
  - 失败托盘互借诊断：未合并（no_target_or_single_plan）。
托盘类型 MH423C（销售订单号：LAID16305BN01S__SPLITREST__）处理完成：总托盘 1，指数达标 0，未达标 1，平均缺口 144.00，最大缺口 144.00，失败托盘互借修复成功 0。
  - KPI：near/mid/deep=0/0/1，救回率=0.00%，pair效率=0.00%。
  - 耗时拆解：packing=0.00s，main_topup=0.00s，retry=0.00s，failed_pool=0.00s，repack=0.00s，total=0.00s。
正在处理托盘类型：MH423C，销售订单号：LFEG16300IN03S
  - 主算法：全局列式装箱 + 柱级组合优化（GCP）。
  - 失败托盘互借诊断：未合并（no_target_or_single_plan）。
托盘类型 MH423C（销售订单号：LFEG16300IN03S）处理完成：总托盘 1，指数达标 0，未达标 1，平均缺口 70.00，最大缺口 70.00，失败托盘互借修复成功 0。
  - KPI：near/mid/deep=0/0/1，救回率=0.00%，pair效率=0.00%。
  - 耗时拆解：packing=0.66s，main_topup=0.00s，retry=0.00s，failed_pool=0.00s，repack=0.00s，total=0.66s。
正在处理托盘类型：MH423C，销售订单号：LFEG16300IN03S__SPLITREST__
  - 该分组不适合列式（多非满柱）→ 回退 beam + 配方优先。
  - 配方优先[fast]：规划 0 实例，实装成功 0，配方路径不可用 → 采用基线方案。
  - 指数诊断：箱子 3 个，总指数 4.5，目标 192，理论最多达标托盘 0 个，剩余指数 4.5。
  - 几何诊断：典型整层堆叠单盘参考上限 4.5/192。 当前目标可能受托盘高度/箱型组合限制。
  - 几何诊断提示：典型整层参考值 4.5 < 目标 192；该值不是不可达证明，继续执行指数救援。
  - 失败托盘互借诊断：未合并（no_target_or_single_plan）。
托盘类型 MH423C（销售订单号：LFEG16300IN03S__SPLITREST__）处理完成：总托盘 1，指数达标 0，未达标 1，平均缺口 187.50，最大缺口 187.50，失败托盘互借修复成功 0。
  - KPI：near/mid/deep=0/0/1，救回率=0.00%，pair效率=0.00%。
  - 耗时拆解：packing=0.00s，main_topup=0.00s，retry=0.00s，failed_pool=0.00s，repack=0.00s，total=0.01s。
正在处理托盘类型：MH423C，销售订单号：LAID16305BN03S
  - 主算法：全局列式装箱 + 柱级组合优化（GCP）。
  - 失败托盘互借诊断：未合并（no_target_or_single_plan）。
托盘类型 MH423C（销售订单号：LAID16305BN03S）处理完成：总托盘 1，指数达标 0，未达标 1，平均缺口 126.00，最大缺口 126.00，失败托盘互借修复成功 0。
  - KPI：near/mid/deep=0/0/1，救回率=0.00%，pair效率=0.00%。
  - 耗时拆解：packing=0.17s，main_topup=0.00s，retry=0.00s，failed_pool=0.00s，repack=0.00s，total=0.17s。
正在处理托盘类型：MH423C，销售订单号：LAID16305BN03S__SPLITREST__
  - 该分组不适合列式（多非满柱）→ 回退 beam + 配方优先。
  - 配方优先[fast]：规划 0 实例，实装成功 0，配方路径不可用 → 采用基线方案。
  - 指数诊断：箱子 1 个，总指数 0.5，目标 192，理论最多达标托盘 0 个，剩余指数 0.5。
  - 几何诊断：典型整层堆叠单盘参考上限 0.5/192。 当前目标可能受托盘高度/箱型组合限制。
  - 几何诊断提示：典型整层参考值 0.5 < 目标 192；该值不是不可达证明，继续执行指数救援。
  - 失败托盘互借诊断：未合并（no_target_or_single_plan）。
托盘类型 MH423C（销售订单号：LAID16305BN03S__SPLITREST__）处理完成：总托盘 1，指数达标 0，未达标 1，平均缺口 191.50，最大缺口 191.50，失败托盘互借修复成功 0。
  - KPI：near/mid/deep=0/0/1，救回率=0.00%，pair效率=0.00%。
  - 耗时拆解：packing=0.00s，main_topup=0.00s，retry=0.00s，failed_pool=0.00s，repack=0.00s，total=0.00s。
正在处理托盘类型：MH423C，销售订单号：PAID16305EC01S
  - 该分组不适合列式（多非满柱）→ 回退 beam + 配方优先。
  - 配方优先[fast]：规划 0 实例，实装成功 0，配方路径不可用 → 采用基线方案。
  - 指数诊断：箱子 2 个，总指数 2，目标 192，理论最多达标托盘 0 个，剩余指数 2。
  - 几何诊断：典型整层堆叠单盘参考上限 2/192。 当前目标可能受托盘高度/箱型组合限制。
  - 几何诊断提示：典型整层参考值 2 < 目标 192；该值不是不可达证明，继续执行指数救援。
  - 失败托盘互借诊断：未合并（no_target_or_single_plan）。
托盘类型 MH423C（销售订单号：PAID16305EC01S）处理完成：总托盘 1，指数达标 0，未达标 1，平均缺口 190.00，最大缺口 190.00，失败托盘互借修复成功 0。
  - KPI：near/mid/deep=0/0/1，救回率=0.00%，pair效率=0.00%。
  - 耗时拆解：packing=0.00s，main_topup=0.00s，retry=0.00s，failed_pool=0.00s，repack=0.00s，total=0.00s。
正在处理托盘类型：MH423C，销售订单号：LAID16306DN02S
  - 主算法：全局列式装箱 + 柱级组合优化（GCP）。
  - GCP 盘数远超理论（CP-SAT 装不满）→ 回退 baseline beam + 配方优先。
  - 配方优先[fast]：规划 0 实例，实装成功 0，配方路径不可用 → 采用基线方案。
  - 指数诊断：箱子 44 个，总指数 180，目标 192，理论最多达标托盘 0 个，剩余指数 180。
  - 几何诊断：典型整层堆叠单盘参考上限 100/192。 当前目标可能受托盘高度/箱型组合限制。
  - 几何诊断提示：典型整层参考值 100 < 目标 192；该值不是不可达证明，继续执行指数救援。
  - 失败托盘互借诊断：未合并（aborted_no_improvement_possible）。
托盘类型 MH423C（销售订单号：LAID16306DN02S）处理完成：总托盘 2，指数达标 0，未达标 2，平均缺口 102.00，最大缺口 178.00，失败托盘互借修复成功 0。
  - KPI：near/mid/deep=0/0/2，救回率=0.00%，pair效率=0.00%。
  - 耗时拆解：packing=0.28s，main_topup=0.00s，retry=0.00s，failed_pool=0.00s，repack=0.47s，total=2.06s。
正在处理托盘类型：MH423C，销售订单号：LAID16306DN02S__SPLITREST__
  - 该分组不适合列式（多非满柱）→ 回退 beam + 配方优先。
  - 配方优先[fast]：规划 0 实例，实装成功 0，配方路径不可用 → 采用基线方案。
  - 指数诊断：箱子 4 个，总指数 4，目标 192，理论最多达标托盘 0 个，剩余指数 4。
  - 几何诊断：典型整层堆叠单盘参考上限 4/192。 当前目标可能受托盘高度/箱型组合限制。
  - 几何诊断提示：典型整层参考值 4 < 目标 192；该值不是不可达证明，继续执行指数救援。
  - 失败托盘互借诊断：未合并（no_target_or_single_plan）。
托盘类型 MH423C（销售订单号：LAID16306DN02S__SPLITREST__）处理完成：总托盘 1，指数达标 0，未达标 1，平均缺口 188.00，最大缺口 188.00，失败托盘互借修复成功 0。
  - KPI：near/mid/deep=0/0/1，救回率=0.00%，pair效率=0.00%。
  - 耗时拆解：packing=0.00s，main_topup=0.00s，retry=0.00s，failed_pool=0.00s，repack=0.00s，total=0.02s。
正在处理托盘类型：MH423C，销售订单号：LAID16315EN01S
  - 主算法：全局列式装箱 + 柱级组合优化（GCP）。
  - 失败托盘互借诊断：未合并（no_target_or_single_plan）。
托盘类型 MH423C（销售订单号：LAID16315EN01S）处理完成：总托盘 1，指数达标 0，未达标 1，平均缺口 133.00，最大缺口 133.00，失败托盘互借修复成功 0。
  - KPI：near/mid/deep=0/0/1，救回率=0.00%，pair效率=0.00%。
  - 耗时拆解：packing=0.82s，main_topup=0.00s，retry=0.00s，failed_pool=0.00s，repack=0.00s，total=0.82s。
正在处理托盘类型：MH423C，销售订单号：LAID16315EN01S__SPLITREST__
  - 该分组不适合列式（多非满柱）→ 回退 beam + 配方优先。
  - 配方优先[fast]：规划 0 实例，实装成功 0，配方路径不可用 → 采用基线方案。
  - 指数诊断：箱子 1 个，总指数 4，目标 192，理论最多达标托盘 0 个，剩余指数 4。
  - 几何诊断：典型整层堆叠单盘参考上限 4/192。 当前目标可能受托盘高度/箱型组合限制。
  - 几何诊断提示：典型整层参考值 4 < 目标 192；该值不是不可达证明，继续执行指数救援。
  - 失败托盘互借诊断：未合并（no_target_or_single_plan）。
托盘类型 MH423C（销售订单号：LAID16315EN01S__SPLITREST__）处理完成：总托盘 1，指数达标 0，未达标 1，平均缺口 188.00，最大缺口 188.00，失败托盘互借修复成功 0。
  - KPI：near/mid/deep=0/0/1，救回率=0.00%，pair效率=0.00%。
  - 耗时拆解：packing=0.00s，main_topup=0.00s，retry=0.00s，failed_pool=0.00s，repack=0.00s，total=0.00s。
正在处理托盘类型：MH423C，销售订单号：PAIN26310MZ05S
  - 主算法：全局列式装箱 + 柱级组合优化（GCP）。
  - 失败托盘互借诊断：未合并（no_target_or_single_plan）。
托盘类型 MH423C（销售订单号：PAIN26310MZ05S）处理完成：总托盘 1，指数达标 0，未达标 1，平均缺口 132.00，最大缺口 132.00，失败托盘互借修复成功 0。
  - KPI：near/mid/deep=0/0/1，救回率=0.00%，pair效率=0.00%。
  - 耗时拆解：packing=0.04s，main_topup=0.00s，retry=0.00s，failed_pool=0.00s，repack=0.00s，total=0.04s。
正在处理托盘类型：MH423C，销售订单号：PAIN26310MZ05S__SPLITREST__
  - 该分组不适合列式（多非满柱）→ 回退 beam + 配方优先。
  - 配方优先[fast]：规划 0 实例，实装成功 0，配方路径不可用 → 采用基线方案。
  - 指数诊断：箱子 1 个，总指数 2，目标 192，理论最多达标托盘 0 个，剩余指数 2。
  - 几何诊断：典型整层堆叠单盘参考上限 2/192。 当前目标可能受托盘高度/箱型组合限制。
  - 几何诊断提示：典型整层参考值 2 < 目标 192；该值不是不可达证明，继续执行指数救援。
  - 失败托盘互借诊断：未合并（no_target_or_single_plan）。
托盘类型 MH423C（销售订单号：PAIN26310MZ05S__SPLITREST__）处理完成：总托盘 1，指数达标 0，未达标 1，平均缺口 190.00，最大缺口 190.00，失败托盘互借修复成功 0。
  - KPI：near/mid/deep=0/0/1，救回率=0.00%，pair效率=0.00%。
  - 耗时拆解：packing=0.00s，main_topup=0.00s，retry=0.00s，failed_pool=0.00s，repack=0.00s，total=0.00s。
正在处理托盘类型：MH423C，销售订单号：LAID16315EN03S
  - 该分组不适合列式（多非满柱）→ 回退 beam + 配方优先。
  - 配方优先[fast]：规划 0 实例，实装成功 0，配方路径不可用 → 采用基线方案。
  - 指数诊断：箱子 21 个，总指数 45，目标 192，理论最多达标托盘 0 个，剩余指数 45。
  - 几何诊断：典型整层堆叠单盘参考上限 37/192。 当前目标可能受托盘高度/箱型组合限制。
  - 几何诊断提示：典型整层参考值 37 < 目标 192；该值不是不可达证明，继续执行指数救援。
  - 失败托盘互借诊断：未合并（no_target_or_single_plan）。
托盘类型 MH423C（销售订单号：LAID16315EN03S）处理完成：总托盘 1，指数达标 0，未达标 1，平均缺口 147.00，最大缺口 147.00，失败托盘互借修复成功 0。
  - KPI：near/mid/deep=0/0/1，救回率=0.00%，pair效率=0.00%。
  - 耗时拆解：packing=0.13s，main_topup=0.00s，retry=0.00s，failed_pool=0.00s，repack=0.00s，total=0.13s。
正在处理托盘类型：MH423C，销售订单号：PEG086300LN01S
  - 主算法：全局列式装箱 + 柱级组合优化（GCP）。
  - GCP 盘数远超理论（CP-SAT 装不满）→ 回退 baseline beam + 配方优先。
  - 配方优先[fast]：规划 0 实例，实装成功 0，配方路径不可用 → 采用基线方案。
  - 指数诊断：箱子 3 个，总指数 12，目标 192，理论最多达标托盘 0 个，剩余指数 12。
  - 几何诊断：典型整层堆叠单盘参考上限 12/192。 当前目标可能受托盘高度/箱型组合限制。
  - 几何诊断提示：典型整层参考值 12 < 目标 192；该值不是不可达证明，继续执行指数救援。
  - 失败托盘互借诊断：未合并（no_target_or_single_plan）。
托盘类型 MH423C（销售订单号：PEG086300LN01S）处理完成：总托盘 1，指数达标 0，未达标 1，平均缺口 180.00，最大缺口 180.00，失败托盘互借修复成功 0。
  - KPI：near/mid/deep=0/0/1，救回率=0.00%，pair效率=0.00%。
  - 耗时拆解：packing=0.00s，main_topup=0.00s，retry=0.00s，failed_pool=0.00s，repack=0.00s，total=0.01s。
正在处理托盘类型：MH423C，销售订单号：PEG086300LN01S__SPLITREST__
  - 该分组不适合列式（多非满柱）→ 回退 beam + 配方优先。
  - 配方优先[fast]：规划 0 实例，实装成功 0，配方路径不可用 → 采用基线方案。
  - 指数诊断：箱子 1 个，总指数 1，目标 192，理论最多达标托盘 0 个，剩余指数 1。
  - 几何诊断：典型整层堆叠单盘参考上限 1/192。 当前目标可能受托盘高度/箱型组合限制。
  - 几何诊断提示：典型整层参考值 1 < 目标 192；该值不是不可达证明，继续执行指数救援。
  - 失败托盘互借诊断：未合并（no_target_or_single_plan）。
托盘类型 MH423C（销售订单号：PEG086300LN01S__SPLITREST__）处理完成：总托盘 1，指数达标 0，未达标 1，平均缺口 191.00，最大缺口 191.00，失败托盘互借修复成功 0。
  - KPI：near/mid/deep=0/0/1，救回率=0.00%，pair效率=0.00%。
  - 耗时拆解：packing=0.00s，main_topup=0.00s，retry=0.00s，failed_pool=0.00s，repack=0.00s，total=0.00s。
正在处理托盘类型：MH423C，销售订单号：LAID16306DN03S
  - 该分组不适合列式（多非满柱）→ 回退 beam + 配方优先。
  - 配方优先[fast]：规划 0 实例，实装成功 0，配方路径不可用 → 采用基线方案。
  - 指数诊断：箱子 10 个，总指数 40，目标 192，理论最多达标托盘 0 个，剩余指数 40。
  - 几何诊断：典型整层堆叠单盘参考上限 36/192。 当前目标可能受托盘高度/箱型组合限制。
  - 几何诊断提示：典型整层参考值 36 < 目标 192；该值不是不可达证明，继续执行指数救援。
  - 失败托盘互借诊断：未合并（no_target_or_single_plan）。
托盘类型 MH423C（销售订单号：LAID16306DN03S）处理完成：总托盘 1，指数达标 0，未达标 1，平均缺口 152.00，最大缺口 152.00，失败托盘互借修复成功 0。
  - KPI：near/mid/deep=0/0/1，救回率=0.00%，pair效率=0.00%。
  - 耗时拆解：packing=0.03s，main_topup=0.00s，retry=0.00s，failed_pool=0.00s，repack=0.00s，total=0.03s。
正在处理托盘类型：MH423C，销售订单号：LFEG16310IN02S
  - 主算法：全局列式装箱 + 柱级组合优化（GCP）。
  - 失败托盘互借诊断：未合并（no_target_or_single_plan）。
托盘类型 MH423C（销售订单号：LFEG16310IN02S）处理完成：总托盘 1，指数达标 0，未达标 1，平均缺口 118.00，最大缺口 118.00，失败托盘互借修复成功 0。
  - KPI：near/mid/deep=0/0/1，救回率=0.00%，pair效率=0.00%。
  - 耗时拆解：packing=0.18s，main_topup=0.00s，retry=0.00s，failed_pool=0.00s，repack=0.00s，total=0.18s。
正在处理托盘类型：MH423C，销售订单号：LFEG16310IN02S__SPLITREST__
  - 该分组不适合列式（多非满柱）→ 回退 beam + 配方优先。
  - 配方优先[fast]：规划 0 实例，实装成功 0，配方路径不可用 → 采用基线方案。
  - 指数诊断：箱子 4 个，总指数 5，目标 192，理论最多达标托盘 0 个，剩余指数 5。
  - 几何诊断：典型整层堆叠单盘参考上限 5/192。 当前目标可能受托盘高度/箱型组合限制。
  - 几何诊断提示：典型整层参考值 5 < 目标 192；该值不是不可达证明，继续执行指数救援。
  - 失败托盘互借诊断：未合并（no_target_or_single_plan）。
托盘类型 MH423C（销售订单号：LFEG16310IN02S__SPLITREST__）处理完成：总托盘 1，指数达标 0，未达标 1，平均缺口 187.00，最大缺口 187.00，失败托盘互借修复成功 0。
  - KPI：near/mid/deep=0/0/1，救回率=0.00%，pair效率=0.00%。
  - 耗时拆解：packing=0.00s，main_topup=0.00s，retry=0.00s，failed_pool=0.00s，repack=0.00s，total=0.02s。
正在处理托盘类型：MH423C，销售订单号：LFEG16310IN01S
  - 该分组不适合列式（多非满柱）→ 回退 beam + 配方优先。
  - 配方优先[fast]：规划 0 实例，实装成功 0，配方路径不可用 → 采用基线方案。
  - 指数诊断：箱子 21 个，总指数 49，目标 192，理论最多达标托盘 0 个，剩余指数 49。
  - 几何诊断：典型整层堆叠单盘参考上限 43/192。 当前目标可能受托盘高度/箱型组合限制。
  - 几何诊断提示：典型整层参考值 43 < 目标 192；该值不是不可达证明，继续执行指数救援。
  - 失败托盘互借诊断：未合并（aborted_no_improvement_possible）。
托盘类型 MH423C（销售订单号：LFEG16310IN01S）处理完成：总托盘 2，指数达标 0，未达标 2，平均缺口 167.50，最大缺口 184.00，失败托盘互借修复成功 0。
  - KPI：near/mid/deep=0/0/2，救回率=0.00%，pair效率=0.00%。
  - 耗时拆解：packing=0.05s，main_topup=0.00s，retry=0.00s，failed_pool=0.00s，repack=0.24s，total=0.41s。
正在处理托盘类型：MH423C，销售订单号：LAID16316DN01S
  - 主算法：全局列式装箱 + 柱级组合优化（GCP）。
  - 失败托盘互借诊断：未合并（no_target_or_single_plan）。
托盘类型 MH423C（销售订单号：LAID16316DN01S）处理完成：总托盘 1，指数达标 0，未达标 1，平均缺口 20.00，最大缺口 20.00，失败托盘互借修复成功 0。
  - KPI：near/mid/deep=0/1/0，救回率=0.00%，pair效率=0.00%。
  - 耗时拆解：packing=0.49s，main_topup=0.00s，retry=0.00s，failed_pool=0.00s，repack=0.00s，total=0.49s。
正在处理托盘类型：MH423C，销售订单号：LAID16316DN01S__SPLITREST__
  - 该分组不适合列式（多非满柱）→ 回退 beam + 配方优先。
  - 配方优先[fast]：规划 0 实例，实装成功 0，配方路径不可用 → 采用基线方案。
  - 指数诊断：箱子 7 个，总指数 11，目标 192，理论最多达标托盘 0 个，剩余指数 11。
  - 几何诊断：典型整层堆叠单盘参考上限 11/192。 当前目标可能受托盘高度/箱型组合限制。
  - 几何诊断提示：典型整层参考值 11 < 目标 192；该值不是不可达证明，继续执行指数救援。
  - 失败托盘互借诊断：未合并（no_target_or_single_plan）。
托盘类型 MH423C（销售订单号：LAID16316DN01S__SPLITREST__）处理完成：总托盘 1，指数达标 0，未达标 1，平均缺口 181.00，最大缺口 181.00，失败托盘互借修复成功 0。
  - KPI：near/mid/deep=0/0/1，救回率=0.00%，pair效率=0.00%。
  - 耗时拆解：packing=0.01s，main_topup=0.00s，retry=0.00s，failed_pool=0.00s，repack=0.00s，total=0.02s。
正在处理托盘类型：MH423C，销售订单号：PEG166300LN01S
  - 主算法：全局列式装箱 + 柱级组合优化（GCP）。
  - 失败托盘互借诊断：未合并（no_target_or_single_plan）。
托盘类型 MH423C（销售订单号：PEG166300LN01S）处理完成：总托盘 1，指数达标 0，未达标 1，平均缺口 42.00，最大缺口 42.00，失败托盘互借修复成功 0。
  - KPI：near/mid/deep=0/0/1，救回率=0.00%，pair效率=0.00%。
  - 耗时拆解：packing=0.47s，main_topup=0.00s，retry=0.00s，failed_pool=0.00s，repack=0.00s，total=0.47s。
正在处理托盘类型：MH423C，销售订单号：LAID16315EN02S
  - 主算法：全局列式装箱 + 柱级组合优化（GCP）。
  - 失败托盘互借诊断：未合并（no_target_or_single_plan）。
托盘类型 MH423C（销售订单号：LAID16315EN02S）处理完成：总托盘 1，指数达标 0，未达标 1，平均缺口 40.00，最大缺口 40.00，失败托盘互借修复成功 0。
  - KPI：near/mid/deep=0/0/1，救回率=0.00%，pair效率=0.00%。
  - 耗时拆解：packing=0.06s，main_topup=0.00s，retry=0.00s，failed_pool=0.00s，repack=0.00s，total=0.06s。
正在处理托盘类型：MH423C，销售订单号：LAID16315EN02S__SPLITREST__
  - 该分组不适合列式（多非满柱）→ 回退 beam + 配方优先。
  - 配方优先[fast]：规划 0 实例，实装成功 0，配方路径不可用 → 采用基线方案。
  - 指数诊断：箱子 4 个，总指数 5，目标 192，理论最多达标托盘 0 个，剩余指数 5。
  - 几何诊断：典型整层堆叠单盘参考上限 5/192。 当前目标可能受托盘高度/箱型组合限制。
  - 几何诊断提示：典型整层参考值 5 < 目标 192；该值不是不可达证明，继续执行指数救援。
  - 失败托盘互借诊断：未合并（no_target_or_single_plan）。
托盘类型 MH423C（销售订单号：LAID16315EN02S__SPLITREST__）处理完成：总托盘 1，指数达标 0，未达标 1，平均缺口 187.00，最大缺口 187.00，失败托盘互借修复成功 0。
  - KPI：near/mid/deep=0/0/1，救回率=0.00%，pair效率=0.00%。
  - 耗时拆解：packing=0.00s，main_topup=0.00s，retry=0.00s，failed_pool=0.00s，repack=0.00s，total=0.02s。
正在处理托盘类型：MH423C，销售订单号：LFEG16316AN01S
  - 该分组不适合列式（多非满柱）→ 回退 beam + 配方优先。
  - 配方优先[fast]：规划 0 实例，实装成功 0，配方路径不可用 → 采用基线方案。
  - 指数诊断：箱子 9 个，总指数 54，目标 192，理论最多达标托盘 0 个，剩余指数 54。
  - 几何诊断：典型整层堆叠单盘参考上限 54/192。 当前目标可能受托盘高度/箱型组合限制。
  - 几何诊断提示：典型整层参考值 54 < 目标 192；该值不是不可达证明，继续执行指数救援。
  - 失败托盘互借诊断：未合并（no_target_or_single_plan）。
托盘类型 MH423C（销售订单号：LFEG16316AN01S）处理完成：总托盘 1，指数达标 0，未达标 1，平均缺口 138.00，最大缺口 138.00，失败托盘互借修复成功 0。
  - KPI：near/mid/deep=0/0/1，救回率=0.00%，pair效率=0.00%。
  - 耗时拆解：packing=0.00s，main_topup=0.00s，retry=0.00s，failed_pool=0.00s，repack=0.00s，total=0.00s。
正在处理托盘类型：MH423C，销售订单号：PAIN26310BC02S
  - 该分组不适合列式（多非满柱）→ 回退 beam + 配方优先。
  - 配方优先[fast]：规划 0 实例，实装成功 0，配方路径不可用 → 采用基线方案。
  - 指数诊断：箱子 10 个，总指数 54，目标 192，理论最多达标托盘 0 个，剩余指数 54。
  - 几何诊断：典型整层堆叠单盘参考上限 38/192。 当前目标可能受托盘高度/箱型组合限制。
  - 几何诊断提示：典型整层参考值 38 < 目标 192；该值不是不可达证明，继续执行指数救援。
  - 失败托盘互借诊断：未合并（no_target_or_single_plan）。
托盘类型 MH423C（销售订单号：PAIN26310BC02S）处理完成：总托盘 1，指数达标 0，未达标 1，平均缺口 138.00，最大缺口 138.00，失败托盘互借修复成功 0。
  - KPI：near/mid/deep=0/0/1，救回率=0.00%，pair效率=0.00%。
  - 耗时拆解：packing=0.04s，main_topup=0.00s，retry=0.00s，failed_pool=0.00s，repack=0.00s，total=0.04s。
正在处理托盘类型：MH423C，销售订单号：LFEG16310IN03S
  - 该分组不适合列式（多非满柱）→ 回退 beam + 配方优先。
  - 配方优先[fast]：规划 0 实例，实装成功 0，配方路径不可用 → 采用基线方案。
  - 指数诊断：箱子 47 个，总指数 88.5，目标 192，理论最多达标托盘 0 个，剩余指数 88.5。
  - 几何诊断：典型整层堆叠单盘参考上限 56/192。 当前目标可能受托盘高度/箱型组合限制。
  - 几何诊断提示：典型整层参考值 56 < 目标 192；该值不是不可达证明，继续执行指数救援。
  - 失败托盘互借诊断：未合并（aborted_no_improvement_possible）。
托盘类型 MH423C（销售订单号：LFEG16310IN03S）处理完成：总托盘 2，指数达标 0，未达标 2，平均缺口 147.75，最大缺口 184.00，失败托盘互借修复成功 0。
  - KPI：near/mid/deep=0/0/2，救回率=0.00%，pair效率=0.00%。
  - 耗时拆解：packing=0.34s，main_topup=0.00s，retry=0.00s，failed_pool=0.00s，repack=0.51s，total=1.61s。
正在处理托盘类型：MH423C，销售订单号：PAIN26316EC02S
  - 主算法：全局列式装箱 + 柱级组合优化（GCP）。
  - 失败托盘互借诊断：未合并（no_target_or_single_plan）。
托盘类型 MH423C（销售订单号：PAIN26316EC02S）处理完成：总托盘 1，指数达标 0，未达标 1，平均缺口 22.00，最大缺口 22.00，失败托盘互借修复成功 0。
  - KPI：near/mid/deep=0/1/0，救回率=0.00%，pair效率=0.00%。
  - 耗时拆解：packing=1.10s，main_topup=0.00s，retry=0.00s，failed_pool=0.00s，repack=0.00s，total=1.10s。
正在处理托盘类型：MH423C，销售订单号：PAIN26296EC02S
  - 主算法：全局列式装箱 + 柱级组合优化（GCP）。
  - 失败托盘互借诊断：未合并（no_target_or_single_plan）。
托盘类型 MH423C（销售订单号：PAIN26296EC02S）处理完成：总托盘 1，指数达标 0，未达标 1，平均缺口 54.00，最大缺口 54.00，失败托盘互借修复成功 0。
  - KPI：near/mid/deep=0/0/1，救回率=0.00%，pair效率=0.00%。
  - 耗时拆解：packing=1.05s，main_topup=0.00s，retry=0.00s，failed_pool=0.00s，repack=0.00s，total=1.05s。
正在处理托盘类型：MH423C，销售订单号：LFEG16300IN02S
  - 该分组不适合列式（多非满柱）→ 回退 beam + 配方优先。
  - 配方优先[fast]：规划 0 实例，实装成功 0，配方路径不可用 → 采用基线方案。
  - 指数诊断：箱子 10 个，总指数 19，目标 192，理论最多达标托盘 0 个，剩余指数 19。
  - 几何诊断：典型整层堆叠单盘参考上限 19/192。 当前目标可能受托盘高度/箱型组合限制。
  - 几何诊断提示：典型整层参考值 19 < 目标 192；该值不是不可达证明，继续执行指数救援。
  - 失败托盘互借诊断：未合并（no_target_or_single_plan）。
托盘类型 MH423C（销售订单号：LFEG16300IN02S）处理完成：总托盘 1，指数达标 0，未达标 1，平均缺口 173.00，最大缺口 173.00，失败托盘互借修复成功 0。
  - KPI：near/mid/deep=0/0/1，救回率=0.00%，pair效率=0.00%。
  - 耗时拆解：packing=0.01s，main_topup=0.00s，retry=0.00s，failed_pool=0.00s，repack=0.00s，total=0.06s。
正在处理托盘类型：MH423C，销售订单号：PAIN26310BN01S
  - 主算法：全局列式装箱 + 柱级组合优化（GCP）。
  - GCP 盘数远超理论（CP-SAT 装不满）→ 回退 baseline beam + 配方优先。
  - 配方优先[fast]：规划 0 实例，实装成功 0，配方路径不可用 → 采用基线方案。
  - 指数诊断：箱子 52 个，总指数 136，目标 192，理论最多达标托盘 0 个，剩余指数 136。
  - 几何诊断：典型整层堆叠单盘参考上限 130/192。 当前目标可能受托盘高度/箱型组合限制。
  - 几何诊断提示：典型整层参考值 130 < 目标 192；该值不是不可达证明，继续执行指数救援。
  - 失败托盘互借诊断：未合并（no_target_or_single_plan）。
托盘类型 MH423C（销售订单号：PAIN26310BN01S）处理完成：总托盘 1，指数达标 0，未达标 1，平均缺口 56.00，最大缺口 56.00，失败托盘互借修复成功 0。
  - KPI：near/mid/deep=0/0/1，救回率=0.00%，pair效率=0.00%。
  - 耗时拆解：packing=1.35s，main_topup=0.00s，retry=0.00s，failed_pool=0.00s，repack=0.00s，total=2.23s。
正在处理托盘类型：MH423C，销售订单号：PAIN26310GN01S
  - 主算法：全局列式装箱 + 柱级组合优化（GCP）。
  - 失败托盘互借诊断：未合并（no_target_or_single_plan）。
托盘类型 MH423C（销售订单号：PAIN26310GN01S）处理完成：总托盘 1，指数达标 0，未达标 1，平均缺口 42.00，最大缺口 42.00，失败托盘互借修复成功 0。
  - KPI：near/mid/deep=0/0/1，救回率=0.00%，pair效率=0.00%。
  - 耗时拆解：packing=1.73s，main_topup=0.00s，retry=0.00s，failed_pool=0.00s，repack=0.00s，total=1.73s。
正在处理托盘类型：MH423C，销售订单号：PAIN26310GN01S__SPLITREST__
  - 该分组不适合列式（多非满柱）→ 回退 beam + 配方优先。
  - 配方优先[fast]：规划 0 实例，实装成功 0，配方路径不可用 → 采用基线方案。
  - 指数诊断：箱子 3 个，总指数 3，目标 192，理论最多达标托盘 0 个，剩余指数 3。
  - 几何诊断：典型整层堆叠单盘参考上限 3/192。 当前目标可能受托盘高度/箱型组合限制。
  - 几何诊断提示：典型整层参考值 3 < 目标 192；该值不是不可达证明，继续执行指数救援。
  - 失败托盘互借诊断：未合并（no_target_or_single_plan）。
托盘类型 MH423C（销售订单号：PAIN26310GN01S__SPLITREST__）处理完成：总托盘 1，指数达标 0，未达标 1，平均缺口 189.00，最大缺口 189.00，失败托盘互借修复成功 0。
  - KPI：near/mid/deep=0/0/1，救回率=0.00%，pair效率=0.00%。
  - 耗时拆解：packing=0.00s，main_topup=0.00s，retry=0.00s，failed_pool=0.00s，repack=0.00s，total=0.01s。
正在处理托盘类型：MH423C，销售订单号：PAID16315AN01S
  - 该分组不适合列式（多非满柱）→ 回退 beam + 配方优先。
  - 配方优先[fast]：规划 0 实例，实装成功 0，配方路径不可用 → 采用基线方案。
  - 指数诊断：箱子 1 个，总指数 1，目标 192，理论最多达标托盘 0 个，剩余指数 1。
  - 几何诊断：典型整层堆叠单盘参考上限 1/192。 当前目标可能受托盘高度/箱型组合限制。
  - 几何诊断提示：典型整层参考值 1 < 目标 192；该值不是不可达证明，继续执行指数救援。
  - 失败托盘互借诊断：未合并（no_target_or_single_plan）。
托盘类型 MH423C（销售订单号：PAID16315AN01S）处理完成：总托盘 1，指数达标 0，未达标 1，平均缺口 191.00，最大缺口 191.00，失败托盘互借修复成功 0。
  - KPI：near/mid/deep=0/0/1，救回率=0.00%，pair效率=0.00%。
  - 耗时拆解：packing=0.00s，main_topup=0.00s，retry=0.00s，failed_pool=0.00s，repack=0.00s，total=0.00s。
正在处理托盘类型：MH423C，销售订单号：LAID16316DN02S
  - 主算法：全局列式装箱 + 柱级组合优化（GCP）。
  - 失败托盘互借诊断：未合并（aborted_no_improvement_possible）。
托盘类型 MH423C（销售订单号：LAID16316DN02S）处理完成：总托盘 2，指数达标 0，未达标 2，平均缺口 98.00，最大缺口 190.00，失败托盘互借修复成功 0。
  - KPI：near/mid/deep=1/0/1，救回率=0.00%，pair效率=0.00%。
  - 耗时拆解：packing=0.59s，main_topup=0.00s，retry=0.00s，failed_pool=0.00s，repack=0.73s，total=1.32s。
正在处理托盘类型：MH423C，销售订单号：LAID16316DN02S__SPLITREST__
  - 该分组不适合列式（多非满柱）→ 回退 beam + 配方优先。
  - 配方优先[fast]：规划 0 实例，实装成功 0，配方路径不可用 → 采用基线方案。
  - 指数诊断：箱子 3 个，总指数 3，目标 192，理论最多达标托盘 0 个，剩余指数 3。
  - 几何诊断：典型整层堆叠单盘参考上限 3/192。 当前目标可能受托盘高度/箱型组合限制。
  - 几何诊断提示：典型整层参考值 3 < 目标 192；该值不是不可达证明，继续执行指数救援。
  - 失败托盘互借诊断：未合并（no_target_or_single_plan）。
托盘类型 MH423C（销售订单号：LAID16316DN02S__SPLITREST__）处理完成：总托盘 1，指数达标 0，未达标 1，平均缺口 189.00，最大缺口 189.00，失败托盘互借修复成功 0。
  - KPI：near/mid/deep=0/0/1，救回率=0.00%，pair效率=0.00%。
  - 耗时拆解：packing=0.00s，main_topup=0.00s，retry=0.00s，failed_pool=0.00s，repack=0.00s，total=0.01s。
正在处理托盘类型：MH423C，销售订单号：PAIN26266EC02S
  - 主算法：全局列式装箱 + 柱级组合优化（GCP）。
  - 失败托盘互借诊断：未合并（no_target_or_single_plan）。
托盘类型 MH423C（销售订单号：PAIN26266EC02S）处理完成：总托盘 1，指数达标 0，未达标 1，平均缺口 140.00，最大缺口 140.00，失败托盘互借修复成功 0。
  - KPI：near/mid/deep=0/0/1，救回率=0.00%，pair效率=0.00%。
  - 耗时拆解：packing=0.13s，main_topup=0.00s，retry=0.00s，failed_pool=0.00s，repack=0.00s，total=0.13s。
正在处理托盘类型：MH423C，销售订单号：LAID16316DN03S
  - 主算法：全局列式装箱 + 柱级组合优化（GCP）。
  - 失败托盘互借诊断：未合并（no_target_or_single_plan）。
托盘类型 MH423C（销售订单号：LAID16316DN03S）处理完成：总托盘 1，指数达标 0，未达标 1，平均缺口 114.00，最大缺口 114.00，失败托盘互借修复成功 0。
  - KPI：near/mid/deep=0/0/1，救回率=0.00%，pair效率=0.00%。
  - 耗时拆解：packing=0.18s，main_topup=0.00s，retry=0.00s，failed_pool=0.00s，repack=0.00s，total=0.18s。
正在处理托盘类型：MH423C，销售订单号：LAID16316DN03S__SPLITREST__
  - 该分组不适合列式（多非满柱）→ 回退 beam + 配方优先。
  - 配方优先[fast]：规划 0 实例，实装成功 0，配方路径不可用 → 采用基线方案。
  - 指数诊断：箱子 3 个，总指数 14，目标 192，理论最多达标托盘 0 个，剩余指数 14。
  - 几何诊断：典型整层堆叠单盘参考上限 14/192。 当前目标可能受托盘高度/箱型组合限制。
  - 几何诊断提示：典型整层参考值 14 < 目标 192；该值不是不可达证明，继续执行指数救援。
  - 失败托盘互借诊断：未合并（no_target_or_single_plan）。
托盘类型 MH423C（销售订单号：LAID16316DN03S__SPLITREST__）处理完成：总托盘 1，指数达标 0，未达标 1，平均缺口 178.00，最大缺口 178.00，失败托盘互借修复成功 0。
  - KPI：near/mid/deep=0/0/1，救回率=0.00%，pair效率=0.00%。
  - 耗时拆解：packing=0.00s，main_topup=0.00s，retry=0.00s，failed_pool=0.00s，repack=0.00s，total=0.01s。
正在处理托盘类型：MH423C，销售订单号：PAIN26310MN06S
  - 主算法：全局列式装箱 + 柱级组合优化（GCP）。
  - 失败托盘互借诊断：未合并（no_target_or_single_plan）。
托盘类型 MH423C（销售订单号：PAIN26310MN06S）处理完成：总托盘 1，指数达标 0，未达标 1，平均缺口 60.00，最大缺口 60.00，失败托盘互借修复成功 0。
  - KPI：near/mid/deep=0/0/1，救回率=0.00%，pair效率=0.00%。
  - 耗时拆解：packing=0.17s，main_topup=0.00s，retry=0.00s，failed_pool=0.00s，repack=0.00s，total=0.17s。
正在处理托盘类型：MH423C，销售订单号：PAIN26266EN01S
  - 主算法：全局列式装箱 + 柱级组合优化（GCP）。
  - 失败托盘互借诊断：未合并（no_target_or_single_plan）。
托盘类型 MH423C（销售订单号：PAIN26266EN01S）处理完成：总托盘 1，指数达标 0，未达标 1，平均缺口 162.00，最大缺口 162.00，失败托盘互借修复成功 0。
  - KPI：near/mid/deep=0/0/1，救回率=0.00%，pair效率=0.00%。
  - 耗时拆解：packing=0.15s，main_topup=0.00s，retry=0.00s，failed_pool=0.00s，repack=0.00s，total=0.15s。
正在处理托盘类型：MH423C，销售订单号：LFEG16316AN02S
  - 该分组不适合列式（多非满柱）→ 回退 beam + 配方优先。
  - 配方优先[fast]：规划 0 实例，实装成功 0，配方路径不可用 → 采用基线方案。
  - 指数诊断：箱子 15 个，总指数 105，目标 192，理论最多达标托盘 0 个，剩余指数 105。
  - 几何诊断：典型整层堆叠单盘参考上限 65/192。 当前目标可能受托盘高度/箱型组合限制。
  - 几何诊断提示：典型整层参考值 65 < 目标 192；该值不是不可达证明，继续执行指数救援。
  - 失败托盘互借诊断：未合并（no_target_or_single_plan）。
托盘类型 MH423C（销售订单号：LFEG16316AN02S）处理完成：总托盘 1，指数达标 0，未达标 1，平均缺口 87.00，最大缺口 87.00，失败托盘互借修复成功 0。
  - KPI：near/mid/deep=0/0/1，救回率=0.00%，pair效率=0.00%。
  - 耗时拆解：packing=0.07s，main_topup=0.00s，retry=0.00s，failed_pool=0.00s，repack=0.00s，total=0.07s。
正在处理托盘类型：MH423C，销售订单号：LAID16294AN01S
  - 主算法：全局列式装箱 + 柱级组合优化（GCP）。
  - 失败托盘互借诊断：未合并（no_target_or_single_plan）。
托盘类型 MH423C（销售订单号：LAID16294AN01S）处理完成：总托盘 1，指数达标 0，未达标 1，平均缺口 144.00，最大缺口 144.00，失败托盘互借修复成功 0。
  - KPI：near/mid/deep=0/0/1，救回率=0.00%，pair效率=0.00%。
  - 耗时拆解：packing=0.03s，main_topup=0.00s，retry=0.00s，failed_pool=0.00s，repack=0.00s，total=0.03s。
正在处理托盘类型：MH423C，销售订单号：PAIN26310GC02S
  - 主算法：全局列式装箱 + 柱级组合优化（GCP）。
  - 失败托盘互借诊断：未合并（no_target_or_single_plan）。
托盘类型 MH423C（销售订单号：PAIN26310GC02S）处理完成：总托盘 1，指数达标 0，未达标 1，平均缺口 100.00，最大缺口 100.00，失败托盘互借修复成功 0。
  - KPI：near/mid/deep=0/0/1，救回率=0.00%，pair效率=0.00%。
  - 耗时拆解：packing=0.04s，main_topup=0.00s，retry=0.00s，failed_pool=0.00s，repack=0.00s，total=0.04s。
正在处理托盘类型：MH423C，销售订单号：PAIN26290MN02S
  - 主算法：全局列式装箱 + 柱级组合优化（GCP）。
  - 失败托盘互借诊断：未合并（no_target_or_single_plan）。
托盘类型 MH423C（销售订单号：PAIN26290MN02S）处理完成：总托盘 1，指数达标 0，未达标 1，平均缺口 84.00，最大缺口 84.00，失败托盘互借修复成功 0。
  - KPI：near/mid/deep=0/0/1，救回率=0.00%，pair效率=0.00%。
  - 耗时拆解：packing=0.25s，main_topup=0.00s，retry=0.00s，failed_pool=0.00s，repack=0.00s，total=0.25s。
正在处理托盘类型：MH423C，销售订单号：PAID163108N01S
  - 主算法：全局列式装箱 + 柱级组合优化（GCP）。
  - 失败托盘互借诊断：未合并（no_target_or_single_plan）。
托盘类型 MH423C（销售订单号：PAID163108N01S）处理完成：总托盘 1，指数达标 0，未达标 1，平均缺口 122.00，最大缺口 122.00，失败托盘互借修复成功 0。
  - KPI：near/mid/deep=0/0/1，救回率=0.00%，pair效率=0.00%。
  - 耗时拆解：packing=0.23s，main_topup=0.00s，retry=0.00s，failed_pool=0.00s，repack=0.00s，total=0.23s。
正在处理托盘类型：MH423C，销售订单号：PAID16315BN01S
  - 主算法：全局列式装箱 + 柱级组合优化（GCP）。
  - 失败托盘互借诊断：未合并（no_target_or_single_plan）。
托盘类型 MH423C（销售订单号：PAID16315BN01S）处理完成：总托盘 1，指数达标 0，未达标 1，平均缺口 170.00，最大缺口 170.00，失败托盘互借修复成功 0。
  - KPI：near/mid/deep=0/0/1，救回率=0.00%，pair效率=0.00%。
  - 耗时拆解：packing=0.03s，main_topup=0.00s，retry=0.00s，failed_pool=0.00s，repack=0.00s，total=0.03s。
正在处理托盘类型：MH423C，销售订单号：PAIN26310MN01S
  - 主算法：全局列式装箱 + 柱级组合优化（GCP）。
  - 失败托盘互借诊断：未合并（aborted_no_improvement_possible）。
托盘类型 MH423C（销售订单号：PAIN26310MN01S）处理完成：总托盘 2，指数达标 0，未达标 2，平均缺口 101.00，最大缺口 164.00，失败托盘互借修复成功 0。
  - KPI：near/mid/deep=0/0/2，救回率=0.00%，pair效率=0.00%。
  - 耗时拆解：packing=2.31s，main_topup=0.00s，retry=0.00s，failed_pool=0.00s，repack=1.77s，total=4.08s。
正在处理托盘类型：MH423C，销售订单号：PAID163108N03S
  - 该分组不适合列式（多非满柱）→ 回退 beam + 配方优先。
  - 配方优先[fast]：规划 0 实例，实装成功 0，配方路径不可用 → 采用基线方案。
  - 指数诊断：箱子 1 个，总指数 2，目标 192，理论最多达标托盘 0 个，剩余指数 2。
  - 几何诊断：典型整层堆叠单盘参考上限 2/192。 当前目标可能受托盘高度/箱型组合限制。
  - 几何诊断提示：典型整层参考值 2 < 目标 192；该值不是不可达证明，继续执行指数救援。
  - 失败托盘互借诊断：未合并（no_target_or_single_plan）。
托盘类型 MH423C（销售订单号：PAID163108N03S）处理完成：总托盘 1，指数达标 0，未达标 1，平均缺口 190.00，最大缺口 190.00，失败托盘互借修复成功 0。
  - KPI：near/mid/deep=0/0/1，救回率=0.00%，pair效率=0.00%。
  - 耗时拆解：packing=0.00s，main_topup=0.00s，retry=0.00s，failed_pool=0.00s，repack=0.00s，total=0.00s。
正在处理托盘类型：MH423C，销售订单号：PAID16300FN01S
  - 该分组不适合列式（多非满柱）→ 回退 beam + 配方优先。
  - 配方优先[fast]：规划 0 实例，实装成功 0，配方路径不可用 → 采用基线方案。
  - 指数诊断：箱子 1 个，总指数 4，目标 192，理论最多达标托盘 0 个，剩余指数 4。
  - 几何诊断：典型整层堆叠单盘参考上限 4/192。 当前目标可能受托盘高度/箱型组合限制。
  - 几何诊断提示：典型整层参考值 4 < 目标 192；该值不是不可达证明，继续执行指数救援。
  - 失败托盘互借诊断：未合并（no_target_or_single_plan）。
托盘类型 MH423C（销售订单号：PAID16300FN01S）处理完成：总托盘 1，指数达标 0，未达标 1，平均缺口 188.00，最大缺口 188.00，失败托盘互借修复成功 0。
  - KPI：near/mid/deep=0/0/1，救回率=0.00%，pair效率=0.00%。
  - 耗时拆解：packing=0.00s，main_topup=0.00s，retry=0.00s，failed_pool=0.00s，repack=0.00s，total=0.00s。
  - 失败盘装满压实：合并/吸收 1 次（纯减盘数）。
  - 跨子组装满压实（MH423C / PAID16306DN01S）：合并 1 次（纯减盘数）。
============================================================
[WCS-拉] 20260729_120745：拉取接口 1 …
[WCS-拉] 原始响应已保存：D:\research_code\final\zhuang\packing-workspace\input\raw\20260729_120745.json
[WCS-拉] 已剔除 case_type≠MH423C 的品类 54 条（类型：['WR246']），保留 1488 条。
[WCS-DB] wcs_stock_box 已全量替换：清空 1483 → 插入 1488
[WCS-拉] wcs_stock_box 已全量替换：删 1483，插 1488。
[WCS-DB] wcs_stock_box_all product_code 已存在、跳过 1483 条
[WCS-拉] wcs_stock_box_all 追加：新插入 5，跳过已有 1483（历史不删）。
[WCS-拉] 库存有变化 → need_repack=True，唤醒装箱。
  - 跨子组条件双路径（MH423C / LAID16305BN01S）：采用严格更优完整路径。
  - 失败盘装满压实：合并/吸收 1 次（纯减盘数）。
  - 跨子组装满压实（MH423C / LAID16305BN03S）：合并 1 次（纯减盘数）。
  - 失败盘装满压实：合并/吸收 1 次（纯减盘数）。
  - 跨子组装满压实（MH423C / LAID16306DN02S）：合并 1 次（纯减盘数）。
  - 失败盘装满压实：合并/吸收 1 次（纯减盘数）。
  - 跨子组装满压实（MH423C / LAID16315EN01S）：合并 1 次（纯减盘数）。
  - 失败盘装满压实：合并/吸收 1 次（纯减盘数）。
  - 跨子组装满压实（MH423C / PAIN26310MZ05S）：合并 1 次（纯减盘数）。
  - 失败盘装满压实：合并/吸收 1 次（纯减盘数）。
  - 跨子组装满压实（MH423C / PEG086300LN01S）：合并 1 次（纯减盘数）。
  - 失败盘装满压实：合并/吸收 1 次（纯减盘数）。
  - 跨子组装满压实（MH423C / LAID16316DN02S）：合并 1 次（纯减盘数）。
  - 失败盘装满压实：合并/吸收 1 次（纯减盘数）。
  - 跨子组装满压实（MH423C / LAID16316DN03S）：合并 1 次（纯减盘数）。
========================================
统计汇总：总托盘 57，指数达标 0，未达标 57，未知 0，平均缺口 118.93，最大缺口 191.00，失败托盘互借修复成功 0
KPI汇总：near/mid/deep=1/5/51，pair尝试=0，pair改进=0，pair效率=0.00%
耗时汇总：packing=73.91s，main_topup=0.02s，retry=0.00s，repack=8.26s，end_to_end=237.41s
========================================
[WCS-装] 装箱异常：输出质量门禁失败：zero_dimension_boxes=['WCS-1376-YZX507-0000', 'WCS-1378-YZX507-0000', 'WCS-1377-YZX507-0000', 'WCS-1379-YZX507-0000']
[WCS-装] 算完后 need_repack 仍为 True → 立即再算。
[WCS] 已加载 BMS 参考表：D:\research_code\final\zhuang\packing-workspace\data\selected_5000_boxes_9_1_concentrated_3orders.xlsx
============================================================
[WCS-装] 20260729_120828：库存行 1488 条，开始装箱 …
[WCS-装] 展开为 1488 个箱子。
数据预处理和箱子分组完成（按托盘类型+销售订单号）。
----------------------------------------
  - 组内子聚类：15 个混合订单拆出规则子集走 GCP、杂箱走 baseline。
正在处理托盘类型：MH423C，销售订单号：LAID16306DN01S
  - 主算法：全局列式装箱 + 柱级组合优化（GCP）。
  - 失败托盘互借诊断：未合并（aborted_no_improvement_possible）。
托盘类型 MH423C（销售订单号：LAID16306DN01S）处理完成：总托盘 2，指数达标 0，未达标 2，平均缺口 74.25，最大缺口 131.50，失败托盘互借修复成功 0。
  - KPI：near/mid/deep=0/1/1，救回率=0.00%，pair效率=0.00%。
  - 耗时拆解：packing=54.53s，main_topup=0.00s，retry=0.00s，failed_pool=0.00s，repack=2.47s，total=57.01s。
  - 条件双路径棘轮：替代完整路径通过守恒和最终门禁，严格优于 GCP，已采用。
正在处理托盘类型：MH423C，销售订单号：LAMY16315FN01S
  - 主算法：全局列式装箱 + 柱级组合优化（GCP）。
  - 失败托盘互借诊断：未合并（aborted_no_improvement_possible）。
托盘类型 MH423C（销售订单号：LAMY16315FN01S）处理完成：总托盘 2，指数达标 0，未达标 2，平均缺口 104.50，最大缺口 191.00，失败托盘互借修复成功 0。
  - KPI：near/mid/deep=0/1/1，救回率=0.00%，pair效率=0.00%。
  - 耗时拆解：packing=0.87s，main_topup=0.00s，retry=0.00s，failed_pool=0.00s，repack=0.74s，total=1.62s。
正在处理托盘类型：MH423C，销售订单号：LAMY16315FN01S__SPLITREST__
  - 该分组不适合列式（多非满柱）→ 回退 beam + 配方优先。
  - 配方优先[fast]：规划 0 实例，实装成功 0，配方路径不可用 → 采用基线方案。
  - 指数诊断：箱子 13 个，总指数 48.5，目标 192，理论最多达标托盘 0 个，剩余指数 48.5。
  - 几何诊断：典型整层堆叠单盘参考上限 48.5/192。 当前目标可能受托盘高度/箱型组合限制。
  - 几何诊断提示：典型整层参考值 48.5 < 目标 192；该值不是不可达证明，继续执行指数救援。
  - 失败托盘互借诊断：未合并（no_target_or_single_plan）。
托盘类型 MH423C（销售订单号：LAMY16315FN01S__SPLITREST__）处理完成：总托盘 1，指数达标 0，未达标 1，平均缺口 143.50，最大缺口 143.50，失败托盘互借修复成功 0。
  - KPI：near/mid/deep=0/0/1，救回率=0.00%，pair效率=0.00%。
  - 耗时拆解：packing=0.04s，main_topup=0.00s，retry=0.00s，failed_pool=0.00s，repack=0.00s，total=0.04s。
正在处理托盘类型：MH423C，销售订单号：LAID16305BN02S
  - 主算法：全局列式装箱 + 柱级组合优化（GCP）。
  - 失败托盘互借诊断：未合并（no_target_or_single_plan）。
托盘类型 MH423C（销售订单号：LAID16305BN02S）处理完成：总托盘 1，指数达标 0，未达标 1，平均缺口 63.00，最大缺口 63.00，失败托盘互借修复成功 0。
  - KPI：near/mid/deep=0/0/1，救回率=0.00%，pair效率=0.00%。
  - 耗时拆解：packing=1.65s，main_topup=0.00s，retry=0.00s，failed_pool=0.00s，repack=0.00s，total=1.65s。
正在处理托盘类型：MH423C，销售订单号：LAID16305EN01S
  - 该分组不适合列式（多非满柱）→ 回退 beam + 配方优先。
  - 配方优先[fast]：规划 0 实例，实装成功 0，配方路径不可用 → 采用基线方案。
  - 指数诊断：箱子 22 个，总指数 84.5，目标 192，理论最多达标托盘 0 个，剩余指数 84.5。
  - 几何诊断：典型整层堆叠单盘参考上限 67/192。 当前目标可能受托盘高度/箱型组合限制。
  - 几何诊断提示：典型整层参考值 67 < 目标 192；该值不是不可达证明，继续执行指数救援。
  - 失败托盘互借诊断：未合并（no_target_or_single_plan）。
托盘类型 MH423C（销售订单号：LAID16305EN01S）处理完成：总托盘 1，指数达标 0，未达标 1，平均缺口 107.50，最大缺口 107.50，失败托盘互借修复成功 0。
  - KPI：near/mid/deep=0/0/1，救回率=0.00%，pair效率=0.00%。
  - 耗时拆解：packing=0.15s，main_topup=0.00s，retry=0.00s，failed_pool=0.00s，repack=0.00s，total=0.15s。
正在处理托盘类型：MH423C，销售订单号：PAID16306DN01S
  - 主算法：全局列式装箱 + 柱级组合优化（GCP）。
  - 失败托盘互借诊断：未合并（no_target_or_single_plan）。
托盘类型 MH423C（销售订单号：PAID16306DN01S）处理完成：总托盘 1，指数达标 0，未达标 1，平均缺口 97.00，最大缺口 97.00，失败托盘互借修复成功 0。
  - KPI：near/mid/deep=0/0/1，救回率=0.00%，pair效率=0.00%。
  - 耗时拆解：packing=1.63s，main_topup=0.00s，retry=0.00s，failed_pool=0.00s，repack=0.00s，total=1.63s。
正在处理托盘类型：MH423C，销售订单号：PAID16306DN01S__SPLITREST__
  - 该分组不适合列式（多非满柱）→ 回退 beam + 配方优先。
  - 配方优先[fast]：规划 0 实例，实装成功 0，配方路径不可用 → 采用基线方案。
  - 指数诊断：箱子 2 个，总指数 1，目标 192，理论最多达标托盘 0 个，剩余指数 1。
  - 几何诊断：典型整层堆叠单盘参考上限 1/192。 当前目标可能受托盘高度/箱型组合限制。
  - 几何诊断提示：典型整层参考值 1 < 目标 192；该值不是不可达证明，继续执行指数救援。
  - 失败托盘互借诊断：未合并（no_target_or_single_plan）。
托盘类型 MH423C（销售订单号：PAID16306DN01S__SPLITREST__）处理完成：总托盘 1，指数达标 0，未达标 1，平均缺口 191.00，最大缺口 191.00，失败托盘互借修复成功 0。
  - KPI：near/mid/deep=0/0/1，救回率=0.00%，pair效率=0.00%。
  - 耗时拆解：packing=0.00s，main_topup=0.00s，retry=0.00s，failed_pool=0.00s，repack=0.00s，total=0.00s。
正在处理托盘类型：MH423C，销售订单号：LAID16305BN01S
  - 主算法：全局列式装箱 + 柱级组合优化（GCP）。
  - 失败托盘互借诊断：未合并（aborted_no_improvement_possible）。
托盘类型 MH423C（销售订单号：LAID16305BN01S）处理完成：总托盘 2，指数达标 0，未达标 2，平均缺口 99.50，最大缺口 174.00，失败托盘互借修复成功 0。
  - KPI：near/mid/deep=0/0/2，救回率=0.00%，pair效率=0.00%。
  - 耗时拆解：packing=2.00s，main_topup=0.00s，retry=0.00s，failed_pool=0.00s，repack=1.42s，total=3.42s。
正在处理托盘类型：MH423C，销售订单号：LAID16305BN01S__SPLITREST__
  - 该分组不适合列式（多非满柱）→ 回退 beam + 配方优先。
  - 配方优先[fast]：规划 0 实例，实装成功 0，配方路径不可用 → 采用基线方案。
  - 指数诊断：箱子 12 个，总指数 48，目标 192，理论最多达标托盘 0 个，剩余指数 48。
  - 几何诊断：典型整层堆叠单盘参考上限 48/192。 当前目标可能受托盘高度/箱型组合限制。
  - 几何诊断提示：典型整层参考值 48 < 目标 192；该值不是不可达证明，继续执行指数救援。
  - 失败托盘互借诊断：未合并（no_target_or_single_plan）。
托盘类型 MH423C（销售订单号：LAID16305BN01S__SPLITREST__）处理完成：总托盘 1，指数达标 0，未达标 1，平均缺口 144.00，最大缺口 144.00，失败托盘互借修复成功 0。
  - KPI：near/mid/deep=0/0/1，救回率=0.00%，pair效率=0.00%。
  - 耗时拆解：packing=0.00s，main_topup=0.00s，retry=0.00s，failed_pool=0.00s，repack=0.00s，total=0.00s。
正在处理托盘类型：MH423C，销售订单号：LFEG16300IN03S
  - 主算法：全局列式装箱 + 柱级组合优化（GCP）。
  - 失败托盘互借诊断：未合并（no_target_or_single_plan）。
托盘类型 MH423C（销售订单号：LFEG16300IN03S）处理完成：总托盘 1，指数达标 0，未达标 1，平均缺口 70.00，最大缺口 70.00，失败托盘互借修复成功 0。
  - KPI：near/mid/deep=0/0/1，救回率=0.00%，pair效率=0.00%。
  - 耗时拆解：packing=0.67s，main_topup=0.00s，retry=0.00s，failed_pool=0.00s，repack=0.00s，total=0.67s。
正在处理托盘类型：MH423C，销售订单号：LFEG16300IN03S__SPLITREST__
  - 该分组不适合列式（多非满柱）→ 回退 beam + 配方优先。
  - 配方优先[fast]：规划 0 实例，实装成功 0，配方路径不可用 → 采用基线方案。
  - 指数诊断：箱子 3 个，总指数 4.5，目标 192，理论最多达标托盘 0 个，剩余指数 4.5。
  - 几何诊断：典型整层堆叠单盘参考上限 4.5/192。 当前目标可能受托盘高度/箱型组合限制。
  - 几何诊断提示：典型整层参考值 4.5 < 目标 192；该值不是不可达证明，继续执行指数救援。
  - 失败托盘互借诊断：未合并（no_target_or_single_plan）。
托盘类型 MH423C（销售订单号：LFEG16300IN03S__SPLITREST__）处理完成：总托盘 1，指数达标 0，未达标 1，平均缺口 187.50，最大缺口 187.50，失败托盘互借修复成功 0。
  - KPI：near/mid/deep=0/0/1，救回率=0.00%，pair效率=0.00%。
  - 耗时拆解：packing=0.00s，main_topup=0.00s，retry=0.00s，failed_pool=0.00s，repack=0.00s，total=0.01s。
正在处理托盘类型：MH423C，销售订单号：LAID16305BN03S
  - 主算法：全局列式装箱 + 柱级组合优化（GCP）。
  - 失败托盘互借诊断：未合并（no_target_or_single_plan）。
托盘类型 MH423C（销售订单号：LAID16305BN03S）处理完成：总托盘 1，指数达标 0，未达标 1，平均缺口 110.00，最大缺口 110.00，失败托盘互借修复成功 0。
  - KPI：near/mid/deep=0/0/1，救回率=0.00%，pair效率=0.00%。
  - 耗时拆解：packing=0.30s，main_topup=0.00s，retry=0.00s，failed_pool=0.00s，repack=0.00s，total=0.30s。
正在处理托盘类型：MH423C，销售订单号：LAID16305BN03S__SPLITREST__
  - 该分组不适合列式（多非满柱）→ 回退 beam + 配方优先。
  - 配方优先[fast]：规划 0 实例，实装成功 0，配方路径不可用 → 采用基线方案。
  - 指数诊断：箱子 1 个，总指数 0.5，目标 192，理论最多达标托盘 0 个，剩余指数 0.5。
  - 几何诊断：典型整层堆叠单盘参考上限 0.5/192。 当前目标可能受托盘高度/箱型组合限制。
  - 几何诊断提示：典型整层参考值 0.5 < 目标 192；该值不是不可达证明，继续执行指数救援。
  - 失败托盘互借诊断：未合并（no_target_or_single_plan）。
托盘类型 MH423C（销售订单号：LAID16305BN03S__SPLITREST__）处理完成：总托盘 1，指数达标 0，未达标 1，平均缺口 191.50，最大缺口 191.50，失败托盘互借修复成功 0。
  - KPI：near/mid/deep=0/0/1，救回率=0.00%，pair效率=0.00%。
  - 耗时拆解：packing=0.00s，main_topup=0.00s，retry=0.00s，failed_pool=0.00s，repack=0.00s，total=0.00s。
正在处理托盘类型：MH423C，销售订单号：PAID16305EC01S
  - 该分组不适合列式（多非满柱）→ 回退 beam + 配方优先。
  - 配方优先[fast]：规划 0 实例，实装成功 0，配方路径不可用 → 采用基线方案。
  - 指数诊断：箱子 2 个，总指数 2，目标 192，理论最多达标托盘 0 个，剩余指数 2。
  - 几何诊断：典型整层堆叠单盘参考上限 2/192。 当前目标可能受托盘高度/箱型组合限制。
  - 几何诊断提示：典型整层参考值 2 < 目标 192；该值不是不可达证明，继续执行指数救援。
  - 失败托盘互借诊断：未合并（no_target_or_single_plan）。
托盘类型 MH423C（销售订单号：PAID16305EC01S）处理完成：总托盘 1，指数达标 0，未达标 1，平均缺口 190.00，最大缺口 190.00，失败托盘互借修复成功 0。
  - KPI：near/mid/deep=0/0/1，救回率=0.00%，pair效率=0.00%。
  - 耗时拆解：packing=0.00s，main_topup=0.00s，retry=0.00s，failed_pool=0.00s，repack=0.00s，total=0.00s。
正在处理托盘类型：MH423C，销售订单号：LAID16306DN02S
  - 主算法：全局列式装箱 + 柱级组合优化（GCP）。
  - GCP 盘数远超理论（CP-SAT 装不满）→ 回退 baseline beam + 配方优先。
  - 配方优先[fast]：规划 0 实例，实装成功 0，配方路径不可用 → 采用基线方案。
  - 指数诊断：箱子 44 个，总指数 180，目标 192，理论最多达标托盘 0 个，剩余指数 180。
  - 几何诊断：典型整层堆叠单盘参考上限 100/192。 当前目标可能受托盘高度/箱型组合限制。
  - 几何诊断提示：典型整层参考值 100 < 目标 192；该值不是不可达证明，继续执行指数救援。
  - 失败托盘互借诊断：未合并（aborted_no_improvement_possible）。
托盘类型 MH423C（销售订单号：LAID16306DN02S）处理完成：总托盘 2，指数达标 0，未达标 2，平均缺口 102.00，最大缺口 178.00，失败托盘互借修复成功 0。
  - KPI：near/mid/deep=0/0/2，救回率=0.00%，pair效率=0.00%。
  - 耗时拆解：packing=0.29s，main_topup=0.01s，retry=0.00s，failed_pool=0.00s，repack=0.47s，total=2.09s。
正在处理托盘类型：MH423C，销售订单号：LAID16306DN02S__SPLITREST__
  - 该分组不适合列式（多非满柱）→ 回退 beam + 配方优先。
  - 配方优先[fast]：规划 0 实例，实装成功 0，配方路径不可用 → 采用基线方案。
  - 指数诊断：箱子 4 个，总指数 4，目标 192，理论最多达标托盘 0 个，剩余指数 4。
  - 几何诊断：典型整层堆叠单盘参考上限 4/192。 当前目标可能受托盘高度/箱型组合限制。
  - 几何诊断提示：典型整层参考值 4 < 目标 192；该值不是不可达证明，继续执行指数救援。
  - 失败托盘互借诊断：未合并（no_target_or_single_plan）。
托盘类型 MH423C（销售订单号：LAID16306DN02S__SPLITREST__）处理完成：总托盘 1，指数达标 0，未达标 1，平均缺口 188.00，最大缺口 188.00，失败托盘互借修复成功 0。
  - KPI：near/mid/deep=0/0/1，救回率=0.00%，pair效率=0.00%。
  - 耗时拆解：packing=0.00s，main_topup=0.00s，retry=0.00s，failed_pool=0.00s，repack=0.00s，total=0.02s。
正在处理托盘类型：MH423C，销售订单号：LAID16315EN01S
  - 主算法：全局列式装箱 + 柱级组合优化（GCP）。
  - 失败托盘互借诊断：未合并（no_target_or_single_plan）。
托盘类型 MH423C（销售订单号：LAID16315EN01S）处理完成：总托盘 1，指数达标 0，未达标 1，平均缺口 133.00，最大缺口 133.00，失败托盘互借修复成功 0。
  - KPI：near/mid/deep=0/0/1，救回率=0.00%，pair效率=0.00%。
  - 耗时拆解：packing=0.84s，main_topup=0.00s，retry=0.00s，failed_pool=0.00s，repack=0.00s，total=0.84s。
正在处理托盘类型：MH423C，销售订单号：LAID16315EN01S__SPLITREST__
  - 该分组不适合列式（多非满柱）→ 回退 beam + 配方优先。
  - 配方优先[fast]：规划 0 实例，实装成功 0，配方路径不可用 → 采用基线方案。
  - 指数诊断：箱子 1 个，总指数 4，目标 192，理论最多达标托盘 0 个，剩余指数 4。
  - 几何诊断：典型整层堆叠单盘参考上限 4/192。 当前目标可能受托盘高度/箱型组合限制。
  - 几何诊断提示：典型整层参考值 4 < 目标 192；该值不是不可达证明，继续执行指数救援。
  - 失败托盘互借诊断：未合并（no_target_or_single_plan）。
托盘类型 MH423C（销售订单号：LAID16315EN01S__SPLITREST__）处理完成：总托盘 1，指数达标 0，未达标 1，平均缺口 188.00，最大缺口 188.00，失败托盘互借修复成功 0。
  - KPI：near/mid/deep=0/0/1，救回率=0.00%，pair效率=0.00%。
  - 耗时拆解：packing=0.00s，main_topup=0.00s，retry=0.00s，failed_pool=0.00s，repack=0.00s，total=0.00s。
正在处理托盘类型：MH423C，销售订单号：PAIN26310MZ05S
  - 主算法：全局列式装箱 + 柱级组合优化（GCP）。
  - 失败托盘互借诊断：未合并（no_target_or_single_plan）。
托盘类型 MH423C（销售订单号：PAIN26310MZ05S）处理完成：总托盘 1，指数达标 0，未达标 1，平均缺口 132.00，最大缺口 132.00，失败托盘互借修复成功 0。
  - KPI：near/mid/deep=0/0/1，救回率=0.00%，pair效率=0.00%。
  - 耗时拆解：packing=0.04s，main_topup=0.00s，retry=0.00s，failed_pool=0.00s，repack=0.00s，total=0.04s。
正在处理托盘类型：MH423C，销售订单号：PAIN26310MZ05S__SPLITREST__
  - 该分组不适合列式（多非满柱）→ 回退 beam + 配方优先。
  - 配方优先[fast]：规划 0 实例，实装成功 0，配方路径不可用 → 采用基线方案。
  - 指数诊断：箱子 1 个，总指数 2，目标 192，理论最多达标托盘 0 个，剩余指数 2。
  - 几何诊断：典型整层堆叠单盘参考上限 2/192。 当前目标可能受托盘高度/箱型组合限制。
  - 几何诊断提示：典型整层参考值 2 < 目标 192；该值不是不可达证明，继续执行指数救援。
  - 失败托盘互借诊断：未合并（no_target_or_single_plan）。
托盘类型 MH423C（销售订单号：PAIN26310MZ05S__SPLITREST__）处理完成：总托盘 1，指数达标 0，未达标 1，平均缺口 190.00，最大缺口 190.00，失败托盘互借修复成功 0。
  - KPI：near/mid/deep=0/0/1，救回率=0.00%，pair效率=0.00%。
  - 耗时拆解：packing=0.00s，main_topup=0.00s，retry=0.00s，failed_pool=0.00s，repack=0.00s，total=0.00s。
正在处理托盘类型：MH423C，销售订单号：LAID16315EN03S
  - 该分组不适合列式（多非满柱）→ 回退 beam + 配方优先。
  - 配方优先[fast]：规划 0 实例，实装成功 0，配方路径不可用 → 采用基线方案。
  - 指数诊断：箱子 21 个，总指数 45，目标 192，理论最多达标托盘 0 个，剩余指数 45。
  - 几何诊断：典型整层堆叠单盘参考上限 37/192。 当前目标可能受托盘高度/箱型组合限制。
  - 几何诊断提示：典型整层参考值 37 < 目标 192；该值不是不可达证明，继续执行指数救援。
  - 失败托盘互借诊断：未合并（no_target_or_single_plan）。
托盘类型 MH423C（销售订单号：LAID16315EN03S）处理完成：总托盘 1，指数达标 0，未达标 1，平均缺口 147.00，最大缺口 147.00，失败托盘互借修复成功 0。
  - KPI：near/mid/deep=0/0/1，救回率=0.00%，pair效率=0.00%。
  - 耗时拆解：packing=0.13s，main_topup=0.00s，retry=0.00s，failed_pool=0.00s，repack=0.00s，total=0.13s。
正在处理托盘类型：MH423C，销售订单号：PEG086300LN01S
  - 主算法：全局列式装箱 + 柱级组合优化（GCP）。
  - GCP 盘数远超理论（CP-SAT 装不满）→ 回退 baseline beam + 配方优先。
  - 配方优先[fast]：规划 0 实例，实装成功 0，配方路径不可用 → 采用基线方案。
  - 指数诊断：箱子 3 个，总指数 12，目标 192，理论最多达标托盘 0 个，剩余指数 12。
  - 几何诊断：典型整层堆叠单盘参考上限 12/192。 当前目标可能受托盘高度/箱型组合限制。
  - 几何诊断提示：典型整层参考值 12 < 目标 192；该值不是不可达证明，继续执行指数救援。
  - 失败托盘互借诊断：未合并（no_target_or_single_plan）。
托盘类型 MH423C（销售订单号：PEG086300LN01S）处理完成：总托盘 1，指数达标 0，未达标 1，平均缺口 180.00，最大缺口 180.00，失败托盘互借修复成功 0。
  - KPI：near/mid/deep=0/0/1，救回率=0.00%，pair效率=0.00%。
  - 耗时拆解：packing=0.00s，main_topup=0.00s，retry=0.00s，failed_pool=0.00s，repack=0.00s，total=0.01s。
正在处理托盘类型：MH423C，销售订单号：PEG086300LN01S__SPLITREST__
  - 该分组不适合列式（多非满柱）→ 回退 beam + 配方优先。
  - 配方优先[fast]：规划 0 实例，实装成功 0，配方路径不可用 → 采用基线方案。
  - 指数诊断：箱子 1 个，总指数 1，目标 192，理论最多达标托盘 0 个，剩余指数 1。
  - 几何诊断：典型整层堆叠单盘参考上限 1/192。 当前目标可能受托盘高度/箱型组合限制。
  - 几何诊断提示：典型整层参考值 1 < 目标 192；该值不是不可达证明，继续执行指数救援。
  - 失败托盘互借诊断：未合并（no_target_or_single_plan）。
托盘类型 MH423C（销售订单号：PEG086300LN01S__SPLITREST__）处理完成：总托盘 1，指数达标 0，未达标 1，平均缺口 191.00，最大缺口 191.00，失败托盘互借修复成功 0。
  - KPI：near/mid/deep=0/0/1，救回率=0.00%，pair效率=0.00%。
  - 耗时拆解：packing=0.00s，main_topup=0.00s，retry=0.00s，failed_pool=0.00s，repack=0.00s，total=0.00s。
正在处理托盘类型：MH423C，销售订单号：LAID16306DN03S
  - 该分组不适合列式（多非满柱）→ 回退 beam + 配方优先。
  - 配方优先[fast]：规划 0 实例，实装成功 0，配方路径不可用 → 采用基线方案。
  - 指数诊断：箱子 10 个，总指数 40，目标 192，理论最多达标托盘 0 个，剩余指数 40。
  - 几何诊断：典型整层堆叠单盘参考上限 36/192。 当前目标可能受托盘高度/箱型组合限制。
  - 几何诊断提示：典型整层参考值 36 < 目标 192；该值不是不可达证明，继续执行指数救援。
  - 失败托盘互借诊断：未合并（no_target_or_single_plan）。
托盘类型 MH423C（销售订单号：LAID16306DN03S）处理完成：总托盘 1，指数达标 0，未达标 1，平均缺口 152.00，最大缺口 152.00，失败托盘互借修复成功 0。
  - KPI：near/mid/deep=0/0/1，救回率=0.00%，pair效率=0.00%。
  - 耗时拆解：packing=0.03s，main_topup=0.00s，retry=0.00s，failed_pool=0.00s，repack=0.00s，total=0.03s。
正在处理托盘类型：MH423C，销售订单号：LFEG16310IN02S
  - 主算法：全局列式装箱 + 柱级组合优化（GCP）。
  - 失败托盘互借诊断：未合并（no_target_or_single_plan）。
托盘类型 MH423C（销售订单号：LFEG16310IN02S）处理完成：总托盘 1，指数达标 0，未达标 1，平均缺口 118.00，最大缺口 118.00，失败托盘互借修复成功 0。
  - KPI：near/mid/deep=0/0/1，救回率=0.00%，pair效率=0.00%。
  - 耗时拆解：packing=0.19s，main_topup=0.00s，retry=0.00s，failed_pool=0.00s，repack=0.00s，total=0.19s。
正在处理托盘类型：MH423C，销售订单号：LFEG16310IN02S__SPLITREST__
  - 该分组不适合列式（多非满柱）→ 回退 beam + 配方优先。
  - 配方优先[fast]：规划 0 实例，实装成功 0，配方路径不可用 → 采用基线方案。
  - 指数诊断：箱子 4 个，总指数 5，目标 192，理论最多达标托盘 0 个，剩余指数 5。
  - 几何诊断：典型整层堆叠单盘参考上限 5/192。 当前目标可能受托盘高度/箱型组合限制。
  - 几何诊断提示：典型整层参考值 5 < 目标 192；该值不是不可达证明，继续执行指数救援。
  - 失败托盘互借诊断：未合并（no_target_or_single_plan）。
托盘类型 MH423C（销售订单号：LFEG16310IN02S__SPLITREST__）处理完成：总托盘 1，指数达标 0，未达标 1，平均缺口 187.00，最大缺口 187.00，失败托盘互借修复成功 0。
  - KPI：near/mid/deep=0/0/1，救回率=0.00%，pair效率=0.00%。
  - 耗时拆解：packing=0.00s，main_topup=0.00s，retry=0.00s，failed_pool=0.00s，repack=0.00s，total=0.02s。
正在处理托盘类型：MH423C，销售订单号：LFEG16310IN01S
  - 该分组不适合列式（多非满柱）→ 回退 beam + 配方优先。
  - 配方优先[fast]：规划 0 实例，实装成功 0，配方路径不可用 → 采用基线方案。
  - 指数诊断：箱子 21 个，总指数 49，目标 192，理论最多达标托盘 0 个，剩余指数 49。
  - 几何诊断：典型整层堆叠单盘参考上限 43/192。 当前目标可能受托盘高度/箱型组合限制。
  - 几何诊断提示：典型整层参考值 43 < 目标 192；该值不是不可达证明，继续执行指数救援。
  - 失败托盘互借诊断：未合并（aborted_no_improvement_possible）。
托盘类型 MH423C（销售订单号：LFEG16310IN01S）处理完成：总托盘 2，指数达标 0，未达标 2，平均缺口 167.50，最大缺口 184.00，失败托盘互借修复成功 0。
  - KPI：near/mid/deep=0/0/2，救回率=0.00%，pair效率=0.00%。
  - 耗时拆解：packing=0.05s，main_topup=0.00s，retry=0.00s，failed_pool=0.00s，repack=0.24s，total=0.41s。
正在处理托盘类型：MH423C，销售订单号：LAID16316DN01S
  - 主算法：全局列式装箱 + 柱级组合优化（GCP）。
  - 失败托盘互借诊断：未合并（no_target_or_single_plan）。
托盘类型 MH423C（销售订单号：LAID16316DN01S）处理完成：总托盘 1，指数达标 0，未达标 1，平均缺口 20.00，最大缺口 20.00，失败托盘互借修复成功 0。
  - KPI：near/mid/deep=0/1/0，救回率=0.00%，pair效率=0.00%。
  - 耗时拆解：packing=0.50s，main_topup=0.00s，retry=0.00s，failed_pool=0.00s，repack=0.00s，total=0.50s。
正在处理托盘类型：MH423C，销售订单号：LAID16316DN01S__SPLITREST__
  - 该分组不适合列式（多非满柱）→ 回退 beam + 配方优先。
  - 配方优先[fast]：规划 0 实例，实装成功 0，配方路径不可用 → 采用基线方案。
  - 指数诊断：箱子 7 个，总指数 11，目标 192，理论最多达标托盘 0 个，剩余指数 11。
  - 几何诊断：典型整层堆叠单盘参考上限 11/192。 当前目标可能受托盘高度/箱型组合限制。
  - 几何诊断提示：典型整层参考值 11 < 目标 192；该值不是不可达证明，继续执行指数救援。
  - 失败托盘互借诊断：未合并（no_target_or_single_plan）。
托盘类型 MH423C（销售订单号：LAID16316DN01S__SPLITREST__）处理完成：总托盘 1，指数达标 0，未达标 1，平均缺口 181.00，最大缺口 181.00，失败托盘互借修复成功 0。
  - KPI：near/mid/deep=0/0/1，救回率=0.00%，pair效率=0.00%。
  - 耗时拆解：packing=0.01s，main_topup=0.00s，retry=0.00s，failed_pool=0.00s，repack=0.00s，total=0.03s。
正在处理托盘类型：MH423C，销售订单号：PEG166300LN01S
  - 主算法：全局列式装箱 + 柱级组合优化（GCP）。
  - 失败托盘互借诊断：未合并（no_target_or_single_plan）。
托盘类型 MH423C（销售订单号：PEG166300LN01S）处理完成：总托盘 1，指数达标 0，未达标 1，平均缺口 42.00，最大缺口 42.00，失败托盘互借修复成功 0。
  - KPI：near/mid/deep=0/0/1，救回率=0.00%，pair效率=0.00%。
  - 耗时拆解：packing=0.49s，main_topup=0.00s，retry=0.00s，failed_pool=0.00s，repack=0.00s，total=0.49s。
正在处理托盘类型：MH423C，销售订单号：LAID16315EN02S
  - 主算法：全局列式装箱 + 柱级组合优化（GCP）。
  - 失败托盘互借诊断：未合并（no_target_or_single_plan）。
托盘类型 MH423C（销售订单号：LAID16315EN02S）处理完成：总托盘 1，指数达标 0，未达标 1，平均缺口 40.00，最大缺口 40.00，失败托盘互借修复成功 0。
  - KPI：near/mid/deep=0/0/1，救回率=0.00%，pair效率=0.00%。
  - 耗时拆解：packing=0.07s，main_topup=0.00s，retry=0.00s，failed_pool=0.00s，repack=0.00s，total=0.07s。
正在处理托盘类型：MH423C，销售订单号：LAID16315EN02S__SPLITREST__
  - 该分组不适合列式（多非满柱）→ 回退 beam + 配方优先。
  - 配方优先[fast]：规划 0 实例，实装成功 0，配方路径不可用 → 采用基线方案。
  - 指数诊断：箱子 4 个，总指数 5，目标 192，理论最多达标托盘 0 个，剩余指数 5。
  - 几何诊断：典型整层堆叠单盘参考上限 5/192。 当前目标可能受托盘高度/箱型组合限制。
  - 几何诊断提示：典型整层参考值 5 < 目标 192；该值不是不可达证明，继续执行指数救援。
  - 失败托盘互借诊断：未合并（no_target_or_single_plan）。
托盘类型 MH423C（销售订单号：LAID16315EN02S__SPLITREST__）处理完成：总托盘 1，指数达标 0，未达标 1，平均缺口 187.00，最大缺口 187.00，失败托盘互借修复成功 0。
  - KPI：near/mid/deep=0/0/1，救回率=0.00%，pair效率=0.00%。
  - 耗时拆解：packing=0.00s，main_topup=0.00s，retry=0.00s，failed_pool=0.00s，repack=0.00s，total=0.02s。
正在处理托盘类型：MH423C，销售订单号：LFEG16316AN01S
  - 该分组不适合列式（多非满柱）→ 回退 beam + 配方优先。
  - 配方优先[fast]：规划 0 实例，实装成功 0，配方路径不可用 → 采用基线方案。
  - 指数诊断：箱子 10 个，总指数 58，目标 192，理论最多达标托盘 0 个，剩余指数 58。
  - 几何诊断：典型整层堆叠单盘参考上限 58/192。 当前目标可能受托盘高度/箱型组合限制。
  - 几何诊断提示：典型整层参考值 58 < 目标 192；该值不是不可达证明，继续执行指数救援。
  - 失败托盘互借诊断：未合并（no_target_or_single_plan）。
托盘类型 MH423C（销售订单号：LFEG16316AN01S）处理完成：总托盘 1，指数达标 0，未达标 1，平均缺口 134.00，最大缺口 134.00，失败托盘互借修复成功 0。
  - KPI：near/mid/deep=0/0/1，救回率=0.00%，pair效率=0.00%。
  - 耗时拆解：packing=0.03s，main_topup=0.00s，retry=0.00s，failed_pool=0.00s，repack=0.00s，total=0.03s。
正在处理托盘类型：MH423C，销售订单号：PAIN26310BC02S
  - 该分组不适合列式（多非满柱）→ 回退 beam + 配方优先。
  - 配方优先[fast]：规划 0 实例，实装成功 0，配方路径不可用 → 采用基线方案。
  - 指数诊断：箱子 10 个，总指数 54，目标 192，理论最多达标托盘 0 个，剩余指数 54。
  - 几何诊断：典型整层堆叠单盘参考上限 38/192。 当前目标可能受托盘高度/箱型组合限制。
  - 几何诊断提示：典型整层参考值 38 < 目标 192；该值不是不可达证明，继续执行指数救援。
  - 失败托盘互借诊断：未合并（no_target_or_single_plan）。
托盘类型 MH423C（销售订单号：PAIN26310BC02S）处理完成：总托盘 1，指数达标 0，未达标 1，平均缺口 138.00，最大缺口 138.00，失败托盘互借修复成功 0。
  - KPI：near/mid/deep=0/0/1，救回率=0.00%，pair效率=0.00%。
  - 耗时拆解：packing=0.04s，main_topup=0.00s，retry=0.00s，failed_pool=0.00s，repack=0.00s，total=0.04s。
正在处理托盘类型：MH423C，销售订单号：LFEG16310IN03S
  - 该分组不适合列式（多非满柱）→ 回退 beam + 配方优先。
  - 配方优先[fast]：规划 0 实例，实装成功 0，配方路径不可用 → 采用基线方案。
  - 指数诊断：箱子 47 个，总指数 88.5，目标 192，理论最多达标托盘 0 个，剩余指数 88.5。
  - 几何诊断：典型整层堆叠单盘参考上限 56/192。 当前目标可能受托盘高度/箱型组合限制。
  - 几何诊断提示：典型整层参考值 56 < 目标 192；该值不是不可达证明，继续执行指数救援。
  - 失败托盘互借诊断：未合并（aborted_no_improvement_possible）。
托盘类型 MH423C（销售订单号：LFEG16310IN03S）处理完成：总托盘 2，指数达标 0，未达标 2，平均缺口 147.75，最大缺口 184.00，失败托盘互借修复成功 0。
  - KPI：near/mid/deep=0/0/2，救回率=0.00%，pair效率=0.00%。
  - 耗时拆解：packing=0.31s，main_topup=0.00s，retry=0.00s，failed_pool=0.00s，repack=0.52s，total=1.61s。
正在处理托盘类型：MH423C，销售订单号：PAIN26316EC02S
  - 主算法：全局列式装箱 + 柱级组合优化（GCP）。
  - 失败托盘互借诊断：未合并（no_target_or_single_plan）。
托盘类型 MH423C（销售订单号：PAIN26316EC02S）处理完成：总托盘 1，指数达标 0，未达标 1，平均缺口 22.00，最大缺口 22.00，失败托盘互借修复成功 0。
  - KPI：near/mid/deep=0/1/0，救回率=0.00%，pair效率=0.00%。
  - 耗时拆解：packing=1.13s，main_topup=0.00s，retry=0.00s，failed_pool=0.00s，repack=0.00s，total=1.13s。
正在处理托盘类型：MH423C，销售订单号：PAIN26296EC02S
  - 主算法：全局列式装箱 + 柱级组合优化（GCP）。
  - 失败托盘互借诊断：未合并（no_target_or_single_plan）。
托盘类型 MH423C（销售订单号：PAIN26296EC02S）处理完成：总托盘 1，指数达标 0，未达标 1，平均缺口 54.00，最大缺口 54.00，失败托盘互借修复成功 0。
  - KPI：near/mid/deep=0/0/1，救回率=0.00%，pair效率=0.00%。
  - 耗时拆解：packing=1.10s，main_topup=0.00s，retry=0.00s，failed_pool=0.00s，repack=0.00s，total=1.10s。
正在处理托盘类型：MH423C，销售订单号：LFEG16300IN02S
  - 该分组不适合列式（多非满柱）→ 回退 beam + 配方优先。
  - 配方优先[fast]：规划 0 实例，实装成功 0，配方路径不可用 → 采用基线方案。
  - 指数诊断：箱子 10 个，总指数 19，目标 192，理论最多达标托盘 0 个，剩余指数 19。
  - 几何诊断：典型整层堆叠单盘参考上限 19/192。 当前目标可能受托盘高度/箱型组合限制。
  - 几何诊断提示：典型整层参考值 19 < 目标 192；该值不是不可达证明，继续执行指数救援。
  - 失败托盘互借诊断：未合并（no_target_or_single_plan）。
托盘类型 MH423C（销售订单号：LFEG16300IN02S）处理完成：总托盘 1，指数达标 0，未达标 1，平均缺口 173.00，最大缺口 173.00，失败托盘互借修复成功 0。
  - KPI：near/mid/deep=0/0/1，救回率=0.00%，pair效率=0.00%。
  - 耗时拆解：packing=0.01s，main_topup=0.00s，retry=0.00s，failed_pool=0.00s，repack=0.00s，total=0.06s。
正在处理托盘类型：MH423C，销售订单号：PAIN26310BN01S
  - 主算法：全局列式装箱 + 柱级组合优化（GCP）。
  - GCP 盘数远超理论（CP-SAT 装不满）→ 回退 baseline beam + 配方优先。
  - 配方优先[fast]：规划 0 实例，实装成功 0，配方路径不可用 → 采用基线方案。
  - 指数诊断：箱子 52 个，总指数 136，目标 192，理论最多达标托盘 0 个，剩余指数 136。
  - 几何诊断：典型整层堆叠单盘参考上限 130/192。 当前目标可能受托盘高度/箱型组合限制。
  - 几何诊断提示：典型整层参考值 130 < 目标 192；该值不是不可达证明，继续执行指数救援。
  - 失败托盘互借诊断：未合并（no_target_or_single_plan）。
托盘类型 MH423C（销售订单号：PAIN26310BN01S）处理完成：总托盘 1，指数达标 0，未达标 1，平均缺口 56.00，最大缺口 56.00，失败托盘互借修复成功 0。
  - KPI：near/mid/deep=0/0/1，救回率=0.00%，pair效率=0.00%。
  - 耗时拆解：packing=1.38s，main_topup=0.00s，retry=0.00s，failed_pool=0.00s，repack=0.00s，total=2.27s。
正在处理托盘类型：MH423C，销售订单号：PAIN26310GN01S
  - 主算法：全局列式装箱 + 柱级组合优化（GCP）。
  - 失败托盘互借诊断：未合并（no_target_or_single_plan）。
托盘类型 MH423C（销售订单号：PAIN26310GN01S）处理完成：总托盘 1，指数达标 0，未达标 1，平均缺口 42.00，最大缺口 42.00，失败托盘互借修复成功 0。
  - KPI：near/mid/deep=0/0/1，救回率=0.00%，pair效率=0.00%。
  - 耗时拆解：packing=1.75s，main_topup=0.00s，retry=0.00s，failed_pool=0.00s，repack=0.00s，total=1.75s。
正在处理托盘类型：MH423C，销售订单号：PAIN26310GN01S__SPLITREST__
  - 该分组不适合列式（多非满柱）→ 回退 beam + 配方优先。
  - 配方优先[fast]：规划 0 实例，实装成功 0，配方路径不可用 → 采用基线方案。
  - 指数诊断：箱子 3 个，总指数 3，目标 192，理论最多达标托盘 0 个，剩余指数 3。
  - 几何诊断：典型整层堆叠单盘参考上限 3/192。 当前目标可能受托盘高度/箱型组合限制。
  - 几何诊断提示：典型整层参考值 3 < 目标 192；该值不是不可达证明，继续执行指数救援。
  - 失败托盘互借诊断：未合并（no_target_or_single_plan）。
托盘类型 MH423C（销售订单号：PAIN26310GN01S__SPLITREST__）处理完成：总托盘 1，指数达标 0，未达标 1，平均缺口 189.00，最大缺口 189.00，失败托盘互借修复成功 0。
  - KPI：near/mid/deep=0/0/1，救回率=0.00%，pair效率=0.00%。
  - 耗时拆解：packing=0.00s，main_topup=0.00s，retry=0.00s，failed_pool=0.00s，repack=0.00s，total=0.01s。
正在处理托盘类型：MH423C，销售订单号：PAID16315AN01S
  - 该分组不适合列式（多非满柱）→ 回退 beam + 配方优先。
  - 配方优先[fast]：规划 0 实例，实装成功 0，配方路径不可用 → 采用基线方案。
  - 指数诊断：箱子 1 个，总指数 1，目标 192，理论最多达标托盘 0 个，剩余指数 1。
  - 几何诊断：典型整层堆叠单盘参考上限 1/192。 当前目标可能受托盘高度/箱型组合限制。
  - 几何诊断提示：典型整层参考值 1 < 目标 192；该值不是不可达证明，继续执行指数救援。
  - 失败托盘互借诊断：未合并（no_target_or_single_plan）。
托盘类型 MH423C（销售订单号：PAID16315AN01S）处理完成：总托盘 1，指数达标 0，未达标 1，平均缺口 191.00，最大缺口 191.00，失败托盘互借修复成功 0。
  - KPI：near/mid/deep=0/0/1，救回率=0.00%，pair效率=0.00%。
  - 耗时拆解：packing=0.00s，main_topup=0.00s，retry=0.00s，failed_pool=0.00s，repack=0.00s，total=0.00s。
正在处理托盘类型：MH423C，销售订单号：LAID16316DN02S
  - 主算法：全局列式装箱 + 柱级组合优化（GCP）。
  - 失败托盘互借诊断：未合并（aborted_no_improvement_possible）。
托盘类型 MH423C（销售订单号：LAID16316DN02S）处理完成：总托盘 2，指数达标 0，未达标 2，平均缺口 98.00，最大缺口 190.00，失败托盘互借修复成功 0。
  - KPI：near/mid/deep=1/0/1，救回率=0.00%，pair效率=0.00%。
  - 耗时拆解：packing=0.61s，main_topup=0.00s，retry=0.00s，failed_pool=0.00s，repack=0.75s，total=1.36s。
正在处理托盘类型：MH423C，销售订单号：LAID16316DN02S__SPLITREST__
  - 该分组不适合列式（多非满柱）→ 回退 beam + 配方优先。
  - 配方优先[fast]：规划 0 实例，实装成功 0，配方路径不可用 → 采用基线方案。
  - 指数诊断：箱子 3 个，总指数 3，目标 192，理论最多达标托盘 0 个，剩余指数 3。
  - 几何诊断：典型整层堆叠单盘参考上限 3/192。 当前目标可能受托盘高度/箱型组合限制。
  - 几何诊断提示：典型整层参考值 3 < 目标 192；该值不是不可达证明，继续执行指数救援。
  - 失败托盘互借诊断：未合并（no_target_or_single_plan）。
托盘类型 MH423C（销售订单号：LAID16316DN02S__SPLITREST__）处理完成：总托盘 1，指数达标 0，未达标 1，平均缺口 189.00，最大缺口 189.00，失败托盘互借修复成功 0。
  - KPI：near/mid/deep=0/0/1，救回率=0.00%，pair效率=0.00%。
  - 耗时拆解：packing=0.00s，main_topup=0.00s，retry=0.00s，failed_pool=0.00s，repack=0.00s，total=0.01s。
正在处理托盘类型：MH423C，销售订单号：PAIN26266EC02S
  - 主算法：全局列式装箱 + 柱级组合优化（GCP）。
  - 失败托盘互借诊断：未合并（no_target_or_single_plan）。
托盘类型 MH423C（销售订单号：PAIN26266EC02S）处理完成：总托盘 1，指数达标 0，未达标 1，平均缺口 140.00，最大缺口 140.00，失败托盘互借修复成功 0。
  - KPI：near/mid/deep=0/0/1，救回率=0.00%，pair效率=0.00%。
  - 耗时拆解：packing=0.13s，main_topup=0.00s，retry=0.00s，failed_pool=0.00s，repack=0.00s，total=0.13s。
正在处理托盘类型：MH423C，销售订单号：LAID16316DN03S
  - 主算法：全局列式装箱 + 柱级组合优化（GCP）。
  - 失败托盘互借诊断：未合并（no_target_or_single_plan）。
托盘类型 MH423C（销售订单号：LAID16316DN03S）处理完成：总托盘 1，指数达标 0，未达标 1，平均缺口 114.00，最大缺口 114.00，失败托盘互借修复成功 0。
  - KPI：near/mid/deep=0/0/1，救回率=0.00%，pair效率=0.00%。
  - 耗时拆解：packing=0.18s，main_topup=0.00s，retry=0.00s，failed_pool=0.00s，repack=0.00s，total=0.18s。
正在处理托盘类型：MH423C，销售订单号：LAID16316DN03S__SPLITREST__
  - 该分组不适合列式（多非满柱）→ 回退 beam + 配方优先。
  - 配方优先[fast]：规划 0 实例，实装成功 0，配方路径不可用 → 采用基线方案。
  - 指数诊断：箱子 3 个，总指数 14，目标 192，理论最多达标托盘 0 个，剩余指数 14。
  - 几何诊断：典型整层堆叠单盘参考上限 14/192。 当前目标可能受托盘高度/箱型组合限制。
  - 几何诊断提示：典型整层参考值 14 < 目标 192；该值不是不可达证明，继续执行指数救援。
  - 失败托盘互借诊断：未合并（no_target_or_single_plan）。
托盘类型 MH423C（销售订单号：LAID16316DN03S__SPLITREST__）处理完成：总托盘 1，指数达标 0，未达标 1，平均缺口 178.00，最大缺口 178.00，失败托盘互借修复成功 0。
  - KPI：near/mid/deep=0/0/1，救回率=0.00%，pair效率=0.00%。
  - 耗时拆解：packing=0.00s，main_topup=0.00s，retry=0.00s，failed_pool=0.00s，repack=0.00s，total=0.01s。
正在处理托盘类型：MH423C，销售订单号：PAIN26310MN06S
  - 主算法：全局列式装箱 + 柱级组合优化（GCP）。
  - 失败托盘互借诊断：未合并（no_target_or_single_plan）。
托盘类型 MH423C（销售订单号：PAIN26310MN06S）处理完成：总托盘 1，指数达标 0，未达标 1，平均缺口 60.00，最大缺口 60.00，失败托盘互借修复成功 0。
  - KPI：near/mid/deep=0/0/1，救回率=0.00%，pair效率=0.00%。
  - 耗时拆解：packing=0.17s，main_topup=0.00s，retry=0.00s，failed_pool=0.00s，repack=0.00s，total=0.17s。
正在处理托盘类型：MH423C，销售订单号：PAIN26266EN01S
  - 主算法：全局列式装箱 + 柱级组合优化（GCP）。
  - 失败托盘互借诊断：未合并（no_target_or_single_plan）。
托盘类型 MH423C（销售订单号：PAIN26266EN01S）处理完成：总托盘 1，指数达标 0，未达标 1，平均缺口 162.00，最大缺口 162.00，失败托盘互借修复成功 0。
  - KPI：near/mid/deep=0/0/1，救回率=0.00%，pair效率=0.00%。
  - 耗时拆解：packing=0.15s，main_topup=0.00s，retry=0.00s，failed_pool=0.00s，repack=0.00s，total=0.15s。
正在处理托盘类型：MH423C，销售订单号：LFEG16316AN02S
  - 该分组不适合列式（多非满柱）→ 回退 beam + 配方优先。
  - 配方优先[fast]：规划 0 实例，实装成功 0，配方路径不可用 → 采用基线方案。
  - 指数诊断：箱子 15 个，总指数 105，目标 192，理论最多达标托盘 0 个，剩余指数 105。
  - 几何诊断：典型整层堆叠单盘参考上限 65/192。 当前目标可能受托盘高度/箱型组合限制。
  - 几何诊断提示：典型整层参考值 65 < 目标 192；该值不是不可达证明，继续执行指数救援。
  - 失败托盘互借诊断：未合并（no_target_or_single_plan）。
托盘类型 MH423C（销售订单号：LFEG16316AN02S）处理完成：总托盘 1，指数达标 0，未达标 1，平均缺口 87.00，最大缺口 87.00，失败托盘互借修复成功 0。
  - KPI：near/mid/deep=0/0/1，救回率=0.00%，pair效率=0.00%。
  - 耗时拆解：packing=0.07s，main_topup=0.00s，retry=0.00s，failed_pool=0.00s，repack=0.00s，total=0.07s。
正在处理托盘类型：MH423C，销售订单号：LAID16294AN01S
  - 主算法：全局列式装箱 + 柱级组合优化（GCP）。
  - 失败托盘互借诊断：未合并（no_target_or_single_plan）。
托盘类型 MH423C（销售订单号：LAID16294AN01S）处理完成：总托盘 1，指数达标 0，未达标 1，平均缺口 144.00，最大缺口 144.00，失败托盘互借修复成功 0。
  - KPI：near/mid/deep=0/0/1，救回率=0.00%，pair效率=0.00%。
  - 耗时拆解：packing=0.03s，main_topup=0.00s，retry=0.00s，failed_pool=0.00s，repack=0.00s，total=0.03s。
正在处理托盘类型：MH423C，销售订单号：PAIN26310GC02S
  - 主算法：全局列式装箱 + 柱级组合优化（GCP）。
  - 失败托盘互借诊断：未合并（no_target_or_single_plan）。
托盘类型 MH423C（销售订单号：PAIN26310GC02S）处理完成：总托盘 1，指数达标 0，未达标 1，平均缺口 100.00，最大缺口 100.00，失败托盘互借修复成功 0。
  - KPI：near/mid/deep=0/0/1，救回率=0.00%，pair效率=0.00%。
  - 耗时拆解：packing=0.04s，main_topup=0.00s，retry=0.00s，failed_pool=0.00s，repack=0.00s，total=0.04s。
正在处理托盘类型：MH423C，销售订单号：PAIN26290MN02S
  - 主算法：全局列式装箱 + 柱级组合优化（GCP）。
  - 失败托盘互借诊断：未合并（no_target_or_single_plan）。
托盘类型 MH423C（销售订单号：PAIN26290MN02S）处理完成：总托盘 1，指数达标 0，未达标 1，平均缺口 84.00，最大缺口 84.00，失败托盘互借修复成功 0。
  - KPI：near/mid/deep=0/0/1，救回率=0.00%，pair效率=0.00%。
  - 耗时拆解：packing=0.26s，main_topup=0.00s，retry=0.00s，failed_pool=0.00s，repack=0.00s，total=0.26s。
正在处理托盘类型：MH423C，销售订单号：PAID163108N01S
  - 主算法：全局列式装箱 + 柱级组合优化（GCP）。
  - 失败托盘互借诊断：未合并（no_target_or_single_plan）。
托盘类型 MH423C（销售订单号：PAID163108N01S）处理完成：总托盘 1，指数达标 0，未达标 1，平均缺口 122.00，最大缺口 122.00，失败托盘互借修复成功 0。
  - KPI：near/mid/deep=0/0/1，救回率=0.00%，pair效率=0.00%。
  - 耗时拆解：packing=0.22s，main_topup=0.00s，retry=0.00s，failed_pool=0.00s，repack=0.00s，total=0.23s。
正在处理托盘类型：MH423C，销售订单号：PAID16315BN01S
  - 主算法：全局列式装箱 + 柱级组合优化（GCP）。
  - 失败托盘互借诊断：未合并（no_target_or_single_plan）。
托盘类型 MH423C（销售订单号：PAID16315BN01S）处理完成：总托盘 1，指数达标 0，未达标 1，平均缺口 170.00，最大缺口 170.00，失败托盘互借修复成功 0。
  - KPI：near/mid/deep=0/0/1，救回率=0.00%，pair效率=0.00%。
  - 耗时拆解：packing=0.03s，main_topup=0.00s，retry=0.00s，failed_pool=0.00s，repack=0.00s，total=0.03s。
正在处理托盘类型：MH423C，销售订单号：PAIN26310MN01S
  - 主算法：全局列式装箱 + 柱级组合优化（GCP）。
  - 失败托盘互借诊断：未合并（aborted_no_improvement_possible）。
托盘类型 MH423C（销售订单号：PAIN26310MN01S）处理完成：总托盘 2，指数达标 0，未达标 2，平均缺口 101.00，最大缺口 164.00，失败托盘互借修复成功 0。
  - KPI：near/mid/deep=0/0/2，救回率=0.00%，pair效率=0.00%。
  - 耗时拆解：packing=2.35s，main_topup=0.00s，retry=0.00s，failed_pool=0.00s，repack=1.80s，total=4.15s。
正在处理托盘类型：MH423C，销售订单号：PAID163108N03S
  - 该分组不适合列式（多非满柱）→ 回退 beam + 配方优先。
  - 配方优先[fast]：规划 0 实例，实装成功 0，配方路径不可用 → 采用基线方案。
  - 指数诊断：箱子 1 个，总指数 2，目标 192，理论最多达标托盘 0 个，剩余指数 2。
  - 几何诊断：典型整层堆叠单盘参考上限 2/192。 当前目标可能受托盘高度/箱型组合限制。
  - 几何诊断提示：典型整层参考值 2 < 目标 192；该值不是不可达证明，继续执行指数救援。
  - 失败托盘互借诊断：未合并（no_target_or_single_plan）。
托盘类型 MH423C（销售订单号：PAID163108N03S）处理完成：总托盘 1，指数达标 0，未达标 1，平均缺口 190.00，最大缺口 190.00，失败托盘互借修复成功 0。
  - KPI：near/mid/deep=0/0/1，救回率=0.00%，pair效率=0.00%。
  - 耗时拆解：packing=0.00s，main_topup=0.00s，retry=0.00s，failed_pool=0.00s，repack=0.00s，total=0.00s。
正在处理托盘类型：MH423C，销售订单号：PAID16300FN01S
  - 该分组不适合列式（多非满柱）→ 回退 beam + 配方优先。
  - 配方优先[fast]：规划 0 实例，实装成功 0，配方路径不可用 → 采用基线方案。
  - 指数诊断：箱子 1 个，总指数 4，目标 192，理论最多达标托盘 0 个，剩余指数 4。
  - 几何诊断：典型整层堆叠单盘参考上限 4/192。 当前目标可能受托盘高度/箱型组合限制。
  - 几何诊断提示：典型整层参考值 4 < 目标 192；该值不是不可达证明，继续执行指数救援。
  - 失败托盘互借诊断：未合并（no_target_or_single_plan）。
托盘类型 MH423C（销售订单号：PAID16300FN01S）处理完成：总托盘 1，指数达标 0，未达标 1，平均缺口 188.00，最大缺口 188.00，失败托盘互借修复成功 0。
  - KPI：near/mid/deep=0/0/1，救回率=0.00%，pair效率=0.00%。
  - 耗时拆解：packing=0.00s，main_topup=0.00s，retry=0.00s，failed_pool=0.00s，repack=0.00s，total=0.00s。
============================================================
[WCS-拉] 20260729_121105：拉取接口 1 …
[WCS-拉] 原始响应已保存：D:\research_code\final\zhuang\packing-workspace\input\raw\20260729_121105.json
[WCS-拉] 已剔除 case_type≠MH423C 的品类 54 条（类型：['WR246']），保留 1495 条。
[WCS-DB] wcs_stock_box 已全量替换：清空 1488 → 插入 1495
[WCS-拉] wcs_stock_box 已全量替换：删 1488，插 1495。
[WCS-DB] wcs_stock_box_all product_code 已存在、跳过 1488 条
[WCS-拉] wcs_stock_box_all 追加：新插入 7，跳过已有 1488（历史不删）。
[WCS-拉] 库存有变化 → need_repack=True，唤醒装箱。
  - 失败盘装满压实：合并/吸收 1 次（纯减盘数）。
  - 跨子组装满压实（MH423C / PAID16306DN01S）：合并 1 次（纯减盘数）。
  - 跨子组条件双路径（MH423C / LAID16305BN01S）：采用严格更优完整路径。
  - 失败盘装满压实：合并/吸收 1 次（纯减盘数）。
  - 跨子组装满压实（MH423C / LAID16305BN03S）：合并 1 次（纯减盘数）。
  - 失败盘装满压实：合并/吸收 1 次（纯减盘数）。
  - 跨子组装满压实（MH423C / LAID16306DN02S）：合并 1 次（纯减盘数）。
  - 失败盘装满压实：合并/吸收 1 次（纯减盘数）。
  - 跨子组装满压实（MH423C / LAID16315EN01S）：合并 1 次（纯减盘数）。
  - 失败盘装满压实：合并/吸收 1 次（纯减盘数）。
  - 跨子组装满压实（MH423C / PAIN26310MZ05S）：合并 1 次（纯减盘数）。
  - 失败盘装满压实：合并/吸收 1 次（纯减盘数）。
  - 跨子组装满压实（MH423C / PEG086300LN01S）：合并 1 次（纯减盘数）。
  - 失败盘装满压实：合并/吸收 1 次（纯减盘数）。
  - 跨子组装满压实（MH423C / LAID16316DN02S）：合并 1 次（纯减盘数）。
  - 失败盘装满压实：合并/吸收 1 次（纯减盘数）。
  - 跨子组装满压实（MH423C / LAID16316DN03S）：合并 1 次（纯减盘数）。
========================================
统计汇总：总托盘 57，指数达标 0，未达标 57，未知 0，平均缺口 118.58，最大缺口 191.00，失败托盘互借修复成功 0
KPI汇总：near/mid/deep=1/5/51，pair尝试=0，pair改进=0，pair效率=0.00%
耗时汇总：packing=74.53s，main_topup=0.01s，retry=0.00s，repack=8.41s，end_to_end=238.58s
========================================
[WCS-装] 装箱异常：输出质量门禁失败：zero_dimension_boxes=['WCS-1379-YZX507-0000', 'WCS-1381-YZX507-0000', 'WCS-1380-YZX507-0000', 'WCS-1382-YZX507-0000']
[WCS-装] 算完后 need_repack 仍为 True → 立即再算。
[WCS] 已加载 BMS 参考表：D:\research_code\final\zhuang\packing-workspace\data\selected_5000_boxes_9_1_concentrated_3orders.xlsx
============================================================
[WCS-装] 20260729_121230：库存行 1495 条，开始装箱 …
[WCS-装] 展开为 1495 个箱子。
数据预处理和箱子分组完成（按托盘类型+销售订单号）。
----------------------------------------
  - 组内子聚类：15 个混合订单拆出规则子集走 GCP、杂箱走 baseline。
正在处理托盘类型：MH423C，销售订单号：LAID16306DN01S
  - 主算法：全局列式装箱 + 柱级组合优化（GCP）。
  - 失败托盘互借诊断：未合并（aborted_no_improvement_possible）。
托盘类型 MH423C（销售订单号：LAID16306DN01S）处理完成：总托盘 2，指数达标 0，未达标 2，平均缺口 74.25，最大缺口 131.50，失败托盘互借修复成功 0。
  - KPI：near/mid/deep=0/1/1，救回率=0.00%，pair效率=0.00%。
  - 耗时拆解：packing=54.51s，main_topup=0.00s，retry=0.00s，failed_pool=0.00s，repack=2.37s，total=56.88s。
  - 条件双路径棘轮：替代完整路径通过守恒和最终门禁，严格优于 GCP，已采用。
正在处理托盘类型：MH423C，销售订单号：LAMY16315FN01S
  - 主算法：全局列式装箱 + 柱级组合优化（GCP）。
  - 失败托盘互借诊断：未合并（aborted_no_improvement_possible）。
托盘类型 MH423C（销售订单号：LAMY16315FN01S）处理完成：总托盘 2，指数达标 0，未达标 2，平均缺口 104.50，最大缺口 191.00，失败托盘互借修复成功 0。
  - KPI：near/mid/deep=0/1/1，救回率=0.00%，pair效率=0.00%。
  - 耗时拆解：packing=0.91s，main_topup=0.00s，retry=0.00s，failed_pool=0.00s，repack=0.75s，total=1.66s。
正在处理托盘类型：MH423C，销售订单号：LAMY16315FN01S__SPLITREST__
  - 该分组不适合列式（多非满柱）→ 回退 beam + 配方优先。
  - 配方优先[fast]：规划 0 实例，实装成功 0，配方路径不可用 → 采用基线方案。
  - 指数诊断：箱子 13 个，总指数 48.5，目标 192，理论最多达标托盘 0 个，剩余指数 48.5。
  - 几何诊断：典型整层堆叠单盘参考上限 48.5/192。 当前目标可能受托盘高度/箱型组合限制。
  - 几何诊断提示：典型整层参考值 48.5 < 目标 192；该值不是不可达证明，继续执行指数救援。
  - 失败托盘互借诊断：未合并（no_target_or_single_plan）。
托盘类型 MH423C（销售订单号：LAMY16315FN01S__SPLITREST__）处理完成：总托盘 1，指数达标 0，未达标 1，平均缺口 143.50，最大缺口 143.50，失败托盘互借修复成功 0。
  - KPI：near/mid/deep=0/0/1，救回率=0.00%，pair效率=0.00%。
  - 耗时拆解：packing=0.04s，main_topup=0.00s，retry=0.00s，failed_pool=0.00s，repack=0.00s，total=0.05s。
正在处理托盘类型：MH423C，销售订单号：LAID16305BN02S
  - 主算法：全局列式装箱 + 柱级组合优化（GCP）。
  - 失败托盘互借诊断：未合并（no_target_or_single_plan）。
托盘类型 MH423C（销售订单号：LAID16305BN02S）处理完成：总托盘 1，指数达标 0，未达标 1，平均缺口 63.00，最大缺口 63.00，失败托盘互借修复成功 0。
  - KPI：near/mid/deep=0/0/1，救回率=0.00%，pair效率=0.00%。
  - 耗时拆解：packing=1.64s，main_topup=0.00s，retry=0.00s，failed_pool=0.00s，repack=0.00s，total=1.64s。
正在处理托盘类型：MH423C，销售订单号：LAID16305EN01S
  - 该分组不适合列式（多非满柱）→ 回退 beam + 配方优先。
  - 配方优先[fast]：规划 0 实例，实装成功 0，配方路径不可用 → 采用基线方案。
  - 指数诊断：箱子 22 个，总指数 84.5，目标 192，理论最多达标托盘 0 个，剩余指数 84.5。
  - 几何诊断：典型整层堆叠单盘参考上限 67/192。 当前目标可能受托盘高度/箱型组合限制。
  - 几何诊断提示：典型整层参考值 67 < 目标 192；该值不是不可达证明，继续执行指数救援。
  - 失败托盘互借诊断：未合并（no_target_or_single_plan）。
托盘类型 MH423C（销售订单号：LAID16305EN01S）处理完成：总托盘 1，指数达标 0，未达标 1，平均缺口 107.50，最大缺口 107.50，失败托盘互借修复成功 0。
  - KPI：near/mid/deep=0/0/1，救回率=0.00%，pair效率=0.00%。
  - 耗时拆解：packing=0.15s，main_topup=0.00s，retry=0.00s，failed_pool=0.00s，repack=0.00s，total=0.15s。
正在处理托盘类型：MH423C，销售订单号：PAID16306DN01S
  - 主算法：全局列式装箱 + 柱级组合优化（GCP）。
  - 失败托盘互借诊断：未合并（no_target_or_single_plan）。
托盘类型 MH423C（销售订单号：PAID16306DN01S）处理完成：总托盘 1，指数达标 0，未达标 1，平均缺口 97.00，最大缺口 97.00，失败托盘互借修复成功 0。
  - KPI：near/mid/deep=0/0/1，救回率=0.00%，pair效率=0.00%。
  - 耗时拆解：packing=1.64s，main_topup=0.00s，retry=0.00s，failed_pool=0.00s，repack=0.00s，total=1.64s。
正在处理托盘类型：MH423C，销售订单号：PAID16306DN01S__SPLITREST__
  - 该分组不适合列式（多非满柱）→ 回退 beam + 配方优先。
  - 配方优先[fast]：规划 0 实例，实装成功 0，配方路径不可用 → 采用基线方案。
  - 指数诊断：箱子 2 个，总指数 1，目标 192，理论最多达标托盘 0 个，剩余指数 1。
  - 几何诊断：典型整层堆叠单盘参考上限 1/192。 当前目标可能受托盘高度/箱型组合限制。
  - 几何诊断提示：典型整层参考值 1 < 目标 192；该值不是不可达证明，继续执行指数救援。
  - 失败托盘互借诊断：未合并（no_target_or_single_plan）。
托盘类型 MH423C（销售订单号：PAID16306DN01S__SPLITREST__）处理完成：总托盘 1，指数达标 0，未达标 1，平均缺口 191.00，最大缺口 191.00，失败托盘互借修复成功 0。
  - KPI：near/mid/deep=0/0/1，救回率=0.00%，pair效率=0.00%。
  - 耗时拆解：packing=0.00s，main_topup=0.00s，retry=0.00s，failed_pool=0.00s，repack=0.00s，total=0.00s。
正在处理托盘类型：MH423C，销售订单号：LAID16305BN01S
  - 主算法：全局列式装箱 + 柱级组合优化（GCP）。
  - 失败托盘互借诊断：未合并（aborted_no_improvement_possible）。
托盘类型 MH423C（销售订单号：LAID16305BN01S）处理完成：总托盘 2，指数达标 0，未达标 2，平均缺口 99.50，最大缺口 174.00，失败托盘互借修复成功 0。
  - KPI：near/mid/deep=0/0/2，救回率=0.00%，pair效率=0.00%。
  - 耗时拆解：packing=2.00s，main_topup=0.00s，retry=0.00s，failed_pool=0.00s，repack=1.45s，total=3.45s。
正在处理托盘类型：MH423C，销售订单号：LAID16305BN01S__SPLITREST__
  - 该分组不适合列式（多非满柱）→ 回退 beam + 配方优先。
  - 配方优先[fast]：规划 0 实例，实装成功 0，配方路径不可用 → 采用基线方案。
  - 指数诊断：箱子 12 个，总指数 48，目标 192，理论最多达标托盘 0 个，剩余指数 48。
  - 几何诊断：典型整层堆叠单盘参考上限 48/192。 当前目标可能受托盘高度/箱型组合限制。
  - 几何诊断提示：典型整层参考值 48 < 目标 192；该值不是不可达证明，继续执行指数救援。
  - 失败托盘互借诊断：未合并（no_target_or_single_plan）。
托盘类型 MH423C（销售订单号：LAID16305BN01S__SPLITREST__）处理完成：总托盘 1，指数达标 0，未达标 1，平均缺口 144.00，最大缺口 144.00，失败托盘互借修复成功 0。
  - KPI：near/mid/deep=0/0/1，救回率=0.00%，pair效率=0.00%。
  - 耗时拆解：packing=0.00s，main_topup=0.00s，retry=0.00s，failed_pool=0.00s，repack=0.00s，total=0.00s。
正在处理托盘类型：MH423C，销售订单号：LFEG16300IN03S
  - 主算法：全局列式装箱 + 柱级组合优化（GCP）。
  - 失败托盘互借诊断：未合并（no_target_or_single_plan）。
托盘类型 MH423C（销售订单号：LFEG16300IN03S）处理完成：总托盘 1，指数达标 0，未达标 1，平均缺口 70.00，最大缺口 70.00，失败托盘互借修复成功 0。
  - KPI：near/mid/deep=0/0/1，救回率=0.00%，pair效率=0.00%。
  - 耗时拆解：packing=0.69s，main_topup=0.00s，retry=0.00s，failed_pool=0.00s，repack=0.00s，total=0.69s。
正在处理托盘类型：MH423C，销售订单号：LFEG16300IN03S__SPLITREST__
  - 该分组不适合列式（多非满柱）→ 回退 beam + 配方优先。
  - 配方优先[fast]：规划 0 实例，实装成功 0，配方路径不可用 → 采用基线方案。
  - 指数诊断：箱子 3 个，总指数 4.5，目标 192，理论最多达标托盘 0 个，剩余指数 4.5。
  - 几何诊断：典型整层堆叠单盘参考上限 4.5/192。 当前目标可能受托盘高度/箱型组合限制。
  - 几何诊断提示：典型整层参考值 4.5 < 目标 192；该值不是不可达证明，继续执行指数救援。
  - 失败托盘互借诊断：未合并（no_target_or_single_plan）。
托盘类型 MH423C（销售订单号：LFEG16300IN03S__SPLITREST__）处理完成：总托盘 1，指数达标 0，未达标 1，平均缺口 187.50，最大缺口 187.50，失败托盘互借修复成功 0。
  - KPI：near/mid/deep=0/0/1，救回率=0.00%，pair效率=0.00%。
  - 耗时拆解：packing=0.00s，main_topup=0.00s，retry=0.00s，failed_pool=0.00s，repack=0.00s，total=0.01s。
正在处理托盘类型：MH423C，销售订单号：LAID16305BN03S
  - 主算法：全局列式装箱 + 柱级组合优化（GCP）。
  - 失败托盘互借诊断：未合并（no_target_or_single_plan）。
托盘类型 MH423C（销售订单号：LAID16305BN03S）处理完成：总托盘 1，指数达标 0，未达标 1，平均缺口 106.00，最大缺口 106.00，失败托盘互借修复成功 0。
  - KPI：near/mid/deep=0/0/1，救回率=0.00%，pair效率=0.00%。
  - 耗时拆解：packing=0.35s，main_topup=0.00s，retry=0.00s，failed_pool=0.00s，repack=0.00s，total=0.35s。
正在处理托盘类型：MH423C，销售订单号：LAID16305BN03S__SPLITREST__
  - 该分组不适合列式（多非满柱）→ 回退 beam + 配方优先。
  - 配方优先[fast]：规划 0 实例，实装成功 0，配方路径不可用 → 采用基线方案。
  - 指数诊断：箱子 1 个，总指数 0.5，目标 192，理论最多达标托盘 0 个，剩余指数 0.5。
  - 几何诊断：典型整层堆叠单盘参考上限 0.5/192。 当前目标可能受托盘高度/箱型组合限制。
  - 几何诊断提示：典型整层参考值 0.5 < 目标 192；该值不是不可达证明，继续执行指数救援。
  - 失败托盘互借诊断：未合并（no_target_or_single_plan）。
托盘类型 MH423C（销售订单号：LAID16305BN03S__SPLITREST__）处理完成：总托盘 1，指数达标 0，未达标 1，平均缺口 191.50，最大缺口 191.50，失败托盘互借修复成功 0。
  - KPI：near/mid/deep=0/0/1，救回率=0.00%，pair效率=0.00%。
  - 耗时拆解：packing=0.00s，main_topup=0.00s，retry=0.00s，failed_pool=0.00s，repack=0.00s，total=0.00s。
正在处理托盘类型：MH423C，销售订单号：PAID16305EC01S
  - 该分组不适合列式（多非满柱）→ 回退 beam + 配方优先。
  - 配方优先[fast]：规划 0 实例，实装成功 0，配方路径不可用 → 采用基线方案。
  - 指数诊断：箱子 2 个，总指数 2，目标 192，理论最多达标托盘 0 个，剩余指数 2。
  - 几何诊断：典型整层堆叠单盘参考上限 2/192。 当前目标可能受托盘高度/箱型组合限制。
  - 几何诊断提示：典型整层参考值 2 < 目标 192；该值不是不可达证明，继续执行指数救援。
  - 失败托盘互借诊断：未合并（no_target_or_single_plan）。
托盘类型 MH423C（销售订单号：PAID16305EC01S）处理完成：总托盘 1，指数达标 0，未达标 1，平均缺口 190.00，最大缺口 190.00，失败托盘互借修复成功 0。
  - KPI：near/mid/deep=0/0/1，救回率=0.00%，pair效率=0.00%。
  - 耗时拆解：packing=0.00s，main_topup=0.00s，retry=0.00s，failed_pool=0.00s，repack=0.00s，total=0.00s。
正在处理托盘类型：MH423C，销售订单号：LAID16306DN02S
  - 主算法：全局列式装箱 + 柱级组合优化（GCP）。
  - GCP 盘数远超理论（CP-SAT 装不满）→ 回退 baseline beam + 配方优先。
  - 配方优先[fast]：规划 0 实例，实装成功 0，配方路径不可用 → 采用基线方案。
  - 指数诊断：箱子 44 个，总指数 180，目标 192，理论最多达标托盘 0 个，剩余指数 180。
  - 几何诊断：典型整层堆叠单盘参考上限 100/192。 当前目标可能受托盘高度/箱型组合限制。
  - 几何诊断提示：典型整层参考值 100 < 目标 192；该值不是不可达证明，继续执行指数救援。
  - 失败托盘互借诊断：未合并（aborted_no_improvement_possible）。
托盘类型 MH423C（销售订单号：LAID16306DN02S）处理完成：总托盘 2，指数达标 0，未达标 2，平均缺口 102.00，最大缺口 178.00，失败托盘互借修复成功 0。
  - KPI：near/mid/deep=0/0/2，救回率=0.00%，pair效率=0.00%。
  - 耗时拆解：packing=0.29s，main_topup=0.01s，retry=0.00s，failed_pool=0.00s，repack=0.49s，total=2.15s。
正在处理托盘类型：MH423C，销售订单号：LAID16306DN02S__SPLITREST__
  - 该分组不适合列式（多非满柱）→ 回退 beam + 配方优先。
  - 配方优先[fast]：规划 0 实例，实装成功 0，配方路径不可用 → 采用基线方案。
  - 指数诊断：箱子 4 个，总指数 4，目标 192，理论最多达标托盘 0 个，剩余指数 4。
  - 几何诊断：典型整层堆叠单盘参考上限 4/192。 当前目标可能受托盘高度/箱型组合限制。
  - 几何诊断提示：典型整层参考值 4 < 目标 192；该值不是不可达证明，继续执行指数救援。
  - 失败托盘互借诊断：未合并（no_target_or_single_plan）。
托盘类型 MH423C（销售订单号：LAID16306DN02S__SPLITREST__）处理完成：总托盘 1，指数达标 0，未达标 1，平均缺口 188.00，最大缺口 188.00，失败托盘互借修复成功 0。
  - KPI：near/mid/deep=0/0/1，救回率=0.00%，pair效率=0.00%。
  - 耗时拆解：packing=0.00s，main_topup=0.00s，retry=0.00s，failed_pool=0.00s，repack=0.00s，total=0.02s。
正在处理托盘类型：MH423C，销售订单号：LAID16315EN01S
  - 主算法：全局列式装箱 + 柱级组合优化（GCP）。
  - 失败托盘互借诊断：未合并（no_target_or_single_plan）。
托盘类型 MH423C（销售订单号：LAID16315EN01S）处理完成：总托盘 1，指数达标 0，未达标 1，平均缺口 133.00，最大缺口 133.00，失败托盘互借修复成功 0。
  - KPI：near/mid/deep=0/0/1，救回率=0.00%，pair效率=0.00%。
  - 耗时拆解：packing=0.86s，main_topup=0.00s，retry=0.00s，failed_pool=0.00s，repack=0.00s，total=0.86s。
正在处理托盘类型：MH423C，销售订单号：LAID16315EN01S__SPLITREST__
  - 该分组不适合列式（多非满柱）→ 回退 beam + 配方优先。
  - 配方优先[fast]：规划 0 实例，实装成功 0，配方路径不可用 → 采用基线方案。
  - 指数诊断：箱子 1 个，总指数 4，目标 192，理论最多达标托盘 0 个，剩余指数 4。
  - 几何诊断：典型整层堆叠单盘参考上限 4/192。 当前目标可能受托盘高度/箱型组合限制。
  - 几何诊断提示：典型整层参考值 4 < 目标 192；该值不是不可达证明，继续执行指数救援。
  - 失败托盘互借诊断：未合并（no_target_or_single_plan）。
托盘类型 MH423C（销售订单号：LAID16315EN01S__SPLITREST__）处理完成：总托盘 1，指数达标 0，未达标 1，平均缺口 188.00，最大缺口 188.00，失败托盘互借修复成功 0。
  - KPI：near/mid/deep=0/0/1，救回率=0.00%，pair效率=0.00%。
  - 耗时拆解：packing=0.00s，main_topup=0.00s，retry=0.00s，failed_pool=0.00s，repack=0.00s，total=0.00s。
正在处理托盘类型：MH423C，销售订单号：PAIN26310MZ05S
  - 主算法：全局列式装箱 + 柱级组合优化（GCP）。
  - 失败托盘互借诊断：未合并（no_target_or_single_plan）。
托盘类型 MH423C（销售订单号：PAIN26310MZ05S）处理完成：总托盘 1，指数达标 0，未达标 1，平均缺口 132.00，最大缺口 132.00，失败托盘互借修复成功 0。
  - KPI：near/mid/deep=0/0/1，救回率=0.00%，pair效率=0.00%。
  - 耗时拆解：packing=0.05s，main_topup=0.00s，retry=0.00s，failed_pool=0.00s，repack=0.00s，total=0.05s。
正在处理托盘类型：MH423C，销售订单号：PAIN26310MZ05S__SPLITREST__
  - 该分组不适合列式（多非满柱）→ 回退 beam + 配方优先。
  - 配方优先[fast]：规划 0 实例，实装成功 0，配方路径不可用 → 采用基线方案。
  - 指数诊断：箱子 1 个，总指数 2，目标 192，理论最多达标托盘 0 个，剩余指数 2。
  - 几何诊断：典型整层堆叠单盘参考上限 2/192。 当前目标可能受托盘高度/箱型组合限制。
  - 几何诊断提示：典型整层参考值 2 < 目标 192；该值不是不可达证明，继续执行指数救援。
  - 失败托盘互借诊断：未合并（no_target_or_single_plan）。
托盘类型 MH423C（销售订单号：PAIN26310MZ05S__SPLITREST__）处理完成：总托盘 1，指数达标 0，未达标 1，平均缺口 190.00，最大缺口 190.00，失败托盘互借修复成功 0。
  - KPI：near/mid/deep=0/0/1，救回率=0.00%，pair效率=0.00%。
  - 耗时拆解：packing=0.00s，main_topup=0.00s，retry=0.00s，failed_pool=0.00s，repack=0.00s，total=0.00s。
正在处理托盘类型：MH423C，销售订单号：LAID16315EN03S
  - 该分组不适合列式（多非满柱）→ 回退 beam + 配方优先。
  - 配方优先[fast]：规划 0 实例，实装成功 0，配方路径不可用 → 采用基线方案。
  - 指数诊断：箱子 21 个，总指数 45，目标 192，理论最多达标托盘 0 个，剩余指数 45。
  - 几何诊断：典型整层堆叠单盘参考上限 37/192。 当前目标可能受托盘高度/箱型组合限制。
  - 几何诊断提示：典型整层参考值 37 < 目标 192；该值不是不可达证明，继续执行指数救援。
  - 失败托盘互借诊断：未合并（no_target_or_single_plan）。
托盘类型 MH423C（销售订单号：LAID16315EN03S）处理完成：总托盘 1，指数达标 0，未达标 1，平均缺口 147.00，最大缺口 147.00，失败托盘互借修复成功 0。
  - KPI：near/mid/deep=0/0/1，救回率=0.00%，pair效率=0.00%。
  - 耗时拆解：packing=0.13s，main_topup=0.00s，retry=0.00s，failed_pool=0.00s，repack=0.00s，total=0.13s。
正在处理托盘类型：MH423C，销售订单号：PEG086300LN01S
  - 主算法：全局列式装箱 + 柱级组合优化（GCP）。
  - GCP 盘数远超理论（CP-SAT 装不满）→ 回退 baseline beam + 配方优先。
  - 配方优先[fast]：规划 0 实例，实装成功 0，配方路径不可用 → 采用基线方案。
  - 指数诊断：箱子 3 个，总指数 12，目标 192，理论最多达标托盘 0 个，剩余指数 12。
  - 几何诊断：典型整层堆叠单盘参考上限 12/192。 当前目标可能受托盘高度/箱型组合限制。
  - 几何诊断提示：典型整层参考值 12 < 目标 192；该值不是不可达证明，继续执行指数救援。
  - 失败托盘互借诊断：未合并（no_target_or_single_plan）。
托盘类型 MH423C（销售订单号：PEG086300LN01S）处理完成：总托盘 1，指数达标 0，未达标 1，平均缺口 180.00，最大缺口 180.00，失败托盘互借修复成功 0。
  - KPI：near/mid/deep=0/0/1，救回率=0.00%，pair效率=0.00%。
  - 耗时拆解：packing=0.00s，main_topup=0.00s，retry=0.00s，failed_pool=0.00s，repack=0.00s，total=0.01s。
正在处理托盘类型：MH423C，销售订单号：PEG086300LN01S__SPLITREST__
  - 该分组不适合列式（多非满柱）→ 回退 beam + 配方优先。
  - 配方优先[fast]：规划 0 实例，实装成功 0，配方路径不可用 → 采用基线方案。
  - 指数诊断：箱子 1 个，总指数 1，目标 192，理论最多达标托盘 0 个，剩余指数 1。
  - 几何诊断：典型整层堆叠单盘参考上限 1/192。 当前目标可能受托盘高度/箱型组合限制。
  - 几何诊断提示：典型整层参考值 1 < 目标 192；该值不是不可达证明，继续执行指数救援。
  - 失败托盘互借诊断：未合并（no_target_or_single_plan）。
托盘类型 MH423C（销售订单号：PEG086300LN01S__SPLITREST__）处理完成：总托盘 1，指数达标 0，未达标 1，平均缺口 191.00，最大缺口 191.00，失败托盘互借修复成功 0。
  - KPI：near/mid/deep=0/0/1，救回率=0.00%，pair效率=0.00%。
  - 耗时拆解：packing=0.00s，main_topup=0.00s，retry=0.00s，failed_pool=0.00s，repack=0.00s，total=0.00s。
正在处理托盘类型：MH423C，销售订单号：LAID16306DN03S
  - 该分组不适合列式（多非满柱）→ 回退 beam + 配方优先。
  - 配方优先[fast]：规划 0 实例，实装成功 0，配方路径不可用 → 采用基线方案。
  - 指数诊断：箱子 10 个，总指数 40，目标 192，理论最多达标托盘 0 个，剩余指数 40。
  - 几何诊断：典型整层堆叠单盘参考上限 36/192。 当前目标可能受托盘高度/箱型组合限制。
  - 几何诊断提示：典型整层参考值 36 < 目标 192；该值不是不可达证明，继续执行指数救援。
  - 失败托盘互借诊断：未合并（no_target_or_single_plan）。
托盘类型 MH423C（销售订单号：LAID16306DN03S）处理完成：总托盘 1，指数达标 0，未达标 1，平均缺口 152.00，最大缺口 152.00，失败托盘互借修复成功 0。
  - KPI：near/mid/deep=0/0/1，救回率=0.00%，pair效率=0.00%。
  - 耗时拆解：packing=0.03s，main_topup=0.00s，retry=0.00s，failed_pool=0.00s，repack=0.00s，total=0.03s。
正在处理托盘类型：MH423C，销售订单号：LFEG16310IN02S
  - 主算法：全局列式装箱 + 柱级组合优化（GCP）。
  - 失败托盘互借诊断：未合并（no_target_or_single_plan）。
托盘类型 MH423C（销售订单号：LFEG16310IN02S）处理完成：总托盘 1，指数达标 0，未达标 1，平均缺口 118.00，最大缺口 118.00，失败托盘互借修复成功 0。
  - KPI：near/mid/deep=0/0/1，救回率=0.00%，pair效率=0.00%。
  - 耗时拆解：packing=0.20s，main_topup=0.00s，retry=0.00s，failed_pool=0.00s，repack=0.00s，total=0.20s。
正在处理托盘类型：MH423C，销售订单号：LFEG16310IN02S__SPLITREST__
  - 该分组不适合列式（多非满柱）→ 回退 beam + 配方优先。
  - 配方优先[fast]：规划 0 实例，实装成功 0，配方路径不可用 → 采用基线方案。
  - 指数诊断：箱子 4 个，总指数 5，目标 192，理论最多达标托盘 0 个，剩余指数 5。
  - 几何诊断：典型整层堆叠单盘参考上限 5/192。 当前目标可能受托盘高度/箱型组合限制。
  - 几何诊断提示：典型整层参考值 5 < 目标 192；该值不是不可达证明，继续执行指数救援。
  - 失败托盘互借诊断：未合并（no_target_or_single_plan）。
托盘类型 MH423C（销售订单号：LFEG16310IN02S__SPLITREST__）处理完成：总托盘 1，指数达标 0，未达标 1，平均缺口 187.00，最大缺口 187.00，失败托盘互借修复成功 0。
  - KPI：near/mid/deep=0/0/1，救回率=0.00%，pair效率=0.00%。
  - 耗时拆解：packing=0.00s，main_topup=0.00s，retry=0.00s，failed_pool=0.00s，repack=0.00s，total=0.02s。
正在处理托盘类型：MH423C，销售订单号：LFEG16310IN01S
  - 该分组不适合列式（多非满柱）→ 回退 beam + 配方优先。
  - 配方优先[fast]：规划 0 实例，实装成功 0，配方路径不可用 → 采用基线方案。
  - 指数诊断：箱子 21 个，总指数 49，目标 192，理论最多达标托盘 0 个，剩余指数 49。
  - 几何诊断：典型整层堆叠单盘参考上限 43/192。 当前目标可能受托盘高度/箱型组合限制。
  - 几何诊断提示：典型整层参考值 43 < 目标 192；该值不是不可达证明，继续执行指数救援。
  - 失败托盘互借诊断：未合并（aborted_no_improvement_possible）。
托盘类型 MH423C（销售订单号：LFEG16310IN01S）处理完成：总托盘 2，指数达标 0，未达标 2，平均缺口 167.50，最大缺口 184.00，失败托盘互借修复成功 0。
  - KPI：near/mid/deep=0/0/2，救回率=0.00%，pair效率=0.00%。
  - 耗时拆解：packing=0.05s，main_topup=0.00s，retry=0.00s，failed_pool=0.00s，repack=0.24s，total=0.42s。
正在处理托盘类型：MH423C，销售订单号：LAID16316DN01S
  - 主算法：全局列式装箱 + 柱级组合优化（GCP）。
  - 失败托盘互借诊断：未合并（no_target_or_single_plan）。
托盘类型 MH423C（销售订单号：LAID16316DN01S）处理完成：总托盘 1，指数达标 0，未达标 1，平均缺口 20.00，最大缺口 20.00，失败托盘互借修复成功 0。
  - KPI：near/mid/deep=0/1/0，救回率=0.00%，pair效率=0.00%。
  - 耗时拆解：packing=0.51s，main_topup=0.00s，retry=0.00s，failed_pool=0.00s，repack=0.00s，total=0.51s。
正在处理托盘类型：MH423C，销售订单号：LAID16316DN01S__SPLITREST__
  - 该分组不适合列式（多非满柱）→ 回退 beam + 配方优先。
  - 配方优先[fast]：规划 0 实例，实装成功 0，配方路径不可用 → 采用基线方案。
  - 指数诊断：箱子 7 个，总指数 11，目标 192，理论最多达标托盘 0 个，剩余指数 11。
  - 几何诊断：典型整层堆叠单盘参考上限 11/192。 当前目标可能受托盘高度/箱型组合限制。
  - 几何诊断提示：典型整层参考值 11 < 目标 192；该值不是不可达证明，继续执行指数救援。
  - 失败托盘互借诊断：未合并（no_target_or_single_plan）。
托盘类型 MH423C（销售订单号：LAID16316DN01S__SPLITREST__）处理完成：总托盘 1，指数达标 0，未达标 1，平均缺口 181.00，最大缺口 181.00，失败托盘互借修复成功 0。
  - KPI：near/mid/deep=0/0/1，救回率=0.00%，pair效率=0.00%。
  - 耗时拆解：packing=0.01s，main_topup=0.00s，retry=0.00s，failed_pool=0.00s，repack=0.00s，total=0.03s。
正在处理托盘类型：MH423C，销售订单号：PEG166300LN01S
  - 主算法：全局列式装箱 + 柱级组合优化（GCP）。
  - 失败托盘互借诊断：未合并（no_target_or_single_plan）。
托盘类型 MH423C（销售订单号：PEG166300LN01S）处理完成：总托盘 1，指数达标 0，未达标 1，平均缺口 42.00，最大缺口 42.00，失败托盘互借修复成功 0。
  - KPI：near/mid/deep=0/0/1，救回率=0.00%，pair效率=0.00%。
  - 耗时拆解：packing=0.49s，main_topup=0.00s，retry=0.00s，failed_pool=0.00s，repack=0.00s，total=0.49s。
正在处理托盘类型：MH423C，销售订单号：LAID16315EN02S
  - 主算法：全局列式装箱 + 柱级组合优化（GCP）。
  - 失败托盘互借诊断：未合并（no_target_or_single_plan）。
托盘类型 MH423C（销售订单号：LAID16315EN02S）处理完成：总托盘 1，指数达标 0，未达标 1，平均缺口 40.00，最大缺口 40.00，失败托盘互借修复成功 0。
  - KPI：near/mid/deep=0/0/1，救回率=0.00%，pair效率=0.00%。
  - 耗时拆解：packing=0.07s，main_topup=0.00s，retry=0.00s，failed_pool=0.00s，repack=0.00s，total=0.07s。
正在处理托盘类型：MH423C，销售订单号：LAID16315EN02S__SPLITREST__
  - 该分组不适合列式（多非满柱）→ 回退 beam + 配方优先。
  - 配方优先[fast]：规划 0 实例，实装成功 0，配方路径不可用 → 采用基线方案。
  - 指数诊断：箱子 4 个，总指数 5，目标 192，理论最多达标托盘 0 个，剩余指数 5。
  - 几何诊断：典型整层堆叠单盘参考上限 5/192。 当前目标可能受托盘高度/箱型组合限制。
  - 几何诊断提示：典型整层参考值 5 < 目标 192；该值不是不可达证明，继续执行指数救援。
  - 失败托盘互借诊断：未合并（no_target_or_single_plan）。
托盘类型 MH423C（销售订单号：LAID16315EN02S__SPLITREST__）处理完成：总托盘 1，指数达标 0，未达标 1，平均缺口 187.00，最大缺口 187.00，失败托盘互借修复成功 0。
  - KPI：near/mid/deep=0/0/1，救回率=0.00%，pair效率=0.00%。
  - 耗时拆解：packing=0.00s，main_topup=0.00s，retry=0.00s，failed_pool=0.00s，repack=0.00s，total=0.02s。
正在处理托盘类型：MH423C，销售订单号：LFEG16316AN01S
  - 该分组不适合列式（多非满柱）→ 回退 beam + 配方优先。
  - 配方优先[fast]：规划 0 实例，实装成功 0，配方路径不可用 → 采用基线方案。
  - 指数诊断：箱子 10 个，总指数 58，目标 192，理论最多达标托盘 0 个，剩余指数 58。
  - 几何诊断：典型整层堆叠单盘参考上限 58/192。 当前目标可能受托盘高度/箱型组合限制。
  - 几何诊断提示：典型整层参考值 58 < 目标 192；该值不是不可达证明，继续执行指数救援。
  - 失败托盘互借诊断：未合并（no_target_or_single_plan）。
托盘类型 MH423C（销售订单号：LFEG16316AN01S）处理完成：总托盘 1，指数达标 0，未达标 1，平均缺口 134.00，最大缺口 134.00，失败托盘互借修复成功 0。
  - KPI：near/mid/deep=0/0/1，救回率=0.00%，pair效率=0.00%。
  - 耗时拆解：packing=0.03s，main_topup=0.00s，retry=0.00s，failed_pool=0.00s，repack=0.00s，total=0.03s。
正在处理托盘类型：MH423C，销售订单号：PAIN26310BC02S
  - 该分组不适合列式（多非满柱）→ 回退 beam + 配方优先。
  - 配方优先[fast]：规划 0 实例，实装成功 0，配方路径不可用 → 采用基线方案。
  - 指数诊断：箱子 10 个，总指数 54，目标 192，理论最多达标托盘 0 个，剩余指数 54。
  - 几何诊断：典型整层堆叠单盘参考上限 38/192。 当前目标可能受托盘高度/箱型组合限制。
  - 几何诊断提示：典型整层参考值 38 < 目标 192；该值不是不可达证明，继续执行指数救援。
  - 失败托盘互借诊断：未合并（no_target_or_single_plan）。
托盘类型 MH423C（销售订单号：PAIN26310BC02S）处理完成：总托盘 1，指数达标 0，未达标 1，平均缺口 138.00，最大缺口 138.00，失败托盘互借修复成功 0。
  - KPI：near/mid/deep=0/0/1，救回率=0.00%，pair效率=0.00%。
  - 耗时拆解：packing=0.04s，main_topup=0.00s，retry=0.00s，failed_pool=0.00s，repack=0.00s，total=0.04s。
正在处理托盘类型：MH423C，销售订单号：LFEG16310IN03S
  - 该分组不适合列式（多非满柱）→ 回退 beam + 配方优先。
  - 配方优先[fast]：规划 0 实例，实装成功 0，配方路径不可用 → 采用基线方案。
  - 指数诊断：箱子 47 个，总指数 88.5，目标 192，理论最多达标托盘 0 个，剩余指数 88.5。
  - 几何诊断：典型整层堆叠单盘参考上限 56/192。 当前目标可能受托盘高度/箱型组合限制。
  - 几何诊断提示：典型整层参考值 56 < 目标 192；该值不是不可达证明，继续执行指数救援。
  - 失败托盘互借诊断：未合并（aborted_no_improvement_possible）。
托盘类型 MH423C（销售订单号：LFEG16310IN03S）处理完成：总托盘 2，指数达标 0，未达标 2，平均缺口 147.75，最大缺口 184.00，失败托盘互借修复成功 0。
  - KPI：near/mid/deep=0/0/2，救回率=0.00%，pair效率=0.00%。
  - 耗时拆解：packing=0.26s，main_topup=0.01s，retry=0.00s，failed_pool=0.00s，repack=0.49s，total=1.43s。
正在处理托盘类型：MH423C，销售订单号：PAIN26316EC02S
  - 主算法：全局列式装箱 + 柱级组合优化（GCP）。
  - 失败托盘互借诊断：未合并（no_target_or_single_plan）。
托盘类型 MH423C（销售订单号：PAIN26316EC02S）处理完成：总托盘 1，指数达标 0，未达标 1，平均缺口 22.00，最大缺口 22.00，失败托盘互借修复成功 0。
  - KPI：near/mid/deep=0/1/0，救回率=0.00%，pair效率=0.00%。
  - 耗时拆解：packing=1.13s，main_topup=0.00s，retry=0.00s，failed_pool=0.00s，repack=0.00s，total=1.13s。
正在处理托盘类型：MH423C，销售订单号：PAIN26296EC02S
  - 主算法：全局列式装箱 + 柱级组合优化（GCP）。
  - 失败托盘互借诊断：未合并（no_target_or_single_plan）。
托盘类型 MH423C（销售订单号：PAIN26296EC02S）处理完成：总托盘 1，指数达标 0，未达标 1，平均缺口 54.00，最大缺口 54.00，失败托盘互借修复成功 0。
  - KPI：near/mid/deep=0/0/1，救回率=0.00%，pair效率=0.00%。
  - 耗时拆解：packing=1.10s，main_topup=0.00s，retry=0.00s，failed_pool=0.00s，repack=0.00s，total=1.10s。
正在处理托盘类型：MH423C，销售订单号：LFEG16300IN02S
  - 该分组不适合列式（多非满柱）→ 回退 beam + 配方优先。
  - 配方优先[fast]：规划 0 实例，实装成功 0，配方路径不可用 → 采用基线方案。
  - 指数诊断：箱子 10 个，总指数 19，目标 192，理论最多达标托盘 0 个，剩余指数 19。
  - 几何诊断：典型整层堆叠单盘参考上限 19/192。 当前目标可能受托盘高度/箱型组合限制。
  - 几何诊断提示：典型整层参考值 19 < 目标 192；该值不是不可达证明，继续执行指数救援。
  - 失败托盘互借诊断：未合并（no_target_or_single_plan）。
托盘类型 MH423C（销售订单号：LFEG16300IN02S）处理完成：总托盘 1，指数达标 0，未达标 1，平均缺口 173.00，最大缺口 173.00，失败托盘互借修复成功 0。
  - KPI：near/mid/deep=0/0/1，救回率=0.00%，pair效率=0.00%。
  - 耗时拆解：packing=0.01s，main_topup=0.00s，retry=0.00s，failed_pool=0.00s，repack=0.00s，total=0.06s。
正在处理托盘类型：MH423C，销售订单号：PAIN26310BN01S
  - 主算法：全局列式装箱 + 柱级组合优化（GCP）。
  - GCP 盘数远超理论（CP-SAT 装不满）→ 回退 baseline beam + 配方优先。
  - 配方优先[fast]：规划 0 实例，实装成功 0，配方路径不可用 → 采用基线方案。
  - 指数诊断：箱子 52 个，总指数 136，目标 192，理论最多达标托盘 0 个，剩余指数 136。
  - 几何诊断：典型整层堆叠单盘参考上限 130/192。 当前目标可能受托盘高度/箱型组合限制。
  - 几何诊断提示：典型整层参考值 130 < 目标 192；该值不是不可达证明，继续执行指数救援。
  - 失败托盘互借诊断：未合并（no_target_or_single_plan）。
托盘类型 MH423C（销售订单号：PAIN26310BN01S）处理完成：总托盘 1，指数达标 0，未达标 1，平均缺口 56.00，最大缺口 56.00，失败托盘互借修复成功 0。
  - KPI：near/mid/deep=0/0/1，救回率=0.00%，pair效率=0.00%。
  - 耗时拆解：packing=1.39s，main_topup=0.00s，retry=0.00s，failed_pool=0.00s，repack=0.00s，total=2.29s。
正在处理托盘类型：MH423C，销售订单号：PAIN26310GN01S
  - 主算法：全局列式装箱 + 柱级组合优化（GCP）。
  - 失败托盘互借诊断：未合并（no_target_or_single_plan）。
托盘类型 MH423C（销售订单号：PAIN26310GN01S）处理完成：总托盘 1，指数达标 0，未达标 1，平均缺口 42.00，最大缺口 42.00，失败托盘互借修复成功 0。
  - KPI：near/mid/deep=0/0/1，救回率=0.00%，pair效率=0.00%。
  - 耗时拆解：packing=1.82s，main_topup=0.00s，retry=0.00s，failed_pool=0.00s，repack=0.00s，total=1.82s。
正在处理托盘类型：MH423C，销售订单号：PAIN26310GN01S__SPLITREST__
  - 该分组不适合列式（多非满柱）→ 回退 beam + 配方优先。
  - 配方优先[fast]：规划 0 实例，实装成功 0，配方路径不可用 → 采用基线方案。
  - 指数诊断：箱子 3 个，总指数 3，目标 192，理论最多达标托盘 0 个，剩余指数 3。
  - 几何诊断：典型整层堆叠单盘参考上限 3/192。 当前目标可能受托盘高度/箱型组合限制。
  - 几何诊断提示：典型整层参考值 3 < 目标 192；该值不是不可达证明，继续执行指数救援。
  - 失败托盘互借诊断：未合并（no_target_or_single_plan）。
托盘类型 MH423C（销售订单号：PAIN26310GN01S__SPLITREST__）处理完成：总托盘 1，指数达标 0，未达标 1，平均缺口 189.00，最大缺口 189.00，失败托盘互借修复成功 0。
  - KPI：near/mid/deep=0/0/1，救回率=0.00%，pair效率=0.00%。
  - 耗时拆解：packing=0.00s，main_topup=0.00s，retry=0.00s，failed_pool=0.00s，repack=0.00s，total=0.01s。
正在处理托盘类型：MH423C，销售订单号：PAID16315AN01S
  - 该分组不适合列式（多非满柱）→ 回退 beam + 配方优先。
  - 配方优先[fast]：规划 0 实例，实装成功 0，配方路径不可用 → 采用基线方案。
  - 指数诊断：箱子 1 个，总指数 1，目标 192，理论最多达标托盘 0 个，剩余指数 1。
  - 几何诊断：典型整层堆叠单盘参考上限 1/192。 当前目标可能受托盘高度/箱型组合限制。
  - 几何诊断提示：典型整层参考值 1 < 目标 192；该值不是不可达证明，继续执行指数救援。
  - 失败托盘互借诊断：未合并（no_target_or_single_plan）。
托盘类型 MH423C（销售订单号：PAID16315AN01S）处理完成：总托盘 1，指数达标 0，未达标 1，平均缺口 191.00，最大缺口 191.00，失败托盘互借修复成功 0。
  - KPI：near/mid/deep=0/0/1，救回率=0.00%，pair效率=0.00%。
  - 耗时拆解：packing=0.00s，main_topup=0.00s，retry=0.00s，failed_pool=0.00s，repack=0.00s，total=0.00s。
正在处理托盘类型：MH423C，销售订单号：LAID16316DN02S
  - 主算法：全局列式装箱 + 柱级组合优化（GCP）。
  - 失败托盘互借诊断：未合并（aborted_no_improvement_possible）。
托盘类型 MH423C（销售订单号：LAID16316DN02S）处理完成：总托盘 2，指数达标 0，未达标 2，平均缺口 98.00，最大缺口 190.00，失败托盘互借修复成功 0。
  - KPI：near/mid/deep=1/0/1，救回率=0.00%，pair效率=0.00%。
  - 耗时拆解：packing=0.61s，main_topup=0.00s，retry=0.00s，failed_pool=0.00s，repack=0.77s，total=1.38s。
正在处理托盘类型：MH423C，销售订单号：LAID16316DN02S__SPLITREST__
  - 该分组不适合列式（多非满柱）→ 回退 beam + 配方优先。
  - 配方优先[fast]：规划 0 实例，实装成功 0，配方路径不可用 → 采用基线方案。
  - 指数诊断：箱子 3 个，总指数 3，目标 192，理论最多达标托盘 0 个，剩余指数 3。
  - 几何诊断：典型整层堆叠单盘参考上限 3/192。 当前目标可能受托盘高度/箱型组合限制。
  - 几何诊断提示：典型整层参考值 3 < 目标 192；该值不是不可达证明，继续执行指数救援。
  - 失败托盘互借诊断：未合并（no_target_or_single_plan）。
托盘类型 MH423C（销售订单号：LAID16316DN02S__SPLITREST__）处理完成：总托盘 1，指数达标 0，未达标 1，平均缺口 189.00，最大缺口 189.00，失败托盘互借修复成功 0。
  - KPI：near/mid/deep=0/0/1，救回率=0.00%，pair效率=0.00%。
  - 耗时拆解：packing=0.00s，main_topup=0.00s，retry=0.00s，failed_pool=0.00s，repack=0.00s，total=0.01s。
正在处理托盘类型：MH423C，销售订单号：PAIN26266EC02S
  - 主算法：全局列式装箱 + 柱级组合优化（GCP）。
  - 失败托盘互借诊断：未合并（no_target_or_single_plan）。
托盘类型 MH423C（销售订单号：PAIN26266EC02S）处理完成：总托盘 1，指数达标 0，未达标 1，平均缺口 140.00，最大缺口 140.00，失败托盘互借修复成功 0。
  - KPI：near/mid/deep=0/0/1，救回率=0.00%，pair效率=0.00%。
  - 耗时拆解：packing=0.14s，main_topup=0.00s，retry=0.00s，failed_pool=0.00s，repack=0.00s，total=0.14s。
正在处理托盘类型：MH423C，销售订单号：LAID16316DN03S
  - 主算法：全局列式装箱 + 柱级组合优化（GCP）。
  - 失败托盘互借诊断：未合并（no_target_or_single_plan）。
托盘类型 MH423C（销售订单号：LAID16316DN03S）处理完成：总托盘 1，指数达标 0，未达标 1，平均缺口 114.00，最大缺口 114.00，失败托盘互借修复成功 0。
  - KPI：near/mid/deep=0/0/1，救回率=0.00%，pair效率=0.00%。
  - 耗时拆解：packing=0.19s，main_topup=0.00s，retry=0.00s，failed_pool=0.00s，repack=0.00s，total=0.19s。
正在处理托盘类型：MH423C，销售订单号：LAID16316DN03S__SPLITREST__
  - 该分组不适合列式（多非满柱）→ 回退 beam + 配方优先。
  - 配方优先[fast]：规划 0 实例，实装成功 0，配方路径不可用 → 采用基线方案。
  - 指数诊断：箱子 3 个，总指数 14，目标 192，理论最多达标托盘 0 个，剩余指数 14。
  - 几何诊断：典型整层堆叠单盘参考上限 14/192。 当前目标可能受托盘高度/箱型组合限制。
  - 几何诊断提示：典型整层参考值 14 < 目标 192；该值不是不可达证明，继续执行指数救援。
  - 失败托盘互借诊断：未合并（no_target_or_single_plan）。
托盘类型 MH423C（销售订单号：LAID16316DN03S__SPLITREST__）处理完成：总托盘 1，指数达标 0，未达标 1，平均缺口 178.00，最大缺口 178.00，失败托盘互借修复成功 0。
  - KPI：near/mid/deep=0/0/1，救回率=0.00%，pair效率=0.00%。
  - 耗时拆解：packing=0.00s，main_topup=0.00s，retry=0.00s，failed_pool=0.00s，repack=0.00s，total=0.01s。
正在处理托盘类型：MH423C，销售订单号：PAIN26310MN06S
  - 主算法：全局列式装箱 + 柱级组合优化（GCP）。
  - 失败托盘互借诊断：未合并（no_target_or_single_plan）。
托盘类型 MH423C（销售订单号：PAIN26310MN06S）处理完成：总托盘 1，指数达标 0，未达标 1，平均缺口 60.00，最大缺口 60.00，失败托盘互借修复成功 0。
  - KPI：near/mid/deep=0/0/1，救回率=0.00%，pair效率=0.00%。
  - 耗时拆解：packing=0.18s，main_topup=0.00s，retry=0.00s，failed_pool=0.00s，repack=0.00s，total=0.18s。
正在处理托盘类型：MH423C，销售订单号：PAIN26266EN01S
  - 主算法：全局列式装箱 + 柱级组合优化（GCP）。
  - 失败托盘互借诊断：未合并（no_target_or_single_plan）。
托盘类型 MH423C（销售订单号：PAIN26266EN01S）处理完成：总托盘 1，指数达标 0，未达标 1，平均缺口 162.00，最大缺口 162.00，失败托盘互借修复成功 0。
  - KPI：near/mid/deep=0/0/1，救回率=0.00%，pair效率=0.00%。
  - 耗时拆解：packing=0.16s，main_topup=0.00s，retry=0.00s，failed_pool=0.00s，repack=0.00s，total=0.16s。
正在处理托盘类型：MH423C，销售订单号：LFEG16316AN02S
  - 该分组不适合列式（多非满柱）→ 回退 beam + 配方优先。
  - 配方优先[fast]：规划 0 实例，实装成功 0，配方路径不可用 → 采用基线方案。
  - 指数诊断：箱子 15 个，总指数 105，目标 192，理论最多达标托盘 0 个，剩余指数 105。
  - 几何诊断：典型整层堆叠单盘参考上限 65/192。 当前目标可能受托盘高度/箱型组合限制。
  - 几何诊断提示：典型整层参考值 65 < 目标 192；该值不是不可达证明，继续执行指数救援。
  - 失败托盘互借诊断：未合并（no_target_or_single_plan）。
托盘类型 MH423C（销售订单号：LFEG16316AN02S）处理完成：总托盘 1，指数达标 0，未达标 1，平均缺口 87.00，最大缺口 87.00，失败托盘互借修复成功 0。
  - KPI：near/mid/deep=0/0/1，救回率=0.00%，pair效率=0.00%。
  - 耗时拆解：packing=0.08s，main_topup=0.00s，retry=0.00s，failed_pool=0.00s，repack=0.00s，total=0.08s。
正在处理托盘类型：MH423C，销售订单号：LAID16294AN01S
  - 主算法：全局列式装箱 + 柱级组合优化（GCP）。
  - 失败托盘互借诊断：未合并（no_target_or_single_plan）。
托盘类型 MH423C（销售订单号：LAID16294AN01S）处理完成：总托盘 1，指数达标 0，未达标 1，平均缺口 144.00，最大缺口 144.00，失败托盘互借修复成功 0。
  - KPI：near/mid/deep=0/0/1，救回率=0.00%，pair效率=0.00%。
  - 耗时拆解：packing=0.03s，main_topup=0.00s，retry=0.00s，failed_pool=0.00s，repack=0.00s，total=0.03s。
正在处理托盘类型：MH423C，销售订单号：PAIN26310GC02S
  - 主算法：全局列式装箱 + 柱级组合优化（GCP）。
  - 失败托盘互借诊断：未合并（no_target_or_single_plan）。
托盘类型 MH423C（销售订单号：PAIN26310GC02S）处理完成：总托盘 1，指数达标 0，未达标 1，平均缺口 100.00，最大缺口 100.00，失败托盘互借修复成功 0。
  - KPI：near/mid/deep=0/0/1，救回率=0.00%，pair效率=0.00%。
  - 耗时拆解：packing=0.04s，main_topup=0.00s，retry=0.00s，failed_pool=0.00s，repack=0.00s，total=0.04s。
正在处理托盘类型：MH423C，销售订单号：PAIN26290MN02S
  - 主算法：全局列式装箱 + 柱级组合优化（GCP）。
  - 失败托盘互借诊断：未合并（no_target_or_single_plan）。
托盘类型 MH423C（销售订单号：PAIN26290MN02S）处理完成：总托盘 1，指数达标 0，未达标 1，平均缺口 84.00，最大缺口 84.00，失败托盘互借修复成功 0。
  - KPI：near/mid/deep=0/0/1，救回率=0.00%，pair效率=0.00%。
  - 耗时拆解：packing=0.26s，main_topup=0.00s，retry=0.00s，failed_pool=0.00s，repack=0.00s，total=0.26s。
正在处理托盘类型：MH423C，销售订单号：PAID163108N01S
  - 主算法：全局列式装箱 + 柱级组合优化（GCP）。
  - 失败托盘互借诊断：未合并（no_target_or_single_plan）。
托盘类型 MH423C（销售订单号：PAID163108N01S）处理完成：总托盘 1，指数达标 0，未达标 1，平均缺口 122.00，最大缺口 122.00，失败托盘互借修复成功 0。
  - KPI：near/mid/deep=0/0/1，救回率=0.00%，pair效率=0.00%。
  - 耗时拆解：packing=0.23s，main_topup=0.00s，retry=0.00s，failed_pool=0.00s，repack=0.00s，total=0.23s。
正在处理托盘类型：MH423C，销售订单号：PAID16315BN01S
  - 主算法：全局列式装箱 + 柱级组合优化（GCP）。
  - 失败托盘互借诊断：未合并（no_target_or_single_plan）。
托盘类型 MH423C（销售订单号：PAID16315BN01S）处理完成：总托盘 1，指数达标 0，未达标 1，平均缺口 170.00，最大缺口 170.00，失败托盘互借修复成功 0。
  - KPI：near/mid/deep=0/0/1，救回率=0.00%，pair效率=0.00%。
  - 耗时拆解：packing=0.03s，main_topup=0.00s，retry=0.00s，failed_pool=0.00s，repack=0.00s，total=0.03s。
正在处理托盘类型：MH423C，销售订单号：PAIN26310MN01S
  - 主算法：全局列式装箱 + 柱级组合优化（GCP）。
  - 失败托盘互借诊断：未合并（aborted_no_improvement_possible）。
托盘类型 MH423C（销售订单号：PAIN26310MN01S）处理完成：总托盘 2，指数达标 0，未达标 2，平均缺口 101.00，最大缺口 164.00，失败托盘互借修复成功 0。
  - KPI：near/mid/deep=0/0/2，救回率=0.00%，pair效率=0.00%。
  - 耗时拆解：packing=2.39s，main_topup=0.00s，retry=0.00s，failed_pool=0.00s，repack=1.87s，total=4.26s。
正在处理托盘类型：MH423C，销售订单号：PAID163108N03S
  - 该分组不适合列式（多非满柱）→ 回退 beam + 配方优先。
  - 配方优先[fast]：规划 0 实例，实装成功 0，配方路径不可用 → 采用基线方案。
  - 指数诊断：箱子 1 个，总指数 2，目标 192，理论最多达标托盘 0 个，剩余指数 2。
  - 几何诊断：典型整层堆叠单盘参考上限 2/192。 当前目标可能受托盘高度/箱型组合限制。
  - 几何诊断提示：典型整层参考值 2 < 目标 192；该值不是不可达证明，继续执行指数救援。
  - 失败托盘互借诊断：未合并（no_target_or_single_plan）。
托盘类型 MH423C（销售订单号：PAID163108N03S）处理完成：总托盘 1，指数达标 0，未达标 1，平均缺口 190.00，最大缺口 190.00，失败托盘互借修复成功 0。
  - KPI：near/mid/deep=0/0/1，救回率=0.00%，pair效率=0.00%。
  - 耗时拆解：packing=0.00s，main_topup=0.00s，retry=0.00s，failed_pool=0.00s，repack=0.00s，total=0.00s。
正在处理托盘类型：MH423C，销售订单号：PAID16300FN01S
  - 该分组不适合列式（多非满柱）→ 回退 beam + 配方优先。
  - 配方优先[fast]：规划 0 实例，实装成功 0，配方路径不可用 → 采用基线方案。
  - 指数诊断：箱子 1 个，总指数 4，目标 192，理论最多达标托盘 0 个，剩余指数 4。
  - 几何诊断：典型整层堆叠单盘参考上限 4/192。 当前目标可能受托盘高度/箱型组合限制。
  - 几何诊断提示：典型整层参考值 4 < 目标 192；该值不是不可达证明，继续执行指数救援。
  - 失败托盘互借诊断：未合并（no_target_or_single_plan）。
托盘类型 MH423C（销售订单号：PAID16300FN01S）处理完成：总托盘 1，指数达标 0，未达标 1，平均缺口 188.00，最大缺口 188.00，失败托盘互借修复成功 0。
  - KPI：near/mid/deep=0/0/1，救回率=0.00%，pair效率=0.00%。
  - 耗时拆解：packing=0.00s，main_topup=0.00s，retry=0.00s，failed_pool=0.00s，repack=0.00s，total=0.00s。
正在处理托盘类型：MH423C，销售订单号：PAIN26316EN01S
  - 主算法：全局列式装箱 + 柱级组合优化（GCP）。
  - 失败托盘互借诊断：未合并（no_target_or_single_plan）。
托盘类型 MH423C（销售订单号：PAIN26316EN01S）处理完成：总托盘 1，指数达标 0，未达标 1，平均缺口 156.00，最大缺口 156.00，失败托盘互借修复成功 0。
  - KPI：near/mid/deep=0/0/1，救回率=0.00%，pair效率=0.00%。
  - 耗时拆解：packing=0.01s，main_topup=0.00s，retry=0.00s，failed_pool=0.00s，repack=0.00s，total=0.01s。
============================================================
[WCS-拉] 20260729_121425：拉取接口 1 …
[WCS-拉] 原始响应已保存：D:\research_code\final\zhuang\packing-workspace\input\raw\20260729_121425.json
[WCS-拉] 已剔除 case_type≠MH423C 的品类 54 条（类型：['WR246']），保留 1495 条。
[WCS-DB] wcs_stock_box product_code 集合未变（1495 个），跳过替换
[WCS-拉] wcs_stock_box 与本次立库 product_code 一致（候选 1495），不替换、不触发装箱。
[WCS-DB] wcs_stock_box_all product_code 已存在、跳过 1495 条
[WCS-拉] wcs_stock_box_all 追加：新插入 0，跳过已有 1495（历史不删）。
[WCS-拉] 库存无变化 → need_repack 不变。
  - 失败盘装满压实：合并/吸收 1 次（纯减盘数）。
  - 跨子组装满压实（MH423C / PAID16306DN01S）：合并 1 次（纯减盘数）。
  - 跨子组条件双路径（MH423C / LAID16305BN01S）：采用严格更优完整路径。
  - 失败盘装满压实：合并/吸收 1 次（纯减盘数）。
  - 跨子组装满压实（MH423C / LAID16306DN02S）：合并 1 次（纯减盘数）。
  - 失败盘装满压实：合并/吸收 1 次（纯减盘数）。
  - 跨子组装满压实（MH423C / LAID16315EN01S）：合并 1 次（纯减盘数）。
  - 失败盘装满压实：合并/吸收 1 次（纯减盘数）。
  - 跨子组装满压实（MH423C / PAIN26310MZ05S）：合并 1 次（纯减盘数）。
  - 失败盘装满压实：合并/吸收 1 次（纯减盘数）。
  - 跨子组装满压实（MH423C / PEG086300LN01S）：合并 1 次（纯减盘数）。
  - 失败盘装满压实：合并/吸收 1 次（纯减盘数）。
  - 跨子组装满压实（MH423C / LAID16316DN02S）：合并 1 次（纯减盘数）。
  - 失败盘装满压实：合并/吸收 1 次（纯减盘数）。
  - 跨子组装满压实（MH423C / LAID16316DN03S）：合并 1 次（纯减盘数）。
========================================
统计汇总：总托盘 59，指数达标 0，未达标 59，未知 0，平均缺口 120.39，最大缺口 191.50，失败托盘互借修复成功 0
KPI汇总：near/mid/deep=1/5/53，pair尝试=0，pair改进=0，pair效率=0.00%
耗时汇总：packing=74.80s，main_topup=0.02s，retry=0.00s，repack=8.44s，end_to_end=239.20s
========================================
[WCS-装] 装箱异常：输出质量门禁失败：zero_dimension_boxes=['WCS-1379-YZX507-0000', 'WCS-1381-YZX507-0000', 'WCS-1380-YZX507-0000', 'WCS-1382-YZX507-0000']
[WCS-装] 算完后 need_repack=False → 继续等待。
[WCS-装] 等待 need_repack（立库相对库表有变化才开算）…
[UI] 接口装箱服务已停止。
