[LOG] 后端日志文件：D:\research_code\final\zhuang\packing-workspace\runtime\packing-realtime\logs\backend_20260727_143710.log
[LOG] 接口模式：每 200 秒拉取并计算，直到手动停止。
[CMD] D:\research_code\zhuang-ui-m\.venvs\packing-realtime\python.exe D:\research_code\final\zhuang\packing-system\packing\run_wcs_service.py --config D:\research_code\final\zhuang\packing-workspace\runtime\packing-realtime\temp\ui_config_api_20260727_143710.yaml --run-mode continuous
[WCS] 已加载 BMS 参考表：D:\research_code\final\zhuang\packing-workspace\data\selected_5000_boxes_9_1_concentrated_3orders.xlsx
============================================================
WCS 接口装箱服务（DB 模式）
  接口模式：真实 WCS（use_real_api=True）
  接口地址：http://10.222.10.1:8092
  接口1：http://10.222.10.1:8092/api/wcs/reqstockinfo
  接口2：http://10.222.10.1:8092/api/wcs/sendpalletplanresult
  拉取间隔：200 秒（仅拉取）
  原始 JSON：D:\research_code\final\zhuang\packing-workspace\input\raw
  数据库：localhost:3306/zhuangdb 表 wcs_stock_box（当前） / wcs_stock_box_all（历史）
  BMS 参考：D:\research_code\final\zhuang\packing-workspace\data\selected_5000_boxes_9_1_concentrated_3orders.xlsx
  输出目录：D:\research_code\final\zhuang\packing-workspace\output
  触发：wcs_stock_box 的 product_code 集合相对立库有变化才全量替换并开算；装箱用当前全表；算完再读 need_repack；历史表只追加
  约束配置：D:\research_code\final\zhuang\packing-workspace\runtime\packing-realtime\temp\ui_config_api_20260727_143710.yaml
  按 Ctrl+C 或由 UI 停止按钮结束进程
============================================================
============================================================
[WCS-拉] 20260727_143714：拉取接口 1 …
[WCS-装] 等待 need_repack（立库相对库表有变化才开算）…
[WCS-拉] 原始响应已保存：D:\research_code\final\zhuang\packing-workspace\input\raw\20260727_143714.json
[WCS-拉] 已剔除 case_type≠MH423C 的品类 51 条（类型：['WR246']），保留 2079 条。
[WCS-DB] wcs_stock_box 已全量替换：清空 1793 → 插入 2079
[WCS-拉] wcs_stock_box 已全量替换：删 1793，插 2079。
[WCS-DB] wcs_stock_box_all product_code 已存在、跳过 1793 条
[WCS-拉] wcs_stock_box_all 追加：新插入 286，跳过已有 1793（历史不删）。
[WCS-拉] 库存有变化 → need_repack=True，唤醒装箱。
[WCS] 已加载 BMS 参考表：D:\research_code\final\zhuang\packing-workspace\data\selected_5000_boxes_9_1_concentrated_3orders.xlsx
============================================================
[WCS-装] 20260727_143717：库存行 2079 条，开始装箱 …
[WCS-装] 展开为 2079 个箱子。
load D:\research_code\zhuang-ui-m\.venvs\packing-realtime\Lib\site-packages\ortools\.libs\zlib1.dll...
load D:\research_code\zhuang-ui-m\.venvs\packing-realtime\Lib\site-packages\ortools\.libs\abseil_dll.dll...
load D:\research_code\zhuang-ui-m\.venvs\packing-realtime\Lib\site-packages\ortools\.libs\utf8_validity.dll...
load D:\research_code\zhuang-ui-m\.venvs\packing-realtime\Lib\site-packages\ortools\.libs\re2.dll...
load D:\research_code\zhuang-ui-m\.venvs\packing-realtime\Lib\site-packages\ortools\.libs\libprotobuf.dll...
load D:\research_code\zhuang-ui-m\.venvs\packing-realtime\Lib\site-packages\ortools\.libs\highs.dll...
load D:\research_code\zhuang-ui-m\.venvs\packing-realtime\Lib\site-packages\ortools\.libs\ortools.dll...
数据预处理和箱子分组完成（按托盘类型+销售订单号）。
----------------------------------------
  - 组内子聚类：18 个混合订单拆出规则子集走 GCP、杂箱走 baseline。
正在处理托盘类型：MH423C，销售订单号：LAID16306DN01S
  - 主算法：全局列式装箱 + 柱级组合优化（GCP）。
  - 失败托盘互借诊断：未合并（aborted_no_improvement_possible）。
托盘类型 MH423C（销售订单号：LAID16306DN01S）处理完成：总托盘 2，指数达标 0，未达标 2，平均缺口 82.25，最大缺口 144.50，失败托盘互借修复成功 0。
  - KPI：near/mid/deep=0/1/1，救回率=0.00%，pair效率=0.00%。
  - 耗时拆解：packing=54.41s，main_topup=0.00s，retry=0.00s，failed_pool=0.00s，repack=2.72s，total=57.12s。
  - 条件双路径棘轮：替代完整路径未严格改善，保留 GCP。
正在处理托盘类型：MH423C，销售订单号：LFEG16310IN02S
  - 主算法：全局列式装箱 + 柱级组合优化（GCP）。
  - 失败托盘互借诊断：未合并（no_target_or_single_plan）。
托盘类型 MH423C（销售订单号：LFEG16310IN02S）处理完成：总托盘 1，指数达标 0，未达标 1，平均缺口 77.00，最大缺口 77.00，失败托盘互借修复成功 0。
  - KPI：near/mid/deep=0/0/1，救回率=0.00%，pair效率=0.00%。
  - 耗时拆解：packing=1.24s，main_topup=0.00s，retry=0.00s，failed_pool=0.00s，repack=0.00s，total=1.24s。
正在处理托盘类型：MH423C，销售订单号：LFEG16310IN02S__SPLITREST__
  - 该分组不适合列式（多非满柱）→ 回退 beam + 配方优先。
  - 托盘 MH423C-LFEG16310IN02S__SPLITREST__-1 未找到可行装箱方案，启用剩余箱子守恒兜底。
  - 配方优先[fast]：规划 0 实例，实装成功 0，配方路径不可用 → 采用基线方案。
  - 指数诊断：箱子 5 个，总指数 7，目标 192，理论最多达标托盘 0 个，剩余指数 7。
  - 几何诊断：典型整层堆叠单盘参考上限 7/192。 当前目标可能受托盘高度/箱型组合限制。
  - 几何诊断提示：典型整层参考值 7 < 目标 192；该值不是不可达证明，继续执行指数救援。
  - 失败盘装满压实：合并/吸收 1 次（纯减盘数）。
  - 失败托盘互借诊断：未合并（aborted_no_improvement_possible）。
托盘类型 MH423C（销售订单号：LFEG16310IN02S__SPLITREST__）处理完成：总托盘 2，指数达标 0，未达标 2，平均缺口 188.50，最大缺口 189.00，失败托盘互借修复成功 0。
  - KPI：near/mid/deep=0/0/2，救回率=0.00%，pair效率=0.00%。
  - 耗时拆解：packing=0.01s，main_topup=0.00s，retry=0.00s，failed_pool=0.00s，repack=0.05s，total=0.09s。
正在处理托盘类型：MH423C，销售订单号：LAMY16315FN01S
  - 该分组不适合列式（多非满柱）→ 回退 beam + 配方优先。
  - 配方优先[fast]：规划 0 实例，实装成功 0，配方路径不可用 → 采用基线方案。
  - 指数诊断：箱子 25 个，总指数 91.5，目标 192，理论最多达标托盘 0 个，剩余指数 91.5。
  - 几何诊断：典型整层堆叠单盘参考上限 78/192。 当前目标可能受托盘高度/箱型组合限制。
  - 几何诊断提示：典型整层参考值 78 < 目标 192；该值不是不可达证明，继续执行指数救援。
  - 失败托盘互借诊断：未合并（no_target_or_single_plan）。
托盘类型 MH423C（销售订单号：LAMY16315FN01S）处理完成：总托盘 1，指数达标 0，未达标 1，平均缺口 100.50，最大缺口 100.50，失败托盘互借修复成功 0。
  - KPI：near/mid/deep=0/0/1，救回率=0.00%，pair效率=0.00%。
  - 耗时拆解：packing=0.28s，main_topup=0.00s，retry=0.00s，failed_pool=0.00s，repack=0.00s，total=0.28s。
正在处理托盘类型：MH423C，销售订单号：LAID16305BN02S
  - 主算法：全局列式装箱 + 柱级组合优化（GCP）。
  - 失败托盘互借诊断：未合并（no_target_or_single_plan）。
托盘类型 MH423C（销售订单号：LAID16305BN02S）处理完成：总托盘 1，指数达标 0，未达标 1，平均缺口 73.00，最大缺口 73.00，失败托盘互借修复成功 0。
  - KPI：near/mid/deep=0/0/1，救回率=0.00%，pair效率=0.00%。
  - 耗时拆解：packing=1.48s，main_topup=0.00s，retry=0.00s，failed_pool=0.00s，repack=0.00s，total=1.48s。
正在处理托盘类型：MH423C，销售订单号：PAID16296DN01S
  - 主算法：全局列式装箱 + 柱级组合优化（GCP）。
  - 失败托盘互借诊断：未合并（no_target_or_single_plan）。
托盘类型 MH423C（销售订单号：PAID16296DN01S）处理完成：总托盘 1，指数达标 0，未达标 1，平均缺口 132.50，最大缺口 132.50，失败托盘互借修复成功 0。
  - KPI：near/mid/deep=0/0/1，救回率=0.00%，pair效率=0.00%。
  - 耗时拆解：packing=1.54s，main_topup=0.00s，retry=0.00s，failed_pool=0.00s，repack=0.00s，total=1.54s。
正在处理托盘类型：MH423C，销售订单号：PAID16296DN01S__SPLITREST__
  - 该分组不适合列式（多非满柱）→ 回退 beam + 配方优先。
  - 配方优先[fast]：规划 0 实例，实装成功 0，配方路径不可用 → 采用基线方案。
  - 指数诊断：箱子 3 个，总指数 6，目标 192，理论最多达标托盘 0 个，剩余指数 6。
  - 几何诊断：典型整层堆叠单盘参考上限 6/192。 当前目标可能受托盘高度/箱型组合限制。
  - 几何诊断提示：典型整层参考值 6 < 目标 192；该值不是不可达证明，继续执行指数救援。
  - 失败托盘互借诊断：未合并（no_target_or_single_plan）。
托盘类型 MH423C（销售订单号：PAID16296DN01S__SPLITREST__）处理完成：总托盘 1，指数达标 0，未达标 1，平均缺口 186.00，最大缺口 186.00，失败托盘互借修复成功 0。
  - KPI：near/mid/deep=0/0/1，救回率=0.00%，pair效率=0.00%。
  - 耗时拆解：packing=0.00s，main_topup=0.00s，retry=0.00s，failed_pool=0.00s，repack=0.00s，total=0.01s。
正在处理托盘类型：MH423C，销售订单号：LAID16305EN01S
  - 主算法：全局列式装箱 + 柱级组合优化（GCP）。
  - 失败托盘互借诊断：未合并（not_better）。
托盘类型 MH423C（销售订单号：LAID16305EN01S）处理完成：总托盘 2，指数达标 0，未达标 2，平均缺口 105.00，最大缺口 172.00，失败托盘互借修复成功 0。
  - KPI：near/mid/deep=0/0/2，救回率=0.00%，pair效率=0.00%。
  - 耗时拆解：packing=0.77s，main_topup=0.00s，retry=0.00s，failed_pool=0.00s，repack=0.41s，total=1.18s。
正在处理托盘类型：MH423C，销售订单号：LAID16305EN01S__SPLITREST__
  - 该分组不适合列式（多非满柱）→ 回退 beam + 配方优先。
  - 配方优先[fast]：规划 0 实例，实装成功 0，配方路径不可用 → 采用基线方案。
  - 指数诊断：箱子 5 个，总指数 22.5，目标 192，理论最多达标托盘 0 个，剩余指数 22.5。
  - 几何诊断：典型整层堆叠单盘参考上限 22.5/192。 当前目标可能受托盘高度/箱型组合限制。
  - 几何诊断提示：典型整层参考值 22.5 < 目标 192；该值不是不可达证明，继续执行指数救援。
  - 失败托盘互借诊断：未合并（no_target_or_single_plan）。
托盘类型 MH423C（销售订单号：LAID16305EN01S__SPLITREST__）处理完成：总托盘 1，指数达标 0，未达标 1，平均缺口 169.50，最大缺口 169.50，失败托盘互借修复成功 0。
  - KPI：near/mid/deep=0/0/1，救回率=0.00%，pair效率=0.00%。
  - 耗时拆解：packing=0.01s，main_topup=0.00s，retry=0.00s，failed_pool=0.00s，repack=0.00s，total=0.01s。
正在处理托盘类型：MH423C，销售订单号：PAID16295EL05S
  - 该分组不适合列式（多非满柱）→ 回退 beam + 配方优先。
  - 配方优先[fast]：规划 0 实例，实装成功 0，配方路径不可用 → 采用基线方案。
  - 指数诊断：箱子 1 个，总指数 2，目标 192，理论最多达标托盘 0 个，剩余指数 2。
  - 几何诊断：典型整层堆叠单盘参考上限 2/192。 当前目标可能受托盘高度/箱型组合限制。
  - 几何诊断提示：典型整层参考值 2 < 目标 192；该值不是不可达证明，继续执行指数救援。
  - 失败托盘互借诊断：未合并（no_target_or_single_plan）。
托盘类型 MH423C（销售订单号：PAID16295EL05S）处理完成：总托盘 1，指数达标 0，未达标 1，平均缺口 190.00，最大缺口 190.00，失败托盘互借修复成功 0。
  - KPI：near/mid/deep=0/0/1，救回率=0.00%，pair效率=0.00%。
  - 耗时拆解：packing=0.00s，main_topup=0.00s，retry=0.00s，failed_pool=0.00s，repack=0.00s，total=0.00s。
正在处理托盘类型：MH423C，销售订单号：PAID16306DN01S
  - 主算法：全局列式装箱 + 柱级组合优化（GCP）。
  - 失败托盘互借诊断：未合并（no_target_or_single_plan）。
托盘类型 MH423C（销售订单号：PAID16306DN01S）处理完成：总托盘 1，指数达标 0，未达标 1，平均缺口 97.00，最大缺口 97.00，失败托盘互借修复成功 0。
  - KPI：near/mid/deep=0/0/1，救回率=0.00%，pair效率=0.00%。
  - 耗时拆解：packing=2.03s，main_topup=0.00s，retry=0.00s，failed_pool=0.00s，repack=0.00s，total=2.04s。
正在处理托盘类型：MH423C，销售订单号：PAID16306DN01S__SPLITREST__
  - 该分组不适合列式（多非满柱）→ 回退 beam + 配方优先。
  - 配方优先[fast]：规划 0 实例，实装成功 0，配方路径不可用 → 采用基线方案。
  - 指数诊断：箱子 2 个，总指数 1，目标 192，理论最多达标托盘 0 个，剩余指数 1。
  - 几何诊断：典型整层堆叠单盘参考上限 1/192。 当前目标可能受托盘高度/箱型组合限制。
  - 几何诊断提示：典型整层参考值 1 < 目标 192；该值不是不可达证明，继续执行指数救援。
  - 失败托盘互借诊断：未合并（no_target_or_single_plan）。
托盘类型 MH423C（销售订单号：PAID16306DN01S__SPLITREST__）处理完成：总托盘 1，指数达标 0，未达标 1，平均缺口 191.00，最大缺口 191.00，失败托盘互借修复成功 0。
  - KPI：near/mid/deep=0/0/1，救回率=0.00%，pair效率=0.00%。
  - 耗时拆解：packing=0.00s，main_topup=0.00s，retry=0.00s，failed_pool=0.00s，repack=0.00s，total=0.00s。
正在处理托盘类型：MH423C，销售订单号：PAID16300FN01S
  - 该分组不适合列式（多非满柱）→ 回退 beam + 配方优先。
  - 配方优先[fast]：规划 0 实例，实装成功 0，配方路径不可用 → 采用基线方案。
  - 指数诊断：箱子 12 个，总指数 27，目标 192，理论最多达标托盘 0 个，剩余指数 27。
  - 几何诊断：典型整层堆叠单盘参考上限 27/192。 当前目标可能受托盘高度/箱型组合限制。
  - 几何诊断提示：典型整层参考值 27 < 目标 192；该值不是不可达证明，继续执行指数救援。
  - 失败托盘互借诊断：未合并（no_target_or_single_plan）。
托盘类型 MH423C（销售订单号：PAID16300FN01S）处理完成：总托盘 1，指数达标 0，未达标 1，平均缺口 165.00，最大缺口 165.00，失败托盘互借修复成功 0。
  - KPI：near/mid/deep=0/0/1，救回率=0.00%，pair效率=0.00%。
  - 耗时拆解：packing=0.06s，main_topup=0.00s，retry=0.00s，failed_pool=0.00s，repack=0.00s，total=0.06s。
正在处理托盘类型：MH423C，销售订单号：PAID16295BD02S
  - 主算法：全局列式装箱 + 柱级组合优化（GCP）。
  - 失败托盘互借诊断：未合并（no_target_or_single_plan）。
托盘类型 MH423C（销售订单号：PAID16295BD02S）处理完成：总托盘 1，指数达标 0，未达标 1，平均缺口 156.00，最大缺口 156.00，失败托盘互借修复成功 0。
  - KPI：near/mid/deep=0/0/1，救回率=0.00%，pair效率=0.00%。
  - 耗时拆解：packing=0.08s，main_topup=0.00s，retry=0.00s，failed_pool=0.00s，repack=0.00s，total=0.08s。
正在处理托盘类型：MH423C，销售订单号：LAID16305BN01S
  - 主算法：全局列式装箱 + 柱级组合优化（GCP）。
  - 失败托盘互借诊断：未合并（aborted_no_improvement_possible）。
托盘类型 MH423C（销售订单号：LAID16305BN01S）处理完成：总托盘 2，指数达标 0，未达标 2，平均缺口 101.50，最大缺口 178.00，失败托盘互借修复成功 0。
  - KPI：near/mid/deep=0/0/2，救回率=0.00%，pair效率=0.00%。
  - 耗时拆解：packing=2.20s，main_topup=0.00s，retry=0.00s，failed_pool=0.00s，repack=1.64s，total=3.83s。
正在处理托盘类型：MH423C，销售订单号：LAID16305BN01S__SPLITREST__
  - 该分组不适合列式（多非满柱）→ 回退 beam + 配方优先。
  - 配方优先[fast]：规划 0 实例，实装成功 0，配方路径不可用 → 采用基线方案。
  - 指数诊断：箱子 12 个，总指数 48，目标 192，理论最多达标托盘 0 个，剩余指数 48。
  - 几何诊断：典型整层堆叠单盘参考上限 48/192。 当前目标可能受托盘高度/箱型组合限制。
  - 几何诊断提示：典型整层参考值 48 < 目标 192；该值不是不可达证明，继续执行指数救援。
  - 失败托盘互借诊断：未合并（no_target_or_single_plan）。
托盘类型 MH423C（销售订单号：LAID16305BN01S__SPLITREST__）处理完成：总托盘 1，指数达标 0，未达标 1，平均缺口 144.00，最大缺口 144.00，失败托盘互借修复成功 0。
  - KPI：near/mid/deep=0/0/1，救回率=0.00%，pair效率=0.00%。
  - 耗时拆解：packing=0.00s，main_topup=0.00s，retry=0.00s，failed_pool=0.00s，repack=0.00s，total=0.00s。
正在处理托盘类型：MH423C，销售订单号：LFEG16300IN03S
  - 主算法：全局列式装箱 + 柱级组合优化（GCP）。
  - GCP 盘数远超理论（CP-SAT 装不满）→ 回退 baseline beam + 配方优先。
  - 配方优先[fast]：规划 0 实例，实装成功 0，配方路径不可用 → 采用基线方案。
  - 指数诊断：箱子 66 个，总指数 158，目标 192，理论最多达标托盘 0 个，剩余指数 158。
  - 几何诊断：典型整层堆叠单盘参考上限 116/192。 当前目标可能受托盘高度/箱型组合限制。
  - 几何诊断提示：典型整层参考值 116 < 目标 192；该值不是不可达证明，继续执行指数救援。
  - 失败托盘互借诊断：未合并（aborted_no_improvement_possible）。
托盘类型 MH423C（销售订单号：LFEG16300IN03S）处理完成：总托盘 2，指数达标 0，未达标 2，平均缺口 113.00，最大缺口 184.00，失败托盘互借修复成功 0。
  - KPI：near/mid/deep=0/0/2，救回率=0.00%，pair效率=0.00%。
  - 耗时拆解：packing=0.80s，main_topup=0.02s，retry=0.00s，failed_pool=0.00s，repack=1.58s，total=6.50s。
正在处理托盘类型：MH423C，销售订单号：LFEG16300IN03S__SPLITREST__
  - 该分组不适合列式（多非满柱）→ 回退 beam + 配方优先。
  - 配方优先[fast]：规划 0 实例，实装成功 0，配方路径不可用 → 采用基线方案。
  - 指数诊断：箱子 3 个，总指数 4.5，目标 192，理论最多达标托盘 0 个，剩余指数 4.5。
  - 几何诊断：典型整层堆叠单盘参考上限 4.5/192。 当前目标可能受托盘高度/箱型组合限制。
  - 几何诊断提示：典型整层参考值 4.5 < 目标 192；该值不是不可达证明，继续执行指数救援。
  - 失败托盘互借诊断：未合并（no_target_or_single_plan）。
托盘类型 MH423C（销售订单号：LFEG16300IN03S__SPLITREST__）处理完成：总托盘 1，指数达标 0，未达标 1，平均缺口 187.50，最大缺口 187.50，失败托盘互借修复成功 0。
  - KPI：near/mid/deep=0/0/1，救回率=0.00%，pair效率=0.00%。
  - 耗时拆解：packing=0.00s，main_topup=0.00s，retry=0.00s，failed_pool=0.00s，repack=0.00s，total=0.01s。
正在处理托盘类型：MH423C，销售订单号：LAMY16305FN01S
  - 主算法：全局列式装箱 + 柱级组合优化（GCP）。
  - 失败托盘互借诊断：未合并（no_target_or_single_plan）。
托盘类型 MH423C（销售订单号：LAMY16305FN01S）处理完成：总托盘 1，指数达标 0，未达标 1，平均缺口 85.00，最大缺口 85.00，失败托盘互借修复成功 0。
  - KPI：near/mid/deep=0/0/1，救回率=0.00%，pair效率=0.00%。
  - 耗时拆解：packing=0.26s，main_topup=0.00s，retry=0.00s，failed_pool=0.00s，repack=0.00s，total=0.26s。
正在处理托盘类型：MH423C，销售订单号：LAMY16305FN01S__SPLITREST__
  - 该分组不适合列式（多非满柱）→ 回退 beam + 配方优先。
  - 配方优先[fast]：规划 0 实例，实装成功 0，配方路径不可用 → 采用基线方案。
  - 指数诊断：箱子 6 个，总指数 12，目标 192，理论最多达标托盘 0 个，剩余指数 12。
  - 几何诊断：典型整层堆叠单盘参考上限 12/192。 当前目标可能受托盘高度/箱型组合限制。
  - 几何诊断提示：典型整层参考值 12 < 目标 192；该值不是不可达证明，继续执行指数救援。
  - 失败托盘互借诊断：未合并（no_target_or_single_plan）。
托盘类型 MH423C（销售订单号：LAMY16305FN01S__SPLITREST__）处理完成：总托盘 1，指数达标 0，未达标 1，平均缺口 180.00，最大缺口 180.00，失败托盘互借修复成功 0。
  - KPI：near/mid/deep=0/0/1，救回率=0.00%，pair效率=0.00%。
  - 耗时拆解：packing=0.02s，main_topup=0.00s，retry=0.00s，failed_pool=0.00s，repack=0.00s，total=0.02s。
正在处理托盘类型：MH423C，销售订单号：LAID16305BN03S
  - 主算法：全局列式装箱 + 柱级组合优化（GCP）。
  - 失败托盘互借诊断：未合并（no_target_or_single_plan）。
托盘类型 MH423C（销售订单号：LAID16305BN03S）处理完成：总托盘 1，指数达标 0，未达标 1，平均缺口 92.00，最大缺口 92.00，失败托盘互借修复成功 0。
  - KPI：near/mid/deep=0/0/1，救回率=0.00%，pair效率=0.00%。
  - 耗时拆解：packing=0.25s，main_topup=0.00s，retry=0.00s，failed_pool=0.00s，repack=0.00s，total=0.25s。
正在处理托盘类型：MH423C，销售订单号：LAID16305BN03S__SPLITREST__
  - 该分组不适合列式（多非满柱）→ 回退 beam + 配方优先。
  - 配方优先[fast]：规划 0 实例，实装成功 0，配方路径不可用 → 采用基线方案。
  - 指数诊断：箱子 2 个，总指数 1.5，目标 192，理论最多达标托盘 0 个，剩余指数 1.5。
  - 几何诊断：典型整层堆叠单盘参考上限 1.5/192。 当前目标可能受托盘高度/箱型组合限制。
  - 几何诊断提示：典型整层参考值 1.5 < 目标 192；该值不是不可达证明，继续执行指数救援。
  - 失败托盘互借诊断：未合并（no_target_or_single_plan）。
托盘类型 MH423C（销售订单号：LAID16305BN03S__SPLITREST__）处理完成：总托盘 1，指数达标 0，未达标 1，平均缺口 190.50，最大缺口 190.50，失败托盘互借修复成功 0。
  - KPI：near/mid/deep=0/0/1，救回率=0.00%，pair效率=0.00%。
  - 耗时拆解：packing=0.00s，main_topup=0.00s，retry=0.00s，failed_pool=0.00s，repack=0.00s，total=0.01s。
正在处理托盘类型：MH423C，销售订单号：PAID163008N01S
  - 该分组不适合列式（多非满柱）→ 回退 beam + 配方优先。
  - 配方优先[fast]：规划 0 实例，实装成功 0，配方路径不可用 → 采用基线方案。
  - 指数诊断：箱子 1 个，总指数 1，目标 192，理论最多达标托盘 0 个，剩余指数 1。
  - 几何诊断：典型整层堆叠单盘参考上限 1/192。 当前目标可能受托盘高度/箱型组合限制。
  - 几何诊断提示：典型整层参考值 1 < 目标 192；该值不是不可达证明，继续执行指数救援。
  - 失败托盘互借诊断：未合并（no_target_or_single_plan）。
托盘类型 MH423C（销售订单号：PAID163008N01S）处理完成：总托盘 1，指数达标 0，未达标 1，平均缺口 191.00，最大缺口 191.00，失败托盘互借修复成功 0。
  - KPI：near/mid/deep=0/0/1，救回率=0.00%，pair效率=0.00%。
  - 耗时拆解：packing=0.00s，main_topup=0.00s，retry=0.00s，failed_pool=0.00s，repack=0.00s，total=0.00s。
正在处理托盘类型：MH423C，销售订单号：PAID16305EC01S
  - 该分组不适合列式（多非满柱）→ 回退 beam + 配方优先。
  - 配方优先[fast]：规划 0 实例，实装成功 0，配方路径不可用 → 采用基线方案。
  - 指数诊断：箱子 2 个，总指数 2，目标 192，理论最多达标托盘 0 个，剩余指数 2。
  - 几何诊断：典型整层堆叠单盘参考上限 2/192。 当前目标可能受托盘高度/箱型组合限制。
  - 几何诊断提示：典型整层参考值 2 < 目标 192；该值不是不可达证明，继续执行指数救援。
  - 失败托盘互借诊断：未合并（no_target_or_single_plan）。
托盘类型 MH423C（销售订单号：PAID16305EC01S）处理完成：总托盘 1，指数达标 0，未达标 1，平均缺口 190.00，最大缺口 190.00，失败托盘互借修复成功 0。
  - KPI：near/mid/deep=0/0/1，救回率=0.00%，pair效率=0.00%。
  - 耗时拆解：packing=0.00s，main_topup=0.00s，retry=0.00s，failed_pool=0.00s，repack=0.00s，total=0.01s。
正在处理托盘类型：MH423C，销售订单号：LFEG16300IN01S
  - 该分组不适合列式（多非满柱）→ 回退 beam + 配方优先。
  - 配方优先[fast]：规划 0 实例，实装成功 0，配方路径不可用 → 采用基线方案。
  - 指数诊断：箱子 4 个，总指数 5，目标 192，理论最多达标托盘 0 个，剩余指数 5。
  - 几何诊断：典型整层堆叠单盘参考上限 5/192。 当前目标可能受托盘高度/箱型组合限制。
  - 几何诊断提示：典型整层参考值 5 < 目标 192；该值不是不可达证明，继续执行指数救援。
  - 失败托盘互借诊断：未合并（no_target_or_single_plan）。
托盘类型 MH423C（销售订单号：LFEG16300IN01S）处理完成：总托盘 1，指数达标 0，未达标 1，平均缺口 187.00，最大缺口 187.00，失败托盘互借修复成功 0。
  - KPI：near/mid/deep=0/0/1，救回率=0.00%，pair效率=0.00%。
  - 耗时拆解：packing=0.00s，main_topup=0.00s，retry=0.00s，failed_pool=0.00s，repack=0.00s，total=0.02s。
正在处理托盘类型：MH423C，销售订单号：LAID16306DN02S
  - 主算法：全局列式装箱 + 柱级组合优化（GCP）。
  - 失败托盘互借诊断：未合并（no_target_or_single_plan）。
托盘类型 MH423C（销售订单号：LAID16306DN02S）处理完成：总托盘 1，指数达标 0，未达标 1，平均缺口 62.00，最大缺口 62.00，失败托盘互借修复成功 0。
  - KPI：near/mid/deep=0/0/1，救回率=0.00%，pair效率=0.00%。
  - 耗时拆解：packing=0.38s，main_topup=0.00s，retry=0.00s，failed_pool=0.00s，repack=0.00s，total=0.38s。
正在处理托盘类型：MH423C，销售订单号：LAID16306DN02S__SPLITREST__
  - 该分组不适合列式（多非满柱）→ 回退 beam + 配方优先。
  - 托盘 MH423C-LAID16306DN02S__SPLITREST__-1 未找到可行装箱方案，启用剩余箱子守恒兜底。
  - 配方优先[fast]：规划 0 实例，实装成功 0，配方路径不可用 → 采用基线方案。
  - 指数诊断：箱子 5 个，总指数 6，目标 192，理论最多达标托盘 0 个，剩余指数 6。
  - 几何诊断：典型整层堆叠单盘参考上限 6/192。 当前目标可能受托盘高度/箱型组合限制。
  - 几何诊断提示：典型整层参考值 6 < 目标 192；该值不是不可达证明，继续执行指数救援。
  - 失败盘装满压实：合并/吸收 2 次（纯减盘数）。
  - 失败托盘互借诊断：未合并（aborted_no_improvement_possible）。
托盘类型 MH423C（销售订单号：LAID16306DN02S__SPLITREST__）处理完成：总托盘 1，指数达标 0，未达标 1，平均缺口 186.00，最大缺口 186.00，失败托盘互借修复成功 0。
  - KPI：near/mid/deep=0/0/1，救回率=0.00%，pair效率=0.00%。
  - 耗时拆解：packing=0.01s，main_topup=0.00s，retry=0.00s，failed_pool=0.00s，repack=0.05s，total=0.09s。
正在处理托盘类型：MH423C，销售订单号：LFEG16310IN03S
  - 主算法：全局列式装箱 + 柱级组合优化（GCP）。
  - 失败托盘互借诊断：未合并（aborted_no_improvement_possible）。
托盘类型 MH423C（销售订单号：LFEG16310IN03S）处理完成：总托盘 2，指数达标 0，未达标 2，平均缺口 81.00，最大缺口 150.00，失败托盘互借修复成功 0。
  - KPI：near/mid/deep=0/1/1，救回率=0.00%，pair效率=0.00%。
  - 耗时拆解：packing=5.46s，main_topup=0.00s，retry=0.00s，failed_pool=0.00s，repack=6.25s，total=11.71s。
  - 条件双路径棘轮：替代完整路径未严格改善，保留 GCP。
正在处理托盘类型：MH423C，销售订单号：LFEG16310IN03S__SPLITREST__
  - 该分组不适合列式（多非满柱）→ 回退 beam + 配方优先。
  - 配方优先[fast]：规划 0 实例，实装成功 0，配方路径不可用 → 采用基线方案。
  - 指数诊断：箱子 17 个，总指数 23，目标 192，理论最多达标托盘 0 个，剩余指数 23。
  - 几何诊断：典型整层堆叠单盘参考上限 23/192。 当前目标可能受托盘高度/箱型组合限制。
  - 几何诊断提示：典型整层参考值 23 < 目标 192；该值不是不可达证明，继续执行指数救援。
  - 失败托盘互借诊断：未合并（no_target_or_single_plan）。
托盘类型 MH423C（销售订单号：LFEG16310IN03S__SPLITREST__）处理完成：总托盘 1，指数达标 0，未达标 1，平均缺口 169.00，最大缺口 169.00，失败托盘互借修复成功 0。
  - KPI：near/mid/deep=0/0/1，救回率=0.00%，pair效率=0.00%。
  - 耗时拆解：packing=0.10s，main_topup=0.00s，retry=0.00s，failed_pool=0.00s，repack=0.00s，total=0.10s。
正在处理托盘类型：MH423C，销售订单号：LFEG16310IN01S
  - 主算法：全局列式装箱 + 柱级组合优化（GCP）。
  - 失败托盘互借诊断：未合并（no_target_or_single_plan）。
托盘类型 MH423C（销售订单号：LFEG16310IN01S）处理完成：总托盘 1，指数达标 0，未达标 1，平均缺口 106.00，最大缺口 106.00，失败托盘互借修复成功 0。
  - KPI：near/mid/deep=0/0/1，救回率=0.00%，pair效率=0.00%。
  - 耗时拆解：packing=0.67s，main_topup=0.00s，retry=0.00s，failed_pool=0.00s，repack=0.00s，total=0.67s。
正在处理托盘类型：MH423C，销售订单号：LFEG16310IN01S__SPLITREST__
  - 该分组不适合列式（多非满柱）→ 回退 beam + 配方优先。
  - 配方优先[fast]：规划 0 实例，实装成功 0，配方路径不可用 → 采用基线方案。
  - 指数诊断：箱子 3 个，总指数 4.5，目标 192，理论最多达标托盘 0 个，剩余指数 4.5。
  - 几何诊断：典型整层堆叠单盘参考上限 4.5/192。 当前目标可能受托盘高度/箱型组合限制。
  - 几何诊断提示：典型整层参考值 4.5 < 目标 192；该值不是不可达证明，继续执行指数救援。
  - 失败托盘互借诊断：未合并（no_target_or_single_plan）。
托盘类型 MH423C（销售订单号：LFEG16310IN01S__SPLITREST__）处理完成：总托盘 1，指数达标 0，未达标 1，平均缺口 187.50，最大缺口 187.50，失败托盘互借修复成功 0。
  - KPI：near/mid/deep=0/0/1，救回率=0.00%，pair效率=0.00%。
  - 耗时拆解：packing=0.00s，main_topup=0.00s，retry=0.00s，failed_pool=0.00s，repack=0.00s，total=0.01s。
正在处理托盘类型：MH423C，销售订单号：PAID16295EN06S
  - 该分组不适合列式（多非满柱）→ 回退 beam + 配方优先。
  - 配方优先[fast]：规划 0 实例，实装成功 0，配方路径不可用 → 采用基线方案。
  - 指数诊断：箱子 3 个，总指数 3，目标 192，理论最多达标托盘 0 个，剩余指数 3。
  - 几何诊断：典型整层堆叠单盘参考上限 3/192。 当前目标可能受托盘高度/箱型组合限制。
  - 几何诊断提示：典型整层参考值 3 < 目标 192；该值不是不可达证明，继续执行指数救援。
  - 失败托盘互借诊断：未合并（no_target_or_single_plan）。
托盘类型 MH423C（销售订单号：PAID16295EN06S）处理完成：总托盘 1，指数达标 0，未达标 1，平均缺口 189.00，最大缺口 189.00，失败托盘互借修复成功 0。
  - KPI：near/mid/deep=0/0/1，救回率=0.00%，pair效率=0.00%。
  - 耗时拆解：packing=0.00s，main_topup=0.00s，retry=0.00s，failed_pool=0.00s，repack=0.00s，total=0.01s。
正在处理托盘类型：MH423C，销售订单号：LFEG16316AN02S
  - 主算法：全局列式装箱 + 柱级组合优化（GCP）。
  - 失败托盘互借诊断：未合并（aborted_no_improvement_possible）。
托盘类型 MH423C（销售订单号：LFEG16316AN02S）处理完成：总托盘 2，指数达标 0，未达标 2，平均缺口 103.50，最大缺口 184.00，失败托盘互借修复成功 0。
  - KPI：near/mid/deep=0/1/1，救回率=0.00%，pair效率=0.00%。
  - 耗时拆解：packing=1.78s，main_topup=0.00s，retry=0.00s，failed_pool=0.00s，repack=1.56s，total=3.34s。
正在处理托盘类型：MH423C，销售订单号：LFEG16316AN02S__SPLITREST__
  - 该分组不适合列式（多非满柱）→ 回退 beam + 配方优先。
  - 配方优先[fast]：规划 0 实例，实装成功 0，配方路径不可用 → 采用基线方案。
  - 指数诊断：箱子 3 个，总指数 6，目标 192，理论最多达标托盘 0 个，剩余指数 6。
  - 几何诊断：典型整层堆叠单盘参考上限 6/192。 当前目标可能受托盘高度/箱型组合限制。
  - 几何诊断提示：典型整层参考值 6 < 目标 192；该值不是不可达证明，继续执行指数救援。
  - 失败托盘互借诊断：未合并（no_target_or_single_plan）。
托盘类型 MH423C（销售订单号：LFEG16316AN02S__SPLITREST__）处理完成：总托盘 1，指数达标 0，未达标 1，平均缺口 186.00，最大缺口 186.00，失败托盘互借修复成功 0。
  - KPI：near/mid/deep=0/0/1，救回率=0.00%，pair效率=0.00%。
  - 耗时拆解：packing=0.00s，main_topup=0.00s，retry=0.00s，failed_pool=0.00s，repack=0.00s，total=0.01s。
正在处理托盘类型：MH423C，销售订单号：LAID16315EN01S
  - 主算法：全局列式装箱 + 柱级组合优化（GCP）。
  - 失败托盘互借诊断：未合并（less_than_2_consolidatable）。
托盘类型 MH423C（销售订单号：LAID16315EN01S）处理完成：总托盘 2，指数达标 1，未达标 1，平均缺口 176.00，最大缺口 176.00，失败托盘互借修复成功 0。
  - KPI：near/mid/deep=0/0/1，救回率=0.00%，pair效率=0.00%。
  - 耗时拆解：packing=30.57s，main_topup=0.00s，retry=0.00s，failed_pool=0.00s，repack=0.00s，total=30.57s。
正在处理托盘类型：MH423C，销售订单号：LAID16315EN02S
  - 主算法：全局列式装箱 + 柱级组合优化（GCP）。
  - 失败托盘互借诊断：未合并（aborted_no_improvement_possible）。
托盘类型 MH423C（销售订单号：LAID16315EN02S）处理完成：总托盘 2，指数达标 0，未达标 2，平均缺口 89.50，最大缺口 167.00，失败托盘互借修复成功 0。
  - KPI：near/mid/deep=0/1/1，救回率=0.00%，pair效率=0.00%。
  - 耗时拆解：packing=6.42s，main_topup=0.00s，retry=0.00s，failed_pool=0.00s，repack=0.99s，total=7.41s。
  - 条件双路径棘轮：替代完整路径未严格改善，保留 GCP。
正在处理托盘类型：MH423C，销售订单号：PAIN26310MZ05S
  - 主算法：全局列式装箱 + 柱级组合优化（GCP）。
  - 失败托盘互借诊断：未合并（no_target_or_single_plan）。
托盘类型 MH423C（销售订单号：PAIN26310MZ05S）处理完成：总托盘 1，指数达标 0，未达标 1，平均缺口 132.00，最大缺口 132.00，失败托盘互借修复成功 0。
  - KPI：near/mid/deep=0/0/1，救回率=0.00%，pair效率=0.00%。
  - 耗时拆解：packing=0.06s，main_topup=0.00s，retry=0.00s，failed_pool=0.00s，repack=0.00s，total=0.06s。
正在处理托盘类型：MH423C，销售订单号：PAIN26310MZ05S__SPLITREST__
  - 该分组不适合列式（多非满柱）→ 回退 beam + 配方优先。
  - 配方优先[fast]：规划 0 实例，实装成功 0，配方路径不可用 → 采用基线方案。
  - 指数诊断：箱子 1 个，总指数 2，目标 192，理论最多达标托盘 0 个，剩余指数 2。
  - 几何诊断：典型整层堆叠单盘参考上限 2/192。 当前目标可能受托盘高度/箱型组合限制。
  - 几何诊断提示：典型整层参考值 2 < 目标 192；该值不是不可达证明，继续执行指数救援。
  - 失败托盘互借诊断：未合并（no_target_or_single_plan）。
托盘类型 MH423C（销售订单号：PAIN26310MZ05S__SPLITREST__）处理完成：总托盘 1，指数达标 0，未达标 1，平均缺口 190.00，最大缺口 190.00，失败托盘互借修复成功 0。
  - KPI：near/mid/deep=0/0/1，救回率=0.00%，pair效率=0.00%。
  - 耗时拆解：packing=0.00s，main_topup=0.00s，retry=0.00s，failed_pool=0.00s，repack=0.00s，total=0.00s。
正在处理托盘类型：MH423C，销售订单号：LAID16315EN03S
  - 主算法：全局列式装箱 + 柱级组合优化（GCP）。
  - 失败托盘互借诊断：未合并（no_target_or_single_plan）。
托盘类型 MH423C（销售订单号：LAID16315EN03S）处理完成：总托盘 1，指数达标 0，未达标 1，平均缺口 68.00，最大缺口 68.00，失败托盘互借修复成功 0。
  - KPI：near/mid/deep=0/0/1，救回率=0.00%，pair效率=0.00%。
  - 耗时拆解：packing=0.09s，main_topup=0.00s，retry=0.00s，failed_pool=0.00s，repack=0.00s，total=0.09s。
正在处理托盘类型：MH423C，销售订单号：PEG086300LN01S
  - 主算法：全局列式装箱 + 柱级组合优化（GCP）。
  - GCP 盘数远超理论（CP-SAT 装不满）→ 回退 baseline beam + 配方优先。
  - 配方优先[fast]：规划 0 实例，实装成功 0，配方路径不可用 → 采用基线方案。
  - 指数诊断：箱子 3 个，总指数 12，目标 192，理论最多达标托盘 0 个，剩余指数 12。
  - 几何诊断：典型整层堆叠单盘参考上限 12/192。 当前目标可能受托盘高度/箱型组合限制。
  - 几何诊断提示：典型整层参考值 12 < 目标 192；该值不是不可达证明，继续执行指数救援。
  - 失败托盘互借诊断：未合并（no_target_or_single_plan）。
托盘类型 MH423C（销售订单号：PEG086300LN01S）处理完成：总托盘 1，指数达标 0，未达标 1，平均缺口 180.00，最大缺口 180.00，失败托盘互借修复成功 0。
  - KPI：near/mid/deep=0/0/1，救回率=0.00%，pair效率=0.00%。
  - 耗时拆解：packing=0.00s，main_topup=0.00s，retry=0.00s，failed_pool=0.00s，repack=0.00s，total=0.01s。
正在处理托盘类型：MH423C，销售订单号：PEG086300LN01S__SPLITREST__
  - 该分组不适合列式（多非满柱）→ 回退 beam + 配方优先。
  - 配方优先[fast]：规划 0 实例，实装成功 0，配方路径不可用 → 采用基线方案。
  - 指数诊断：箱子 1 个，总指数 1，目标 192，理论最多达标托盘 0 个，剩余指数 1。
  - 几何诊断：典型整层堆叠单盘参考上限 1/192。 当前目标可能受托盘高度/箱型组合限制。
  - 几何诊断提示：典型整层参考值 1 < 目标 192；该值不是不可达证明，继续执行指数救援。
  - 失败托盘互借诊断：未合并（no_target_or_single_plan）。
托盘类型 MH423C（销售订单号：PEG086300LN01S__SPLITREST__）处理完成：总托盘 1，指数达标 0，未达标 1，平均缺口 191.00，最大缺口 191.00，失败托盘互借修复成功 0。
  - KPI：near/mid/deep=0/0/1，救回率=0.00%，pair效率=0.00%。
  - 耗时拆解：packing=0.00s，main_topup=0.00s，retry=0.00s，failed_pool=0.00s，repack=0.00s，total=0.00s。
正在处理托盘类型：MH423C，销售订单号：PAID16295BN01S
  - 主算法：全局列式装箱 + 柱级组合优化（GCP）。
  - 失败托盘互借诊断：未合并（no_target_or_single_plan）。
托盘类型 MH423C（销售订单号：PAID16295BN01S）处理完成：总托盘 1，指数达标 0，未达标 1，平均缺口 40.00，最大缺口 40.00，失败托盘互借修复成功 0。
  - KPI：near/mid/deep=0/0/1，救回率=0.00%，pair效率=0.00%。
  - 耗时拆解：packing=0.66s，main_topup=0.00s，retry=0.00s，failed_pool=0.00s，repack=0.00s，total=0.66s。
正在处理托盘类型：MH423C，销售订单号：PAIN26310MN01S
  - 该分组不适合列式（多非满柱）→ 回退 beam + 配方优先。
  - 配方优先[fast]：规划 3 实例，实装成功 3，失败回兜底 0；达标 3，直接采用配方方案（基线未跑，--safe 可审计对比）。
  - 指数诊断：箱子 286 个，总指数 2459，目标 192，理论最多达标托盘 12 个，剩余指数 155。
  - 几何诊断：典型整层堆叠单盘参考上限 192/192。
  - 失败托盘互借诊断：未合并（aborted_no_improvement_possible）。
托盘类型 MH423C（销售订单号：PAIN26310MN01S）处理完成：总托盘 16，指数达标 3，未达标 13，平均缺口 47.15，最大缺口 81.00，失败托盘互借修复成功 0。
  - KPI：near/mid/deep=0/2/11，救回率=0.00%，pair效率=0.00%。
  - 耗时拆解：packing=1.36s，main_topup=0.03s，retry=0.00s，failed_pool=0.41s，repack=6.14s，total=7.54s。
正在处理托盘类型：MH423C，销售订单号：PAID162708N01S
  - 该分组不适合列式（多非满柱）→ 回退 beam + 配方优先。
  - 配方优先[fast]：规划 0 实例，实装成功 0，配方路径不可用 → 采用基线方案。
  - 指数诊断：箱子 2 个，总指数 8，目标 192，理论最多达标托盘 0 个，剩余指数 8。
  - 几何诊断：典型整层堆叠单盘参考上限 8/192。 当前目标可能受托盘高度/箱型组合限制。
  - 几何诊断提示：典型整层参考值 8 < 目标 192；该值不是不可达证明，继续执行指数救援。
  - 失败托盘互借诊断：未合并（no_target_or_single_plan）。
托盘类型 MH423C（销售订单号：PAID162708N01S）处理完成：总托盘 1，指数达标 0，未达标 1，平均缺口 184.00，最大缺口 184.00，失败托盘互借修复成功 0。
  - KPI：near/mid/deep=0/0/1，救回率=0.00%，pair效率=0.00%。
  - 耗时拆解：packing=0.00s，main_topup=0.00s，retry=0.00s，failed_pool=0.00s，repack=0.00s，total=0.00s。
正在处理托盘类型：MH423C，销售订单号：PAID16290FN01S
  - 该分组不适合列式（多非满柱）→ 回退 beam + 配方优先。
  - 配方优先[fast]：规划 0 实例，实装成功 0，配方路径不可用 → 采用基线方案。
  - 指数诊断：箱子 5 个，总指数 20，目标 192，理论最多达标托盘 0 个，剩余指数 20。
  - 几何诊断：典型整层堆叠单盘参考上限 20/192。 当前目标可能受托盘高度/箱型组合限制。
  - 几何诊断提示：典型整层参考值 20 < 目标 192；该值不是不可达证明，继续执行指数救援。
  - 失败托盘互借诊断：未合并（no_target_or_single_plan）。
托盘类型 MH423C（销售订单号：PAID16290FN01S）处理完成：总托盘 1，指数达标 0，未达标 1，平均缺口 172.00，最大缺口 172.00，失败托盘互借修复成功 0。
  - KPI：near/mid/deep=0/0/1，救回率=0.00%，pair效率=0.00%。
  - 耗时拆解：packing=0.00s，main_topup=0.00s，retry=0.00s，failed_pool=0.00s，repack=0.00s，total=0.01s。
正在处理托盘类型：MH423C，销售订单号：LAID16295EN01S
  - 主算法：全局列式装箱 + 柱级组合优化（GCP）。
  - 失败托盘互借诊断：未合并（no_target_or_single_plan）。
托盘类型 MH423C（销售订单号：LAID16295EN01S）处理完成：总托盘 1，指数达标 0，未达标 1，平均缺口 159.00，最大缺口 159.00，失败托盘互借修复成功 0。
  - KPI：near/mid/deep=0/0/1，救回率=0.00%，pair效率=0.00%。
  - 耗时拆解：packing=0.07s，main_topup=0.00s，retry=0.00s，failed_pool=0.00s，repack=0.00s，total=0.07s。
正在处理托盘类型：MH423C，销售订单号：LAID16295EN01S__SPLITREST__
  - 该分组不适合列式（多非满柱）→ 回退 beam + 配方优先。
  - 配方优先[fast]：规划 0 实例，实装成功 0，配方路径不可用 → 采用基线方案。
  - 指数诊断：箱子 3 个，总指数 1.5，目标 192，理论最多达标托盘 0 个，剩余指数 1.5。
  - 几何诊断：典型整层堆叠单盘参考上限 1.5/192。 当前目标可能受托盘高度/箱型组合限制。
  - 几何诊断提示：典型整层参考值 1.5 < 目标 192；该值不是不可达证明，继续执行指数救援。
  - 失败托盘互借诊断：未合并（no_target_or_single_plan）。
托盘类型 MH423C（销售订单号：LAID16295EN01S__SPLITREST__）处理完成：总托盘 1，指数达标 0，未达标 1，平均缺口 190.50，最大缺口 190.50，失败托盘互借修复成功 0。
  - KPI：near/mid/deep=0/0/1，救回率=0.00%，pair效率=0.00%。
  - 耗时拆解：packing=0.00s，main_topup=0.00s，retry=0.00s，failed_pool=0.00s，repack=0.00s，total=0.01s。
正在处理托盘类型：MH423C，销售订单号：PAID16300FC02S
  - 该分组不适合列式（多非满柱）→ 回退 beam + 配方优先。
  - 托盘 MH423C-PAID16300FC02S-1 未找到可行装箱方案，启用剩余箱子守恒兜底。
  - 配方优先[fast]：规划 0 实例，实装成功 0，配方路径不可用 → 采用基线方案。
  - 指数诊断：箱子 5 个，总指数 14，目标 192，理论最多达标托盘 0 个，剩余指数 14。
  - 几何诊断：典型整层堆叠单盘参考上限 14/192。 当前目标可能受托盘高度/箱型组合限制。
  - 几何诊断提示：典型整层参考值 14 < 目标 192；该值不是不可达证明，继续执行指数救援。
  - 失败盘装满压实：合并/吸收 2 次（纯减盘数）。
  - 失败托盘互借诊断：未合并（aborted_no_improvement_possible）。
托盘类型 MH423C（销售订单号：PAID16300FC02S）处理完成：总托盘 1，指数达标 0，未达标 1，平均缺口 178.00，最大缺口 178.00，失败托盘互借修复成功 0。
  - KPI：near/mid/deep=0/0/1，救回率=0.00%，pair效率=0.00%。
  - 耗时拆解：packing=0.01s，main_topup=0.00s，retry=0.00s，failed_pool=0.00s，repack=0.08s，total=0.12s。
正在处理托盘类型：MH423C，销售订单号：LAID16294AN01S
  - 主算法：全局列式装箱 + 柱级组合优化（GCP）。
  - 失败托盘互借诊断：未合并（no_target_or_single_plan）。
托盘类型 MH423C（销售订单号：LAID16294AN01S）处理完成：总托盘 1，指数达标 0，未达标 1，平均缺口 171.00，最大缺口 171.00，失败托盘互借修复成功 0。
  - KPI：near/mid/deep=0/0/1，救回率=0.00%，pair效率=0.00%。
  - 耗时拆解：packing=0.02s，main_topup=0.00s，retry=0.00s，failed_pool=0.00s，repack=0.00s，total=0.02s。
正在处理托盘类型：MH423C，销售订单号：PAIN26310GC02S
  - 主算法：全局列式装箱 + 柱级组合优化（GCP）。
  - 失败托盘互借诊断：未合并（no_target_or_single_plan）。
托盘类型 MH423C（销售订单号：PAIN26310GC02S）处理完成：总托盘 1，指数达标 0，未达标 1，平均缺口 80.00，最大缺口 80.00，失败托盘互借修复成功 0。
  - KPI：near/mid/deep=0/0/1，救回率=0.00%，pair效率=0.00%。
  - 耗时拆解：packing=0.28s，main_topup=0.00s，retry=0.00s，failed_pool=0.00s，repack=0.00s，total=0.28s。
正在处理托盘类型：MH423C，销售订单号：LAID16306DN03S
  - 主算法：全局列式装箱 + 柱级组合优化（GCP）。
  - 失败托盘互借诊断：未合并（no_target_or_single_plan）。
托盘类型 MH423C（销售订单号：LAID16306DN03S）处理完成：总托盘 1，指数达标 0，未达标 1，平均缺口 76.00，最大缺口 76.00，失败托盘互借修复成功 0。
  - KPI：near/mid/deep=0/0/1，救回率=0.00%，pair效率=0.00%。
  - 耗时拆解：packing=0.30s，main_topup=0.00s，retry=0.00s，failed_pool=0.00s，repack=0.00s，total=0.30s。
正在处理托盘类型：MH423C，销售订单号：LAID16306DN03S__SPLITREST__
  - 该分组不适合列式（多非满柱）→ 回退 beam + 配方优先。
  - 配方优先[fast]：规划 0 实例，实装成功 0，配方路径不可用 → 采用基线方案。
  - 指数诊断：箱子 4 个，总指数 7，目标 192，理论最多达标托盘 0 个，剩余指数 7。
  - 几何诊断：典型整层堆叠单盘参考上限 7/192。 当前目标可能受托盘高度/箱型组合限制。
  - 几何诊断提示：典型整层参考值 7 < 目标 192；该值不是不可达证明，继续执行指数救援。
  - 失败托盘互借诊断：未合并（no_target_or_single_plan）。
托盘类型 MH423C（销售订单号：LAID16306DN03S__SPLITREST__）处理完成：总托盘 1，指数达标 0，未达标 1，平均缺口 185.00，最大缺口 185.00，失败托盘互借修复成功 0。
  - KPI：near/mid/deep=0/0/1，救回率=0.00%，pair效率=0.00%。
  - 耗时拆解：packing=0.00s，main_topup=0.00s，retry=0.00s，failed_pool=0.00s，repack=0.00s，total=0.02s。
正在处理托盘类型：MH423C，销售订单号：PAIN26316EC02S
  - 主算法：全局列式装箱 + 柱级组合优化（GCP）。
  - 失败托盘互借诊断：未合并（less_than_2_consolidatable）。
托盘类型 MH423C（销售订单号：PAIN26316EC02S）处理完成：总托盘 3，指数达标 2，未达标 1，平均缺口 84.00，最大缺口 84.00，失败托盘互借修复成功 0。
  - KPI：near/mid/deep=0/0/1，救回率=0.00%，pair效率=0.00%。
  - 耗时拆解：packing=5.99s，main_topup=0.00s，retry=0.00s，failed_pool=0.00s，repack=0.01s，total=5.99s。
正在处理托盘类型：MH423C，销售订单号：LAID16296DN01S
  - 该分组不适合列式（多非满柱）→ 回退 beam + 配方优先。
  - 托盘 MH423C-LAID16296DN01S-1 未找到可行装箱方案，启用剩余箱子守恒兜底。
  - 配方优先[fast]：规划 0 实例，实装成功 0，配方路径不可用 → 采用基线方案。
  - 指数诊断：箱子 5 个，总指数 5，目标 192，理论最多达标托盘 0 个，剩余指数 5。
  - 几何诊断：典型整层堆叠单盘参考上限 5/192。 当前目标可能受托盘高度/箱型组合限制。
  - 几何诊断提示：典型整层参考值 5 < 目标 192；该值不是不可达证明，继续执行指数救援。
  - 失败盘装满压实：合并/吸收 2 次（纯减盘数）。
  - 失败托盘互借诊断：未合并（aborted_no_improvement_possible）。
托盘类型 MH423C（销售订单号：LAID16296DN01S）处理完成：总托盘 1，指数达标 0，未达标 1，平均缺口 187.00，最大缺口 187.00，失败托盘互借修复成功 0。
  - KPI：near/mid/deep=0/0/1，救回率=0.00%，pair效率=0.00%。
  - 耗时拆解：packing=0.01s，main_topup=0.00s，retry=0.00s，failed_pool=0.00s，repack=0.07s，total=0.11s。
正在处理托盘类型：MH423C，销售订单号：LAID16296DN03S
  - 该分组不适合列式（多非满柱）→ 回退 beam + 配方优先。
  - 配方优先[fast]：规划 0 实例，实装成功 0，配方路径不可用 → 采用基线方案。
  - 指数诊断：箱子 4 个，总指数 4，目标 192，理论最多达标托盘 0 个，剩余指数 4。
  - 几何诊断：典型整层堆叠单盘参考上限 4/192。 当前目标可能受托盘高度/箱型组合限制。
  - 几何诊断提示：典型整层参考值 4 < 目标 192；该值不是不可达证明，继续执行指数救援。
  - 失败托盘互借诊断：未合并（no_target_or_single_plan）。
托盘类型 MH423C（销售订单号：LAID16296DN03S）处理完成：总托盘 1，指数达标 0，未达标 1，平均缺口 188.00，最大缺口 188.00，失败托盘互借修复成功 0。
  - KPI：near/mid/deep=0/0/1，救回率=0.00%，pair效率=0.00%。
  - 耗时拆解：packing=0.00s，main_topup=0.00s，retry=0.00s，failed_pool=0.00s，repack=0.00s，total=0.02s。
正在处理托盘类型：MH423C，销售订单号：LAID16296DN02S
  - 该分组不适合列式（多非满柱）→ 回退 beam + 配方优先。
  - 配方优先[fast]：规划 0 实例，实装成功 0，配方路径不可用 → 采用基线方案。
  - 指数诊断：箱子 1 个，总指数 1，目标 192，理论最多达标托盘 0 个，剩余指数 1。
  - 几何诊断：典型整层堆叠单盘参考上限 1/192。 当前目标可能受托盘高度/箱型组合限制。
  - 几何诊断提示：典型整层参考值 1 < 目标 192；该值不是不可达证明，继续执行指数救援。
  - 失败托盘互借诊断：未合并（no_target_or_single_plan）。
托盘类型 MH423C（销售订单号：LAID16296DN02S）处理完成：总托盘 1，指数达标 0，未达标 1，平均缺口 191.00，最大缺口 191.00，失败托盘互借修复成功 0。
  - KPI：near/mid/deep=0/0/1，救回率=0.00%，pair效率=0.00%。
  - 耗时拆解：packing=0.00s，main_topup=0.00s，retry=0.00s，failed_pool=0.00s，repack=0.00s，total=0.00s。
正在处理托盘类型：MH423C，销售订单号：LAID16295EN02S
  - 主算法：全局列式装箱 + 柱级组合优化（GCP）。
  - 失败托盘互借诊断：未合并（no_target_or_single_plan）。
托盘类型 MH423C（销售订单号：LAID16295EN02S）处理完成：总托盘 1，指数达标 0，未达标 1，平均缺口 180.00，最大缺口 180.00，失败托盘互借修复成功 0。
  - KPI：near/mid/deep=0/0/1，救回率=0.00%，pair效率=0.00%。
  - 耗时拆解：packing=0.01s，main_topup=0.00s，retry=0.00s，failed_pool=0.00s，repack=0.00s，total=0.01s。
正在处理托盘类型：MH423C，销售订单号：LAID16295EN02S__SPLITREST__
  - 该分组不适合列式（多非满柱）→ 回退 beam + 配方优先。
  - 配方优先[fast]：规划 0 实例，实装成功 0，配方路径不可用 → 采用基线方案。
  - 指数诊断：箱子 3 个，总指数 3，目标 192，理论最多达标托盘 0 个，剩余指数 3。
  - 几何诊断：典型整层堆叠单盘参考上限 3/192。 当前目标可能受托盘高度/箱型组合限制。
  - 几何诊断提示：典型整层参考值 3 < 目标 192；该值不是不可达证明，继续执行指数救援。
  - 失败托盘互借诊断：未合并（no_target_or_single_plan）。
托盘类型 MH423C（销售订单号：LAID16295EN02S__SPLITREST__）处理完成：总托盘 1，指数达标 0，未达标 1，平均缺口 189.00，最大缺口 189.00，失败托盘互借修复成功 0。
  - KPI：near/mid/deep=0/0/1，救回率=0.00%，pair效率=0.00%。
  - 耗时拆解：packing=0.00s，main_topup=0.00s，retry=0.00s，failed_pool=0.00s，repack=0.00s，total=0.01s。
正在处理托盘类型：MH423C，销售订单号：LFEG16316AN01S
  - 主算法：全局列式装箱 + 柱级组合优化（GCP）。
  - 失败托盘互借诊断：未合并（no_target_or_single_plan）。
托盘类型 MH423C（销售订单号：LFEG16316AN01S）处理完成：总托盘 1，指数达标 0，未达标 1，平均缺口 144.00，最大缺口 144.00，失败托盘互借修复成功 0。
  - KPI：near/mid/deep=0/0/1，救回率=0.00%，pair效率=0.00%。
  - 耗时拆解：packing=0.03s，main_topup=0.00s，retry=0.00s，failed_pool=0.00s，repack=0.00s，total=0.03s。
正在处理托盘类型：MH423C，销售订单号：LFEG16300IN02S
  - 主算法：全局列式装箱 + 柱级组合优化（GCP）。
  - 失败托盘互借诊断：未合并（no_target_or_single_plan）。
托盘类型 MH423C（销售订单号：LFEG16300IN02S）处理完成：总托盘 1，指数达标 0，未达标 1，平均缺口 161.00，最大缺口 161.00，失败托盘互借修复成功 0。
  - KPI：near/mid/deep=0/0/1，救回率=0.00%，pair效率=0.00%。
  - 耗时拆解：packing=0.05s，main_topup=0.00s，retry=0.00s，failed_pool=0.00s，repack=0.00s，total=0.05s。
正在处理托盘类型：MH423C，销售订单号：LAID16316DN01S
  - 主算法：全局列式装箱 + 柱级组合优化（GCP）。
  - 失败托盘互借诊断：未合并（no_target_or_single_plan）。
托盘类型 MH423C（销售订单号：LAID16316DN01S）处理完成：总托盘 1，指数达标 0，未达标 1，平均缺口 146.00，最大缺口 146.00，失败托盘互借修复成功 0。
  - KPI：near/mid/deep=0/0/1，救回率=0.00%，pair效率=0.00%。
  - 耗时拆解：packing=0.11s，main_topup=0.00s，retry=0.00s，failed_pool=0.00s，repack=0.00s，total=0.11s。
正在处理托盘类型：MH423C，销售订单号：LAID16316DN03S
  - 主算法：全局列式装箱 + 柱级组合优化（GCP）。
  - GCP 盘数远超理论（CP-SAT 装不满）→ 回退 baseline beam + 配方优先。
  - 配方优先[fast]：规划 0 实例，实装成功 0，配方路径不可用 → 采用基线方案。
  - 指数诊断：箱子 37 个，总指数 104，目标 192，理论最多达标托盘 0 个，剩余指数 104。
  - 几何诊断：典型整层堆叠单盘参考上限 104/192。 当前目标可能受托盘高度/箱型组合限制。
  - 几何诊断提示：典型整层参考值 104 < 目标 192；该值不是不可达证明，继续执行指数救援。
  - 失败托盘互借诊断：未合并（no_target_or_single_plan）。
托盘类型 MH423C（销售订单号：LAID16316DN03S）处理完成：总托盘 1，指数达标 0，未达标 1，平均缺口 88.00，最大缺口 88.00，失败托盘互借修复成功 0。
  - KPI：near/mid/deep=0/0/1，救回率=0.00%，pair效率=0.00%。
  - 耗时拆解：packing=0.29s，main_topup=0.01s，retry=0.00s，failed_pool=0.00s，repack=0.00s，total=1.66s。
正在处理托盘类型：MH423C，销售订单号：LAID16316DN03S__SPLITREST__
  - 该分组不适合列式（多非满柱）→ 回退 beam + 配方优先。
  - 配方优先[fast]：规划 0 实例，实装成功 0，配方路径不可用 → 采用基线方案。
  - 指数诊断：箱子 2 个，总指数 32，目标 192，理论最多达标托盘 0 个，剩余指数 32。
  - 几何诊断：典型整层堆叠单盘参考上限 32/192。 当前目标可能受托盘高度/箱型组合限制。
  - 几何诊断提示：典型整层参考值 32 < 目标 192；该值不是不可达证明，继续执行指数救援。
  - 失败托盘互借诊断：未合并（no_target_or_single_plan）。
托盘类型 MH423C（销售订单号：LAID16316DN03S__SPLITREST__）处理完成：总托盘 1，指数达标 0，未达标 1，平均缺口 160.00，最大缺口 160.00，失败托盘互借修复成功 0。
  - KPI：near/mid/deep=0/0/1，救回率=0.00%，pair效率=0.00%。
  - 耗时拆解：packing=0.00s，main_topup=0.00s，retry=0.00s，failed_pool=0.00s，repack=0.00s，total=0.01s。
正在处理托盘类型：MH423C，销售订单号：PEG166300LN01S
  - 主算法：全局列式装箱 + 柱级组合优化（GCP）。
  - 失败托盘互借诊断：未合并（no_target_or_single_plan）。
托盘类型 MH423C（销售订单号：PEG166300LN01S）处理完成：总托盘 1，指数达标 0，未达标 1，平均缺口 68.00，最大缺口 68.00，失败托盘互借修复成功 0。
  - KPI：near/mid/deep=0/0/1，救回率=0.00%，pair效率=0.00%。
  - 耗时拆解：packing=0.38s，main_topup=0.00s，retry=0.00s，failed_pool=0.00s，repack=0.00s，total=0.38s。
正在处理托盘类型：MH423C，销售订单号：PAIN26296EN01S
  - 该分组不适合列式（多非满柱）→ 回退 beam + 配方优先。
  - 配方优先[fast]：规划 0 实例，实装成功 0，配方路径不可用 → 采用基线方案。
  - 指数诊断：箱子 1 个，总指数 1，目标 192，理论最多达标托盘 0 个，剩余指数 1。
  - 几何诊断：典型整层堆叠单盘参考上限 1/192。 当前目标可能受托盘高度/箱型组合限制。
  - 几何诊断提示：典型整层参考值 1 < 目标 192；该值不是不可达证明，继续执行指数救援。
  - 失败托盘互借诊断：未合并（no_target_or_single_plan）。
托盘类型 MH423C（销售订单号：PAIN26296EN01S）处理完成：总托盘 1，指数达标 0，未达标 1，平均缺口 191.00，最大缺口 191.00，失败托盘互借修复成功 0。
  - KPI：near/mid/deep=0/0/1，救回率=0.00%，pair效率=0.00%。
  - 耗时拆解：packing=0.00s，main_topup=0.00s，retry=0.00s，failed_pool=0.00s，repack=0.00s，total=0.00s。
正在处理托盘类型：MH423C，销售订单号：LAID16316DN02S
  - 主算法：全局列式装箱 + 柱级组合优化（GCP）。
  - 失败托盘互借诊断：未合并（aborted_no_improvement_possible）。
托盘类型 MH423C（销售订单号：LAID16316DN02S）处理完成：总托盘 2，指数达标 0，未达标 2，平均缺口 150.00，最大缺口 188.00，失败托盘互借修复成功 0。
  - KPI：near/mid/deep=0/0/2，救回率=0.00%，pair效率=0.00%。
  - 耗时拆解：packing=0.50s，main_topup=0.00s，retry=0.00s，failed_pool=0.00s，repack=0.45s，total=0.95s。
正在处理托盘类型：MH423C，销售订单号：PAID163108N01S
  - 该分组不适合列式（多非满柱）→ 回退 beam + 配方优先。
  - 配方优先[fast]：规划 0 实例，实装成功 0，配方路径不可用 → 采用基线方案。
  - 指数诊断：箱子 14 个，总指数 39，目标 192，理论最多达标托盘 0 个，剩余指数 39。
  - 几何诊断：典型整层堆叠单盘参考上限 34/192。 当前目标可能受托盘高度/箱型组合限制。
  - 几何诊断提示：典型整层参考值 34 < 目标 192；该值不是不可达证明，继续执行指数救援。
  - 失败托盘互借诊断：未合并（no_target_or_single_plan）。
托盘类型 MH423C（销售订单号：PAID163108N01S）处理完成：总托盘 1，指数达标 0，未达标 1，平均缺口 153.00，最大缺口 153.00，失败托盘互借修复成功 0。
  - KPI：near/mid/deep=0/0/1，救回率=0.00%，pair效率=0.00%。
  - 耗时拆解：packing=0.08s，main_topup=0.00s，retry=0.00s，failed_pool=0.00s，repack=0.00s，total=0.08s。
正在处理托盘类型：MH423C，销售订单号：PAIN26310BC02S
  - 主算法：全局列式装箱 + 柱级组合优化（GCP）。
  - 失败托盘互借诊断：未合并（no_target_or_single_plan）。
托盘类型 MH423C（销售订单号：PAIN26310BC02S）处理完成：总托盘 1，指数达标 0，未达标 1，平均缺口 144.00，最大缺口 144.00，失败托盘互借修复成功 0。
  - KPI：near/mid/deep=0/0/1，救回率=0.00%，pair效率=0.00%。
  - 耗时拆解：packing=0.03s，main_topup=0.00s，retry=0.00s，failed_pool=0.00s，repack=0.00s，total=0.03s。
正在处理托盘类型：MH423C，销售订单号：PAIN26310MN08S
  - 主算法：全局列式装箱 + 柱级组合优化（GCP）。
  - GCP 盘数远超理论（CP-SAT 装不满）→ 回退 baseline beam + 配方优先。
  - 配方优先[fast]：规划 0 实例，实装成功 0，配方路径不可用 → 采用基线方案。
  - 指数诊断：箱子 6 个，总指数 6，目标 192，理论最多达标托盘 0 个，剩余指数 6。
  - 几何诊断：典型整层堆叠单盘参考上限 6/192。 当前目标可能受托盘高度/箱型组合限制。
  - 几何诊断提示：典型整层参考值 6 < 目标 192；该值不是不可达证明，继续执行指数救援。
  - 失败托盘互借诊断：未合并（no_target_or_single_plan）。
托盘类型 MH423C（销售订单号：PAIN26310MN08S）处理完成：总托盘 1，指数达标 0，未达标 1，平均缺口 186.00，最大缺口 186.00，失败托盘互借修复成功 0。
  - KPI：near/mid/deep=0/0/1，救回率=0.00%，pair效率=0.00%。
  - 耗时拆解：packing=0.01s，main_topup=0.00s，retry=0.00s，failed_pool=0.00s，repack=0.00s，total=0.05s。
正在处理托盘类型：MH423C，销售订单号：PAIN26296EC02S
  - 主算法：全局列式装箱 + 柱级组合优化（GCP）。
  - 失败托盘互借诊断：未合并（no_target_or_single_plan）。
托盘类型 MH423C（销售订单号：PAIN26296EC02S）处理完成：总托盘 1，指数达标 0，未达标 1，平均缺口 116.00，最大缺口 116.00，失败托盘互借修复成功 0。
  - KPI：near/mid/deep=0/0/1，救回率=0.00%，pair效率=0.00%。
  - 耗时拆解：packing=0.14s，main_topup=0.00s，retry=0.00s，failed_pool=0.00s，repack=0.00s，total=0.14s。
正在处理托盘类型：MH423C，销售订单号：PAID16305BN01S
  - 该分组不适合列式（多非满柱）→ 回退 beam + 配方优先。
  - 托盘 MH423C-PAID16305BN01S-1 未找到可行装箱方案，启用剩余箱子守恒兜底。
  - 配方优先[fast]：规划 0 实例，实装成功 0，配方路径不可用 → 采用基线方案。
  - 指数诊断：箱子 7 个，总指数 5.5，目标 192，理论最多达标托盘 0 个，剩余指数 5.5。
  - 几何诊断：典型整层堆叠单盘参考上限 5.5/192。 当前目标可能受托盘高度/箱型组合限制。
  - 几何诊断提示：典型整层参考值 5.5 < 目标 192；该值不是不可达证明，继续执行指数救援。
  - 失败盘装满压实：合并/吸收 1 次（纯减盘数）。
  - 失败托盘互借诊断：未合并（aborted_no_improvement_possible）。
托盘类型 MH423C（销售订单号：PAID16305BN01S）处理完成：总托盘 2，指数达标 0，未达标 2，平均缺口 189.25，最大缺口 189.50，失败托盘互借修复成功 0。
  - KPI：near/mid/deep=0/0/2，救回率=0.00%，pair效率=0.00%。
  - 耗时拆解：packing=0.02s，main_topup=0.00s，retry=0.00s，failed_pool=0.00s，repack=0.11s，total=0.19s。
正在处理托盘类型：MH423C，销售订单号：PAIN26310BN01S
  - 主算法：全局列式装箱 + 柱级组合优化（GCP）。
  - 失败托盘互借诊断：未合并（aborted_no_improvement_possible）。
托盘类型 MH423C（销售订单号：PAIN26310BN01S）处理完成：总托盘 2，指数达标 0，未达标 2，平均缺口 101.00，最大缺口 188.00，失败托盘互借修复成功 0。
  - KPI：near/mid/deep=0/1/1，救回率=0.00%，pair效率=0.00%。
  - 耗时拆解：packing=2.57s，main_topup=0.00s，retry=0.00s，failed_pool=0.00s，repack=2.06s，total=4.64s。
正在处理托盘类型：MH423C，销售订单号：PAIN26290GN01S
  - 该分组不适合列式（多非满柱）→ 回退 beam + 配方优先。
  - 托盘 MH423C-PAIN26290GN01S-1 未找到可行装箱方案，启用剩余箱子守恒兜底。
  - 配方优先[fast]：规划 0 实例，实装成功 0，配方路径不可用 → 采用基线方案。
  - 指数诊断：箱子 6 个，总指数 4.5，目标 192，理论最多达标托盘 0 个，剩余指数 4.5。
  - 几何诊断：典型整层堆叠单盘参考上限 4.5/192。 当前目标可能受托盘高度/箱型组合限制。
  - 几何诊断提示：典型整层参考值 4.5 < 目标 192；该值不是不可达证明，继续执行指数救援。
  - 失败盘装满压实：合并/吸收 1 次（纯减盘数）。
  - 失败托盘互借诊断：未合并（aborted_no_improvement_possible）。
托盘类型 MH423C（销售订单号：PAIN26290GN01S）处理完成：总托盘 1，指数达标 0，未达标 1，平均缺口 187.50，最大缺口 187.50，失败托盘互借修复成功 0。
  - KPI：near/mid/deep=0/0/1，救回率=0.00%，pair效率=0.00%。
  - 耗时拆解：packing=0.01s，main_topup=0.00s，retry=0.00s，failed_pool=0.00s，repack=0.05s，total=0.11s。
正在处理托盘类型：MH423C，销售订单号：PAIN26316EN01S
  - 主算法：全局列式装箱 + 柱级组合优化（GCP）。
  - 失败托盘互借诊断：未合并（no_target_or_single_plan）。
托盘类型 MH423C（销售订单号：PAIN26316EN01S）处理完成：总托盘 1，指数达标 0，未达标 1，平均缺口 156.00，最大缺口 156.00，失败托盘互借修复成功 0。
  - KPI：near/mid/deep=0/0/1，救回率=0.00%，pair效率=0.00%。
  - 耗时拆解：packing=0.02s，main_topup=0.00s，retry=0.00s，failed_pool=0.00s，repack=0.00s，total=0.02s。
正在处理托盘类型：MH423C，销售订单号：PAIN26310GN01S
  - 主算法：全局列式装箱 + 柱级组合优化（GCP）。
  - 失败托盘互借诊断：未合并（no_target_or_single_plan）。
托盘类型 MH423C（销售订单号：PAIN26310GN01S）处理完成：总托盘 1，指数达标 0，未达标 1，平均缺口 64.00，最大缺口 64.00，失败托盘互借修复成功 0。
  - KPI：near/mid/deep=0/0/1，救回率=0.00%，pair效率=0.00%。
  - 耗时拆解：packing=1.00s，main_topup=0.00s，retry=0.00s，failed_pool=0.00s，repack=0.00s，total=1.00s。
正在处理托盘类型：MH423C，销售订单号：PAID16315AN01S
  - 该分组不适合列式（多非满柱）→ 回退 beam + 配方优先。
  - 配方优先[fast]：规划 0 实例，实装成功 0，配方路径不可用 → 采用基线方案。
  - 指数诊断：箱子 1 个，总指数 1，目标 192，理论最多达标托盘 0 个，剩余指数 1。
  - 几何诊断：典型整层堆叠单盘参考上限 1/192。 当前目标可能受托盘高度/箱型组合限制。
  - 几何诊断提示：典型整层参考值 1 < 目标 192；该值不是不可达证明，继续执行指数救援。
  - 失败托盘互借诊断：未合并（no_target_or_single_plan）。
托盘类型 MH423C（销售订单号：PAID16315AN01S）处理完成：总托盘 1，指数达标 0，未达标 1，平均缺口 191.00，最大缺口 191.00，失败托盘互借修复成功 0。
  - KPI：near/mid/deep=0/0/1，救回率=0.00%，pair效率=0.00%。
  - 耗时拆解：packing=0.00s，main_topup=0.00s，retry=0.00s，failed_pool=0.00s，repack=0.00s，total=0.00s。
  - 失败盘装满压实：合并/吸收 1 次（纯减盘数）。
  - 跨子组装满压实（MH423C / PAID16296DN01S）：合并 1 次（纯减盘数）。
============================================================
[WCS-拉] 20260727_144034：拉取接口 1 …
[WCS-拉] 原始响应已保存：D:\research_code\final\zhuang\packing-workspace\input\raw\20260727_144034.json
[WCS-拉] 已剔除 case_type≠MH423C 的品类 51 条（类型：['WR246']），保留 2087 条。
[WCS-DB] wcs_stock_box 已全量替换：清空 2079 → 插入 2087
[WCS-拉] wcs_stock_box 已全量替换：删 2079，插 2087。
[WCS-DB] wcs_stock_box_all product_code 已存在、跳过 2079 条
[WCS-拉] wcs_stock_box_all 追加：新插入 8，跳过已有 2079（历史不删）。
[WCS-拉] 库存有变化 → need_repack=True，唤醒装箱。
  - 跨子组条件双路径（MH423C / LAID16305EN01S）：采用严格更优完整路径。
  - 失败盘装满压实：合并/吸收 1 次（纯减盘数）。
  - 跨子组装满压实（MH423C / PAID16306DN01S）：合并 1 次（纯减盘数）。
  - 跨子组条件双路径（MH423C / LAID16305BN01S）：采用严格更优完整路径。
  - 失败盘装满压实：合并/吸收 1 次（纯减盘数）。
  - 跨子组装满压实（MH423C / LFEG16300IN03S）：合并 1 次（纯减盘数）。
  - 失败盘装满压实：合并/吸收 1 次（纯减盘数）。
  - 跨子组装满压实（MH423C / LAMY16305FN01S）：合并 1 次（纯减盘数）。
  - 失败盘装满压实：合并/吸收 1 次（纯减盘数）。
  - 跨子组装满压实（MH423C / LAID16305BN03S）：合并 1 次（纯减盘数）。
  - 失败盘装满压实：合并/吸收 1 次（纯减盘数）。
  - 跨子组装满压实（MH423C / LAID16306DN02S）：合并 1 次（纯减盘数）。
  - 跨子组 CP-SAT 目标子集（MH423C / LFEG16310IN03S）：采用严格更优候选。
  - 失败盘装满压实：合并/吸收 1 次（纯减盘数）。
  - 跨子组装满压实（MH423C / LFEG16310IN01S）：合并 1 次（纯减盘数）。
  - 失败盘装满压实：合并/吸收 1 次（纯减盘数）。
  - 跨子组装满压实（MH423C / LFEG16316AN02S）：合并 1 次（纯减盘数）。
  - 失败盘装满压实：合并/吸收 1 次（纯减盘数）。
  - 跨子组装满压实（MH423C / PAIN26310MZ05S）：合并 1 次（纯减盘数）。
  - 失败盘装满压实：合并/吸收 1 次（纯减盘数）。
  - 跨子组装满压实（MH423C / PEG086300LN01S）：合并 1 次（纯减盘数）。
  - 失败盘装满压实：合并/吸收 1 次（纯减盘数）。
  - 跨子组装满压实（MH423C / LAID16295EN01S）：合并 1 次（纯减盘数）。
  - 失败盘装满压实：合并/吸收 1 次（纯减盘数）。
  - 跨子组装满压实（MH423C / LAID16306DN03S）：合并 1 次（纯减盘数）。
  - 失败盘装满压实：合并/吸收 1 次（纯减盘数）。
  - 跨子组装满压实（MH423C / LAID16295EN02S）：合并 1 次（纯减盘数）。
========================================
统计汇总：总托盘 89，指数达标 7，未达标 82，未知 0，平均缺口 119.11，最大缺口 191.00，失败托盘互借修复成功 0
KPI汇总：near/mid/deep=0/8/74，pair尝试=0，pair改进=0，pair效率=0.00%
耗时汇总：packing=124.92s，main_topup=0.07s，retry=0.00s，repack=24.24s，end_to_end=326.76s
========================================
[WCS-装] SUCCESS 产品码 361 个，SUCCESS 盘 7，FAILED 盘 82。
[WCS-装] 本轮结束；将检查 need_repack 决定是否再算。
[WCS-装] 本轮方案已保存（success）：D:\research_code\final\zhuang\packing-workspace\output\success\packing_plan_20260727_143717.json
[执行规划] 产物目录：D:\research_code\final\zhuang\packing-workspace\output\success（success）
[执行规划] 开始：D:\research_code\zhuang-ui-m\.venvs\packing-realtime\python.exe D:\research_code\final\zhuang\packing-system\run_execution_planning.py D:\research_code\final\zhuang\packing-workspace\output\success\packing_plan_20260727_143717.json --config D:\research_code\final\zhuang\packing-workspace\runtime\packing-realtime\temp\ui_config_api_20260727_143710.yaml --output D:\research_code\final\zhuang\packing-workspace\output\success\packing_plan_20260727_143717_execution.json --wcs-output D:\research_code\final\zhuang\packing-workspace\output\success\packing_plan_20260727_143717_execution_wcs.json --wcs-map-output D:\research_code\final\zhuang\packing-workspace\output\success\packing_plan_20260727_143717_execution_wcs_map.json
[WCS-DB] wcs_success_box：product_code 已存在，跳过 68 行
[WCS-DB] wcs_success_box：本批候选 361 行，写入影响 293（含已存在跳过）。
[WCS-DB] wcs_box_orientation：本批候选 361 行，写入影响 361（含已存在跳过）。
[现场码垛] 新计算结果已入库，已清空旧码放队列 487 条
[现场会话] 新计算结果已入库，当前选定已清空，历史 4 盘保留
execution plan written: pallets=89 boxes=2079 reordered_pallets=73 path=D:\research_code\final\zhuang\packing-workspace\output\success\packing_plan_20260727_143717_execution.json
WCS execution cases written: D:\research_code\final\zhuang\packing-workspace\output\success\packing_plan_20260727_143717_execution_wcs.json
WCS execution plan map written: D:\research_code\final\zhuang\packing-workspace\output\success\packing_plan_20260727_143717_execution_wcs_map.json
execution scan deviations pallet='MH423C-LAID16306DN01S-1' count=1: expected='WCS-0002-YBB267-0000' selected='WCS-0592-DZX244-0000' box='WCS-0002-YBB267-0000' after='WCS-0592-DZX244-0000' reason=open_direction lookahead=true
execution scan deviations pallet='MH423C-LAID16306DN01S-2' count=2: expected='WCS-0247-YZX448-0000' selected='WCS-0207-DZX448-0000' box='WCS-0247-YZX448-0000' after='WCS-0207-DZX448-0000' reason=open_direction lookahead=true; expected='WCS-0209-DZX448-0000' selected='WCS-0351-DZX848-0000' box='WCS-0209-DZX448-0000' after='WCS-0351-DZX848-0000' reason=open_direction lookahead=true
execution scan deviations pallet='MH423C-LFEG16310IN02S-1' count=2: expected='WCS-1032-DZX428-0000' selected='WCS-1041-DZX428-0000' box='WCS-1032-DZX428-0000' after='WCS-1041-DZX428-0000' reason=open_direction lookahead=true; expected='WCS-1036-DZX428-0000' selected='WCS-1042-DZX428-0000' box='WCS-1036-DZX428-0000' after='WCS-1042-DZX428-0000' reason=open_direction lookahead=true
execution scan deviations pallet='MH423C-LAID16305BN02S-1' count=5: expected='WCS-0046-YZX448-0000' selected='WCS-0145-YZX444-0000' box='WCS-0046-YZX448-0000' after='WCS-0145-YZX444-0000' reason=open_direction lookahead=true; expected='WCS-0049-YZX448-0000' selected='WCS-1716-DZX444-0000' box='WCS-0049-YZX448-0000' after='WCS-1716-DZX444-0000' reason=open_direction lookahead=true; expected='WCS-0355-DZX448-0000' selected='WCS-0147-YZX444-0000' box='WCS-0355-DZX448-0000' after='WCS-0147-YZX444-0000' reason=open_direction lookahead=true; expected='WCS-0493-YBB125-0000' selected='WCS-0144-YZX444-0000' box='WCS-0493-YBB125-0000' after='WCS-0144-YZX444-0000' reason=open_direction lookahead=true; expected='WCS-1722-DZX424-0000' selected='WCS-1727-DZX424-0000' box='WCS-1722-DZX424-0000' after='WCS-1727-DZX424-0000' reason=open_direction lookahead=true
execution scan deviations pallet='MH423C-PAID16296DN01S-1' count=3: expected='WCS-0166-YZX448-0000' selected='WCS-0189-YZX448-0000' box='WCS-0166-YZX448-0000' after='WCS-0189-YZX448-0000' reason=open_direction lookahead=true; expected='WCS-0167-YZX448-0000' selected='WCS-0196-YZX448-0000' box='WCS-0167-YZX448-0000' after='WCS-0196-YZX448-0000' reason=open_direction lookahead=true; expected='WCS-0168-YZX448-0000' selected='WCS-0111-DZX248-0000' box='WCS-0168-YZX448-0000' after='WCS-0111-DZX248-0000' reason=open_direction lookahead=true
execution scan deviations pallet='MH423C-LAID16305EN01S-2' count=1: expected='WCS-0026-YBB258-0000' selected='WCS-1418-DZX428-0000' box='WCS-0026-YBB258-0000' after='WCS-1418-DZX428-0000' reason=open_direction lookahead=true
execution scan deviations pallet='MH423C-PAID16306DN01S-1' count=1: expected='WCS-0057-YZX448-0000' selected='WCS-0291-YZX848-0000' box='WCS-0057-YZX448-0000' after='WCS-0291-YZX848-0000' reason=open_direction lookahead=true
execution scan deviations pallet='MH423C-LAID16305BN01S-1' count=1: expected='WCS-0816-YBB077-0000' selected='WCS-1707-DZX444-0000' box='WCS-0816-YBB077-0000' after='WCS-1707-DZX444-0000' reason=open_direction lookahead=true
execution scan deviations pallet='MH423C-LAID16305BN01S-2' count=3: expected='WCS-0354-DZX448-0000' selected='WCS-0826-YBB077-0000' box='WCS-0354-DZX448-0000' after='WCS-0826-YBB077-0000' reason=open_direction lookahead=true; expected='WCS-0820-YBB077-0000' selected='WCS-1724-DZX848-0000' box='WCS-0820-YBB077-0000' after='WCS-1724-DZX848-0000' reason=open_direction lookahead=true; expected='WCS-0821-YBB077-0000' selected='WCS-0824-YBB077-0000' box='WCS-0821-YBB077-0000' after='WCS-0824-YBB077-0000' reason=open_direction lookahead=true
execution scan deviations pallet='MH423C-LFEG16300IN03S-1' count=6: expected='WCS-0329-YZX444-0000' selected='WCS-0345-YZX444-0000' box='WCS-0329-YZX444-0000' after='WCS-0345-YZX444-0000' reason=open_direction lookahead=true; expected='WCS-0330-YZX444-0000' selected='WCS-0344-YZX444-0000' box='WCS-0330-YZX444-0000' after='WCS-0344-YZX444-0000' reason=open_direction lookahead=true; expected='WCS-0321-YZX444-0000' selected='WCS-0278-YBB125-0000' box='WCS-0321-YZX444-0000' after='WCS-0278-YBB125-0000' reason=open_direction lookahead=true; expected='WCS-0356-DZX444-0000' selected='WCS-0290-YZX428-0000' box='WCS-0356-DZX444-0000' after='WCS-0290-YZX428-0000' reason=open_direction lookahead=true; expected='WCS-0326-YZX444-0000' selected='WCS-0324-YZX444-0000' box='WCS-0326-YZX444-0000' after='WCS-0324-YZX444-0000' reason=open_direction lookahead=true; expected='WCS-0509-YZX444-0000' selected='WCS-0333-YZX444-0000' box='WCS-0509-YZX444-0000' after='WCS-0333-YZX444-0000' reason=open_direction lookahead=true
execution scan deviations pallet='MH423C-LFEG16300IN03S-2' count=3: expected='WCS-1734-DZX448-0000' selected='WCS-0357-DZX448-0000' box='WCS-1734-DZX448-0000' after='WCS-0357-DZX448-0000' reason=open_direction lookahead=true; expected='WCS-1737-DZX448-0000' selected='WCS-0358-DZX448-0000' box='WCS-1737-DZX448-0000' after='WCS-0358-DZX448-0000' reason=open_direction lookahead=true; expected='WCS-0103-YBB135-0000' selected='WCS-1732-DZX448-0000' box='WCS-0103-YBB135-0000' after='WCS-1732-DZX448-0000' reason=open_direction lookahead=true
execution scan deviations pallet='MH423C-LAMY16305FN01S-1' count=4: expected='WCS-0267-DZX428-0000' selected='WCS-1680-DZX848-0000' box='WCS-0267-DZX428-0000' after='WCS-1680-DZX848-0000' reason=open_direction lookahead=true; expected='WCS-0268-DZX428-0000' selected='WCS-1689-DZX424-0000' box='WCS-0268-DZX428-0000' after='WCS-1689-DZX424-0000' reason=open_direction lookahead=true; expected='WCS-1679-DZX424-0000' selected='WCS-0123-YZX428-0000' box='WCS-1679-DZX424-0000' after='WCS-0123-YZX428-0000' reason=open_direction lookahead=true; expected='WCS-1681-DZX424-0000' selected='WCS-1685-DZX424-0000' box='WCS-1681-DZX424-0000' after='WCS-1685-DZX424-0000' reason=open_direction lookahead=true
execution scan deviations pallet='MH423C-LAID16306DN02S-1' count=3: expected='WCS-1596-DZX424-0000' selected='WCS-1587-DZX424-0000' box='WCS-1596-DZX424-0000' after='WCS-1587-DZX424-0000' reason=open_direction lookahead=true; expected='WCS-1597-DZX424-0000' selected='WCS-1588-DZX424-0000' box='WCS-1597-DZX424-0000' after='WCS-1588-DZX424-0000' reason=open_direction lookahead=true; expected='WCS-1598-DZX424-0000' selected='WCS-1589-DZX424-0000' box='WCS-1598-DZX424-0000' after='WCS-1589-DZX424-0000' reason=open_direction lookahead=true
execution scan deviations pallet='MH423C-LFEG16310IN03S-1' count=11: expected='WCS-0754-YZX507-0000' selected='WCS-1157-YZX424-0000' box='WCS-0754-YZX507-0000' after='WCS-1157-YZX424-0000' reason=open_direction lookahead=true; expected='WCS-1542-YZX444-0000' selected='WCS-0752-YZX507-0000' box='WCS-1542-YZX444-0000' after='WCS-0752-YZX507-0000' reason=open_direction lookahead=true; expected='WCS-1530-YZX444-0000' selected='WCS-1552-YZX444-0000' box='WCS-1530-YZX444-0000' after='WCS-1552-YZX444-0000' reason=open_direction lookahead=true; expected='WCS-0757-YZX507-0000' selected='WCS-1556-YZX444-0000' box='WCS-0757-YZX507-0000' after='WCS-1556-YZX444-0000' reason=open_direction lookahead=true; expected='WCS-1561-YZX444-0000' selected='WCS-0753-YZX507-0000' box='WCS-1561-YZX444-0000' after='WCS-0753-YZX507-0000' reason=open_direction lookahead=true; expected='WCS-1382-DZX444-0000' selected='WCS-1543-YZX444-0000' box='WCS-1382-DZX444-0000' after='WCS-1543-YZX444-0000' reason=open_direction lookahead=true; expected='WCS-1533-YZX444-0000' selected='WCS-1553-YZX444-0000' box='WCS-1533-YZX444-0000' after='WCS-1553-YZX444-0000' reason=open_direction lookahead=true; expected='WCS-1562-YZX444-0000' selected='WCS-1451-DZX448-0000' box='WCS-1562-YZX444-0000' after='WCS-1451-DZX448-0000' reason=open_direction lookahead=true; ...
execution scan deviations pallet='MH423C-LFEG16310IN03S-2' count=5: expected='WCS-0847-YBB005-0000' selected='WCS-1442-DZX448-0000' box='WCS-0847-YBB005-0000' after='WCS-1442-DZX448-0000' reason=open_direction lookahead=true; expected='WCS-1433-YZX428-0000' selected='WCS-0854-YBB005-0000' box='WCS-1433-YZX428-0000' after='WCS-0854-YBB005-0000' reason=hard_dependency; expected='WCS-1434-YZX428-0000' selected='WCS-0855-YBB005-0000' box='WCS-1434-YZX428-0000' after='WCS-0855-YBB005-0000' reason=hard_dependency; expected='WCS-0857-YBB005-0000' selected='WCS-1056-DZX428-0000' box='WCS-0857-YBB005-0000' after='WCS-1056-DZX428-0000' reason=open_direction lookahead=true; expected='WCS-1456-DZX444-0000' selected='WCS-1447-DZX248-0000' box='WCS-1456-DZX444-0000' after='WCS-1447-DZX248-0000' reason=open_direction lookahead=true
execution scan deviations pallet='MH423C-LFEG16310IN01S-1' count=5: expected='WCS-1477-DZX448-0000' selected='WCS-1476-DZX448-0000' box='WCS-1477-DZX448-0000' after='WCS-1476-DZX448-0000' reason=open_direction lookahead=true; expected='WCS-1482-DZX448-0000' selected='WCS-0876-DZX428-0000' box='WCS-1482-DZX448-0000' after='WCS-0876-DZX428-0000' reason=open_direction lookahead=true; expected='WCS-0869-DZX428-0000' selected='WCS-0881-DZX428-0000' box='WCS-0869-DZX428-0000' after='WCS-0881-DZX428-0000' reason=open_direction lookahead=true; expected='WCS-1487-DZX448-0000' selected='WCS-1486-DZX448-0000' box='WCS-1487-DZX448-0000' after='WCS-1486-DZX448-0000' reason=open_direction lookahead=true; expected='WCS-0873-DZX428-0000' selected='WCS-1385-DZX448-0000' box='WCS-0873-DZX428-0000' after='WCS-1385-DZX448-0000' reason=open_direction lookahead=true
execution scan deviations pallet='MH423C-LFEG16316AN02S-1' count=1: expected='WCS-1492-YZX444-0000' selected='WCS-1526-YZX444-0000' box='WCS-1492-YZX444-0000' after='WCS-1526-YZX444-0000' reason=open_direction lookahead=true
execution scan deviations pallet='MH423C-LFEG16316AN02S-2' count=1: expected='WCS-0617-DZX224-0000' selected='WCS-0292-YZX428-0000' box='WCS-0617-DZX224-0000' after='WCS-0292-YZX428-0000' reason=open_direction lookahead=true
execution scan deviations pallet='MH423C-LAID16315EN03S-1' count=1: expected='WCS-1264-DZX224-0000' selected='WCS-1884-YZX424-0000' box='WCS-1264-DZX224-0000' after='WCS-1884-YZX424-0000' reason=open_direction lookahead=true
execution scan deviations pallet='MH423C-PAIN26310MN01S-8' count=4: expected='WCS-1982-YZX507-0000' selected='WCS-1933-YZX424-0000' box='WCS-1982-YZX507-0000' after='WCS-1933-YZX424-0000' reason=open_direction lookahead=true; expected='WCS-1101-YZX522-0000' selected='WCS-1981-YZX507-0000' box='WCS-1101-YZX522-0000' after='WCS-1981-YZX507-0000' reason=open_direction lookahead=true; expected='WCS-1105-YZX522-0000' selected='WCS-1935-YZX424-0000' box='WCS-1105-YZX522-0000' after='WCS-1935-YZX424-0000' reason=open_direction lookahead=true; expected='WCS-1106-YZX522-0000' selected='WCS-1102-YZX522-0000' box='WCS-1106-YZX522-0000' after='WCS-1102-YZX522-0000' reason=open_direction lookahead=true
execution scan deviations pallet='MH423C-LAID16295EN01S-1' count=2: expected='WCS-0487-DZX424-0000' selected='WCS-0483-DZX848-0000' box='WCS-0487-DZX424-0000' after='WCS-0483-DZX848-0000' reason=open_direction lookahead=true; expected='WCS-0488-DZX424-0000' selected='WCS-0479-DZX448-0000' box='WCS-0488-DZX424-0000' after='WCS-0479-DZX448-0000' reason=open_direction lookahead=true
execution scan deviations pallet='MH423C-LAID16306DN03S-1' count=2: expected='WCS-1366-DZX424-0000' selected='WCS-1374-DZX424-0000' box='WCS-1366-DZX424-0000' after='WCS-1374-DZX424-0000' reason=open_direction lookahead=true; expected='WCS-1379-DZX424-0000' selected='WCS-0512-YZX224-0000' box='WCS-1379-DZX424-0000' after='WCS-0512-YZX224-0000' reason=open_direction lookahead=true
execution scan deviations pallet='MH423C-PAIN26316EC02S-1' count=4: expected='WCS-1778-YZX424-0000' selected='WCS-0910-YZX428-0000' box='WCS-1778-YZX424-0000' after='WCS-0910-YZX428-0000' reason=open_direction lookahead=true; expected='WCS-1779-YZX424-0000' selected='WCS-1845-YZX444-0000' box='WCS-1779-YZX424-0000' after='WCS-1845-YZX444-0000' reason=open_direction lookahead=true; expected='WCS-1780-YZX424-0000' selected='WCS-1846-YZX444-0000' box='WCS-1780-YZX424-0000' after='WCS-1846-YZX444-0000' reason=open_direction lookahead=true; expected='WCS-1917-YZX444-0000' selected='WCS-1777-YZX424-0000' box='WCS-1917-YZX444-0000' after='WCS-1777-YZX424-0000' reason=open_direction lookahead=true
execution scan deviations pallet='MH423C-PAIN26316EC02S-3' count=2: expected='WCS-1755-YZX424-0000' selected='WCS-0898-YZX428-0000' box='WCS-1755-YZX424-0000' after='WCS-0898-YZX428-0000' reason=open_direction lookahead=true; expected='WCS-1756-YZX424-0000' selected='WCS-0886-YZX424-0000' box='WCS-1756-YZX424-0000' after='WCS-0886-YZX424-0000' reason=open_direction lookahead=true
execution scan deviations pallet='MH423C-LFEG16316AN01S-1' count=1: expected='WCS-0618-DZX224-0000' selected='WCS-0619-DZX224-0000' box='WCS-0618-DZX224-0000' after='WCS-0619-DZX224-0000' reason=open_direction lookahead=true
execution scan deviations pallet='MH423C-LAID16316DN03S-1' count=3: expected='WCS-0711-YZX428-0000' selected='WCS-1966-YZX444-0000' box='WCS-0711-YZX428-0000' after='WCS-1966-YZX444-0000' reason=open_direction lookahead=true; expected='WCS-1863-YZX428-0000' selected='WCS-0809-YZX424-0000' box='WCS-1863-YZX428-0000' after='WCS-0809-YZX424-0000' reason=open_direction lookahead=true; expected='WCS-1861-YZX424-0000' selected='WCS-0813-YZX424-0000' box='WCS-1861-YZX424-0000' after='WCS-0813-YZX424-0000' reason=open_direction lookahead=true
execution scan deviations pallet='MH423C-LAID16316DN02S-1' count=4: expected='WCS-0765-YZX428-0000' selected='WCS-1953-YZX444-0000' box='WCS-0765-YZX428-0000' after='WCS-1953-YZX444-0000' reason=open_direction lookahead=true; expected='WCS-0769-YZX428-0000' selected='WCS-1880-YZX424-0000' box='WCS-0769-YZX428-0000' after='WCS-1880-YZX424-0000' reason=open_direction lookahead=true; expected='WCS-0773-YZX428-0000' selected='WCS-1869-YZX428-0000' box='WCS-0773-YZX428-0000' after='WCS-1869-YZX428-0000' reason=open_direction lookahead=true; expected='WCS-1870-YZX428-0000' selected='WCS-1893-YZX424-0000' box='WCS-1870-YZX428-0000' after='WCS-1893-YZX424-0000' reason=open_direction lookahead=true
execution scan deviations pallet='MH423C-PAIN26310BN01S-1' count=2: expected='WCS-1333-YZX424-0000' selected='WCS-1345-YZX424-0000' box='WCS-1333-YZX424-0000' after='WCS-1345-YZX424-0000' reason=open_direction lookahead=true; expected='WCS-1349-YZX424-0000' selected='WCS-1323-YZX424-0000' box='WCS-1349-YZX424-0000' after='WCS-1323-YZX424-0000' reason=open_direction lookahead=true
execution scan deviations pallet='MH423C-PAIN26290GN01S-1' count=1: expected='WCS-1263-YZX444-0000' selected='WCS-1438-YZX848-0000' box='WCS-1263-YZX444-0000' after='WCS-1438-YZX848-0000' reason=open_direction lookahead=true
execution scan deviations pallet='MH423C-PAIN26310GN01S-1' count=1: expected='WCS-1805-YZX424-0000' selected='WCS-1815-YZX424-0000' box='WCS-1805-YZX424-0000' after='WCS-1815-YZX424-0000' reason=open_direction lookahead=true
[执行规划] 已删除原方案（仅保留 execution）：packing_plan_20260727_143717.json
[执行规划] 完成；统一使用：D:\research_code\final\zhuang\packing-workspace\output\success\packing_plan_20260727_143717_execution.json
[WCS-装] 接口 2 使用执行顺序方案，发送体已保存：D:\research_code\final\zhuang\packing-workspace\output\success\wcs_plan_20260727_143717.json（89 个 case）
[WCS-装] 执行顺序方案执行层映射已保存：D:\research_code\final\zhuang\packing-workspace\output\success\wcs_plan_map_20260727_143717.json
[WCS-装] 已跳过接口 2 推送（仅本地保存）。
[UI-RESULT] D:\research_code\final\zhuang\packing-workspace\output\success\packing_plan_20260727_143717_execution.json
[WCS-装] 算完后 need_repack 仍为 True → 立即再算。
[WCS] 已加载 BMS 参考表：D:\research_code\final\zhuang\packing-workspace\data\selected_5000_boxes_9_1_concentrated_3orders.xlsx
============================================================
[WCS-装] 20260727_144251：库存行 2087 条，开始装箱 …
[WCS-装] 展开为 2087 个箱子。
数据预处理和箱子分组完成（按托盘类型+销售订单号）。
----------------------------------------
  - 组内子聚类：18 个混合订单拆出规则子集走 GCP、杂箱走 baseline。
正在处理托盘类型：MH423C，销售订单号：LAID16306DN01S
  - 主算法：全局列式装箱 + 柱级组合优化（GCP）。
  - 失败托盘互借诊断：未合并（aborted_no_improvement_possible）。
托盘类型 MH423C（销售订单号：LAID16306DN01S）处理完成：总托盘 2，指数达标 0，未达标 2，平均缺口 82.25，最大缺口 144.50，失败托盘互借修复成功 0。
  - KPI：near/mid/deep=0/1/1，救回率=0.00%，pair效率=0.00%。
  - 耗时拆解：packing=54.32s，main_topup=0.00s，retry=0.00s，failed_pool=0.00s，repack=2.39s，total=56.70s。
============================================================
[WCS-拉] 20260727_144355：拉取接口 1 …
[WCS-拉] 原始响应已保存：D:\research_code\final\zhuang\packing-workspace\input\raw\20260727_144355.json
[WCS-拉] 已剔除 case_type≠MH423C 的品类 51 条（类型：['WR246']），保留 2095 条。
[WCS-DB] wcs_stock_box 已全量替换：清空 2087 → 插入 2095
[WCS-拉] wcs_stock_box 已全量替换：删 2087，插 2095。
[WCS-DB] wcs_stock_box_all product_code 已存在、跳过 2088 条
[WCS-拉] wcs_stock_box_all 追加：新插入 7，跳过已有 2088（历史不删）。
[WCS-拉] 库存有变化 → need_repack=True，唤醒装箱。
  - 条件双路径棘轮：替代完整路径未严格改善，保留 GCP。
正在处理托盘类型：MH423C，销售订单号：LFEG16310IN02S
  - 主算法：全局列式装箱 + 柱级组合优化（GCP）。
  - 失败托盘互借诊断：未合并（no_target_or_single_plan）。
托盘类型 MH423C（销售订单号：LFEG16310IN02S）处理完成：总托盘 1，指数达标 0，未达标 1，平均缺口 77.00，最大缺口 77.00，失败托盘互借修复成功 0。
  - KPI：near/mid/deep=0/0/1，救回率=0.00%，pair效率=0.00%。
  - 耗时拆解：packing=1.33s，main_topup=0.00s，retry=0.00s，failed_pool=0.00s，repack=0.00s，total=1.33s。
正在处理托盘类型：MH423C，销售订单号：LFEG16310IN02S__SPLITREST__
  - 该分组不适合列式（多非满柱）→ 回退 beam + 配方优先。
  - 托盘 MH423C-LFEG16310IN02S__SPLITREST__-1 未找到可行装箱方案，启用剩余箱子守恒兜底。
  - 配方优先[fast]：规划 0 实例，实装成功 0，配方路径不可用 → 采用基线方案。
  - 指数诊断：箱子 5 个，总指数 7，目标 192，理论最多达标托盘 0 个，剩余指数 7。
  - 几何诊断：典型整层堆叠单盘参考上限 7/192。 当前目标可能受托盘高度/箱型组合限制。
  - 几何诊断提示：典型整层参考值 7 < 目标 192；该值不是不可达证明，继续执行指数救援。
  - 失败盘装满压实：合并/吸收 1 次（纯减盘数）。
  - 失败托盘互借诊断：未合并（aborted_no_improvement_possible）。
托盘类型 MH423C（销售订单号：LFEG16310IN02S__SPLITREST__）处理完成：总托盘 2，指数达标 0，未达标 2，平均缺口 188.50，最大缺口 189.00，失败托盘互借修复成功 0。
  - KPI：near/mid/deep=0/0/2，救回率=0.00%，pair效率=0.00%。
  - 耗时拆解：packing=0.01s，main_topup=0.00s，retry=0.00s，failed_pool=0.00s，repack=0.06s，total=0.09s。
正在处理托盘类型：MH423C，销售订单号：LAMY16315FN01S
  - 该分组不适合列式（多非满柱）→ 回退 beam + 配方优先。
  - 配方优先[fast]：规划 0 实例，实装成功 0，配方路径不可用 → 采用基线方案。
  - 指数诊断：箱子 25 个，总指数 91.5，目标 192，理论最多达标托盘 0 个，剩余指数 91.5。
  - 几何诊断：典型整层堆叠单盘参考上限 78/192。 当前目标可能受托盘高度/箱型组合限制。
  - 几何诊断提示：典型整层参考值 78 < 目标 192；该值不是不可达证明，继续执行指数救援。
  - 失败托盘互借诊断：未合并（no_target_or_single_plan）。
托盘类型 MH423C（销售订单号：LAMY16315FN01S）处理完成：总托盘 1，指数达标 0，未达标 1，平均缺口 100.50，最大缺口 100.50，失败托盘互借修复成功 0。
  - KPI：near/mid/deep=0/0/1，救回率=0.00%，pair效率=0.00%。
  - 耗时拆解：packing=0.23s，main_topup=0.00s，retry=0.00s，failed_pool=0.00s，repack=0.00s，total=0.23s。
正在处理托盘类型：MH423C，销售订单号：LAID16305BN02S
  - 主算法：全局列式装箱 + 柱级组合优化（GCP）。
  - 失败托盘互借诊断：未合并（no_target_or_single_plan）。
托盘类型 MH423C（销售订单号：LAID16305BN02S）处理完成：总托盘 1，指数达标 0，未达标 1，平均缺口 73.00，最大缺口 73.00，失败托盘互借修复成功 0。
  - KPI：near/mid/deep=0/0/1，救回率=0.00%，pair效率=0.00%。
  - 耗时拆解：packing=1.19s，main_topup=0.00s，retry=0.00s，failed_pool=0.00s，repack=0.00s，total=1.19s。
正在处理托盘类型：MH423C，销售订单号：PAID16296DN01S
  - 主算法：全局列式装箱 + 柱级组合优化（GCP）。
  - 失败托盘互借诊断：未合并（no_target_or_single_plan）。
托盘类型 MH423C（销售订单号：PAID16296DN01S）处理完成：总托盘 1，指数达标 0，未达标 1，平均缺口 132.50，最大缺口 132.50，失败托盘互借修复成功 0。
  - KPI：near/mid/deep=0/0/1，救回率=0.00%，pair效率=0.00%。
  - 耗时拆解：packing=1.23s，main_topup=0.00s，retry=0.00s，failed_pool=0.00s，repack=0.00s，total=1.23s。
正在处理托盘类型：MH423C，销售订单号：PAID16296DN01S__SPLITREST__
  - 该分组不适合列式（多非满柱）→ 回退 beam + 配方优先。
  - 配方优先[fast]：规划 0 实例，实装成功 0，配方路径不可用 → 采用基线方案。
  - 指数诊断：箱子 3 个，总指数 6，目标 192，理论最多达标托盘 0 个，剩余指数 6。
  - 几何诊断：典型整层堆叠单盘参考上限 6/192。 当前目标可能受托盘高度/箱型组合限制。
  - 几何诊断提示：典型整层参考值 6 < 目标 192；该值不是不可达证明，继续执行指数救援。
  - 失败托盘互借诊断：未合并（no_target_or_single_plan）。
托盘类型 MH423C（销售订单号：PAID16296DN01S__SPLITREST__）处理完成：总托盘 1，指数达标 0，未达标 1，平均缺口 186.00，最大缺口 186.00，失败托盘互借修复成功 0。
  - KPI：near/mid/deep=0/0/1，救回率=0.00%，pair效率=0.00%。
  - 耗时拆解：packing=0.00s，main_topup=0.00s，retry=0.00s，failed_pool=0.00s，repack=0.00s，total=0.01s。
正在处理托盘类型：MH423C，销售订单号：LAID16305EN01S
  - 主算法：全局列式装箱 + 柱级组合优化（GCP）。
  - 失败托盘互借诊断：未合并（not_better）。
托盘类型 MH423C（销售订单号：LAID16305EN01S）处理完成：总托盘 2，指数达标 0，未达标 2，平均缺口 105.00，最大缺口 172.00，失败托盘互借修复成功 0。
  - KPI：near/mid/deep=0/0/2，救回率=0.00%，pair效率=0.00%。
  - 耗时拆解：packing=0.61s，main_topup=0.00s，retry=0.00s，failed_pool=0.00s，repack=0.36s，total=0.98s。
正在处理托盘类型：MH423C，销售订单号：LAID16305EN01S__SPLITREST__
  - 该分组不适合列式（多非满柱）→ 回退 beam + 配方优先。
  - 配方优先[fast]：规划 0 实例，实装成功 0，配方路径不可用 → 采用基线方案。
  - 指数诊断：箱子 5 个，总指数 22.5，目标 192，理论最多达标托盘 0 个，剩余指数 22.5。
  - 几何诊断：典型整层堆叠单盘参考上限 22.5/192。 当前目标可能受托盘高度/箱型组合限制。
  - 几何诊断提示：典型整层参考值 22.5 < 目标 192；该值不是不可达证明，继续执行指数救援。
  - 失败托盘互借诊断：未合并（no_target_or_single_plan）。
托盘类型 MH423C（销售订单号：LAID16305EN01S__SPLITREST__）处理完成：总托盘 1，指数达标 0，未达标 1，平均缺口 169.50，最大缺口 169.50，失败托盘互借修复成功 0。
  - KPI：near/mid/deep=0/0/1，救回率=0.00%，pair效率=0.00%。
  - 耗时拆解：packing=0.01s，main_topup=0.00s，retry=0.00s，failed_pool=0.00s，repack=0.00s，total=0.01s。
正在处理托盘类型：MH423C，销售订单号：PAID16295EL05S
  - 该分组不适合列式（多非满柱）→ 回退 beam + 配方优先。
  - 配方优先[fast]：规划 0 实例，实装成功 0，配方路径不可用 → 采用基线方案。
  - 指数诊断：箱子 1 个，总指数 2，目标 192，理论最多达标托盘 0 个，剩余指数 2。
  - 几何诊断：典型整层堆叠单盘参考上限 2/192。 当前目标可能受托盘高度/箱型组合限制。
  - 几何诊断提示：典型整层参考值 2 < 目标 192；该值不是不可达证明，继续执行指数救援。
  - 失败托盘互借诊断：未合并（no_target_or_single_plan）。
托盘类型 MH423C（销售订单号：PAID16295EL05S）处理完成：总托盘 1，指数达标 0，未达标 1，平均缺口 190.00，最大缺口 190.00，失败托盘互借修复成功 0。
  - KPI：near/mid/deep=0/0/1，救回率=0.00%，pair效率=0.00%。
  - 耗时拆解：packing=0.00s，main_topup=0.00s，retry=0.00s，failed_pool=0.00s，repack=0.00s，total=0.00s。
正在处理托盘类型：MH423C，销售订单号：PAID16306DN01S
  - 主算法：全局列式装箱 + 柱级组合优化（GCP）。
  - 失败托盘互借诊断：未合并（no_target_or_single_plan）。
托盘类型 MH423C（销售订单号：PAID16306DN01S）处理完成：总托盘 1，指数达标 0，未达标 1，平均缺口 97.00，最大缺口 97.00，失败托盘互借修复成功 0。
  - KPI：near/mid/deep=0/0/1，救回率=0.00%，pair效率=0.00%。
  - 耗时拆解：packing=1.59s，main_topup=0.00s，retry=0.00s，failed_pool=0.00s，repack=0.00s，total=1.59s。
正在处理托盘类型：MH423C，销售订单号：PAID16306DN01S__SPLITREST__
  - 该分组不适合列式（多非满柱）→ 回退 beam + 配方优先。
  - 配方优先[fast]：规划 0 实例，实装成功 0，配方路径不可用 → 采用基线方案。
  - 指数诊断：箱子 2 个，总指数 1，目标 192，理论最多达标托盘 0 个，剩余指数 1。
  - 几何诊断：典型整层堆叠单盘参考上限 1/192。 当前目标可能受托盘高度/箱型组合限制。
  - 几何诊断提示：典型整层参考值 1 < 目标 192；该值不是不可达证明，继续执行指数救援。
  - 失败托盘互借诊断：未合并（no_target_or_single_plan）。
托盘类型 MH423C（销售订单号：PAID16306DN01S__SPLITREST__）处理完成：总托盘 1，指数达标 0，未达标 1，平均缺口 191.00，最大缺口 191.00，失败托盘互借修复成功 0。
  - KPI：near/mid/deep=0/0/1，救回率=0.00%，pair效率=0.00%。
  - 耗时拆解：packing=0.00s，main_topup=0.00s，retry=0.00s，failed_pool=0.00s，repack=0.00s，total=0.00s。
正在处理托盘类型：MH423C，销售订单号：PAID16300FN01S
  - 该分组不适合列式（多非满柱）→ 回退 beam + 配方优先。
  - 配方优先[fast]：规划 0 实例，实装成功 0，配方路径不可用 → 采用基线方案。
  - 指数诊断：箱子 12 个，总指数 27，目标 192，理论最多达标托盘 0 个，剩余指数 27。
  - 几何诊断：典型整层堆叠单盘参考上限 27/192。 当前目标可能受托盘高度/箱型组合限制。
  - 几何诊断提示：典型整层参考值 27 < 目标 192；该值不是不可达证明，继续执行指数救援。
  - 失败托盘互借诊断：未合并（no_target_or_single_plan）。
托盘类型 MH423C（销售订单号：PAID16300FN01S）处理完成：总托盘 1，指数达标 0，未达标 1，平均缺口 165.00，最大缺口 165.00，失败托盘互借修复成功 0。
  - KPI：near/mid/deep=0/0/1，救回率=0.00%，pair效率=0.00%。
  - 耗时拆解：packing=0.05s，main_topup=0.00s，retry=0.00s，failed_pool=0.00s，repack=0.00s，total=0.05s。
正在处理托盘类型：MH423C，销售订单号：PAID16295BD02S
  - 主算法：全局列式装箱 + 柱级组合优化（GCP）。
  - 失败托盘互借诊断：未合并（no_target_or_single_plan）。
托盘类型 MH423C（销售订单号：PAID16295BD02S）处理完成：总托盘 1，指数达标 0，未达标 1，平均缺口 156.00，最大缺口 156.00，失败托盘互借修复成功 0。
  - KPI：near/mid/deep=0/0/1，救回率=0.00%，pair效率=0.00%。
  - 耗时拆解：packing=0.06s，main_topup=0.00s，retry=0.00s，failed_pool=0.00s，repack=0.00s，total=0.06s。
正在处理托盘类型：MH423C，销售订单号：LAID16305BN01S
  - 主算法：全局列式装箱 + 柱级组合优化（GCP）。
  - 失败托盘互借诊断：未合并（aborted_no_improvement_possible）。
托盘类型 MH423C（销售订单号：LAID16305BN01S）处理完成：总托盘 2，指数达标 0，未达标 2，平均缺口 101.50，最大缺口 178.00，失败托盘互借修复成功 0。
  - KPI：near/mid/deep=0/0/2，救回率=0.00%，pair效率=0.00%。
  - 耗时拆解：packing=1.71s，main_topup=0.00s，retry=0.00s，failed_pool=0.00s，repack=1.27s，total=2.98s。
正在处理托盘类型：MH423C，销售订单号：LAID16305BN01S__SPLITREST__
  - 该分组不适合列式（多非满柱）→ 回退 beam + 配方优先。
  - 配方优先[fast]：规划 0 实例，实装成功 0，配方路径不可用 → 采用基线方案。
  - 指数诊断：箱子 12 个，总指数 48，目标 192，理论最多达标托盘 0 个，剩余指数 48。
  - 几何诊断：典型整层堆叠单盘参考上限 48/192。 当前目标可能受托盘高度/箱型组合限制。
  - 几何诊断提示：典型整层参考值 48 < 目标 192；该值不是不可达证明，继续执行指数救援。
  - 失败托盘互借诊断：未合并（no_target_or_single_plan）。
托盘类型 MH423C（销售订单号：LAID16305BN01S__SPLITREST__）处理完成：总托盘 1，指数达标 0，未达标 1，平均缺口 144.00，最大缺口 144.00，失败托盘互借修复成功 0。
  - KPI：near/mid/deep=0/0/1，救回率=0.00%，pair效率=0.00%。
  - 耗时拆解：packing=0.00s，main_topup=0.00s，retry=0.00s，failed_pool=0.00s，repack=0.00s，total=0.00s。
正在处理托盘类型：MH423C，销售订单号：LFEG16300IN03S
  - 主算法：全局列式装箱 + 柱级组合优化（GCP）。
  - GCP 盘数远超理论（CP-SAT 装不满）→ 回退 baseline beam + 配方优先。
  - 配方优先[fast]：规划 0 实例，实装成功 0，配方路径不可用 → 采用基线方案。
  - 指数诊断：箱子 66 个，总指数 158，目标 192，理论最多达标托盘 0 个，剩余指数 158。
  - 几何诊断：典型整层堆叠单盘参考上限 116/192。 当前目标可能受托盘高度/箱型组合限制。
  - 几何诊断提示：典型整层参考值 116 < 目标 192；该值不是不可达证明，继续执行指数救援。
  - 失败托盘互借诊断：未合并（aborted_no_improvement_possible）。
托盘类型 MH423C（销售订单号：LFEG16300IN03S）处理完成：总托盘 2，指数达标 0，未达标 2，平均缺口 113.00，最大缺口 184.00，失败托盘互借修复成功 0。
  - KPI：near/mid/deep=0/0/2，救回率=0.00%，pair效率=0.00%。
  - 耗时拆解：packing=0.62s，main_topup=0.01s，retry=0.00s，failed_pool=0.00s，repack=1.23s，total=5.28s。
正在处理托盘类型：MH423C，销售订单号：LFEG16300IN03S__SPLITREST__
  - 该分组不适合列式（多非满柱）→ 回退 beam + 配方优先。
  - 配方优先[fast]：规划 0 实例，实装成功 0，配方路径不可用 → 采用基线方案。
  - 指数诊断：箱子 3 个，总指数 4.5，目标 192，理论最多达标托盘 0 个，剩余指数 4.5。
  - 几何诊断：典型整层堆叠单盘参考上限 4.5/192。 当前目标可能受托盘高度/箱型组合限制。
  - 几何诊断提示：典型整层参考值 4.5 < 目标 192；该值不是不可达证明，继续执行指数救援。
  - 失败托盘互借诊断：未合并（no_target_or_single_plan）。
托盘类型 MH423C（销售订单号：LFEG16300IN03S__SPLITREST__）处理完成：总托盘 1，指数达标 0，未达标 1，平均缺口 187.50，最大缺口 187.50，失败托盘互借修复成功 0。
  - KPI：near/mid/deep=0/0/1，救回率=0.00%，pair效率=0.00%。
  - 耗时拆解：packing=0.00s，main_topup=0.00s，retry=0.00s，failed_pool=0.00s，repack=0.00s，total=0.01s。
正在处理托盘类型：MH423C，销售订单号：LAMY16305FN01S
  - 主算法：全局列式装箱 + 柱级组合优化（GCP）。
  - 失败托盘互借诊断：未合并（no_target_or_single_plan）。
托盘类型 MH423C（销售订单号：LAMY16305FN01S）处理完成：总托盘 1，指数达标 0，未达标 1，平均缺口 85.00，最大缺口 85.00，失败托盘互借修复成功 0。
  - KPI：near/mid/deep=0/0/1，救回率=0.00%，pair效率=0.00%。
  - 耗时拆解：packing=0.24s，main_topup=0.00s，retry=0.00s，failed_pool=0.00s，repack=0.00s，total=0.24s。
正在处理托盘类型：MH423C，销售订单号：LAMY16305FN01S__SPLITREST__
  - 该分组不适合列式（多非满柱）→ 回退 beam + 配方优先。
  - 配方优先[fast]：规划 0 实例，实装成功 0，配方路径不可用 → 采用基线方案。
  - 指数诊断：箱子 6 个，总指数 12，目标 192，理论最多达标托盘 0 个，剩余指数 12。
  - 几何诊断：典型整层堆叠单盘参考上限 12/192。 当前目标可能受托盘高度/箱型组合限制。
  - 几何诊断提示：典型整层参考值 12 < 目标 192；该值不是不可达证明，继续执行指数救援。
  - 失败托盘互借诊断：未合并（no_target_or_single_plan）。
托盘类型 MH423C（销售订单号：LAMY16305FN01S__SPLITREST__）处理完成：总托盘 1，指数达标 0，未达标 1，平均缺口 180.00，最大缺口 180.00，失败托盘互借修复成功 0。
  - KPI：near/mid/deep=0/0/1，救回率=0.00%，pair效率=0.00%。
  - 耗时拆解：packing=0.02s，main_topup=0.00s，retry=0.00s，failed_pool=0.00s，repack=0.00s，total=0.02s。
正在处理托盘类型：MH423C，销售订单号：LAID16305BN03S
  - 主算法：全局列式装箱 + 柱级组合优化（GCP）。
  - 失败托盘互借诊断：未合并（no_target_or_single_plan）。
托盘类型 MH423C（销售订单号：LAID16305BN03S）处理完成：总托盘 1，指数达标 0，未达标 1，平均缺口 92.00，最大缺口 92.00，失败托盘互借修复成功 0。
  - KPI：near/mid/deep=0/0/1，救回率=0.00%，pair效率=0.00%。
  - 耗时拆解：packing=0.23s，main_topup=0.00s，retry=0.00s，failed_pool=0.00s，repack=0.00s，total=0.23s。
正在处理托盘类型：MH423C，销售订单号：LAID16305BN03S__SPLITREST__
  - 该分组不适合列式（多非满柱）→ 回退 beam + 配方优先。
  - 配方优先[fast]：规划 0 实例，实装成功 0，配方路径不可用 → 采用基线方案。
  - 指数诊断：箱子 2 个，总指数 1.5，目标 192，理论最多达标托盘 0 个，剩余指数 1.5。
  - 几何诊断：典型整层堆叠单盘参考上限 1.5/192。 当前目标可能受托盘高度/箱型组合限制。
  - 几何诊断提示：典型整层参考值 1.5 < 目标 192；该值不是不可达证明，继续执行指数救援。
  - 失败托盘互借诊断：未合并（no_target_or_single_plan）。
托盘类型 MH423C（销售订单号：LAID16305BN03S__SPLITREST__）处理完成：总托盘 1，指数达标 0，未达标 1，平均缺口 190.50，最大缺口 190.50，失败托盘互借修复成功 0。
  - KPI：near/mid/deep=0/0/1，救回率=0.00%，pair效率=0.00%。
  - 耗时拆解：packing=0.00s，main_topup=0.00s，retry=0.00s，failed_pool=0.00s，repack=0.00s，total=0.00s。
正在处理托盘类型：MH423C，销售订单号：PAID163008N01S
  - 该分组不适合列式（多非满柱）→ 回退 beam + 配方优先。
  - 配方优先[fast]：规划 0 实例，实装成功 0，配方路径不可用 → 采用基线方案。
  - 指数诊断：箱子 1 个，总指数 1，目标 192，理论最多达标托盘 0 个，剩余指数 1。
  - 几何诊断：典型整层堆叠单盘参考上限 1/192。 当前目标可能受托盘高度/箱型组合限制。
  - 几何诊断提示：典型整层参考值 1 < 目标 192；该值不是不可达证明，继续执行指数救援。
  - 失败托盘互借诊断：未合并（no_target_or_single_plan）。
托盘类型 MH423C（销售订单号：PAID163008N01S）处理完成：总托盘 1，指数达标 0，未达标 1，平均缺口 191.00，最大缺口 191.00，失败托盘互借修复成功 0。
  - KPI：near/mid/deep=0/0/1，救回率=0.00%，pair效率=0.00%。
  - 耗时拆解：packing=0.00s，main_topup=0.00s，retry=0.00s，failed_pool=0.00s，repack=0.00s，total=0.00s。
正在处理托盘类型：MH423C，销售订单号：PAID16305EC01S
  - 该分组不适合列式（多非满柱）→ 回退 beam + 配方优先。
  - 配方优先[fast]：规划 0 实例，实装成功 0，配方路径不可用 → 采用基线方案。
  - 指数诊断：箱子 2 个，总指数 2，目标 192，理论最多达标托盘 0 个，剩余指数 2。
  - 几何诊断：典型整层堆叠单盘参考上限 2/192。 当前目标可能受托盘高度/箱型组合限制。
  - 几何诊断提示：典型整层参考值 2 < 目标 192；该值不是不可达证明，继续执行指数救援。
  - 失败托盘互借诊断：未合并（no_target_or_single_plan）。
托盘类型 MH423C（销售订单号：PAID16305EC01S）处理完成：总托盘 1，指数达标 0，未达标 1，平均缺口 190.00，最大缺口 190.00，失败托盘互借修复成功 0。
  - KPI：near/mid/deep=0/0/1，救回率=0.00%，pair效率=0.00%。
  - 耗时拆解：packing=0.00s，main_topup=0.00s，retry=0.00s，failed_pool=0.00s，repack=0.00s，total=0.00s。
正在处理托盘类型：MH423C，销售订单号：LFEG16300IN01S
  - 该分组不适合列式（多非满柱）→ 回退 beam + 配方优先。
  - 配方优先[fast]：规划 0 实例，实装成功 0，配方路径不可用 → 采用基线方案。
  - 指数诊断：箱子 4 个，总指数 5，目标 192，理论最多达标托盘 0 个，剩余指数 5。
  - 几何诊断：典型整层堆叠单盘参考上限 5/192。 当前目标可能受托盘高度/箱型组合限制。
  - 几何诊断提示：典型整层参考值 5 < 目标 192；该值不是不可达证明，继续执行指数救援。
  - 失败托盘互借诊断：未合并（no_target_or_single_plan）。
托盘类型 MH423C（销售订单号：LFEG16300IN01S）处理完成：总托盘 1，指数达标 0，未达标 1，平均缺口 187.00，最大缺口 187.00，失败托盘互借修复成功 0。
  - KPI：near/mid/deep=0/0/1，救回率=0.00%，pair效率=0.00%。
  - 耗时拆解：packing=0.00s，main_topup=0.00s，retry=0.00s，failed_pool=0.00s，repack=0.00s，total=0.02s。
正在处理托盘类型：MH423C，销售订单号：LAID16306DN02S
  - 主算法：全局列式装箱 + 柱级组合优化（GCP）。
  - 失败托盘互借诊断：未合并（no_target_or_single_plan）。
托盘类型 MH423C（销售订单号：LAID16306DN02S）处理完成：总托盘 1，指数达标 0，未达标 1，平均缺口 62.00，最大缺口 62.00，失败托盘互借修复成功 0。
  - KPI：near/mid/deep=0/0/1，救回率=0.00%，pair效率=0.00%。
  - 耗时拆解：packing=0.31s，main_topup=0.00s，retry=0.00s，failed_pool=0.00s，repack=0.00s，total=0.31s。
正在处理托盘类型：MH423C，销售订单号：LAID16306DN02S__SPLITREST__
  - 该分组不适合列式（多非满柱）→ 回退 beam + 配方优先。
  - 托盘 MH423C-LAID16306DN02S__SPLITREST__-1 未找到可行装箱方案，启用剩余箱子守恒兜底。
  - 配方优先[fast]：规划 0 实例，实装成功 0，配方路径不可用 → 采用基线方案。
  - 指数诊断：箱子 5 个，总指数 6，目标 192，理论最多达标托盘 0 个，剩余指数 6。
  - 几何诊断：典型整层堆叠单盘参考上限 6/192。 当前目标可能受托盘高度/箱型组合限制。
  - 几何诊断提示：典型整层参考值 6 < 目标 192；该值不是不可达证明，继续执行指数救援。
  - 失败盘装满压实：合并/吸收 2 次（纯减盘数）。
  - 失败托盘互借诊断：未合并（aborted_no_improvement_possible）。
托盘类型 MH423C（销售订单号：LAID16306DN02S__SPLITREST__）处理完成：总托盘 1，指数达标 0，未达标 1，平均缺口 186.00，最大缺口 186.00，失败托盘互借修复成功 0。
  - KPI：near/mid/deep=0/0/1，救回率=0.00%，pair效率=0.00%。
  - 耗时拆解：packing=0.01s，main_topup=0.00s，retry=0.00s，failed_pool=0.00s，repack=0.06s，total=0.09s。
正在处理托盘类型：MH423C，销售订单号：LFEG16310IN03S
  - 主算法：全局列式装箱 + 柱级组合优化（GCP）。
  - 失败托盘互借诊断：未合并（aborted_no_improvement_possible）。
托盘类型 MH423C（销售订单号：LFEG16310IN03S）处理完成：总托盘 2，指数达标 0，未达标 2，平均缺口 81.00，最大缺口 150.00，失败托盘互借修复成功 0。
  - KPI：near/mid/deep=0/1/1，救回率=0.00%，pair效率=0.00%。
  - 耗时拆解：packing=4.40s，main_topup=0.00s，retry=0.00s，failed_pool=0.00s，repack=5.21s，total=9.61s。
  - 条件双路径棘轮：替代完整路径未严格改善，保留 GCP。
正在处理托盘类型：MH423C，销售订单号：LFEG16310IN03S__SPLITREST__
  - 该分组不适合列式（多非满柱）→ 回退 beam + 配方优先。
  - 配方优先[fast]：规划 0 实例，实装成功 0，配方路径不可用 → 采用基线方案。
  - 指数诊断：箱子 17 个，总指数 23，目标 192，理论最多达标托盘 0 个，剩余指数 23。
  - 几何诊断：典型整层堆叠单盘参考上限 23/192。 当前目标可能受托盘高度/箱型组合限制。
  - 几何诊断提示：典型整层参考值 23 < 目标 192；该值不是不可达证明，继续执行指数救援。
  - 失败托盘互借诊断：未合并（no_target_or_single_plan）。
托盘类型 MH423C（销售订单号：LFEG16310IN03S__SPLITREST__）处理完成：总托盘 1，指数达标 0，未达标 1，平均缺口 169.00，最大缺口 169.00，失败托盘互借修复成功 0。
  - KPI：near/mid/deep=0/0/1，救回率=0.00%，pair效率=0.00%。
  - 耗时拆解：packing=0.08s，main_topup=0.00s，retry=0.00s，failed_pool=0.00s，repack=0.00s，total=0.08s。
正在处理托盘类型：MH423C，销售订单号：LFEG16310IN01S
  - 主算法：全局列式装箱 + 柱级组合优化（GCP）。
  - 失败托盘互借诊断：未合并（no_target_or_single_plan）。
托盘类型 MH423C（销售订单号：LFEG16310IN01S）处理完成：总托盘 1，指数达标 0，未达标 1，平均缺口 106.00，最大缺口 106.00，失败托盘互借修复成功 0。
  - KPI：near/mid/deep=0/0/1，救回率=0.00%，pair效率=0.00%。
  - 耗时拆解：packing=0.58s，main_topup=0.00s，retry=0.00s，failed_pool=0.00s，repack=0.00s，total=0.58s。
正在处理托盘类型：MH423C，销售订单号：LFEG16310IN01S__SPLITREST__
  - 该分组不适合列式（多非满柱）→ 回退 beam + 配方优先。
  - 配方优先[fast]：规划 0 实例，实装成功 0，配方路径不可用 → 采用基线方案。
  - 指数诊断：箱子 3 个，总指数 4.5，目标 192，理论最多达标托盘 0 个，剩余指数 4.5。
  - 几何诊断：典型整层堆叠单盘参考上限 4.5/192。 当前目标可能受托盘高度/箱型组合限制。
  - 几何诊断提示：典型整层参考值 4.5 < 目标 192；该值不是不可达证明，继续执行指数救援。
  - 失败托盘互借诊断：未合并（no_target_or_single_plan）。
托盘类型 MH423C（销售订单号：LFEG16310IN01S__SPLITREST__）处理完成：总托盘 1，指数达标 0，未达标 1，平均缺口 187.50，最大缺口 187.50，失败托盘互借修复成功 0。
  - KPI：near/mid/deep=0/0/1，救回率=0.00%，pair效率=0.00%。
  - 耗时拆解：packing=0.00s，main_topup=0.00s，retry=0.00s，failed_pool=0.00s，repack=0.00s，total=0.01s。
正在处理托盘类型：MH423C，销售订单号：PAID16295EN06S
  - 该分组不适合列式（多非满柱）→ 回退 beam + 配方优先。
  - 配方优先[fast]：规划 0 实例，实装成功 0，配方路径不可用 → 采用基线方案。
  - 指数诊断：箱子 3 个，总指数 3，目标 192，理论最多达标托盘 0 个，剩余指数 3。
  - 几何诊断：典型整层堆叠单盘参考上限 3/192。 当前目标可能受托盘高度/箱型组合限制。
  - 几何诊断提示：典型整层参考值 3 < 目标 192；该值不是不可达证明，继续执行指数救援。
  - 失败托盘互借诊断：未合并（no_target_or_single_plan）。
托盘类型 MH423C（销售订单号：PAID16295EN06S）处理完成：总托盘 1，指数达标 0，未达标 1，平均缺口 189.00，最大缺口 189.00，失败托盘互借修复成功 0。
  - KPI：near/mid/deep=0/0/1，救回率=0.00%，pair效率=0.00%。
  - 耗时拆解：packing=0.00s，main_topup=0.00s，retry=0.00s，failed_pool=0.00s，repack=0.00s，total=0.01s。
正在处理托盘类型：MH423C，销售订单号：LFEG16316AN02S
  - 主算法：全局列式装箱 + 柱级组合优化（GCP）。
  - 失败托盘互借诊断：未合并（aborted_no_improvement_possible）。
托盘类型 MH423C（销售订单号：LFEG16316AN02S）处理完成：总托盘 2，指数达标 0，未达标 2，平均缺口 103.00，最大缺口 184.00，失败托盘互借修复成功 0。
  - KPI：near/mid/deep=0/1/1，救回率=0.00%，pair效率=0.00%。
  - 耗时拆解：packing=1.57s，main_topup=0.00s，retry=0.00s，failed_pool=0.00s，repack=1.25s，total=2.83s。
正在处理托盘类型：MH423C，销售订单号：LFEG16316AN02S__SPLITREST__
  - 该分组不适合列式（多非满柱）→ 回退 beam + 配方优先。
  - 配方优先[fast]：规划 0 实例，实装成功 0，配方路径不可用 → 采用基线方案。
  - 指数诊断：箱子 3 个，总指数 6，目标 192，理论最多达标托盘 0 个，剩余指数 6。
  - 几何诊断：典型整层堆叠单盘参考上限 6/192。 当前目标可能受托盘高度/箱型组合限制。
  - 几何诊断提示：典型整层参考值 6 < 目标 192；该值不是不可达证明，继续执行指数救援。
  - 失败托盘互借诊断：未合并（no_target_or_single_plan）。
托盘类型 MH423C（销售订单号：LFEG16316AN02S__SPLITREST__）处理完成：总托盘 1，指数达标 0，未达标 1，平均缺口 186.00，最大缺口 186.00，失败托盘互借修复成功 0。
  - KPI：near/mid/deep=0/0/1，救回率=0.00%，pair效率=0.00%。
  - 耗时拆解：packing=0.00s，main_topup=0.00s，retry=0.00s，failed_pool=0.00s，repack=0.00s，total=0.01s。
正在处理托盘类型：MH423C，销售订单号：LAID16315EN01S
  - 主算法：全局列式装箱 + 柱级组合优化（GCP）。
  - 失败托盘互借诊断：未合并（less_than_2_consolidatable）。
托盘类型 MH423C（销售订单号：LAID16315EN01S）处理完成：总托盘 2，指数达标 1，未达标 1，平均缺口 176.00，最大缺口 176.00，失败托盘互借修复成功 0。
  - KPI：near/mid/deep=0/0/1，救回率=0.00%，pair效率=0.00%。
  - 耗时拆解：packing=30.57s，main_topup=0.00s，retry=0.00s，failed_pool=0.00s，repack=0.00s，total=30.57s。
正在处理托盘类型：MH423C，销售订单号：LAID16315EN02S
  - 主算法：全局列式装箱 + 柱级组合优化（GCP）。
  - 失败托盘互借诊断：未合并（aborted_no_improvement_possible）。
托盘类型 MH423C（销售订单号：LAID16315EN02S）处理完成：总托盘 2，指数达标 0，未达标 2，平均缺口 88.50，最大缺口 165.00，失败托盘互借修复成功 0。
  - KPI：near/mid/deep=0/1/1，救回率=0.00%，pair效率=0.00%。
  - 耗时拆解：packing=5.94s，main_topup=0.00s，retry=0.00s，failed_pool=0.00s，repack=0.87s，total=6.81s。
  - 条件双路径棘轮：替代完整路径未严格改善，保留 GCP。
正在处理托盘类型：MH423C，销售订单号：PAIN26310MZ05S
  - 主算法：全局列式装箱 + 柱级组合优化（GCP）。
  - 失败托盘互借诊断：未合并（no_target_or_single_plan）。
托盘类型 MH423C（销售订单号：PAIN26310MZ05S）处理完成：总托盘 1，指数达标 0，未达标 1，平均缺口 132.00，最大缺口 132.00，失败托盘互借修复成功 0。
  - KPI：near/mid/deep=0/0/1，救回率=0.00%，pair效率=0.00%。
  - 耗时拆解：packing=0.05s，main_topup=0.00s，retry=0.00s，failed_pool=0.00s，repack=0.00s，total=0.05s。
正在处理托盘类型：MH423C，销售订单号：PAIN26310MZ05S__SPLITREST__
  - 该分组不适合列式（多非满柱）→ 回退 beam + 配方优先。
  - 配方优先[fast]：规划 0 实例，实装成功 0，配方路径不可用 → 采用基线方案。
  - 指数诊断：箱子 1 个，总指数 2，目标 192，理论最多达标托盘 0 个，剩余指数 2。
  - 几何诊断：典型整层堆叠单盘参考上限 2/192。 当前目标可能受托盘高度/箱型组合限制。
  - 几何诊断提示：典型整层参考值 2 < 目标 192；该值不是不可达证明，继续执行指数救援。
  - 失败托盘互借诊断：未合并（no_target_or_single_plan）。
托盘类型 MH423C（销售订单号：PAIN26310MZ05S__SPLITREST__）处理完成：总托盘 1，指数达标 0，未达标 1，平均缺口 190.00，最大缺口 190.00，失败托盘互借修复成功 0。
  - KPI：near/mid/deep=0/0/1，救回率=0.00%，pair效率=0.00%。
  - 耗时拆解：packing=0.00s，main_topup=0.00s，retry=0.00s，failed_pool=0.00s，repack=0.00s，total=0.00s。
正在处理托盘类型：MH423C，销售订单号：LAID16315EN03S
  - 主算法：全局列式装箱 + 柱级组合优化（GCP）。
  - 失败托盘互借诊断：未合并（no_target_or_single_plan）。
托盘类型 MH423C（销售订单号：LAID16315EN03S）处理完成：总托盘 1，指数达标 0，未达标 1，平均缺口 68.00，最大缺口 68.00，失败托盘互借修复成功 0。
  - KPI：near/mid/deep=0/0/1，救回率=0.00%，pair效率=0.00%。
  - 耗时拆解：packing=0.08s，main_topup=0.00s，retry=0.00s，failed_pool=0.00s，repack=0.00s，total=0.08s。
正在处理托盘类型：MH423C，销售订单号：PEG086300LN01S
  - 主算法：全局列式装箱 + 柱级组合优化（GCP）。
  - GCP 盘数远超理论（CP-SAT 装不满）→ 回退 baseline beam + 配方优先。
  - 配方优先[fast]：规划 0 实例，实装成功 0，配方路径不可用 → 采用基线方案。
  - 指数诊断：箱子 3 个，总指数 12，目标 192，理论最多达标托盘 0 个，剩余指数 12。
  - 几何诊断：典型整层堆叠单盘参考上限 12/192。 当前目标可能受托盘高度/箱型组合限制。
  - 几何诊断提示：典型整层参考值 12 < 目标 192；该值不是不可达证明，继续执行指数救援。
  - 失败托盘互借诊断：未合并（no_target_or_single_plan）。
托盘类型 MH423C（销售订单号：PEG086300LN01S）处理完成：总托盘 1，指数达标 0，未达标 1，平均缺口 180.00，最大缺口 180.00，失败托盘互借修复成功 0。
  - KPI：near/mid/deep=0/0/1，救回率=0.00%，pair效率=0.00%。
  - 耗时拆解：packing=0.00s，main_topup=0.00s，retry=0.00s，failed_pool=0.00s，repack=0.00s，total=0.01s。
正在处理托盘类型：MH423C，销售订单号：PEG086300LN01S__SPLITREST__
  - 该分组不适合列式（多非满柱）→ 回退 beam + 配方优先。
  - 配方优先[fast]：规划 0 实例，实装成功 0，配方路径不可用 → 采用基线方案。
  - 指数诊断：箱子 1 个，总指数 1，目标 192，理论最多达标托盘 0 个，剩余指数 1。
  - 几何诊断：典型整层堆叠单盘参考上限 1/192。 当前目标可能受托盘高度/箱型组合限制。
  - 几何诊断提示：典型整层参考值 1 < 目标 192；该值不是不可达证明，继续执行指数救援。
  - 失败托盘互借诊断：未合并（no_target_or_single_plan）。
托盘类型 MH423C（销售订单号：PEG086300LN01S__SPLITREST__）处理完成：总托盘 1，指数达标 0，未达标 1，平均缺口 191.00，最大缺口 191.00，失败托盘互借修复成功 0。
  - KPI：near/mid/deep=0/0/1，救回率=0.00%，pair效率=0.00%。
  - 耗时拆解：packing=0.00s，main_topup=0.00s，retry=0.00s，failed_pool=0.00s，repack=0.00s，total=0.00s。
正在处理托盘类型：MH423C，销售订单号：PAID16295BN01S
  - 主算法：全局列式装箱 + 柱级组合优化（GCP）。
  - 失败托盘互借诊断：未合并（no_target_or_single_plan）。
托盘类型 MH423C（销售订单号：PAID16295BN01S）处理完成：总托盘 1，指数达标 0，未达标 1，平均缺口 40.00，最大缺口 40.00，失败托盘互借修复成功 0。
  - KPI：near/mid/deep=0/0/1，救回率=0.00%，pair效率=0.00%。
  - 耗时拆解：packing=0.53s，main_topup=0.00s，retry=0.00s，failed_pool=0.00s，repack=0.00s，total=0.53s。
正在处理托盘类型：MH423C，销售订单号：PAIN26310MN01S
  - 该分组不适合列式（多非满柱）→ 回退 beam + 配方优先。
  - 配方优先[fast]：规划 3 实例，实装成功 3，失败回兜底 0；达标 3，直接采用配方方案（基线未跑，--safe 可审计对比）。
  - 指数诊断：箱子 293 个，总指数 2473，目标 192，理论最多达标托盘 12 个，剩余指数 169。
  - 几何诊断：典型整层堆叠单盘参考上限 192/192。
  - 失败托盘互借诊断：未合并（aborted_no_improvement_possible）。
托盘类型 MH423C（销售订单号：PAIN26310MN01S）处理完成：总托盘 16，指数达标 3，未达标 13，平均缺口 46.08，最大缺口 81.00，失败托盘互借修复成功 0。
  - KPI：near/mid/deep=0/2/11，救回率=0.00%，pair效率=0.00%。
  - 耗时拆解：packing=1.22s，main_topup=0.02s，retry=0.00s，failed_pool=0.46s，repack=7.43s，total=8.68s。
正在处理托盘类型：MH423C，销售订单号：PAID162708N01S
  - 该分组不适合列式（多非满柱）→ 回退 beam + 配方优先。
  - 配方优先[fast]：规划 0 实例，实装成功 0，配方路径不可用 → 采用基线方案。
  - 指数诊断：箱子 2 个，总指数 8，目标 192，理论最多达标托盘 0 个，剩余指数 8。
  - 几何诊断：典型整层堆叠单盘参考上限 8/192。 当前目标可能受托盘高度/箱型组合限制。
  - 几何诊断提示：典型整层参考值 8 < 目标 192；该值不是不可达证明，继续执行指数救援。
  - 失败托盘互借诊断：未合并（no_target_or_single_plan）。
托盘类型 MH423C（销售订单号：PAID162708N01S）处理完成：总托盘 1，指数达标 0，未达标 1，平均缺口 184.00，最大缺口 184.00，失败托盘互借修复成功 0。
  - KPI：near/mid/deep=0/0/1，救回率=0.00%，pair效率=0.00%。
  - 耗时拆解：packing=0.00s，main_topup=0.00s，retry=0.00s，failed_pool=0.00s，repack=0.00s，total=0.00s。
正在处理托盘类型：MH423C，销售订单号：PAID16290FN01S
  - 该分组不适合列式（多非满柱）→ 回退 beam + 配方优先。
  - 配方优先[fast]：规划 0 实例，实装成功 0，配方路径不可用 → 采用基线方案。
  - 指数诊断：箱子 5 个，总指数 20，目标 192，理论最多达标托盘 0 个，剩余指数 20。
  - 几何诊断：典型整层堆叠单盘参考上限 20/192。 当前目标可能受托盘高度/箱型组合限制。
  - 几何诊断提示：典型整层参考值 20 < 目标 192；该值不是不可达证明，继续执行指数救援。
  - 失败托盘互借诊断：未合并（no_target_or_single_plan）。
托盘类型 MH423C（销售订单号：PAID16290FN01S）处理完成：总托盘 1，指数达标 0，未达标 1，平均缺口 172.00，最大缺口 172.00，失败托盘互借修复成功 0。
  - KPI：near/mid/deep=0/0/1，救回率=0.00%，pair效率=0.00%。
  - 耗时拆解：packing=0.00s，main_topup=0.00s，retry=0.00s，failed_pool=0.00s，repack=0.00s，total=0.02s。
正在处理托盘类型：MH423C，销售订单号：LAID16295EN01S
  - 主算法：全局列式装箱 + 柱级组合优化（GCP）。
  - 失败托盘互借诊断：未合并（no_target_or_single_plan）。
托盘类型 MH423C（销售订单号：LAID16295EN01S）处理完成：总托盘 1，指数达标 0，未达标 1，平均缺口 159.00，最大缺口 159.00，失败托盘互借修复成功 0。
  - KPI：near/mid/deep=0/0/1，救回率=0.00%，pair效率=0.00%。
  - 耗时拆解：packing=0.07s，main_topup=0.00s，retry=0.00s，failed_pool=0.00s，repack=0.00s，total=0.07s。
正在处理托盘类型：MH423C，销售订单号：LAID16295EN01S__SPLITREST__
  - 该分组不适合列式（多非满柱）→ 回退 beam + 配方优先。
  - 配方优先[fast]：规划 0 实例，实装成功 0，配方路径不可用 → 采用基线方案。
  - 指数诊断：箱子 3 个，总指数 1.5，目标 192，理论最多达标托盘 0 个，剩余指数 1.5。
  - 几何诊断：典型整层堆叠单盘参考上限 1.5/192。 当前目标可能受托盘高度/箱型组合限制。
  - 几何诊断提示：典型整层参考值 1.5 < 目标 192；该值不是不可达证明，继续执行指数救援。
  - 失败托盘互借诊断：未合并（no_target_or_single_plan）。
托盘类型 MH423C（销售订单号：LAID16295EN01S__SPLITREST__）处理完成：总托盘 1，指数达标 0，未达标 1，平均缺口 190.50，最大缺口 190.50，失败托盘互借修复成功 0。
  - KPI：near/mid/deep=0/0/1，救回率=0.00%，pair效率=0.00%。
  - 耗时拆解：packing=0.00s，main_topup=0.00s，retry=0.00s，failed_pool=0.00s，repack=0.00s，total=0.01s。
正在处理托盘类型：MH423C，销售订单号：PAID16300FC02S
  - 该分组不适合列式（多非满柱）→ 回退 beam + 配方优先。
  - 托盘 MH423C-PAID16300FC02S-1 未找到可行装箱方案，启用剩余箱子守恒兜底。
  - 配方优先[fast]：规划 0 实例，实装成功 0，配方路径不可用 → 采用基线方案。
  - 指数诊断：箱子 5 个，总指数 14，目标 192，理论最多达标托盘 0 个，剩余指数 14。
  - 几何诊断：典型整层堆叠单盘参考上限 14/192。 当前目标可能受托盘高度/箱型组合限制。
  - 几何诊断提示：典型整层参考值 14 < 目标 192；该值不是不可达证明，继续执行指数救援。
  - 失败盘装满压实：合并/吸收 2 次（纯减盘数）。
  - 失败托盘互借诊断：未合并（aborted_no_improvement_possible）。
托盘类型 MH423C（销售订单号：PAID16300FC02S）处理完成：总托盘 1，指数达标 0，未达标 1，平均缺口 178.00，最大缺口 178.00，失败托盘互借修复成功 0。
  - KPI：near/mid/deep=0/0/1，救回率=0.00%，pair效率=0.00%。
  - 耗时拆解：packing=0.01s，main_topup=0.00s，retry=0.00s，failed_pool=0.00s，repack=0.07s，total=0.11s。
正在处理托盘类型：MH423C，销售订单号：LAID16294AN01S
  - 主算法：全局列式装箱 + 柱级组合优化（GCP）。
  - 失败托盘互借诊断：未合并（no_target_or_single_plan）。
托盘类型 MH423C（销售订单号：LAID16294AN01S）处理完成：总托盘 1，指数达标 0，未达标 1，平均缺口 171.00，最大缺口 171.00，失败托盘互借修复成功 0。
  - KPI：near/mid/deep=0/0/1，救回率=0.00%，pair效率=0.00%。
  - 耗时拆解：packing=0.01s，main_topup=0.00s，retry=0.00s，failed_pool=0.00s，repack=0.00s，total=0.01s。
正在处理托盘类型：MH423C，销售订单号：PAIN26310GC02S
  - 主算法：全局列式装箱 + 柱级组合优化（GCP）。
  - 失败托盘互借诊断：未合并（no_target_or_single_plan）。
托盘类型 MH423C（销售订单号：PAIN26310GC02S）处理完成：总托盘 1，指数达标 0，未达标 1，平均缺口 80.00，最大缺口 80.00，失败托盘互借修复成功 0。
  - KPI：near/mid/deep=0/0/1，救回率=0.00%，pair效率=0.00%。
  - 耗时拆解：packing=0.29s，main_topup=0.00s，retry=0.00s，failed_pool=0.00s，repack=0.00s，total=0.29s。
正在处理托盘类型：MH423C，销售订单号：LAID16306DN03S
  - 主算法：全局列式装箱 + 柱级组合优化（GCP）。
  - 失败托盘互借诊断：未合并（no_target_or_single_plan）。
托盘类型 MH423C（销售订单号：LAID16306DN03S）处理完成：总托盘 1，指数达标 0，未达标 1，平均缺口 76.00，最大缺口 76.00，失败托盘互借修复成功 0。
  - KPI：near/mid/deep=0/0/1，救回率=0.00%，pair效率=0.00%。
  - 耗时拆解：packing=0.29s，main_topup=0.00s，retry=0.00s，failed_pool=0.00s，repack=0.00s，total=0.29s。
正在处理托盘类型：MH423C，销售订单号：LAID16306DN03S__SPLITREST__
  - 该分组不适合列式（多非满柱）→ 回退 beam + 配方优先。
  - 配方优先[fast]：规划 0 实例，实装成功 0，配方路径不可用 → 采用基线方案。
  - 指数诊断：箱子 4 个，总指数 7，目标 192，理论最多达标托盘 0 个，剩余指数 7。
  - 几何诊断：典型整层堆叠单盘参考上限 7/192。 当前目标可能受托盘高度/箱型组合限制。
  - 几何诊断提示：典型整层参考值 7 < 目标 192；该值不是不可达证明，继续执行指数救援。
  - 失败托盘互借诊断：未合并（no_target_or_single_plan）。
托盘类型 MH423C（销售订单号：LAID16306DN03S__SPLITREST__）处理完成：总托盘 1，指数达标 0，未达标 1，平均缺口 185.00，最大缺口 185.00，失败托盘互借修复成功 0。
  - KPI：near/mid/deep=0/0/1，救回率=0.00%，pair效率=0.00%。
  - 耗时拆解：packing=0.00s，main_topup=0.00s，retry=0.00s，failed_pool=0.00s，repack=0.00s，total=0.02s。
正在处理托盘类型：MH423C，销售订单号：PAIN26316EC02S
  - 主算法：全局列式装箱 + 柱级组合优化（GCP）。
  - 失败托盘互借诊断：未合并（less_than_2_consolidatable）。
托盘类型 MH423C（销售订单号：PAIN26316EC02S）处理完成：总托盘 3，指数达标 2，未达标 1，平均缺口 84.00，最大缺口 84.00，失败托盘互借修复成功 0。
  - KPI：near/mid/deep=0/0/1，救回率=0.00%，pair效率=0.00%。
  - 耗时拆解：packing=5.91s，main_topup=0.00s，retry=0.00s，failed_pool=0.00s，repack=0.01s，total=5.92s。
正在处理托盘类型：MH423C，销售订单号：LAID16296DN01S
  - 该分组不适合列式（多非满柱）→ 回退 beam + 配方优先。
  - 托盘 MH423C-LAID16296DN01S-1 未找到可行装箱方案，启用剩余箱子守恒兜底。
  - 配方优先[fast]：规划 0 实例，实装成功 0，配方路径不可用 → 采用基线方案。
  - 指数诊断：箱子 5 个，总指数 5，目标 192，理论最多达标托盘 0 个，剩余指数 5。
  - 几何诊断：典型整层堆叠单盘参考上限 5/192。 当前目标可能受托盘高度/箱型组合限制。
  - 几何诊断提示：典型整层参考值 5 < 目标 192；该值不是不可达证明，继续执行指数救援。
  - 失败盘装满压实：合并/吸收 2 次（纯减盘数）。
  - 失败托盘互借诊断：未合并（aborted_no_improvement_possible）。
托盘类型 MH423C（销售订单号：LAID16296DN01S）处理完成：总托盘 1，指数达标 0，未达标 1，平均缺口 187.00，最大缺口 187.00，失败托盘互借修复成功 0。
  - KPI：near/mid/deep=0/0/1，救回率=0.00%，pair效率=0.00%。
  - 耗时拆解：packing=0.01s，main_topup=0.00s，retry=0.00s，failed_pool=0.00s，repack=0.06s，total=0.10s。
正在处理托盘类型：MH423C，销售订单号：LAID16296DN03S
  - 该分组不适合列式（多非满柱）→ 回退 beam + 配方优先。
  - 配方优先[fast]：规划 0 实例，实装成功 0，配方路径不可用 → 采用基线方案。
  - 指数诊断：箱子 4 个，总指数 4，目标 192，理论最多达标托盘 0 个，剩余指数 4。
  - 几何诊断：典型整层堆叠单盘参考上限 4/192。 当前目标可能受托盘高度/箱型组合限制。
  - 几何诊断提示：典型整层参考值 4 < 目标 192；该值不是不可达证明，继续执行指数救援。
  - 失败托盘互借诊断：未合并（no_target_or_single_plan）。
托盘类型 MH423C（销售订单号：LAID16296DN03S）处理完成：总托盘 1，指数达标 0，未达标 1，平均缺口 188.00，最大缺口 188.00，失败托盘互借修复成功 0。
  - KPI：near/mid/deep=0/0/1，救回率=0.00%，pair效率=0.00%。
  - 耗时拆解：packing=0.00s，main_topup=0.00s，retry=0.00s，failed_pool=0.00s，repack=0.00s，total=0.02s。
正在处理托盘类型：MH423C，销售订单号：LAID16296DN02S
  - 该分组不适合列式（多非满柱）→ 回退 beam + 配方优先。
  - 配方优先[fast]：规划 0 实例，实装成功 0，配方路径不可用 → 采用基线方案。
  - 指数诊断：箱子 1 个，总指数 1，目标 192，理论最多达标托盘 0 个，剩余指数 1。
  - 几何诊断：典型整层堆叠单盘参考上限 1/192。 当前目标可能受托盘高度/箱型组合限制。
  - 几何诊断提示：典型整层参考值 1 < 目标 192；该值不是不可达证明，继续执行指数救援。
  - 失败托盘互借诊断：未合并（no_target_or_single_plan）。
托盘类型 MH423C（销售订单号：LAID16296DN02S）处理完成：总托盘 1，指数达标 0，未达标 1，平均缺口 191.00，最大缺口 191.00，失败托盘互借修复成功 0。
  - KPI：near/mid/deep=0/0/1，救回率=0.00%，pair效率=0.00%。
  - 耗时拆解：packing=0.00s，main_topup=0.00s，retry=0.00s，failed_pool=0.00s，repack=0.00s，total=0.00s。
正在处理托盘类型：MH423C，销售订单号：LAID16295EN02S
  - 主算法：全局列式装箱 + 柱级组合优化（GCP）。
  - 失败托盘互借诊断：未合并（no_target_or_single_plan）。
托盘类型 MH423C（销售订单号：LAID16295EN02S）处理完成：总托盘 1，指数达标 0，未达标 1，平均缺口 180.00，最大缺口 180.00，失败托盘互借修复成功 0。
  - KPI：near/mid/deep=0/0/1，救回率=0.00%，pair效率=0.00%。
  - 耗时拆解：packing=0.01s，main_topup=0.00s，retry=0.00s，failed_pool=0.00s，repack=0.00s，total=0.01s。
正在处理托盘类型：MH423C，销售订单号：LAID16295EN02S__SPLITREST__
  - 该分组不适合列式（多非满柱）→ 回退 beam + 配方优先。
  - 配方优先[fast]：规划 0 实例，实装成功 0，配方路径不可用 → 采用基线方案。
  - 指数诊断：箱子 3 个，总指数 3，目标 192，理论最多达标托盘 0 个，剩余指数 3。
  - 几何诊断：典型整层堆叠单盘参考上限 3/192。 当前目标可能受托盘高度/箱型组合限制。
  - 几何诊断提示：典型整层参考值 3 < 目标 192；该值不是不可达证明，继续执行指数救援。
  - 失败托盘互借诊断：未合并（no_target_or_single_plan）。
托盘类型 MH423C（销售订单号：LAID16295EN02S__SPLITREST__）处理完成：总托盘 1，指数达标 0，未达标 1，平均缺口 189.00，最大缺口 189.00，失败托盘互借修复成功 0。
  - KPI：near/mid/deep=0/0/1，救回率=0.00%，pair效率=0.00%。
  - 耗时拆解：packing=0.00s，main_topup=0.00s，retry=0.00s，failed_pool=0.00s，repack=0.00s，total=0.01s。
正在处理托盘类型：MH423C，销售订单号：LFEG16316AN01S
  - 主算法：全局列式装箱 + 柱级组合优化（GCP）。
  - 失败托盘互借诊断：未合并（no_target_or_single_plan）。
托盘类型 MH423C（销售订单号：LFEG16316AN01S）处理完成：总托盘 1，指数达标 0，未达标 1，平均缺口 144.00，最大缺口 144.00，失败托盘互借修复成功 0。
  - KPI：near/mid/deep=0/0/1，救回率=0.00%，pair效率=0.00%。
  - 耗时拆解：packing=0.03s，main_topup=0.00s，retry=0.00s，failed_pool=0.00s，repack=0.00s，total=0.03s。
正在处理托盘类型：MH423C，销售订单号：LFEG16300IN02S
  - 主算法：全局列式装箱 + 柱级组合优化（GCP）。
  - 失败托盘互借诊断：未合并（no_target_or_single_plan）。
托盘类型 MH423C（销售订单号：LFEG16300IN02S）处理完成：总托盘 1，指数达标 0，未达标 1，平均缺口 161.00，最大缺口 161.00，失败托盘互借修复成功 0。
  - KPI：near/mid/deep=0/0/1，救回率=0.00%，pair效率=0.00%。
  - 耗时拆解：packing=0.05s，main_topup=0.00s，retry=0.00s，failed_pool=0.00s，repack=0.00s，total=0.05s。
正在处理托盘类型：MH423C，销售订单号：LAID16316DN01S
  - 主算法：全局列式装箱 + 柱级组合优化（GCP）。
  - 失败托盘互借诊断：未合并（no_target_or_single_plan）。
托盘类型 MH423C（销售订单号：LAID16316DN01S）处理完成：总托盘 1，指数达标 0，未达标 1，平均缺口 146.00，最大缺口 146.00，失败托盘互借修复成功 0。
  - KPI：near/mid/deep=0/0/1，救回率=0.00%，pair效率=0.00%。
  - 耗时拆解：packing=0.09s，main_topup=0.00s，retry=0.00s，failed_pool=0.00s，repack=0.00s，total=0.09s。
正在处理托盘类型：MH423C，销售订单号：LAID16316DN03S
  - 主算法：全局列式装箱 + 柱级组合优化（GCP）。
  - GCP 盘数远超理论（CP-SAT 装不满）→ 回退 baseline beam + 配方优先。
  - 配方优先[fast]：规划 0 实例，实装成功 0，配方路径不可用 → 采用基线方案。
  - 指数诊断：箱子 37 个，总指数 104，目标 192，理论最多达标托盘 0 个，剩余指数 104。
  - 几何诊断：典型整层堆叠单盘参考上限 104/192。 当前目标可能受托盘高度/箱型组合限制。
  - 几何诊断提示：典型整层参考值 104 < 目标 192；该值不是不可达证明，继续执行指数救援。
  - 失败托盘互借诊断：未合并（no_target_or_single_plan）。
托盘类型 MH423C（销售订单号：LAID16316DN03S）处理完成：总托盘 1，指数达标 0，未达标 1，平均缺口 88.00，最大缺口 88.00，失败托盘互借修复成功 0。
  - KPI：near/mid/deep=0/0/1，救回率=0.00%，pair效率=0.00%。
  - 耗时拆解：packing=0.29s，main_topup=0.01s，retry=0.00s，failed_pool=0.00s，repack=0.00s，total=1.67s。
正在处理托盘类型：MH423C，销售订单号：LAID16316DN03S__SPLITREST__
  - 该分组不适合列式（多非满柱）→ 回退 beam + 配方优先。
  - 配方优先[fast]：规划 0 实例，实装成功 0，配方路径不可用 → 采用基线方案。
  - 指数诊断：箱子 2 个，总指数 32，目标 192，理论最多达标托盘 0 个，剩余指数 32。
  - 几何诊断：典型整层堆叠单盘参考上限 32/192。 当前目标可能受托盘高度/箱型组合限制。
  - 几何诊断提示：典型整层参考值 32 < 目标 192；该值不是不可达证明，继续执行指数救援。
  - 失败托盘互借诊断：未合并（no_target_or_single_plan）。
托盘类型 MH423C（销售订单号：LAID16316DN03S__SPLITREST__）处理完成：总托盘 1，指数达标 0，未达标 1，平均缺口 160.00，最大缺口 160.00，失败托盘互借修复成功 0。
  - KPI：near/mid/deep=0/0/1，救回率=0.00%，pair效率=0.00%。
  - 耗时拆解：packing=0.00s，main_topup=0.00s，retry=0.00s，failed_pool=0.00s，repack=0.00s，total=0.01s。
正在处理托盘类型：MH423C，销售订单号：PEG166300LN01S
  - 主算法：全局列式装箱 + 柱级组合优化（GCP）。
  - 失败托盘互借诊断：未合并（no_target_or_single_plan）。
托盘类型 MH423C（销售订单号：PEG166300LN01S）处理完成：总托盘 1，指数达标 0，未达标 1，平均缺口 68.00，最大缺口 68.00，失败托盘互借修复成功 0。
  - KPI：near/mid/deep=0/0/1，救回率=0.00%，pair效率=0.00%。
  - 耗时拆解：packing=0.37s，main_topup=0.00s，retry=0.00s，failed_pool=0.00s，repack=0.00s，total=0.37s。
正在处理托盘类型：MH423C，销售订单号：PAIN26296EN01S
  - 该分组不适合列式（多非满柱）→ 回退 beam + 配方优先。
  - 配方优先[fast]：规划 0 实例，实装成功 0，配方路径不可用 → 采用基线方案。
  - 指数诊断：箱子 1 个，总指数 1，目标 192，理论最多达标托盘 0 个，剩余指数 1。
  - 几何诊断：典型整层堆叠单盘参考上限 1/192。 当前目标可能受托盘高度/箱型组合限制。
  - 几何诊断提示：典型整层参考值 1 < 目标 192；该值不是不可达证明，继续执行指数救援。
  - 失败托盘互借诊断：未合并（no_target_or_single_plan）。
托盘类型 MH423C（销售订单号：PAIN26296EN01S）处理完成：总托盘 1，指数达标 0，未达标 1，平均缺口 191.00，最大缺口 191.00，失败托盘互借修复成功 0。
  - KPI：near/mid/deep=0/0/1，救回率=0.00%，pair效率=0.00%。
  - 耗时拆解：packing=0.00s，main_topup=0.00s，retry=0.00s，failed_pool=0.00s，repack=0.00s，total=0.00s。
正在处理托盘类型：MH423C，销售订单号：LAID16316DN02S
  - 主算法：全局列式装箱 + 柱级组合优化（GCP）。
  - 失败托盘互借诊断：未合并（aborted_no_improvement_possible）。
托盘类型 MH423C（销售订单号：LAID16316DN02S）处理完成：总托盘 2，指数达标 0，未达标 2，平均缺口 150.00，最大缺口 188.00，失败托盘互借修复成功 0。
  - KPI：near/mid/deep=0/0/2，救回率=0.00%，pair效率=0.00%。
  - 耗时拆解：packing=0.43s，main_topup=0.00s，retry=0.00s，failed_pool=0.00s，repack=0.46s，total=0.89s。
正在处理托盘类型：MH423C，销售订单号：PAID163108N01S
  - 该分组不适合列式（多非满柱）→ 回退 beam + 配方优先。
  - 配方优先[fast]：规划 0 实例，实装成功 0，配方路径不可用 → 采用基线方案。
  - 指数诊断：箱子 14 个，总指数 39，目标 192，理论最多达标托盘 0 个，剩余指数 39。
  - 几何诊断：典型整层堆叠单盘参考上限 34/192。 当前目标可能受托盘高度/箱型组合限制。
  - 几何诊断提示：典型整层参考值 34 < 目标 192；该值不是不可达证明，继续执行指数救援。
  - 失败托盘互借诊断：未合并（no_target_or_single_plan）。
托盘类型 MH423C（销售订单号：PAID163108N01S）处理完成：总托盘 1，指数达标 0，未达标 1，平均缺口 153.00，最大缺口 153.00，失败托盘互借修复成功 0。
  - KPI：near/mid/deep=0/0/1，救回率=0.00%，pair效率=0.00%。
  - 耗时拆解：packing=0.08s，main_topup=0.00s，retry=0.00s，failed_pool=0.00s，repack=0.00s，total=0.08s。
正在处理托盘类型：MH423C，销售订单号：PAIN26310BC02S
  - 主算法：全局列式装箱 + 柱级组合优化（GCP）。
  - 失败托盘互借诊断：未合并（no_target_or_single_plan）。
托盘类型 MH423C（销售订单号：PAIN26310BC02S）处理完成：总托盘 1，指数达标 0，未达标 1，平均缺口 144.00，最大缺口 144.00，失败托盘互借修复成功 0。
  - KPI：near/mid/deep=0/0/1，救回率=0.00%，pair效率=0.00%。
  - 耗时拆解：packing=0.03s，main_topup=0.00s，retry=0.00s，failed_pool=0.00s，repack=0.00s，total=0.03s。
正在处理托盘类型：MH423C，销售订单号：PAIN26310MN08S
  - 主算法：全局列式装箱 + 柱级组合优化（GCP）。
  - GCP 盘数远超理论（CP-SAT 装不满）→ 回退 baseline beam + 配方优先。
  - 配方优先[fast]：规划 0 实例，实装成功 0，配方路径不可用 → 采用基线方案。
  - 指数诊断：箱子 6 个，总指数 6，目标 192，理论最多达标托盘 0 个，剩余指数 6。
  - 几何诊断：典型整层堆叠单盘参考上限 6/192。 当前目标可能受托盘高度/箱型组合限制。
  - 几何诊断提示：典型整层参考值 6 < 目标 192；该值不是不可达证明，继续执行指数救援。
  - 失败托盘互借诊断：未合并（no_target_or_single_plan）。
托盘类型 MH423C（销售订单号：PAIN26310MN08S）处理完成：总托盘 1，指数达标 0，未达标 1，平均缺口 186.00，最大缺口 186.00，失败托盘互借修复成功 0。
  - KPI：near/mid/deep=0/0/1，救回率=0.00%，pair效率=0.00%。
  - 耗时拆解：packing=0.01s，main_topup=0.00s，retry=0.00s，failed_pool=0.00s，repack=0.00s，total=0.06s。
正在处理托盘类型：MH423C，销售订单号：PAIN26296EC02S
  - 主算法：全局列式装箱 + 柱级组合优化（GCP）。
  - 失败托盘互借诊断：未合并（no_target_or_single_plan）。
托盘类型 MH423C（销售订单号：PAIN26296EC02S）处理完成：总托盘 1，指数达标 0，未达标 1，平均缺口 116.00，最大缺口 116.00，失败托盘互借修复成功 0。
  - KPI：near/mid/deep=0/0/1，救回率=0.00%，pair效率=0.00%。
  - 耗时拆解：packing=0.15s，main_topup=0.00s，retry=0.00s，failed_pool=0.00s，repack=0.00s，total=0.15s。
正在处理托盘类型：MH423C，销售订单号：PAID16305BN01S
  - 该分组不适合列式（多非满柱）→ 回退 beam + 配方优先。
  - 托盘 MH423C-PAID16305BN01S-1 未找到可行装箱方案，启用剩余箱子守恒兜底。
  - 配方优先[fast]：规划 0 实例，实装成功 0，配方路径不可用 → 采用基线方案。
  - 指数诊断：箱子 7 个，总指数 5.5，目标 192，理论最多达标托盘 0 个，剩余指数 5.5。
  - 几何诊断：典型整层堆叠单盘参考上限 5.5/192。 当前目标可能受托盘高度/箱型组合限制。
  - 几何诊断提示：典型整层参考值 5.5 < 目标 192；该值不是不可达证明，继续执行指数救援。
  - 失败盘装满压实：合并/吸收 1 次（纯减盘数）。
  - 失败托盘互借诊断：未合并（aborted_no_improvement_possible）。
托盘类型 MH423C（销售订单号：PAID16305BN01S）处理完成：总托盘 2，指数达标 0，未达标 2，平均缺口 189.25，最大缺口 189.50，失败托盘互借修复成功 0。
  - KPI：near/mid/deep=0/0/2，救回率=0.00%，pair效率=0.00%。
  - 耗时拆解：packing=0.02s，main_topup=0.00s，retry=0.00s，failed_pool=0.00s，repack=0.10s，total=0.19s。
正在处理托盘类型：MH423C，销售订单号：PAIN26310BN01S
  - 主算法：全局列式装箱 + 柱级组合优化（GCP）。
  - 失败托盘互借诊断：未合并（aborted_no_improvement_possible）。
托盘类型 MH423C（销售订单号：PAIN26310BN01S）处理完成：总托盘 2，指数达标 0，未达标 2，平均缺口 101.00，最大缺口 188.00，失败托盘互借修复成功 0。
  - KPI：near/mid/deep=0/1/1，救回率=0.00%，pair效率=0.00%。
  - 耗时拆解：packing=2.36s，main_topup=0.00s，retry=0.00s，failed_pool=0.00s，repack=1.85s，total=4.21s。
正在处理托盘类型：MH423C，销售订单号：PAIN26290GN01S
  - 该分组不适合列式（多非满柱）→ 回退 beam + 配方优先。
  - 托盘 MH423C-PAIN26290GN01S-1 未找到可行装箱方案，启用剩余箱子守恒兜底。
  - 配方优先[fast]：规划 0 实例，实装成功 0，配方路径不可用 → 采用基线方案。
  - 指数诊断：箱子 6 个，总指数 4.5，目标 192，理论最多达标托盘 0 个，剩余指数 4.5。
  - 几何诊断：典型整层堆叠单盘参考上限 4.5/192。 当前目标可能受托盘高度/箱型组合限制。
  - 几何诊断提示：典型整层参考值 4.5 < 目标 192；该值不是不可达证明，继续执行指数救援。
  - 失败盘装满压实：合并/吸收 1 次（纯减盘数）。
  - 失败托盘互借诊断：未合并（aborted_no_improvement_possible）。
托盘类型 MH423C（销售订单号：PAIN26290GN01S）处理完成：总托盘 1，指数达标 0，未达标 1，平均缺口 187.50，最大缺口 187.50，失败托盘互借修复成功 0。
  - KPI：near/mid/deep=0/0/1，救回率=0.00%，pair效率=0.00%。
  - 耗时拆解：packing=0.01s，main_topup=0.00s，retry=0.00s，failed_pool=0.00s，repack=0.05s，total=0.11s。
正在处理托盘类型：MH423C，销售订单号：PAIN26316EN01S
  - 主算法：全局列式装箱 + 柱级组合优化（GCP）。
  - 失败托盘互借诊断：未合并（no_target_or_single_plan）。
托盘类型 MH423C（销售订单号：PAIN26316EN01S）处理完成：总托盘 1，指数达标 0，未达标 1，平均缺口 156.00，最大缺口 156.00，失败托盘互借修复成功 0。
  - KPI：near/mid/deep=0/0/1，救回率=0.00%，pair效率=0.00%。
  - 耗时拆解：packing=0.02s，main_topup=0.00s，retry=0.00s，failed_pool=0.00s，repack=0.00s，total=0.02s。
正在处理托盘类型：MH423C，销售订单号：PAIN26310GN01S
  - 主算法：全局列式装箱 + 柱级组合优化（GCP）。
  - 失败托盘互借诊断：未合并（no_target_or_single_plan）。
托盘类型 MH423C（销售订单号：PAIN26310GN01S）处理完成：总托盘 1，指数达标 0，未达标 1，平均缺口 64.00，最大缺口 64.00，失败托盘互借修复成功 0。
  - KPI：near/mid/deep=0/0/1，救回率=0.00%，pair效率=0.00%。
  - 耗时拆解：packing=0.94s，main_topup=0.00s，retry=0.00s，failed_pool=0.00s，repack=0.00s，total=0.94s。
正在处理托盘类型：MH423C，销售订单号：PAID16315AN01S
  - 该分组不适合列式（多非满柱）→ 回退 beam + 配方优先。
  - 配方优先[fast]：规划 0 实例，实装成功 0，配方路径不可用 → 采用基线方案。
  - 指数诊断：箱子 1 个，总指数 1，目标 192，理论最多达标托盘 0 个，剩余指数 1。
  - 几何诊断：典型整层堆叠单盘参考上限 1/192。 当前目标可能受托盘高度/箱型组合限制。
  - 几何诊断提示：典型整层参考值 1 < 目标 192；该值不是不可达证明，继续执行指数救援。
  - 失败托盘互借诊断：未合并（no_target_or_single_plan）。
托盘类型 MH423C（销售订单号：PAID16315AN01S）处理完成：总托盘 1，指数达标 0，未达标 1，平均缺口 191.00，最大缺口 191.00，失败托盘互借修复成功 0。
  - KPI：near/mid/deep=0/0/1，救回率=0.00%，pair效率=0.00%。
  - 耗时拆解：packing=0.00s，main_topup=0.00s，retry=0.00s，failed_pool=0.00s，repack=0.00s，total=0.00s。
  - 失败盘装满压实：合并/吸收 1 次（纯减盘数）。
  - 跨子组装满压实（MH423C / PAID16296DN01S）：合并 1 次（纯减盘数）。
  - 跨子组条件双路径（MH423C / LAID16305EN01S）：采用严格更优完整路径。
  - 失败盘装满压实：合并/吸收 1 次（纯减盘数）。
  - 跨子组装满压实（MH423C / PAID16306DN01S）：合并 1 次（纯减盘数）。
============================================================
[WCS-拉] 20260727_144715：拉取接口 1 …
[WCS-拉] 原始响应已保存：D:\research_code\final\zhuang\packing-workspace\input\raw\20260727_144715.json
[WCS-拉] 已剔除 case_type≠MH423C 的品类 51 条（类型：['WR246']），保留 2069 条。
[WCS-DB] wcs_stock_box 已全量替换：清空 2095 → 插入 2069
[WCS-拉] wcs_stock_box 已全量替换：删 2095，插 2069。
[WCS-DB] wcs_stock_box_all product_code 已存在、跳过 2054 条
[WCS-拉] wcs_stock_box_all 追加：新插入 15，跳过已有 2054（历史不删）。
[WCS-拉] 库存有变化 → need_repack=True，唤醒装箱。
  - 跨子组条件双路径（MH423C / LAID16305BN01S）：采用严格更优完整路径。
  - 失败盘装满压实：合并/吸收 1 次（纯减盘数）。
  - 跨子组装满压实（MH423C / LFEG16300IN03S）：合并 1 次（纯减盘数）。
  - 失败盘装满压实：合并/吸收 1 次（纯减盘数）。
  - 跨子组装满压实（MH423C / LAMY16305FN01S）：合并 1 次（纯减盘数）。
  - 失败盘装满压实：合并/吸收 1 次（纯减盘数）。
  - 跨子组装满压实（MH423C / LAID16305BN03S）：合并 1 次（纯减盘数）。
  - 失败盘装满压实：合并/吸收 1 次（纯减盘数）。
  - 跨子组装满压实（MH423C / LAID16306DN02S）：合并 1 次（纯减盘数）。
  - 跨子组 CP-SAT 目标子集（MH423C / LFEG16310IN03S）：采用严格更优候选。
  - 失败盘装满压实：合并/吸收 1 次（纯减盘数）。
  - 跨子组装满压实（MH423C / LFEG16310IN01S）：合并 1 次（纯减盘数）。
  - 失败盘装满压实：合并/吸收 1 次（纯减盘数）。
  - 跨子组装满压实（MH423C / LFEG16316AN02S）：合并 1 次（纯减盘数）。
  - 失败盘装满压实：合并/吸收 1 次（纯减盘数）。
  - 跨子组装满压实（MH423C / PAIN26310MZ05S）：合并 1 次（纯减盘数）。
  - 失败盘装满压实：合并/吸收 1 次（纯减盘数）。
  - 跨子组装满压实（MH423C / PEG086300LN01S）：合并 1 次（纯减盘数）。
  - 失败盘装满压实：合并/吸收 1 次（纯减盘数）。
  - 跨子组装满压实（MH423C / LAID16295EN01S）：合并 1 次（纯减盘数）。
  - 失败盘装满压实：合并/吸收 1 次（纯减盘数）。
  - 跨子组装满压实（MH423C / LAID16306DN03S）：合并 1 次（纯减盘数）。
  - 失败盘装满压实：合并/吸收 1 次（纯减盘数）。
  - 跨子组装满压实（MH423C / LAID16295EN02S）：合并 1 次（纯减盘数）。
========================================
统计汇总：总托盘 90，指数达标 7，未达标 83，未知 0，平均缺口 119.78，最大缺口 191.00，失败托盘互借修复成功 0
KPI汇总：near/mid/deep=0/8/75，pair尝试=0，pair改进=0，pair效率=0.00%
耗时汇总：packing=120.28s，main_topup=0.06s，retry=0.00s，repack=22.73s，end_to_end=317.63s
========================================
[WCS-装] SUCCESS 产品码 356 个，SUCCESS 盘 7，FAILED 盘 83。
[WCS-装] 本轮结束；将检查 need_repack 决定是否再算。
[WCS-装] 本轮方案已保存（success）：D:\research_code\final\zhuang\packing-workspace\output\success\packing_plan_20260727_144251.json
[执行规划] 产物目录：D:\research_code\final\zhuang\packing-workspace\output\success（success）
[执行规划] 开始：D:\research_code\zhuang-ui-m\.venvs\packing-realtime\python.exe D:\research_code\final\zhuang\packing-system\run_execution_planning.py D:\research_code\final\zhuang\packing-workspace\output\success\packing_plan_20260727_144251.json --config D:\research_code\final\zhuang\packing-workspace\runtime\packing-realtime\temp\ui_config_api_20260727_143710.yaml --output D:\research_code\final\zhuang\packing-workspace\output\success\packing_plan_20260727_144251_execution.json --wcs-output D:\research_code\final\zhuang\packing-workspace\output\success\packing_plan_20260727_144251_execution_wcs.json --wcs-map-output D:\research_code\final\zhuang\packing-workspace\output\success\packing_plan_20260727_144251_execution_wcs_map.json
[WCS-DB] wcs_success_box：product_code 已存在，跳过 349 行
[WCS-DB] wcs_success_box：本批候选 356 行，写入影响 7（含已存在跳过）。
[WCS-DB] wcs_box_orientation：本批候选 356 行，写入影响 356（含已存在跳过）。
[现场码垛] 新计算结果已入库，已清空旧码放队列 401 条
[现场会话] 新计算结果已入库，当前选定已清空，历史 4 盘保留
execution plan written: pallets=90 boxes=2087 reordered_pallets=73 path=D:\research_code\final\zhuang\packing-workspace\output\success\packing_plan_20260727_144251_execution.json
WCS execution cases written: D:\research_code\final\zhuang\packing-workspace\output\success\packing_plan_20260727_144251_execution_wcs.json
WCS execution plan map written: D:\research_code\final\zhuang\packing-workspace\output\success\packing_plan_20260727_144251_execution_wcs_map.json
execution scan deviations pallet='MH423C-LAID16306DN01S-1' count=1: expected='WCS-0002-YBB267-0000' selected='WCS-0592-DZX244-0000' box='WCS-0002-YBB267-0000' after='WCS-0592-DZX244-0000' reason=open_direction lookahead=true
execution scan deviations pallet='MH423C-LAID16306DN01S-2' count=2: expected='WCS-0247-YZX448-0000' selected='WCS-0207-DZX448-0000' box='WCS-0247-YZX448-0000' after='WCS-0207-DZX448-0000' reason=open_direction lookahead=true; expected='WCS-0209-DZX448-0000' selected='WCS-0351-DZX848-0000' box='WCS-0209-DZX448-0000' after='WCS-0351-DZX848-0000' reason=open_direction lookahead=true
execution scan deviations pallet='MH423C-LFEG16310IN02S-1' count=2: expected='WCS-1031-DZX428-0000' selected='WCS-1040-DZX428-0000' box='WCS-1031-DZX428-0000' after='WCS-1040-DZX428-0000' reason=open_direction lookahead=true; expected='WCS-1035-DZX428-0000' selected='WCS-1041-DZX428-0000' box='WCS-1035-DZX428-0000' after='WCS-1041-DZX428-0000' reason=open_direction lookahead=true
execution scan deviations pallet='MH423C-LAID16305BN02S-1' count=5: expected='WCS-0046-YZX448-0000' selected='WCS-0145-YZX444-0000' box='WCS-0046-YZX448-0000' after='WCS-0145-YZX444-0000' reason=open_direction lookahead=true; expected='WCS-0049-YZX448-0000' selected='WCS-1716-DZX444-0000' box='WCS-0049-YZX448-0000' after='WCS-1716-DZX444-0000' reason=open_direction lookahead=true; expected='WCS-0355-DZX448-0000' selected='WCS-0147-YZX444-0000' box='WCS-0355-DZX448-0000' after='WCS-0147-YZX444-0000' reason=open_direction lookahead=true; expected='WCS-0493-YBB125-0000' selected='WCS-0144-YZX444-0000' box='WCS-0493-YBB125-0000' after='WCS-0144-YZX444-0000' reason=open_direction lookahead=true; expected='WCS-1722-DZX424-0000' selected='WCS-1727-DZX424-0000' box='WCS-1722-DZX424-0000' after='WCS-1727-DZX424-0000' reason=open_direction lookahead=true
execution scan deviations pallet='MH423C-PAID16296DN01S-1' count=3: expected='WCS-0166-YZX448-0000' selected='WCS-0189-YZX448-0000' box='WCS-0166-YZX448-0000' after='WCS-0189-YZX448-0000' reason=open_direction lookahead=true; expected='WCS-0167-YZX448-0000' selected='WCS-0196-YZX448-0000' box='WCS-0167-YZX448-0000' after='WCS-0196-YZX448-0000' reason=open_direction lookahead=true; expected='WCS-0168-YZX448-0000' selected='WCS-0111-DZX248-0000' box='WCS-0168-YZX448-0000' after='WCS-0111-DZX248-0000' reason=open_direction lookahead=true
execution scan deviations pallet='MH423C-LAID16305EN01S-2' count=1: expected='WCS-0026-YBB258-0000' selected='WCS-1417-DZX428-0000' box='WCS-0026-YBB258-0000' after='WCS-1417-DZX428-0000' reason=open_direction lookahead=true
execution scan deviations pallet='MH423C-PAID16306DN01S-1' count=1: expected='WCS-0057-YZX448-0000' selected='WCS-0291-YZX848-0000' box='WCS-0057-YZX448-0000' after='WCS-0291-YZX848-0000' reason=open_direction lookahead=true
execution scan deviations pallet='MH423C-LAID16305BN01S-1' count=1: expected='WCS-0815-YBB077-0000' selected='WCS-1707-DZX444-0000' box='WCS-0815-YBB077-0000' after='WCS-1707-DZX444-0000' reason=open_direction lookahead=true
execution scan deviations pallet='MH423C-LAID16305BN01S-2' count=3: expected='WCS-0354-DZX448-0000' selected='WCS-0825-YBB077-0000' box='WCS-0354-DZX448-0000' after='WCS-0825-YBB077-0000' reason=open_direction lookahead=true; expected='WCS-0819-YBB077-0000' selected='WCS-1724-DZX848-0000' box='WCS-0819-YBB077-0000' after='WCS-1724-DZX848-0000' reason=open_direction lookahead=true; expected='WCS-0820-YBB077-0000' selected='WCS-0823-YBB077-0000' box='WCS-0820-YBB077-0000' after='WCS-0823-YBB077-0000' reason=open_direction lookahead=true
execution scan deviations pallet='MH423C-LFEG16300IN03S-1' count=6: expected='WCS-0329-YZX444-0000' selected='WCS-0345-YZX444-0000' box='WCS-0329-YZX444-0000' after='WCS-0345-YZX444-0000' reason=open_direction lookahead=true; expected='WCS-0330-YZX444-0000' selected='WCS-0344-YZX444-0000' box='WCS-0330-YZX444-0000' after='WCS-0344-YZX444-0000' reason=open_direction lookahead=true; expected='WCS-0321-YZX444-0000' selected='WCS-0278-YBB125-0000' box='WCS-0321-YZX444-0000' after='WCS-0278-YBB125-0000' reason=open_direction lookahead=true; expected='WCS-0356-DZX444-0000' selected='WCS-0290-YZX428-0000' box='WCS-0356-DZX444-0000' after='WCS-0290-YZX428-0000' reason=open_direction lookahead=true; expected='WCS-0326-YZX444-0000' selected='WCS-0324-YZX444-0000' box='WCS-0326-YZX444-0000' after='WCS-0324-YZX444-0000' reason=open_direction lookahead=true; expected='WCS-0509-YZX444-0000' selected='WCS-0333-YZX444-0000' box='WCS-0509-YZX444-0000' after='WCS-0333-YZX444-0000' reason=open_direction lookahead=true
execution scan deviations pallet='MH423C-LFEG16300IN03S-2' count=3: expected='WCS-1734-DZX448-0000' selected='WCS-0357-DZX448-0000' box='WCS-1734-DZX448-0000' after='WCS-0357-DZX448-0000' reason=open_direction lookahead=true; expected='WCS-1737-DZX448-0000' selected='WCS-0358-DZX448-0000' box='WCS-1737-DZX448-0000' after='WCS-0358-DZX448-0000' reason=open_direction lookahead=true; expected='WCS-0103-YBB135-0000' selected='WCS-1732-DZX448-0000' box='WCS-0103-YBB135-0000' after='WCS-1732-DZX448-0000' reason=open_direction lookahead=true
execution scan deviations pallet='MH423C-LAMY16305FN01S-1' count=4: expected='WCS-0267-DZX428-0000' selected='WCS-1680-DZX848-0000' box='WCS-0267-DZX428-0000' after='WCS-1680-DZX848-0000' reason=open_direction lookahead=true; expected='WCS-0268-DZX428-0000' selected='WCS-1689-DZX424-0000' box='WCS-0268-DZX428-0000' after='WCS-1689-DZX424-0000' reason=open_direction lookahead=true; expected='WCS-1679-DZX424-0000' selected='WCS-0123-YZX428-0000' box='WCS-1679-DZX424-0000' after='WCS-0123-YZX428-0000' reason=open_direction lookahead=true; expected='WCS-1681-DZX424-0000' selected='WCS-1685-DZX424-0000' box='WCS-1681-DZX424-0000' after='WCS-1685-DZX424-0000' reason=open_direction lookahead=true
execution scan deviations pallet='MH423C-LAID16306DN02S-1' count=3: expected='WCS-1596-DZX424-0000' selected='WCS-1587-DZX424-0000' box='WCS-1596-DZX424-0000' after='WCS-1587-DZX424-0000' reason=open_direction lookahead=true; expected='WCS-1597-DZX424-0000' selected='WCS-1588-DZX424-0000' box='WCS-1597-DZX424-0000' after='WCS-1588-DZX424-0000' reason=open_direction lookahead=true; expected='WCS-1598-DZX424-0000' selected='WCS-1589-DZX424-0000' box='WCS-1598-DZX424-0000' after='WCS-1589-DZX424-0000' reason=open_direction lookahead=true
execution scan deviations pallet='MH423C-LFEG16310IN03S-1' count=7: expected='WCS-1528-YZX444-0000' selected='WCS-0250-YZX507-0000' box='WCS-1528-YZX444-0000' after='WCS-0250-YZX507-0000' reason=open_direction lookahead=true; expected='WCS-1542-YZX444-0000' selected='WCS-1555-YZX444-0000' box='WCS-1542-YZX444-0000' after='WCS-1555-YZX444-0000' reason=open_direction lookahead=true; expected='WCS-1532-YZX444-0000' selected='WCS-1568-YZX444-0000' box='WCS-1532-YZX444-0000' after='WCS-1568-YZX444-0000' reason=open_direction lookahead=true; expected='WCS-1381-DZX444-0000' selected='WCS-1556-YZX444-0000' box='WCS-1381-DZX444-0000' after='WCS-1556-YZX444-0000' reason=open_direction lookahead=true; expected='WCS-1537-YZX444-0000' selected='WCS-1569-YZX444-0000' box='WCS-1537-YZX444-0000' after='WCS-1569-YZX444-0000' reason=open_direction lookahead=true; expected='WCS-1529-YZX444-0000' selected='WCS-1535-YZX444-0000' box='WCS-1529-YZX444-0000' after='WCS-1535-YZX444-0000' reason=open_direction lookahead=true; expected='WCS-1457-DZX444-0000' selected='WCS-1154-YZX428-0000' box='WCS-1457-DZX444-0000' after='WCS-1154-YZX428-0000' reason=open_direction lookahead=true
execution scan deviations pallet='MH423C-LFEG16310IN03S-2' count=3: expected='WCS-1446-DZX248-0000' selected='WCS-0844-YBB005-0000' box='WCS-1446-DZX248-0000' after='WCS-0844-YBB005-0000' reason=open_direction lookahead=true; expected='WCS-0846-YBB005-0000' selected='WCS-0805-YZX248-0000' box='WCS-0846-YBB005-0000' after='WCS-0805-YZX248-0000' reason=open_direction lookahead=true; expected='WCS-1567-YZX444-0000' selected='WCS-1045-DZX428-0000' box='WCS-1567-YZX444-0000' after='WCS-1045-DZX428-0000' reason=open_direction lookahead=true
execution scan deviations pallet='MH423C-LFEG16310IN01S-1' count=5: expected='WCS-1476-DZX448-0000' selected='WCS-1475-DZX448-0000' box='WCS-1476-DZX448-0000' after='WCS-1475-DZX448-0000' reason=open_direction lookahead=true; expected='WCS-1481-DZX448-0000' selected='WCS-0875-DZX428-0000' box='WCS-1481-DZX448-0000' after='WCS-0875-DZX428-0000' reason=open_direction lookahead=true; expected='WCS-0868-DZX428-0000' selected='WCS-0880-DZX428-0000' box='WCS-0868-DZX428-0000' after='WCS-0880-DZX428-0000' reason=open_direction lookahead=true; expected='WCS-1486-DZX448-0000' selected='WCS-1485-DZX448-0000' box='WCS-1486-DZX448-0000' after='WCS-1485-DZX448-0000' reason=open_direction lookahead=true; expected='WCS-0872-DZX428-0000' selected='WCS-1384-DZX448-0000' box='WCS-0872-DZX428-0000' after='WCS-1384-DZX448-0000' reason=open_direction lookahead=true
execution scan deviations pallet='MH423C-LFEG16316AN02S-1' count=5: expected='WCS-1491-YZX444-0000' selected='WCS-0944-DZX448-0000' box='WCS-1491-YZX444-0000' after='WCS-0944-DZX448-0000' reason=open_direction lookahead=true; expected='WCS-1493-YZX444-0000' selected='WCS-1499-YZX444-0000' box='WCS-1493-YZX444-0000' after='WCS-1499-YZX444-0000' reason=open_direction lookahead=true; expected='WCS-1510-YZX444-0000' selected='WCS-1501-YZX444-0000' box='WCS-1510-YZX444-0000' after='WCS-1501-YZX444-0000' reason=open_direction lookahead=true; expected='WCS-0613-DZX224-0000' selected='WCS-0608-DZX224-0000' box='WCS-0613-DZX224-0000' after='WCS-0608-DZX224-0000' reason=open_direction lookahead=true; expected='WCS-0615-DZX224-0000' selected='WCS-0616-DZX224-0000' box='WCS-0615-DZX224-0000' after='WCS-0616-DZX224-0000' reason=open_direction lookahead=true
execution scan deviations pallet='MH423C-LFEG16316AN02S-2' count=1: expected='WCS-0617-DZX224-0000' selected='WCS-0292-YZX428-0000' box='WCS-0617-DZX224-0000' after='WCS-0292-YZX428-0000' reason=open_direction lookahead=true
execution scan deviations pallet='MH423C-LAID16315EN03S-1' count=1: expected='WCS-1263-DZX224-0000' selected='WCS-1884-YZX424-0000' box='WCS-1263-DZX224-0000' after='WCS-1884-YZX424-0000' reason=open_direction lookahead=true
execution scan deviations pallet='MH423C-PAIN26310MN01S-8' count=4: expected='WCS-1982-YZX507-0000' selected='WCS-1933-YZX424-0000' box='WCS-1982-YZX507-0000' after='WCS-1933-YZX424-0000' reason=open_direction lookahead=true; expected='WCS-1100-YZX522-0000' selected='WCS-1981-YZX507-0000' box='WCS-1100-YZX522-0000' after='WCS-1981-YZX507-0000' reason=open_direction lookahead=true; expected='WCS-1104-YZX522-0000' selected='WCS-1935-YZX424-0000' box='WCS-1104-YZX522-0000' after='WCS-1935-YZX424-0000' reason=open_direction lookahead=true; expected='WCS-1105-YZX522-0000' selected='WCS-1101-YZX522-0000' box='WCS-1105-YZX522-0000' after='WCS-1101-YZX522-0000' reason=open_direction lookahead=true
execution scan deviations pallet='MH423C-LAID16295EN01S-1' count=3: expected='WCS-0476-DZX448-0000' selected='WCS-0483-DZX848-0000' box='WCS-0476-DZX448-0000' after='WCS-0483-DZX848-0000' reason=open_direction lookahead=true; expected='WCS-0550-DZX448-0000' selected='WCS-0549-DZX428-0000' box='WCS-0550-DZX448-0000' after='WCS-0549-DZX428-0000' reason=open_direction lookahead=true; expected='WCS-0553-DZX448-0000' selected='WCS-0555-DZX428-0000' box='WCS-0553-DZX448-0000' after='WCS-0555-DZX428-0000' reason=open_direction lookahead=true
execution scan deviations pallet='MH423C-LAID16306DN03S-1' count=2: expected='WCS-1365-DZX424-0000' selected='WCS-1373-DZX424-0000' box='WCS-1365-DZX424-0000' after='WCS-1373-DZX424-0000' reason=open_direction lookahead=true; expected='WCS-1378-DZX424-0000' selected='WCS-0512-YZX224-0000' box='WCS-1378-DZX424-0000' after='WCS-0512-YZX224-0000' reason=open_direction lookahead=true
execution scan deviations pallet='MH423C-PAIN26316EC02S-1' count=4: expected='WCS-1778-YZX424-0000' selected='WCS-0909-YZX428-0000' box='WCS-1778-YZX424-0000' after='WCS-0909-YZX428-0000' reason=open_direction lookahead=true; expected='WCS-1779-YZX424-0000' selected='WCS-1845-YZX444-0000' box='WCS-1779-YZX424-0000' after='WCS-1845-YZX444-0000' reason=open_direction lookahead=true; expected='WCS-1780-YZX424-0000' selected='WCS-1846-YZX444-0000' box='WCS-1780-YZX424-0000' after='WCS-1846-YZX444-0000' reason=open_direction lookahead=true; expected='WCS-1917-YZX444-0000' selected='WCS-1777-YZX424-0000' box='WCS-1917-YZX444-0000' after='WCS-1777-YZX424-0000' reason=open_direction lookahead=true
execution scan deviations pallet='MH423C-PAIN26316EC02S-3' count=2: expected='WCS-1755-YZX424-0000' selected='WCS-0897-YZX428-0000' box='WCS-1755-YZX424-0000' after='WCS-0897-YZX428-0000' reason=open_direction lookahead=true; expected='WCS-1756-YZX424-0000' selected='WCS-0885-YZX424-0000' box='WCS-1756-YZX424-0000' after='WCS-0885-YZX424-0000' reason=open_direction lookahead=true
execution scan deviations pallet='MH423C-LFEG16316AN01S-1' count=1: expected='WCS-0618-DZX224-0000' selected='WCS-0619-DZX224-0000' box='WCS-0618-DZX224-0000' after='WCS-0619-DZX224-0000' reason=open_direction lookahead=true
execution scan deviations pallet='MH423C-LAID16316DN03S-1' count=3: expected='WCS-0711-YZX428-0000' selected='WCS-1966-YZX444-0000' box='WCS-0711-YZX428-0000' after='WCS-1966-YZX444-0000' reason=open_direction lookahead=true; expected='WCS-1863-YZX428-0000' selected='WCS-0808-YZX424-0000' box='WCS-1863-YZX428-0000' after='WCS-0808-YZX424-0000' reason=open_direction lookahead=true; expected='WCS-1861-YZX424-0000' selected='WCS-0812-YZX424-0000' box='WCS-1861-YZX424-0000' after='WCS-0812-YZX424-0000' reason=open_direction lookahead=true
execution scan deviations pallet='MH423C-LAID16316DN02S-1' count=4: expected='WCS-0765-YZX428-0000' selected='WCS-1953-YZX444-0000' box='WCS-0765-YZX428-0000' after='WCS-1953-YZX444-0000' reason=open_direction lookahead=true; expected='WCS-0769-YZX428-0000' selected='WCS-1880-YZX424-0000' box='WCS-0769-YZX428-0000' after='WCS-1880-YZX424-0000' reason=open_direction lookahead=true; expected='WCS-0773-YZX428-0000' selected='WCS-1869-YZX428-0000' box='WCS-0773-YZX428-0000' after='WCS-1869-YZX428-0000' reason=open_direction lookahead=true; expected='WCS-1870-YZX428-0000' selected='WCS-1893-YZX424-0000' box='WCS-1870-YZX428-0000' after='WCS-1893-YZX424-0000' reason=open_direction lookahead=true
execution scan deviations pallet='MH423C-PAIN26310BN01S-1' count=2: expected='WCS-1332-YZX424-0000' selected='WCS-1344-YZX424-0000' box='WCS-1332-YZX424-0000' after='WCS-1344-YZX424-0000' reason=open_direction lookahead=true; expected='WCS-1348-YZX424-0000' selected='WCS-1322-YZX424-0000' box='WCS-1348-YZX424-0000' after='WCS-1322-YZX424-0000' reason=open_direction lookahead=true
execution scan deviations pallet='MH423C-PAIN26290GN01S-1' count=1: expected='WCS-1262-YZX444-0000' selected='WCS-1437-YZX848-0000' box='WCS-1262-YZX444-0000' after='WCS-1437-YZX848-0000' reason=open_direction lookahead=true
execution scan deviations pallet='MH423C-PAIN26310GN01S-1' count=1: expected='WCS-1805-YZX424-0000' selected='WCS-1815-YZX424-0000' box='WCS-1805-YZX424-0000' after='WCS-1815-YZX424-0000' reason=open_direction lookahead=true
[执行规划] 已删除原方案（仅保留 execution）：packing_plan_20260727_144251.json
[执行规划] 完成；统一使用：D:\research_code\final\zhuang\packing-workspace\output\success\packing_plan_20260727_144251_execution.json
[WCS-装] 接口 2 使用执行顺序方案，发送体已保存：D:\research_code\final\zhuang\packing-workspace\output\success\wcs_plan_20260727_144251.json（90 个 case）
[WCS-装] 执行顺序方案执行层映射已保存：D:\research_code\final\zhuang\packing-workspace\output\success\wcs_plan_map_20260727_144251.json
[WCS-装] 已跳过接口 2 推送（仅本地保存）。
[UI-RESULT] D:\research_code\final\zhuang\packing-workspace\output\success\packing_plan_20260727_144251_execution.json
[WCS-装] 算完后 need_repack 仍为 True → 立即再算。
[WCS] 已加载 BMS 参考表：D:\research_code\final\zhuang\packing-workspace\data\selected_5000_boxes_9_1_concentrated_3orders.xlsx
============================================================
[WCS-装] 20260727_144816：库存行 2069 条，开始装箱 …
[WCS-装] 展开为 2069 个箱子。
数据预处理和箱子分组完成（按托盘类型+销售订单号）。
----------------------------------------
  - 组内子聚类：19 个混合订单拆出规则子集走 GCP、杂箱走 baseline。
正在处理托盘类型：MH423C，销售订单号：LAID16306DN01S
  - 主算法：全局列式装箱 + 柱级组合优化（GCP）。
[UI] 接口装箱服务已停止。
