[LOG] 后端日志文件：D:\research_code\final\zhuang\packing-workspace\runtime\packing-realtime\logs\backend_20260724_105406.log
[LOG] 接口模式：每 200 秒拉取并计算，直到手动停止。
[CMD] D:\research_code\zhuang-ui-m\.venvs\packing-realtime\python.exe D:\research_code\final\zhuang\packing-system\packing\run_wcs_service.py --config D:\research_code\final\zhuang\packing-workspace\runtime\packing-realtime\temp\ui_config_api_20260724_105406.yaml --run-mode continuous
[WCS] 已加载 BMS 参考表：D:\research_code\final\zhuang\packing-workspace\data\selected_5000_boxes_9_1_concentrated_3orders.xlsx
============================================================
WCS 接口装箱服务（DB 模式）
  接口模式：真实 WCS（use_real_api=True）
  接口地址：http://10.222.10.1:8092
  接口1：http://10.222.10.1:8092/api/wcs/reqstockinfo
  接口2：http://10.222.10.1:8092/api/wcs/sendpalletplanresult
  拉取间隔：200 秒（仅拉取）
  原始 JSON：D:\research_code\final\zhuang\packing-workspace\input\raw
  数据库：localhost:3306/zhuangdb 表 wcs_stock_box
  BMS 参考：D:\research_code\final\zhuang\packing-workspace\data\selected_5000_boxes_9_1_concentrated_3orders.xlsx
  输出目录：D:\research_code\final\zhuang\packing-workspace\output
  触发：仅「新插入」开算；达标回写 up_to_standard=1
  约束配置：D:\research_code\final\zhuang\packing-workspace\runtime\packing-realtime\temp\ui_config_api_20260724_105406.yaml
  按 Ctrl+C 或由 UI 停止按钮结束进程
============================================================
============================================================
[WCS-拉] 20260724_105410：拉取接口 1 …
[WCS-装] 等待数据库新插入（有新 product_code 才开算）…
[WCS-拉] 原始响应已保存：D:\research_code\final\zhuang\packing-workspace\input\raw\20260724_105410.json
[WCS-拉] 已剔除 case_type≠MH423C 的品类 113 条（类型：['MH113', 'WR246']），保留 1469 条。
[WCS-拉] 落库完成：候选 1469 条，新插入 1469 条（新行 up_to_standard=0）。
[WCS-拉] 有新插入 → 唤醒装箱线程。
[WCS] 已加载 BMS 参考表：D:\research_code\final\zhuang\packing-workspace\data\selected_5000_boxes_9_1_concentrated_3orders.xlsx
============================================================
[WCS-装] 20260724_105414：未达标行 1469 条，开始装箱 …
[WCS-装] 展开为 1469 个箱子。
load D:\research_code\zhuang-ui-m\.venvs\packing-realtime\Lib\site-packages\ortools\.libs\zlib1.dll...
load D:\research_code\zhuang-ui-m\.venvs\packing-realtime\Lib\site-packages\ortools\.libs\abseil_dll.dll...
load D:\research_code\zhuang-ui-m\.venvs\packing-realtime\Lib\site-packages\ortools\.libs\utf8_validity.dll...
load D:\research_code\zhuang-ui-m\.venvs\packing-realtime\Lib\site-packages\ortools\.libs\re2.dll...
load D:\research_code\zhuang-ui-m\.venvs\packing-realtime\Lib\site-packages\ortools\.libs\libprotobuf.dll...
load D:\research_code\zhuang-ui-m\.venvs\packing-realtime\Lib\site-packages\ortools\.libs\highs.dll...
load D:\research_code\zhuang-ui-m\.venvs\packing-realtime\Lib\site-packages\ortools\.libs\ortools.dll...
数据预处理和箱子分组完成（按托盘类型+销售订单号）。
----------------------------------------
  - 组内子聚类：11 个混合订单拆出规则子集走 GCP、杂箱走 baseline。
正在处理托盘类型：MH423C，销售订单号：PAID16280FN01S
  - 该分组不适合列式（多非满柱）→ 回退 beam + 配方优先。
  - 配方优先[fast]：规划 0 实例，实装成功 0，配方路径不可用 → 采用基线方案。
  - 指数诊断：箱子 1 个，总指数 4，目标 192，理论最多达标托盘 0 个，剩余指数 4。
  - 几何诊断：典型整层堆叠单盘参考上限 4/192。 当前目标可能受托盘高度/箱型组合限制。
  - 几何诊断提示：典型整层参考值 4 < 目标 192；该值不是不可达证明，继续执行指数救援。
  - 失败托盘互借诊断：未合并（no_target_or_single_plan）。
托盘类型 MH423C（销售订单号：PAID16280FN01S）处理完成：总托盘 1，指数达标 0，未达标 1，平均缺口 188.00，最大缺口 188.00，失败托盘互借修复成功 0。
  - KPI：near/mid/deep=0/0/1，救回率=0.00%，pair效率=0.00%。
  - 耗时拆解：packing=0.00s，main_topup=0.00s，retry=0.00s，failed_pool=0.00s，repack=0.00s，total=0.00s。
正在处理托盘类型：MH423C，销售订单号：LFEG16290IN01S
  - 该分组不适合列式（多非满柱）→ 回退 beam + 配方优先。
  - 托盘 MH423C-LFEG16290IN01S-1 未找到可行装箱方案，启用剩余箱子守恒兜底。
  - 配方优先[fast]：规划 0 实例，实装成功 0，配方路径不可用 → 采用基线方案。
  - 指数诊断：箱子 9 个，总指数 17，目标 192，理论最多达标托盘 0 个，剩余指数 17。
  - 几何诊断：典型整层堆叠单盘参考上限 12/192。 当前目标可能受托盘高度/箱型组合限制。
  - 几何诊断提示：典型整层参考值 12 < 目标 192；该值不是不可达证明，继续执行指数救援。
  - 失败盘装满压实：合并/吸收 2 次（纯减盘数）。
  - 失败托盘互借诊断：未合并（aborted_no_improvement_possible）。
托盘类型 MH423C（销售订单号：LFEG16290IN01S）处理完成：总托盘 2，指数达标 0，未达标 2，平均缺口 183.50，最大缺口 187.00，失败托盘互借修复成功 0。
  - KPI：near/mid/deep=0/0/2，救回率=0.00%，pair效率=0.00%。
  - 耗时拆解：packing=0.03s，main_topup=0.00s，retry=0.00s，failed_pool=0.00s，repack=0.26s，total=0.38s。
正在处理托盘类型：MH423C，销售订单号：LFEG16290IN02S
  - 该分组不适合列式（多非满柱）→ 回退 beam + 配方优先。
  - 配方优先[fast]：规划 0 实例，实装成功 0，配方路径不可用 → 采用基线方案。
  - 指数诊断：箱子 33 个，总指数 33.5，目标 192，理论最多达标托盘 0 个，剩余指数 33.5。
  - 几何诊断：典型整层堆叠单盘参考上限 28.5/192。 当前目标可能受托盘高度/箱型组合限制。
  - 几何诊断提示：典型整层参考值 28.5 < 目标 192；该值不是不可达证明，继续执行指数救援。
  - 失败托盘互借诊断：未合并（no_target_or_single_plan）。
托盘类型 MH423C（销售订单号：LFEG16290IN02S）处理完成：总托盘 1，指数达标 0，未达标 1，平均缺口 158.50，最大缺口 158.50，失败托盘互借修复成功 0。
  - KPI：near/mid/deep=0/0/1，救回率=0.00%，pair效率=0.00%。
  - 耗时拆解：packing=0.36s，main_topup=0.00s，retry=0.00s，failed_pool=0.00s，repack=0.00s，total=0.36s。
正在处理托盘类型：MH423C，销售订单号：LAID16306DN01S
  - 该分组不适合列式（多非满柱）→ 回退 beam + 配方优先。
  - 配方优先[fast]：规划 0 实例，实装成功 0，配方路径不可用 → 采用基线方案。
  - 指数诊断：箱子 50 个，总指数 88，目标 192，理论最多达标托盘 0 个，剩余指数 88。
  - 几何诊断：典型整层堆叠单盘参考上限 65/192。 当前目标可能受托盘高度/箱型组合限制。
  - 几何诊断提示：典型整层参考值 65 < 目标 192；该值不是不可达证明，继续执行指数救援。
  - 失败托盘互借诊断：未合并（aborted_no_improvement_possible）。
托盘类型 MH423C（销售订单号：LAID16306DN01S）处理完成：总托盘 2，指数达标 0，未达标 2，平均缺口 148.00，最大缺口 182.00，失败托盘互借修复成功 0。
  - KPI：near/mid/deep=0/0/2，救回率=0.00%，pair效率=0.00%。
  - 耗时拆解：packing=0.25s，main_topup=0.01s，retry=0.00s，failed_pool=0.00s，repack=0.56s，total=1.68s。
正在处理托盘类型：MH423C，销售订单号：LAID16296DN01S
  - 主算法：全局列式装箱 + 柱级组合优化（GCP）。
  - 失败托盘互借诊断：未合并（no_target_or_single_plan）。
托盘类型 MH423C（销售订单号：LAID16296DN01S）处理完成：总托盘 1，指数达标 0，未达标 1，平均缺口 151.50，最大缺口 151.50，失败托盘互借修复成功 0。
  - KPI：near/mid/deep=0/0/1，救回率=0.00%，pair效率=0.00%。
  - 耗时拆解：packing=0.08s，main_topup=0.00s，retry=0.00s，failed_pool=0.00s，repack=0.00s，total=0.08s。
正在处理托盘类型：MH423C，销售订单号：LAID16296DN01S__SPLITREST__
  - 该分组不适合列式（多非满柱）→ 回退 beam + 配方优先。
  - 配方优先[fast]：规划 0 实例，实装成功 0，配方路径不可用 → 采用基线方案。
  - 指数诊断：箱子 4 个，总指数 8，目标 192，理论最多达标托盘 0 个，剩余指数 8。
  - 几何诊断：典型整层堆叠单盘参考上限 8/192。 当前目标可能受托盘高度/箱型组合限制。
  - 几何诊断提示：典型整层参考值 8 < 目标 192；该值不是不可达证明，继续执行指数救援。
  - 失败托盘互借诊断：未合并（no_target_or_single_plan）。
托盘类型 MH423C（销售订单号：LAID16296DN01S__SPLITREST__）处理完成：总托盘 1，指数达标 0，未达标 1，平均缺口 184.00，最大缺口 184.00，失败托盘互借修复成功 0。
  - KPI：near/mid/deep=0/0/1，救回率=0.00%，pair效率=0.00%。
  - 耗时拆解：packing=0.00s，main_topup=0.00s，retry=0.00s，failed_pool=0.00s，repack=0.00s，total=0.02s。
正在处理托盘类型：MH423C，销售订单号：LAID16296DN02S
  - 主算法：全局列式装箱 + 柱级组合优化（GCP）。
  - GCP 盘数远超理论（CP-SAT 装不满）→ 回退 baseline beam + 配方优先。
  - 托盘 MH423C-LAID16296DN02S-2 未找到可行装箱方案，启用剩余箱子守恒兜底。
  - 配方优先[fast]：规划 0 实例，实装成功 0，配方路径不可用 → 采用基线方案。
  - 指数诊断：箱子 49 个，总指数 164.5，目标 192，理论最多达标托盘 0 个，剩余指数 164.5。
  - 几何诊断：典型整层堆叠单盘参考上限 97/192。 当前目标可能受托盘高度/箱型组合限制。
  - 几何诊断提示：典型整层参考值 97 < 目标 192；该值不是不可达证明，继续执行指数救援。
  - 失败托盘互借诊断：未合并（aborted_no_improvement_possible）。
托盘类型 MH423C（销售订单号：LAID16296DN02S）处理完成：总托盘 4，指数达标 0，未达标 4，平均缺口 150.88，最大缺口 191.00，失败托盘互借修复成功 0。
  - KPI：near/mid/deep=0/0/4，救回率=0.00%，pair效率=0.00%。
  - 耗时拆解：packing=0.34s，main_topup=0.01s，retry=0.00s，failed_pool=0.00s，repack=1.00s，total=2.72s。
正在处理托盘类型：MH423C，销售订单号：LAID16296DN03S
  - 主算法：全局列式装箱 + 柱级组合优化（GCP）。
  - 失败托盘互借诊断：未合并（no_target_or_single_plan）。
托盘类型 MH423C（销售订单号：LAID16296DN03S）处理完成：总托盘 1，指数达标 0，未达标 1，平均缺口 89.00，最大缺口 89.00，失败托盘互借修复成功 0。
  - KPI：near/mid/deep=0/0/1，救回率=0.00%，pair效率=0.00%。
  - 耗时拆解：packing=0.76s，main_topup=0.00s，retry=0.00s，failed_pool=0.00s，repack=0.00s，total=0.76s。
正在处理托盘类型：MH423C，销售订单号：LFEG16290IN03S
  - 该分组不适合列式（多非满柱）→ 回退 beam + 配方优先。
  - 配方优先[fast]：规划 0 实例，实装成功 0，配方路径不可用 → 采用基线方案。
  - 指数诊断：箱子 37 个，总指数 69，目标 192，理论最多达标托盘 0 个，剩余指数 69。
  - 几何诊断：典型整层堆叠单盘参考上限 51/192。 当前目标可能受托盘高度/箱型组合限制。
  - 几何诊断提示：典型整层参考值 51 < 目标 192；该值不是不可达证明，继续执行指数救援。
  - 失败托盘互借诊断：未合并（aborted_no_improvement_possible）。
托盘类型 MH423C（销售订单号：LFEG16290IN03S）处理完成：总托盘 2，指数达标 0，未达标 2，平均缺口 157.50，最大缺口 189.00，失败托盘互借修复成功 0。
  - KPI：near/mid/deep=0/0/2，救回率=0.00%，pair效率=0.00%。
  - 耗时拆解：packing=0.20s，main_topup=0.00s，retry=0.00s，failed_pool=0.00s，repack=0.31s，total=1.00s。
正在处理托盘类型：MH423C，销售订单号：LFEG16310IN02S
  - 该分组不适合列式（多非满柱）→ 回退 beam + 配方优先。
  - 配方优先[fast]：规划 0 实例，实装成功 0，配方路径不可用 → 采用基线方案。
  - 指数诊断：箱子 15 个，总指数 35，目标 192，理论最多达标托盘 0 个，剩余指数 35。
  - 几何诊断：典型整层堆叠单盘参考上限 29/192。 当前目标可能受托盘高度/箱型组合限制。
  - 几何诊断提示：典型整层参考值 29 < 目标 192；该值不是不可达证明，继续执行指数救援。
  - 失败托盘互借诊断：未合并（no_target_or_single_plan）。
托盘类型 MH423C（销售订单号：LFEG16310IN02S）处理完成：总托盘 1，指数达标 0，未达标 1，平均缺口 157.00，最大缺口 157.00，失败托盘互借修复成功 0。
  - KPI：near/mid/deep=0/0/1，救回率=0.00%，pair效率=0.00%。
  - 耗时拆解：packing=0.07s，main_topup=0.00s，retry=0.00s，failed_pool=0.00s，repack=0.00s，total=0.08s。
正在处理托盘类型：MH423C，销售订单号：LFEG16310IN01S
  - 该分组不适合列式（多非满柱）→ 回退 beam + 配方优先。
  - 配方优先[fast]：规划 0 实例，实装成功 0，配方路径不可用 → 采用基线方案。
  - 指数诊断：箱子 17 个，总指数 36，目标 192，理论最多达标托盘 0 个，剩余指数 36。
  - 几何诊断：典型整层堆叠单盘参考上限 30/192。 当前目标可能受托盘高度/箱型组合限制。
  - 几何诊断提示：典型整层参考值 30 < 目标 192；该值不是不可达证明，继续执行指数救援。
  - 失败托盘互借诊断：未合并（no_target_or_single_plan）。
托盘类型 MH423C（销售订单号：LFEG16310IN01S）处理完成：总托盘 1，指数达标 0，未达标 1，平均缺口 156.00，最大缺口 156.00，失败托盘互借修复成功 0。
  - KPI：near/mid/deep=0/0/1，救回率=0.00%，pair效率=0.00%。
  - 耗时拆解：packing=0.09s，main_topup=0.00s，retry=0.00s，failed_pool=0.00s，repack=0.00s，total=0.09s。
正在处理托盘类型：MH423C，销售订单号：PAID16290FN01S
  - 主算法：全局列式装箱 + 柱级组合优化（GCP）。
  - 失败托盘互借诊断：未合并（no_target_or_single_plan）。
托盘类型 MH423C（销售订单号：PAID16290FN01S）处理完成：总托盘 1，指数达标 0，未达标 1，平均缺口 161.00，最大缺口 161.00，失败托盘互借修复成功 0。
  - KPI：near/mid/deep=0/0/1，救回率=0.00%，pair效率=0.00%。
  - 耗时拆解：packing=0.03s，main_topup=0.00s，retry=0.00s，failed_pool=0.00s，repack=0.00s，total=0.03s。
正在处理托盘类型：MH423C，销售订单号：PAID16290FN01S__SPLITREST__
  - 该分组不适合列式（多非满柱）→ 回退 beam + 配方优先。
  - 配方优先[fast]：规划 0 实例，实装成功 0，配方路径不可用 → 采用基线方案。
  - 指数诊断：箱子 1 个，总指数 0.5，目标 192，理论最多达标托盘 0 个，剩余指数 0.5。
  - 几何诊断：典型整层堆叠单盘参考上限 0.5/192。 当前目标可能受托盘高度/箱型组合限制。
  - 几何诊断提示：典型整层参考值 0.5 < 目标 192；该值不是不可达证明，继续执行指数救援。
  - 失败托盘互借诊断：未合并（no_target_or_single_plan）。
托盘类型 MH423C（销售订单号：PAID16290FN01S__SPLITREST__）处理完成：总托盘 1，指数达标 0，未达标 1，平均缺口 191.50，最大缺口 191.50，失败托盘互借修复成功 0。
  - KPI：near/mid/deep=0/0/1，救回率=0.00%，pair效率=0.00%。
  - 耗时拆解：packing=0.00s，main_topup=0.00s，retry=0.00s，failed_pool=0.00s，repack=0.00s，total=0.00s。
正在处理托盘类型：MH423C，销售订单号：PAIN26290BC02S
  - 主算法：全局列式装箱 + 柱级组合优化（GCP）。
  - 失败托盘互借诊断：未合并（no_target_or_single_plan）。
托盘类型 MH423C（销售订单号：PAIN26290BC02S）处理完成：总托盘 1，指数达标 0，未达标 1，平均缺口 84.00，最大缺口 84.00，失败托盘互借修复成功 0。
  - KPI：near/mid/deep=0/0/1，救回率=0.00%，pair效率=0.00%。
  - 耗时拆解：packing=1.30s，main_topup=0.00s，retry=0.00s，failed_pool=0.00s，repack=0.00s，total=1.30s。
正在处理托盘类型：MH423C，销售订单号：PAIN26286EN01S
  - 该分组不适合列式（多非满柱）→ 回退 beam + 配方优先。
  - 配方优先[fast]：规划 0 实例，实装成功 0，配方路径不可用 → 采用基线方案。
  - 指数诊断：箱子 1 个，总指数 2，目标 192，理论最多达标托盘 0 个，剩余指数 2。
  - 几何诊断：典型整层堆叠单盘参考上限 2/192。 当前目标可能受托盘高度/箱型组合限制。
  - 几何诊断提示：典型整层参考值 2 < 目标 192；该值不是不可达证明，继续执行指数救援。
  - 失败托盘互借诊断：未合并（no_target_or_single_plan）。
托盘类型 MH423C（销售订单号：PAIN26286EN01S）处理完成：总托盘 1，指数达标 0，未达标 1，平均缺口 190.00，最大缺口 190.00，失败托盘互借修复成功 0。
  - KPI：near/mid/deep=0/0/1，救回率=0.00%，pair效率=0.00%。
  - 耗时拆解：packing=0.00s，main_topup=0.00s，retry=0.00s，failed_pool=0.00s，repack=0.00s，total=0.00s。
正在处理托盘类型：MH423C，销售订单号：LAID16296DN03S__CASEGROUP__1
  - 主算法：全局列式装箱 + 柱级组合优化（GCP）。
  - 失败托盘互借诊断：未合并（no_target_or_single_plan）。
托盘类型 MH423C（销售订单号：LAID16296DN03S__CASEGROUP__1）处理完成：总托盘 1，指数达标 0，未达标 1，平均缺口 90.00，最大缺口 90.00，失败托盘互借修复成功 0。
  - KPI：near/mid/deep=0/0/1，救回率=0.00%，pair效率=0.00%。
  - 耗时拆解：packing=0.36s，main_topup=0.00s，retry=0.00s，failed_pool=0.00s，repack=0.00s，total=0.36s。
正在处理托盘类型：MH423C，销售订单号：LAID16296DN03S__CASEGROUP__1__SPLITREST__
  - 该分组不适合列式（多非满柱）→ 回退 beam + 配方优先。
  - 配方优先[fast]：规划 0 实例，实装成功 0，配方路径不可用 → 采用基线方案。
  - 指数诊断：箱子 4 个，总指数 2，目标 192，理论最多达标托盘 0 个，剩余指数 2。
  - 几何诊断：典型整层堆叠单盘参考上限 2/192。 当前目标可能受托盘高度/箱型组合限制。
  - 几何诊断提示：典型整层参考值 2 < 目标 192；该值不是不可达证明，继续执行指数救援。
  - 失败托盘互借诊断：未合并（no_target_or_single_plan）。
托盘类型 MH423C（销售订单号：LAID16296DN03S__CASEGROUP__1__SPLITREST__）处理完成：总托盘 1，指数达标 0，未达标 1，平均缺口 190.00，最大缺口 190.00，失败托盘互借修复成功 0。
  - KPI：near/mid/deep=0/0/1，救回率=0.00%，pair效率=0.00%。
  - 耗时拆解：packing=0.00s，main_topup=0.00s，retry=0.00s，failed_pool=0.00s，repack=0.00s，total=0.02s。
正在处理托盘类型：MH423C，销售订单号：LAMY16315FN01S
  - 主算法：全局列式装箱 + 柱级组合优化（GCP）。
  - 失败托盘互借诊断：未合并（no_target_or_single_plan）。
托盘类型 MH423C（销售订单号：LAMY16315FN01S）处理完成：总托盘 1，指数达标 0，未达标 1，平均缺口 21.00，最大缺口 21.00，失败托盘互借修复成功 0。
  - KPI：near/mid/deep=0/1/0，救回率=0.00%，pair效率=0.00%。
  - 耗时拆解：packing=0.94s，main_topup=0.00s，retry=0.00s，failed_pool=0.00s，repack=0.00s，total=0.94s。
正在处理托盘类型：MH423C，销售订单号：LAMY16315FN01S__SPLITREST__
  - 该分组不适合列式（多非满柱）→ 回退 beam + 配方优先。
  - 配方优先[fast]：规划 0 实例，实装成功 0，配方路径不可用 → 采用基线方案。
  - 指数诊断：箱子 1 个，总指数 0.5，目标 192，理论最多达标托盘 0 个，剩余指数 0.5。
  - 几何诊断：典型整层堆叠单盘参考上限 0.5/192。 当前目标可能受托盘高度/箱型组合限制。
  - 几何诊断提示：典型整层参考值 0.5 < 目标 192；该值不是不可达证明，继续执行指数救援。
  - 失败托盘互借诊断：未合并（no_target_or_single_plan）。
托盘类型 MH423C（销售订单号：LAMY16315FN01S__SPLITREST__）处理完成：总托盘 1，指数达标 0，未达标 1，平均缺口 191.50，最大缺口 191.50，失败托盘互借修复成功 0。
  - KPI：near/mid/deep=0/0/1，救回率=0.00%，pair效率=0.00%。
  - 耗时拆解：packing=0.00s，main_topup=0.00s，retry=0.00s，failed_pool=0.00s，repack=0.00s，total=0.00s。
正在处理托盘类型：MH423C，销售订单号：LAID16305BN02S
  - 主算法：全局列式装箱 + 柱级组合优化（GCP）。
  - 失败托盘互借诊断：未合并（no_target_or_single_plan）。
托盘类型 MH423C（销售订单号：LAID16305BN02S）处理完成：总托盘 1，指数达标 0，未达标 1，平均缺口 128.50，最大缺口 128.50，失败托盘互借修复成功 0。
  - KPI：near/mid/deep=0/0/1，救回率=0.00%，pair效率=0.00%。
  - 耗时拆解：packing=0.47s，main_topup=0.00s，retry=0.00s，failed_pool=0.00s，repack=0.00s，total=0.47s。
正在处理托盘类型：MH423C，销售订单号：PAID16280FC02S
  - 主算法：全局列式装箱 + 柱级组合优化（GCP）。
  - GCP 盘数远超理论（CP-SAT 装不满）→ 回退 baseline beam + 配方优先。
  - 配方优先[fast]：规划 0 实例，实装成功 0，配方路径不可用 → 采用基线方案。
  - 指数诊断：箱子 4 个，总指数 16，目标 192，理论最多达标托盘 0 个，剩余指数 16。
  - 几何诊断：典型整层堆叠单盘参考上限 16/192。 当前目标可能受托盘高度/箱型组合限制。
  - 几何诊断提示：典型整层参考值 16 < 目标 192；该值不是不可达证明，继续执行指数救援。
  - 失败托盘互借诊断：未合并（no_target_or_single_plan）。
托盘类型 MH423C（销售订单号：PAID16280FC02S）处理完成：总托盘 1，指数达标 0，未达标 1，平均缺口 176.00，最大缺口 176.00，失败托盘互借修复成功 0。
  - KPI：near/mid/deep=0/0/1，救回率=0.00%，pair效率=0.00%。
  - 耗时拆解：packing=0.00s，main_topup=0.00s，retry=0.00s，failed_pool=0.00s，repack=0.00s，total=0.02s。
正在处理托盘类型：MH423C，销售订单号：PAID16290FC02S
  - 该分组不适合列式（多非满柱）→ 回退 beam + 配方优先。
  - 配方优先[fast]：规划 0 实例，实装成功 0，配方路径不可用 → 采用基线方案。
  - 指数诊断：箱子 6 个，总指数 14，目标 192，理论最多达标托盘 0 个，剩余指数 14。
  - 几何诊断：典型整层堆叠单盘参考上限 14/192。 当前目标可能受托盘高度/箱型组合限制。
  - 几何诊断提示：典型整层参考值 14 < 目标 192；该值不是不可达证明，继续执行指数救援。
  - 失败托盘互借诊断：未合并（no_target_or_single_plan）。
托盘类型 MH423C（销售订单号：PAID16290FC02S）处理完成：总托盘 1，指数达标 0，未达标 1，平均缺口 178.00，最大缺口 178.00，失败托盘互借修复成功 0。
  - KPI：near/mid/deep=0/0/1，救回率=0.00%，pair效率=0.00%。
  - 耗时拆解：packing=0.01s，main_topup=0.00s，retry=0.00s，failed_pool=0.00s，repack=0.00s，total=0.04s。
正在处理托盘类型：MH423C，销售订单号：PEG146296CN01S
  - 主算法：全局列式装箱 + 柱级组合优化（GCP）。
  - 失败托盘互借诊断：未合并（no_target_or_single_plan）。
托盘类型 MH423C（销售订单号：PEG146296CN01S）处理完成：总托盘 1，指数达标 0，未达标 1，平均缺口 68.00，最大缺口 68.00，失败托盘互借修复成功 0。
  - KPI：near/mid/deep=0/0/1，救回率=0.00%，pair效率=0.00%。
  - 耗时拆解：packing=0.30s，main_topup=0.00s，retry=0.00s，failed_pool=0.00s，repack=0.00s，total=0.30s。
正在处理托盘类型：MH423C，销售订单号：PAID16295BN01S
  - 主算法：全局列式装箱 + 柱级组合优化（GCP）。
  - 失败托盘互借诊断：未合并（aborted_no_improvement_possible）。
托盘类型 MH423C（销售订单号：PAID16295BN01S）处理完成：总托盘 2，指数达标 0，未达标 2，平均缺口 96.75，最大缺口 163.50，失败托盘互借修复成功 0。
  - KPI：near/mid/deep=0/0/2，救回率=0.00%，pair效率=0.00%。
  - 耗时拆解：packing=2.12s，main_topup=0.00s，retry=0.00s，failed_pool=0.00s，repack=1.49s，total=3.61s。
正在处理托盘类型：MH423C，销售订单号：PAID16296DN01S
  - 主算法：全局列式装箱 + 柱级组合优化（GCP）。
  - 失败托盘互借诊断：未合并（no_target_or_single_plan）。
托盘类型 MH423C（销售订单号：PAID16296DN01S）处理完成：总托盘 1，指数达标 0，未达标 1，平均缺口 132.50，最大缺口 132.50，失败托盘互借修复成功 0。
  - KPI：near/mid/deep=0/0/1，救回率=0.00%，pair效率=0.00%。
  - 耗时拆解：packing=1.28s，main_topup=0.00s，retry=0.00s，failed_pool=0.00s，repack=0.00s，total=1.28s。
正在处理托盘类型：MH423C，销售订单号：PAID16296DN01S__SPLITREST__
  - 该分组不适合列式（多非满柱）→ 回退 beam + 配方优先。
  - 配方优先[fast]：规划 0 实例，实装成功 0，配方路径不可用 → 采用基线方案。
  - 指数诊断：箱子 3 个，总指数 6，目标 192，理论最多达标托盘 0 个，剩余指数 6。
  - 几何诊断：典型整层堆叠单盘参考上限 6/192。 当前目标可能受托盘高度/箱型组合限制。
  - 几何诊断提示：典型整层参考值 6 < 目标 192；该值不是不可达证明，继续执行指数救援。
  - 失败托盘互借诊断：未合并（no_target_or_single_plan）。
托盘类型 MH423C（销售订单号：PAID16296DN01S__SPLITREST__）处理完成：总托盘 1，指数达标 0，未达标 1，平均缺口 186.00，最大缺口 186.00，失败托盘互借修复成功 0。
  - KPI：near/mid/deep=0/0/1，救回率=0.00%，pair效率=0.00%。
  - 耗时拆解：packing=0.00s，main_topup=0.00s，retry=0.00s，failed_pool=0.00s，repack=0.00s，total=0.01s。
正在处理托盘类型：MH423C，销售订单号：LAID16305EN01S
  - 该分组不适合列式（多非满柱）→ 回退 beam + 配方优先。
  - 配方优先[fast]：规划 0 实例，实装成功 0，配方路径不可用 → 采用基线方案。
  - 指数诊断：箱子 26 个，总指数 80.5，目标 192，理论最多达标托盘 0 个，剩余指数 80.5。
  - 几何诊断：典型整层堆叠单盘参考上限 63/192。 当前目标可能受托盘高度/箱型组合限制。
  - 几何诊断提示：典型整层参考值 63 < 目标 192；该值不是不可达证明，继续执行指数救援。
  - 失败托盘互借诊断：未合并（aborted_no_improvement_possible）。
托盘类型 MH423C（销售订单号：LAID16305EN01S）处理完成：总托盘 2，指数达标 0，未达标 2，平均缺口 151.75，最大缺口 163.00，失败托盘互借修复成功 0。
  - KPI：near/mid/deep=0/0/2，救回率=0.00%，pair效率=0.00%。
  - 耗时拆解：packing=0.21s，main_topup=0.00s，retry=0.00s，failed_pool=0.00s，repack=0.16s，total=0.38s。
正在处理托盘类型：MH423C，销售订单号：PAID16295EL05S
  - 该分组不适合列式（多非满柱）→ 回退 beam + 配方优先。
  - 配方优先[fast]：规划 0 实例，实装成功 0，配方路径不可用 → 采用基线方案。
  - 指数诊断：箱子 1 个，总指数 2，目标 192，理论最多达标托盘 0 个，剩余指数 2。
  - 几何诊断：典型整层堆叠单盘参考上限 2/192。 当前目标可能受托盘高度/箱型组合限制。
  - 几何诊断提示：典型整层参考值 2 < 目标 192；该值不是不可达证明，继续执行指数救援。
  - 失败托盘互借诊断：未合并（no_target_or_single_plan）。
托盘类型 MH423C（销售订单号：PAID16295EL05S）处理完成：总托盘 1，指数达标 0，未达标 1，平均缺口 190.00，最大缺口 190.00，失败托盘互借修复成功 0。
  - KPI：near/mid/deep=0/0/1，救回率=0.00%，pair效率=0.00%。
  - 耗时拆解：packing=0.00s，main_topup=0.00s，retry=0.00s，failed_pool=0.00s，repack=0.00s，total=0.00s。
正在处理托盘类型：MH423C，销售订单号：PAID16290FL03S
  - 该分组不适合列式（多非满柱）→ 回退 beam + 配方优先。
  - 配方优先[fast]：规划 0 实例，实装成功 0，配方路径不可用 → 采用基线方案。
  - 指数诊断：箱子 3 个，总指数 6，目标 192，理论最多达标托盘 0 个，剩余指数 6。
  - 几何诊断：典型整层堆叠单盘参考上限 6/192。 当前目标可能受托盘高度/箱型组合限制。
  - 几何诊断提示：典型整层参考值 6 < 目标 192；该值不是不可达证明，继续执行指数救援。
  - 失败托盘互借诊断：未合并（no_target_or_single_plan）。
托盘类型 MH423C（销售订单号：PAID16290FL03S）处理完成：总托盘 1，指数达标 0，未达标 1，平均缺口 186.00，最大缺口 186.00，失败托盘互借修复成功 0。
  - KPI：near/mid/deep=0/0/1，救回率=0.00%，pair效率=0.00%。
  - 耗时拆解：packing=0.00s，main_topup=0.00s，retry=0.00s，failed_pool=0.00s，repack=0.00s，total=0.01s。
正在处理托盘类型：MH423C，销售订单号：PAID16306DN01S
  - 主算法：全局列式装箱 + 柱级组合优化（GCP）。
  - 失败托盘互借诊断：未合并（no_target_or_single_plan）。
托盘类型 MH423C（销售订单号：PAID16306DN01S）处理完成：总托盘 1，指数达标 0，未达标 1，平均缺口 170.00，最大缺口 170.00，失败托盘互借修复成功 0。
  - KPI：near/mid/deep=0/0/1，救回率=0.00%，pair效率=0.00%。
  - 耗时拆解：packing=0.09s，main_topup=0.00s，retry=0.00s，failed_pool=0.00s，repack=0.00s，total=0.09s。
正在处理托盘类型：MH423C，销售订单号：PAID16306DN01S__SPLITREST__
  - 该分组不适合列式（多非满柱）→ 回退 beam + 配方优先。
  - 配方优先[fast]：规划 0 实例，实装成功 0，配方路径不可用 → 采用基线方案。
  - 指数诊断：箱子 2 个，总指数 1，目标 192，理论最多达标托盘 0 个，剩余指数 1。
  - 几何诊断：典型整层堆叠单盘参考上限 1/192。 当前目标可能受托盘高度/箱型组合限制。
  - 几何诊断提示：典型整层参考值 1 < 目标 192；该值不是不可达证明，继续执行指数救援。
  - 失败托盘互借诊断：未合并（no_target_or_single_plan）。
托盘类型 MH423C（销售订单号：PAID16306DN01S__SPLITREST__）处理完成：总托盘 1，指数达标 0，未达标 1，平均缺口 191.00，最大缺口 191.00，失败托盘互借修复成功 0。
  - KPI：near/mid/deep=0/0/1，救回率=0.00%，pair效率=0.00%。
  - 耗时拆解：packing=0.00s，main_topup=0.00s，retry=0.00s，failed_pool=0.00s，repack=0.00s，total=0.00s。
正在处理托盘类型：MH423C，销售订单号：LAMY16305FN01S
  - 主算法：全局列式装箱 + 柱级组合优化（GCP）。
  - 失败托盘互借诊断：未合并（aborted_no_improvement_possible）。
托盘类型 MH423C（销售订单号：LAMY16305FN01S）处理完成：总托盘 2，指数达标 0，未达标 2，平均缺口 132.25，最大缺口 186.00，失败托盘互借修复成功 0。
  - KPI：near/mid/deep=0/0/2，救回率=0.00%，pair效率=0.00%。
  - 耗时拆解：packing=1.34s，main_topup=0.00s，retry=0.00s，failed_pool=0.00s，repack=1.07s，total=2.41s。
正在处理托盘类型：MH423C，销售订单号：LAMY16305FN01S__SPLITREST__
  - 该分组不适合列式（多非满柱）→ 回退 beam + 配方优先。
  - 配方优先[fast]：规划 0 实例，实装成功 0，配方路径不可用 → 采用基线方案。
  - 指数诊断：箱子 1 个，总指数 6，目标 192，理论最多达标托盘 0 个，剩余指数 6。
  - 几何诊断：典型整层堆叠单盘参考上限 6/192。 当前目标可能受托盘高度/箱型组合限制。
  - 几何诊断提示：典型整层参考值 6 < 目标 192；该值不是不可达证明，继续执行指数救援。
  - 失败托盘互借诊断：未合并（no_target_or_single_plan）。
托盘类型 MH423C（销售订单号：LAMY16305FN01S__SPLITREST__）处理完成：总托盘 1，指数达标 0，未达标 1，平均缺口 186.00，最大缺口 186.00，失败托盘互借修复成功 0。
  - KPI：near/mid/deep=0/0/1，救回率=0.00%，pair效率=0.00%。
  - 耗时拆解：packing=0.00s，main_topup=0.00s，retry=0.00s，failed_pool=0.00s，repack=0.00s，total=0.00s。
正在处理托盘类型：MH423C，销售订单号：PAID16300FN01S
  - 该分组不适合列式（多非满柱）→ 回退 beam + 配方优先。
  - 配方优先[fast]：规划 0 实例，实装成功 0，配方路径不可用 → 采用基线方案。
  - 指数诊断：箱子 8 个，总指数 19，目标 192，理论最多达标托盘 0 个，剩余指数 19。
  - 几何诊断：典型整层堆叠单盘参考上限 19/192。 当前目标可能受托盘高度/箱型组合限制。
  - 几何诊断提示：典型整层参考值 19 < 目标 192；该值不是不可达证明，继续执行指数救援。
  - 失败托盘互借诊断：未合并（no_target_or_single_plan）。
托盘类型 MH423C（销售订单号：PAID16300FN01S）处理完成：总托盘 1，指数达标 0，未达标 1，平均缺口 173.00，最大缺口 173.00，失败托盘互借修复成功 0。
  - KPI：near/mid/deep=0/0/1，救回率=0.00%，pair效率=0.00%。
  - 耗时拆解：packing=0.01s，main_topup=0.00s，retry=0.00s，failed_pool=0.00s，repack=0.00s，total=0.04s。
正在处理托盘类型：MH423C，销售订单号：PAID16295BD02S
  - 主算法：全局列式装箱 + 柱级组合优化（GCP）。
  - 失败托盘互借诊断：未合并（no_target_or_single_plan）。
托盘类型 MH423C（销售订单号：PAID16295BD02S）处理完成：总托盘 1，指数达标 0，未达标 1，平均缺口 156.00，最大缺口 156.00，失败托盘互借修复成功 0。
  - KPI：near/mid/deep=0/0/1，救回率=0.00%，pair效率=0.00%。
  - 耗时拆解：packing=0.07s，main_topup=0.00s，retry=0.00s，failed_pool=0.00s，repack=0.00s，total=0.07s。
正在处理托盘类型：MH423C，销售订单号：LFEG16300IN02S
  - 主算法：全局列式装箱 + 柱级组合优化（GCP）。
  - GCP 盘数远超理论（CP-SAT 装不满）→ 回退 baseline beam + 配方优先。
  - 配方优先[fast]：规划 0 实例，实装成功 0，配方路径不可用 → 采用基线方案。
  - 指数诊断：箱子 85 个，总指数 144.5，目标 192，理论最多达标托盘 0 个，剩余指数 144.5。
  - 几何诊断：典型整层堆叠单盘参考上限 116/192。 当前目标可能受托盘高度/箱型组合限制。
  - 几何诊断提示：典型整层参考值 116 < 目标 192；该值不是不可达证明，继续执行指数救援。
  - 失败托盘互借诊断：未合并（aborted_no_improvement_possible）。
托盘类型 MH423C（销售订单号：LFEG16300IN02S）处理完成：总托盘 2，指数达标 0，未达标 2，平均缺口 119.75，最大缺口 186.50，失败托盘互借修复成功 0。
  - KPI：near/mid/deep=0/0/2，救回率=0.00%，pair效率=0.00%。
  - 耗时拆解：packing=1.27s，main_topup=0.03s，retry=0.00s，failed_pool=0.00s，repack=2.43s，total=10.73s。
正在处理托盘类型：MH423C，销售订单号：LFEG16300IN02S__SPLITREST__
  - 该分组不适合列式（多非满柱）→ 回退 beam + 配方优先。
  - 配方优先[fast]：规划 0 实例，实装成功 0，配方路径不可用 → 采用基线方案。
  - 指数诊断：箱子 2 个，总指数 4，目标 192，理论最多达标托盘 0 个，剩余指数 4。
  - 几何诊断：典型整层堆叠单盘参考上限 4/192。 当前目标可能受托盘高度/箱型组合限制。
  - 几何诊断提示：典型整层参考值 4 < 目标 192；该值不是不可达证明，继续执行指数救援。
  - 失败托盘互借诊断：未合并（no_target_or_single_plan）。
托盘类型 MH423C（销售订单号：LFEG16300IN02S__SPLITREST__）处理完成：总托盘 1，指数达标 0，未达标 1，平均缺口 188.00，最大缺口 188.00，失败托盘互借修复成功 0。
  - KPI：near/mid/deep=0/0/1，救回率=0.00%，pair效率=0.00%。
  - 耗时拆解：packing=0.00s，main_topup=0.00s，retry=0.00s，failed_pool=0.00s，repack=0.00s，total=0.00s。
正在处理托盘类型：MH423C，销售订单号：LAID16305BN01S
  - 主算法：全局列式装箱 + 柱级组合优化（GCP）。
  - 失败托盘互借诊断：未合并（aborted_no_improvement_possible）。
托盘类型 MH423C（销售订单号：LAID16305BN01S）处理完成：总托盘 2，指数达标 0，未达标 2，平均缺口 131.50，最大缺口 188.00，失败托盘互借修复成功 0。
  - KPI：near/mid/deep=0/0/2，救回率=0.00%，pair效率=0.00%。
  - 耗时拆解：packing=0.77s，main_topup=0.00s，retry=0.00s，failed_pool=0.00s，repack=0.68s，total=1.44s。
正在处理托盘类型：MH423C，销售订单号：LFEG16310IN03S
  - 主算法：全局列式装箱 + 柱级组合优化（GCP）。
  - 失败托盘互借诊断：未合并（no_target_or_single_plan）。
托盘类型 MH423C（销售订单号：LFEG16310IN03S）处理完成：总托盘 1，指数达标 0，未达标 1，平均缺口 159.00，最大缺口 159.00，失败托盘互借修复成功 0。
  - KPI：near/mid/deep=0/0/1，救回率=0.00%，pair效率=0.00%。
  - 耗时拆解：packing=0.04s，main_topup=0.00s，retry=0.00s，failed_pool=0.00s，repack=0.00s，total=0.04s。
正在处理托盘类型：MH423C，销售订单号：LFEG16300IN01S
  - 该分组不适合列式（多非满柱）→ 回退 beam + 配方优先。
  - 配方优先[fast]：规划 0 实例，实装成功 0，配方路径不可用 → 采用基线方案。
  - 指数诊断：箱子 18 个，总指数 29.5，目标 192，理论最多达标托盘 0 个，剩余指数 29.5。
  - 几何诊断：典型整层堆叠单盘参考上限 28.5/192。 当前目标可能受托盘高度/箱型组合限制。
  - 几何诊断提示：典型整层参考值 28.5 < 目标 192；该值不是不可达证明，继续执行指数救援。
  - 失败托盘互借诊断：未合并（no_target_or_single_plan）。
托盘类型 MH423C（销售订单号：LFEG16300IN01S）处理完成：总托盘 1，指数达标 0，未达标 1，平均缺口 162.50，最大缺口 162.50，失败托盘互借修复成功 0。
  - KPI：near/mid/deep=0/0/1，救回率=0.00%，pair效率=0.00%。
  - 耗时拆解：packing=0.11s，main_topup=0.00s，retry=0.00s，failed_pool=0.00s，repack=0.00s，total=0.11s。
正在处理托盘类型：MH423C，销售订单号：LFEG16300IN03S
  - 主算法：全局列式装箱 + 柱级组合优化（GCP）。
  - 失败托盘互借诊断：未合并（no_target_or_single_plan）。
托盘类型 MH423C（销售订单号：LFEG16300IN03S）处理完成：总托盘 1，指数达标 0，未达标 1，平均缺口 82.00，最大缺口 82.00，失败托盘互借修复成功 0。
  - KPI：near/mid/deep=0/0/1，救回率=0.00%，pair效率=0.00%。
  - 耗时拆解：packing=0.93s，main_topup=0.00s，retry=0.00s，failed_pool=0.00s，repack=0.00s，total=0.93s。
正在处理托盘类型：MH423C，销售订单号：LFEG16300IN03S__SPLITREST__
  - 该分组不适合列式（多非满柱）→ 回退 beam + 配方优先。
  - 配方优先[fast]：规划 0 实例，实装成功 0，配方路径不可用 → 采用基线方案。
  - 指数诊断：箱子 2 个，总指数 4，目标 192，理论最多达标托盘 0 个，剩余指数 4。
  - 几何诊断：典型整层堆叠单盘参考上限 4/192。 当前目标可能受托盘高度/箱型组合限制。
  - 几何诊断提示：典型整层参考值 4 < 目标 192；该值不是不可达证明，继续执行指数救援。
  - 失败托盘互借诊断：未合并（no_target_or_single_plan）。
托盘类型 MH423C（销售订单号：LFEG16300IN03S__SPLITREST__）处理完成：总托盘 1，指数达标 0，未达标 1，平均缺口 188.00，最大缺口 188.00，失败托盘互借修复成功 0。
  - KPI：near/mid/deep=0/0/1，救回率=0.00%，pair效率=0.00%。
  - 耗时拆解：packing=0.00s，main_topup=0.00s，retry=0.00s，failed_pool=0.00s，repack=0.00s，total=0.00s。
正在处理托盘类型：MH423C，销售订单号：LAID16305BN03S
  - 主算法：全局列式装箱 + 柱级组合优化（GCP）。
  - 失败托盘互借诊断：未合并（no_target_or_single_plan）。
托盘类型 MH423C（销售订单号：LAID16305BN03S）处理完成：总托盘 1，指数达标 0，未达标 1，平均缺口 116.00，最大缺口 116.00，失败托盘互借修复成功 0。
  - KPI：near/mid/deep=0/0/1，救回率=0.00%，pair效率=0.00%。
  - 耗时拆解：packing=0.35s，main_topup=0.00s，retry=0.00s，failed_pool=0.00s，repack=0.00s，total=0.35s。
正在处理托盘类型：MH423C，销售订单号：LAID16305BN03S__SPLITREST__
  - 该分组不适合列式（多非满柱）→ 回退 beam + 配方优先。
  - 托盘 MH423C-LAID16305BN03S__SPLITREST__-1 未找到可行装箱方案，启用剩余箱子守恒兜底。
  - 配方优先[fast]：规划 0 实例，实装成功 0，配方路径不可用 → 采用基线方案。
  - 指数诊断：箱子 5 个，总指数 2.5，目标 192，理论最多达标托盘 0 个，剩余指数 2.5。
  - 几何诊断：典型整层堆叠单盘参考上限 2.5/192。 当前目标可能受托盘高度/箱型组合限制。
  - 几何诊断提示：典型整层参考值 2.5 < 目标 192；该值不是不可达证明，继续执行指数救援。
  - 失败托盘互借诊断：未合并（aborted_no_improvement_possible）。
托盘类型 MH423C（销售订单号：LAID16305BN03S__SPLITREST__）处理完成：总托盘 2，指数达标 0，未达标 2，平均缺口 190.75，最大缺口 191.50，失败托盘互借修复成功 0。
  - KPI：near/mid/deep=0/0/2，救回率=0.00%，pair效率=0.00%。
  - 耗时拆解：packing=0.01s，main_topup=0.00s，retry=0.00s，failed_pool=0.00s，repack=0.03s，total=0.07s。
正在处理托盘类型：MH423C，销售订单号：PEG166300LN01S
  - 主算法：全局列式装箱 + 柱级组合优化（GCP）。
  - 失败托盘互借诊断：未合并（no_target_or_single_plan）。
托盘类型 MH423C（销售订单号：PEG166300LN01S）处理完成：总托盘 1，指数达标 0，未达标 1，平均缺口 64.00，最大缺口 64.00，失败托盘互借修复成功 0。
  - KPI：near/mid/deep=0/0/1，救回率=0.00%，pair效率=0.00%。
  - 耗时拆解：packing=0.31s，main_topup=0.00s，retry=0.00s，failed_pool=0.00s，repack=0.00s，total=0.31s。
正在处理托盘类型：MH423C，销售订单号：PAID163008N01S
  - 该分组不适合列式（多非满柱）→ 回退 beam + 配方优先。
  - 配方优先[fast]：规划 0 实例，实装成功 0，配方路径不可用 → 采用基线方案。
  - 指数诊断：箱子 1 个，总指数 1，目标 192，理论最多达标托盘 0 个，剩余指数 1。
  - 几何诊断：典型整层堆叠单盘参考上限 1/192。 当前目标可能受托盘高度/箱型组合限制。
  - 几何诊断提示：典型整层参考值 1 < 目标 192；该值不是不可达证明，继续执行指数救援。
  - 失败托盘互借诊断：未合并（no_target_or_single_plan）。
托盘类型 MH423C（销售订单号：PAID163008N01S）处理完成：总托盘 1，指数达标 0，未达标 1，平均缺口 191.00，最大缺口 191.00，失败托盘互借修复成功 0。
  - KPI：near/mid/deep=0/0/1，救回率=0.00%，pair效率=0.00%。
  - 耗时拆解：packing=0.00s，main_topup=0.00s，retry=0.00s，failed_pool=0.00s，repack=0.00s，total=0.00s。
正在处理托盘类型：MH423C，销售订单号：PAIN26290BN01S
  - 该分组不适合列式（多非满柱）→ 回退 beam + 配方优先。
  - 托盘 MH423C-PAIN26290BN01S-1 未找到可行装箱方案，启用剩余箱子守恒兜底。
  - 配方优先[fast]：规划 0 实例，实装成功 0，配方路径不可用 → 采用基线方案。
  - 指数诊断：箱子 5 个，总指数 2.5，目标 192，理论最多达标托盘 0 个，剩余指数 2.5。
  - 几何诊断：典型整层堆叠单盘参考上限 2.5/192。 当前目标可能受托盘高度/箱型组合限制。
  - 几何诊断提示：典型整层参考值 2.5 < 目标 192；该值不是不可达证明，继续执行指数救援。
  - 失败盘装满压实：合并/吸收 1 次（纯减盘数）。
  - 失败托盘互借诊断：未合并（aborted_no_improvement_possible）。
托盘类型 MH423C（销售订单号：PAIN26290BN01S）处理完成：总托盘 1，指数达标 0，未达标 1，平均缺口 189.50，最大缺口 189.50，失败托盘互借修复成功 0。
  - KPI：near/mid/deep=0/0/1，救回率=0.00%，pair效率=0.00%。
  - 耗时拆解：packing=0.01s，main_topup=0.00s，retry=0.00s，failed_pool=0.00s，repack=0.03s，total=0.07s。
正在处理托盘类型：MH423C，销售订单号：PAID162308N01S
  - 该分组不适合列式（多非满柱）→ 回退 beam + 配方优先。
  - 配方优先[fast]：规划 0 实例，实装成功 0，配方路径不可用 → 采用基线方案。
  - 指数诊断：箱子 1 个，总指数 2，目标 192，理论最多达标托盘 0 个，剩余指数 2。
  - 几何诊断：典型整层堆叠单盘参考上限 2/192。 当前目标可能受托盘高度/箱型组合限制。
  - 几何诊断提示：典型整层参考值 2 < 目标 192；该值不是不可达证明，继续执行指数救援。
  - 失败托盘互借诊断：未合并（no_target_or_single_plan）。
托盘类型 MH423C（销售订单号：PAID162308N01S）处理完成：总托盘 1，指数达标 0，未达标 1，平均缺口 190.00，最大缺口 190.00，失败托盘互借修复成功 0。
  - KPI：near/mid/deep=0/0/1，救回率=0.00%，pair效率=0.00%。
  - 耗时拆解：packing=0.00s，main_topup=0.00s，retry=0.00s，failed_pool=0.00s，repack=0.00s，total=0.00s。
正在处理托盘类型：MH423C，销售订单号：PEG106290LN01S
  - 主算法：全局列式装箱 + 柱级组合优化（GCP）。
  - 失败托盘互借诊断：未合并（no_target_or_single_plan）。
托盘类型 MH423C（销售订单号：PEG106290LN01S）处理完成：总托盘 1，指数达标 0，未达标 1，平均缺口 179.00，最大缺口 179.00，失败托盘互借修复成功 0。
  - KPI：near/mid/deep=0/0/1，救回率=0.00%，pair效率=0.00%。
  - 耗时拆解：packing=0.04s，main_topup=0.00s，retry=0.00s，failed_pool=0.00s，repack=0.00s，total=0.04s。
正在处理托盘类型：MH423C，销售订单号：LAID16306DN03S
  - 该分组不适合列式（多非满柱）→ 回退 beam + 配方优先。
  - 配方优先[fast]：规划 0 实例，实装成功 0，配方路径不可用 → 采用基线方案。
  - 指数诊断：箱子 9 个，总指数 9，目标 192，理论最多达标托盘 0 个，剩余指数 9。
  - 几何诊断：典型整层堆叠单盘参考上限 9/192。 当前目标可能受托盘高度/箱型组合限制。
  - 几何诊断提示：典型整层参考值 9 < 目标 192；该值不是不可达证明，继续执行指数救援。
  - 失败托盘互借诊断：未合并（no_target_or_single_plan）。
托盘类型 MH423C（销售订单号：LAID16306DN03S）处理完成：总托盘 1，指数达标 0，未达标 1，平均缺口 183.00，最大缺口 183.00，失败托盘互借修复成功 0。
  - KPI：near/mid/deep=0/0/1，救回率=0.00%，pair效率=0.00%。
  - 耗时拆解：packing=0.01s，main_topup=0.00s，retry=0.00s，failed_pool=0.00s，repack=0.00s，total=0.06s。
正在处理托盘类型：MH423C，销售订单号：PAID16305EC01S
  - 该分组不适合列式（多非满柱）→ 回退 beam + 配方优先。
  - 配方优先[fast]：规划 0 实例，实装成功 0，配方路径不可用 → 采用基线方案。
  - 指数诊断：箱子 2 个，总指数 2，目标 192，理论最多达标托盘 0 个，剩余指数 2。
  - 几何诊断：典型整层堆叠单盘参考上限 2/192。 当前目标可能受托盘高度/箱型组合限制。
  - 几何诊断提示：典型整层参考值 2 < 目标 192；该值不是不可达证明，继续执行指数救援。
  - 失败托盘互借诊断：未合并（no_target_or_single_plan）。
托盘类型 MH423C（销售订单号：PAID16305EC01S）处理完成：总托盘 1，指数达标 0，未达标 1，平均缺口 190.00，最大缺口 190.00，失败托盘互借修复成功 0。
  - KPI：near/mid/deep=0/0/1，救回率=0.00%，pair效率=0.00%。
  - 耗时拆解：packing=0.00s，main_topup=0.00s，retry=0.00s，failed_pool=0.00s，repack=0.00s，total=0.00s。
正在处理托盘类型：MH423C，销售订单号：LAID16306DN02S
  - 主算法：全局列式装箱 + 柱级组合优化（GCP）。
  - 失败托盘互借诊断：未合并（no_target_or_single_plan）。
托盘类型 MH423C（销售订单号：LAID16306DN02S）处理完成：总托盘 1，指数达标 0，未达标 1，平均缺口 162.00，最大缺口 162.00，失败托盘互借修复成功 0。
  - KPI：near/mid/deep=0/0/1，救回率=0.00%，pair效率=0.00%。
  - 耗时拆解：packing=0.16s，main_topup=0.00s，retry=0.00s，failed_pool=0.00s，repack=0.00s，total=0.16s。
正在处理托盘类型：MH423C，销售订单号：LAID16306DN02S__SPLITREST__
  - 该分组不适合列式（多非满柱）→ 回退 beam + 配方优先。
  - 配方优先[fast]：规划 0 实例，实装成功 0，配方路径不可用 → 采用基线方案。
  - 指数诊断：箱子 5 个，总指数 10，目标 192，理论最多达标托盘 0 个，剩余指数 10。
  - 几何诊断：典型整层堆叠单盘参考上限 10/192。 当前目标可能受托盘高度/箱型组合限制。
  - 几何诊断提示：典型整层参考值 10 < 目标 192；该值不是不可达证明，继续执行指数救援。
  - 失败托盘互借诊断：未合并（no_target_or_single_plan）。
托盘类型 MH423C（销售订单号：LAID16306DN02S__SPLITREST__）处理完成：总托盘 1，指数达标 0，未达标 1，平均缺口 182.00，最大缺口 182.00，失败托盘互借修复成功 0。
  - KPI：near/mid/deep=0/0/1，救回率=0.00%，pair效率=0.00%。
  - 耗时拆解：packing=0.00s，main_topup=0.00s，retry=0.00s，failed_pool=0.00s，repack=0.00s，total=0.01s。
正在处理托盘类型：MH423C，销售订单号：LFEG16316AN01S
  - 主算法：全局列式装箱 + 柱级组合优化（GCP）。
  - 失败托盘互借诊断：未合并（no_target_or_single_plan）。
托盘类型 MH423C（销售订单号：LFEG16316AN01S）处理完成：总托盘 1，指数达标 0，未达标 1，平均缺口 178.00，最大缺口 178.00，失败托盘互借修复成功 0。
  - KPI：near/mid/deep=0/0/1，救回率=0.00%，pair效率=0.00%。
  - 耗时拆解：packing=0.01s，main_topup=0.00s，retry=0.00s，failed_pool=0.00s，repack=0.00s，total=0.01s。
正在处理托盘类型：MH423C，销售订单号：PAIN26310GN01S
  - 主算法：全局列式装箱 + 柱级组合优化（GCP）。
  - GCP 盘数远超理论（CP-SAT 装不满）→ 回退 baseline beam + 配方优先。
  - 配方优先[fast]：规划 0 实例，实装成功 0，配方路径不可用 → 采用基线方案。
  - 指数诊断：箱子 4 个，总指数 16，目标 192，理论最多达标托盘 0 个，剩余指数 16。
  - 几何诊断：典型整层堆叠单盘参考上限 16/192。 当前目标可能受托盘高度/箱型组合限制。
  - 几何诊断提示：典型整层参考值 16 < 目标 192；该值不是不可达证明，继续执行指数救援。
  - 失败托盘互借诊断：未合并（no_target_or_single_plan）。
托盘类型 MH423C（销售订单号：PAIN26310GN01S）处理完成：总托盘 1，指数达标 0，未达标 1，平均缺口 176.00，最大缺口 176.00，失败托盘互借修复成功 0。
  - KPI：near/mid/deep=0/0/1，救回率=0.00%，pair效率=0.00%。
  - 耗时拆解：packing=0.00s，main_topup=0.00s，retry=0.00s，failed_pool=0.00s，repack=0.00s，total=0.02s。
正在处理托盘类型：MH423C，销售订单号：PAIN26290MZ07S
  - 主算法：全局列式装箱 + 柱级组合优化（GCP）。
  - 失败托盘互借诊断：未合并（no_target_or_single_plan）。
托盘类型 MH423C（销售订单号：PAIN26290MZ07S）处理完成：总托盘 1，指数达标 0，未达标 1，平均缺口 22.00，最大缺口 22.00，失败托盘互借修复成功 0。
  - KPI：near/mid/deep=0/1/0，救回率=0.00%，pair效率=0.00%。
  - 耗时拆解：packing=2.76s，main_topup=0.00s，retry=0.00s，failed_pool=0.00s，repack=0.00s，total=2.76s。
正在处理托盘类型：MH423C，销售订单号：PAID16295EN06S
  - 该分组不适合列式（多非满柱）→ 回退 beam + 配方优先。
  - 配方优先[fast]：规划 0 实例，实装成功 0，配方路径不可用 → 采用基线方案。
  - 指数诊断：箱子 1 个，总指数 1，目标 192，理论最多达标托盘 0 个，剩余指数 1。
  - 几何诊断：典型整层堆叠单盘参考上限 1/192。 当前目标可能受托盘高度/箱型组合限制。
  - 几何诊断提示：典型整层参考值 1 < 目标 192；该值不是不可达证明，继续执行指数救援。
  - 失败托盘互借诊断：未合并（no_target_or_single_plan）。
托盘类型 MH423C（销售订单号：PAID16295EN06S）处理完成：总托盘 1，指数达标 0，未达标 1，平均缺口 191.00，最大缺口 191.00，失败托盘互借修复成功 0。
  - KPI：near/mid/deep=0/0/1，救回率=0.00%，pair效率=0.00%。
  - 耗时拆解：packing=0.00s，main_topup=0.00s，retry=0.00s，failed_pool=0.00s，repack=0.00s，total=0.00s。
正在处理托盘类型：MH423C，销售订单号：PAIN26296EN01S
  - 主算法：全局列式装箱 + 柱级组合优化（GCP）。
  - 失败托盘互借诊断：未合并（no_target_or_single_plan）。
托盘类型 MH423C（销售订单号：PAIN26296EN01S）处理完成：总托盘 1，指数达标 0，未达标 1，平均缺口 31.00，最大缺口 31.00，失败托盘互借修复成功 0。
  - KPI：near/mid/deep=0/0/1，救回率=0.00%，pair效率=0.00%。
  - 耗时拆解：packing=0.42s，main_topup=0.00s，retry=0.00s，failed_pool=0.00s，repack=0.00s，total=0.42s。
正在处理托盘类型：MH423C，销售订单号：LFEG16316AN02S
  - 该分组不适合列式（多非满柱）→ 回退 beam + 配方优先。
  - 配方优先[fast]：规划 0 实例，实装成功 0，配方路径不可用 → 采用基线方案。
  - 指数诊断：箱子 3 个，总指数 6，目标 192，理论最多达标托盘 0 个，剩余指数 6。
  - 几何诊断：典型整层堆叠单盘参考上限 6/192。 当前目标可能受托盘高度/箱型组合限制。
  - 几何诊断提示：典型整层参考值 6 < 目标 192；该值不是不可达证明，继续执行指数救援。
  - 失败托盘互借诊断：未合并（no_target_or_single_plan）。
托盘类型 MH423C（销售订单号：LFEG16316AN02S）处理完成：总托盘 1，指数达标 0，未达标 1，平均缺口 186.00，最大缺口 186.00，失败托盘互借修复成功 0。
  - KPI：near/mid/deep=0/0/1，救回率=0.00%，pair效率=0.00%。
  - 耗时拆解：packing=0.00s，main_topup=0.00s，retry=0.00s，failed_pool=0.00s，repack=0.00s，total=0.01s。
正在处理托盘类型：MH423C，销售订单号：PAIN26310MN01S
  - 该分组不适合列式（多非满柱）→ 回退 beam + 配方优先。
  - 配方优先[fast]：规划 0 实例，实装成功 0，配方路径不可用 → 采用基线方案。
  - 指数诊断：箱子 7 个，总指数 76，目标 192，理论最多达标托盘 0 个，剩余指数 76。
  - 几何诊断：典型整层堆叠单盘参考上限 60/192。 当前目标可能受托盘高度/箱型组合限制。
  - 几何诊断提示：典型整层参考值 60 < 目标 192；该值不是不可达证明，继续执行指数救援。
  - 失败托盘互借诊断：未合并（no_target_or_single_plan）。
托盘类型 MH423C（销售订单号：PAIN26310MN01S）处理完成：总托盘 1，指数达标 0，未达标 1，平均缺口 116.00，最大缺口 116.00，失败托盘互借修复成功 0。
  - KPI：near/mid/deep=0/0/1，救回率=0.00%，pair效率=0.00%。
  - 耗时拆解：packing=0.00s，main_topup=0.00s，retry=0.00s，failed_pool=0.00s，repack=0.00s，total=0.00s。
正在处理托盘类型：MH423C，销售订单号：LAID16315EN01S
  - 该分组不适合列式（多非满柱）→ 回退 beam + 配方优先。
  - 配方优先[fast]：规划 0 实例，实装成功 0，配方路径不可用 → 采用基线方案。
  - 指数诊断：箱子 4 个，总指数 20，目标 192，理论最多达标托盘 0 个，剩余指数 20。
  - 几何诊断：典型整层堆叠单盘参考上限 20/192。 当前目标可能受托盘高度/箱型组合限制。
  - 几何诊断提示：典型整层参考值 20 < 目标 192；该值不是不可达证明，继续执行指数救援。
  - 失败托盘互借诊断：未合并（no_target_or_single_plan）。
托盘类型 MH423C（销售订单号：LAID16315EN01S）处理完成：总托盘 1，指数达标 0，未达标 1，平均缺口 172.00，最大缺口 172.00，失败托盘互借修复成功 0。
  - KPI：near/mid/deep=0/0/1，救回率=0.00%，pair效率=0.00%。
  - 耗时拆解：packing=0.01s，main_topup=0.00s，retry=0.00s，failed_pool=0.00s，repack=0.00s，total=0.01s。
正在处理托盘类型：MH423C，销售订单号：PAIN26316EN01S
  - 主算法：全局列式装箱 + 柱级组合优化（GCP）。
  - 失败托盘互借诊断：未合并（no_target_or_single_plan）。
托盘类型 MH423C（销售订单号：PAIN26316EN01S）处理完成：总托盘 1，指数达标 0，未达标 1，平均缺口 140.00，最大缺口 140.00，失败托盘互借修复成功 0。
  - KPI：near/mid/deep=0/0/1，救回率=0.00%，pair效率=0.00%。
  - 耗时拆解：packing=0.04s，main_topup=0.00s，retry=0.00s，failed_pool=0.00s，repack=0.00s，total=0.04s。
正在处理托盘类型：MH423C，销售订单号：LAID16315EN02S
  - 主算法：全局列式装箱 + 柱级组合优化（GCP）。
  - 失败托盘互借诊断：未合并（no_target_or_single_plan）。
托盘类型 MH423C（销售订单号：LAID16315EN02S）处理完成：总托盘 1，指数达标 0，未达标 1，平均缺口 148.00，最大缺口 148.00，失败托盘互借修复成功 0。
  - KPI：near/mid/deep=0/0/1，救回率=0.00%，pair效率=0.00%。
  - 耗时拆解：packing=0.01s，main_topup=0.00s，retry=0.00s，failed_pool=0.00s，repack=0.00s，total=0.01s。
正在处理托盘类型：MH423C，销售订单号：PAIN26296EC02S
  - 主算法：全局列式装箱 + 柱级组合优化（GCP）。
  - 失败托盘互借诊断：未合并（no_target_or_single_plan）。
托盘类型 MH423C（销售订单号：PAIN26296EC02S）处理完成：总托盘 1，指数达标 0，未达标 1，平均缺口 130.00，最大缺口 130.00，失败托盘互借修复成功 0。
  - KPI：near/mid/deep=0/0/1，救回率=0.00%，pair效率=0.00%。
  - 耗时拆解：packing=0.16s，main_topup=0.00s，retry=0.00s，failed_pool=0.00s，repack=0.00s，total=0.16s。
正在处理托盘类型：MH423C，销售订单号：PAIN26310MZ05S
  - 主算法：全局列式装箱 + 柱级组合优化（GCP）。
  - 失败托盘互借诊断：未合并（no_target_or_single_plan）。
托盘类型 MH423C（销售订单号：PAIN26310MZ05S）处理完成：总托盘 1，指数达标 0，未达标 1，平均缺口 86.00，最大缺口 86.00，失败托盘互借修复成功 0。
  - KPI：near/mid/deep=0/0/1，救回率=0.00%，pair效率=0.00%。
  - 耗时拆解：packing=1.44s，main_topup=0.00s，retry=0.00s，failed_pool=0.00s，repack=0.00s，total=1.44s。
正在处理托盘类型：MH423C，销售订单号：PEG086300LN01S
  - 主算法：全局列式装箱 + 柱级组合优化（GCP）。
  - 失败托盘互借诊断：未合并（no_target_or_single_plan）。
托盘类型 MH423C（销售订单号：PEG086300LN01S）处理完成：总托盘 1，指数达标 0，未达标 1，平均缺口 124.00，最大缺口 124.00，失败托盘互借修复成功 0。
  - KPI：near/mid/deep=0/0/1，救回率=0.00%，pair效率=0.00%。
  - 耗时拆解：packing=0.07s，main_topup=0.00s，retry=0.00s，failed_pool=0.00s，repack=0.00s，total=0.07s。
正在处理托盘类型：MH423C，销售订单号：LAID16315EN03S
  - 该分组不适合列式（多非满柱）→ 回退 beam + 配方优先。
  - 配方优先[fast]：规划 0 实例，实装成功 0，配方路径不可用 → 采用基线方案。
  - 指数诊断：箱子 5 个，总指数 40，目标 192，理论最多达标托盘 0 个，剩余指数 40。
  - 几何诊断：典型整层堆叠单盘参考上限 40/192。 当前目标可能受托盘高度/箱型组合限制。
  - 几何诊断提示：典型整层参考值 40 < 目标 192；该值不是不可达证明，继续执行指数救援。
  - 失败托盘互借诊断：未合并（no_target_or_single_plan）。
托盘类型 MH423C（销售订单号：LAID16315EN03S）处理完成：总托盘 1，指数达标 0，未达标 1，平均缺口 152.00，最大缺口 152.00，失败托盘互借修复成功 0。
  - KPI：near/mid/deep=0/0/1，救回率=0.00%，pair效率=0.00%。
  - 耗时拆解：packing=0.01s，main_topup=0.00s，retry=0.00s，failed_pool=0.00s，repack=0.00s，total=0.01s。
正在处理托盘类型：MH423C，销售订单号：LAID16316DN03S
  - 主算法：全局列式装箱 + 柱级组合优化（GCP）。
  - 失败托盘互借诊断：未合并（no_target_or_single_plan）。
托盘类型 MH423C（销售订单号：LAID16316DN03S）处理完成：总托盘 1，指数达标 0，未达标 1，平均缺口 144.00，最大缺口 144.00，失败托盘互借修复成功 0。
  - KPI：near/mid/deep=0/0/1，救回率=0.00%，pair效率=0.00%。
  - 耗时拆解：packing=0.04s，main_topup=0.00s，retry=0.00s，failed_pool=0.00s，repack=0.00s，total=0.04s。
正在处理托盘类型：MH423C，销售订单号：LAID16316DN01S
  - 主算法：全局列式装箱 + 柱级组合优化（GCP）。
  - 失败托盘互借诊断：未合并（no_target_or_single_plan）。
托盘类型 MH423C（销售订单号：LAID16316DN01S）处理完成：总托盘 1，指数达标 0，未达标 1，平均缺口 120.00，最大缺口 120.00，失败托盘互借修复成功 0。
  - KPI：near/mid/deep=0/0/1，救回率=0.00%，pair效率=0.00%。
  - 耗时拆解：packing=0.09s，main_topup=0.00s，retry=0.00s，failed_pool=0.00s，repack=0.00s，total=0.09s。
正在处理托盘类型：MH423C，销售订单号：LAID16316DN02S
  - 主算法：全局列式装箱 + 柱级组合优化（GCP）。
  - 失败托盘互借诊断：未合并（no_target_or_single_plan）。
托盘类型 MH423C（销售订单号：LAID16316DN02S）处理完成：总托盘 1，指数达标 0，未达标 1，平均缺口 168.00，最大缺口 168.00，失败托盘互借修复成功 0。
  - KPI：near/mid/deep=0/0/1，救回率=0.00%，pair效率=0.00%。
  - 耗时拆解：packing=0.01s，main_topup=0.00s，retry=0.00s，failed_pool=0.00s，repack=0.00s，total=0.01s。
  - 失败盘装满压实：合并/吸收 1 次（纯减盘数）。
  - 跨子组装满压实（MH423C / PAID16290FN01S）：合并 1 次（纯减盘数）。
  - 失败盘装满压实：合并/吸收 1 次（纯减盘数）。
  - 跨子组装满压实（MH423C / PAID16296DN01S）：合并 1 次（纯减盘数）。
  - 失败盘装满压实：合并/吸收 1 次（纯减盘数）。
  - 跨子组装满压实（MH423C / PAID16306DN01S）：合并 1 次（纯减盘数）。
  - 失败盘装满压实：合并/吸收 1 次（纯减盘数）。
  - 跨子组装满压实（MH423C / LAMY16305FN01S）：合并 1 次（纯减盘数）。
  - 失败盘装满压实：合并/吸收 1 次（纯减盘数）。
  - 跨子组装满压实（MH423C / LFEG16300IN02S）：合并 1 次（纯减盘数）。
  - 失败盘装满压实：合并/吸收 1 次（纯减盘数）。
  - 跨子组装满压实（MH423C / LFEG16300IN03S）：合并 1 次（纯减盘数）。
  - 失败盘装满压实：合并/吸收 1 次（纯减盘数）。
  - 跨子组装满压实（MH423C / LAID16305BN03S）：合并 1 次（纯减盘数）。
  - 失败盘装满压实：合并/吸收 1 次（纯减盘数）。
  - 跨子组装满压实（MH423C / LAID16306DN02S）：合并 1 次（纯减盘数）。
========================================
统计汇总：总托盘 74，指数达标 0，未达标 74，未知 0，平均缺口 144.93，最大缺口 191.50，失败托盘互借修复成功 0
KPI汇总：near/mid/deep=0/2/72，pair尝试=0，pair改进=0，pair效率=0.00%
耗时汇总：packing=19.80s，main_topup=0.05s，retry=0.00s，repack=8.03s，end_to_end=43.55s
========================================
[WCS-装] SUCCESS 产品码 0 个，DB 更新达标 0 行；FAILED 盘 74 个保持未达标。
[WCS-装] 本轮结束；等待下一次「新插入」再开算。
[WCS-装] 本轮无达标托盘，跳过 success 目录写入。
[WCS-装] 未达标方案已保存：D:\research_code\final\zhuang\packing-workspace\output\fail\packing_plan_20260724_105414.json
[WCS-装] 无达标托盘，跳过 wcs_plan / wcs_plan_map 写入。
[WCS-装] 已跳过接口 2 推送（仅本地保存）。
[UI-RESULT] D:\research_code\final\zhuang\packing-workspace\output\fail\packing_plan_20260724_105414.json
[WCS-装] 等待数据库新插入（有新 product_code 才开算）…
============================================================
[WCS-拉] 20260724_105731：拉取接口 1 …
[WCS-拉] 原始响应已保存：D:\research_code\final\zhuang\packing-workspace\input\raw\20260724_105731.json
[WCS-拉] 已剔除 case_type≠MH423C 的品类 113 条（类型：['MH113', 'WR246']），保留 1469 条。
[WCS-DB] product_code 已存在、跳过 1469 条
[WCS-拉] 落库完成：候选 1469 条，新插入 0 条（新行 up_to_standard=0）。
[WCS-拉] 无新插入 → 不触发装箱。
============================================================
[WCS-拉] 20260724_110051：拉取接口 1 …
[WCS-拉] 原始响应已保存：D:\research_code\final\zhuang\packing-workspace\input\raw\20260724_110051.json
[WCS-拉] 已剔除 case_type≠MH423C 的品类 113 条（类型：['MH113', 'WR246']），保留 1469 条。
[WCS-DB] product_code 已存在、跳过 1469 条
[WCS-拉] 落库完成：候选 1469 条，新插入 0 条（新行 up_to_standard=0）。
[WCS-拉] 无新插入 → 不触发装箱。
============================================================
[WCS-拉] 20260724_110412：拉取接口 1 …
[WCS-拉] 原始响应已保存：D:\research_code\final\zhuang\packing-workspace\input\raw\20260724_110412.json
[WCS-拉] 已剔除 case_type≠MH423C 的品类 113 条（类型：['MH113', 'WR246']），保留 1470 条。
[WCS-DB] product_code 已存在、跳过 1469 条
[WCS-拉] 落库完成：候选 1470 条，新插入 1 条（新行 up_to_standard=0）。
[WCS-拉] 有新插入 → 唤醒装箱线程。
[WCS] 已加载 BMS 参考表：D:\research_code\final\zhuang\packing-workspace\data\selected_5000_boxes_9_1_concentrated_3orders.xlsx
============================================================
[WCS-装] 20260724_110416：未达标行 1470 条，开始装箱 …
[WCS-装] 展开为 1470 个箱子。
数据预处理和箱子分组完成（按托盘类型+销售订单号）。
----------------------------------------
  - 组内子聚类：11 个混合订单拆出规则子集走 GCP、杂箱走 baseline。
正在处理托盘类型：MH423C，销售订单号：PAID16280FN01S
  - 该分组不适合列式（多非满柱）→ 回退 beam + 配方优先。
  - 配方优先[fast]：规划 0 实例，实装成功 0，配方路径不可用 → 采用基线方案。
  - 指数诊断：箱子 1 个，总指数 4，目标 192，理论最多达标托盘 0 个，剩余指数 4。
  - 几何诊断：典型整层堆叠单盘参考上限 4/192。 当前目标可能受托盘高度/箱型组合限制。
  - 几何诊断提示：典型整层参考值 4 < 目标 192；该值不是不可达证明，继续执行指数救援。
  - 失败托盘互借诊断：未合并（no_target_or_single_plan）。
托盘类型 MH423C（销售订单号：PAID16280FN01S）处理完成：总托盘 1，指数达标 0，未达标 1，平均缺口 188.00，最大缺口 188.00，失败托盘互借修复成功 0。
  - KPI：near/mid/deep=0/0/1，救回率=0.00%，pair效率=0.00%。
  - 耗时拆解：packing=0.00s，main_topup=0.00s，retry=0.00s，failed_pool=0.00s，repack=0.00s，total=0.00s。
正在处理托盘类型：MH423C，销售订单号：LFEG16290IN01S
  - 该分组不适合列式（多非满柱）→ 回退 beam + 配方优先。
  - 托盘 MH423C-LFEG16290IN01S-1 未找到可行装箱方案，启用剩余箱子守恒兜底。
  - 配方优先[fast]：规划 0 实例，实装成功 0，配方路径不可用 → 采用基线方案。
  - 指数诊断：箱子 9 个，总指数 17，目标 192，理论最多达标托盘 0 个，剩余指数 17。
  - 几何诊断：典型整层堆叠单盘参考上限 12/192。 当前目标可能受托盘高度/箱型组合限制。
  - 几何诊断提示：典型整层参考值 12 < 目标 192；该值不是不可达证明，继续执行指数救援。
  - 失败盘装满压实：合并/吸收 2 次（纯减盘数）。
  - 失败托盘互借诊断：未合并（aborted_no_improvement_possible）。
托盘类型 MH423C（销售订单号：LFEG16290IN01S）处理完成：总托盘 2，指数达标 0，未达标 2，平均缺口 183.50，最大缺口 187.00，失败托盘互借修复成功 0。
  - KPI：near/mid/deep=0/0/2，救回率=0.00%，pair效率=0.00%。
  - 耗时拆解：packing=0.03s，main_topup=0.00s，retry=0.00s，failed_pool=0.00s，repack=0.21s，total=0.33s。
正在处理托盘类型：MH423C，销售订单号：LFEG16290IN02S
  - 该分组不适合列式（多非满柱）→ 回退 beam + 配方优先。
  - 配方优先[fast]：规划 0 实例，实装成功 0，配方路径不可用 → 采用基线方案。
  - 指数诊断：箱子 33 个，总指数 33.5，目标 192，理论最多达标托盘 0 个，剩余指数 33.5。
  - 几何诊断：典型整层堆叠单盘参考上限 28.5/192。 当前目标可能受托盘高度/箱型组合限制。
  - 几何诊断提示：典型整层参考值 28.5 < 目标 192；该值不是不可达证明，继续执行指数救援。
  - 失败托盘互借诊断：未合并（no_target_or_single_plan）。
托盘类型 MH423C（销售订单号：LFEG16290IN02S）处理完成：总托盘 1，指数达标 0，未达标 1，平均缺口 158.50，最大缺口 158.50，失败托盘互借修复成功 0。
  - KPI：near/mid/deep=0/0/1，救回率=0.00%，pair效率=0.00%。
  - 耗时拆解：packing=0.34s，main_topup=0.00s，retry=0.00s，failed_pool=0.00s，repack=0.00s，total=0.34s。
正在处理托盘类型：MH423C，销售订单号：LAID16306DN01S
  - 该分组不适合列式（多非满柱）→ 回退 beam + 配方优先。
  - 配方优先[fast]：规划 0 实例，实装成功 0，配方路径不可用 → 采用基线方案。
  - 指数诊断：箱子 50 个，总指数 88，目标 192，理论最多达标托盘 0 个，剩余指数 88。
  - 几何诊断：典型整层堆叠单盘参考上限 65/192。 当前目标可能受托盘高度/箱型组合限制。
  - 几何诊断提示：典型整层参考值 65 < 目标 192；该值不是不可达证明，继续执行指数救援。
  - 失败托盘互借诊断：未合并（aborted_no_improvement_possible）。
托盘类型 MH423C（销售订单号：LAID16306DN01S）处理完成：总托盘 2，指数达标 0，未达标 2，平均缺口 148.00，最大缺口 182.00，失败托盘互借修复成功 0。
  - KPI：near/mid/deep=0/0/2，救回率=0.00%，pair效率=0.00%。
  - 耗时拆解：packing=0.31s，main_topup=0.01s，retry=0.00s，failed_pool=0.00s，repack=0.70s，total=1.87s。
正在处理托盘类型：MH423C，销售订单号：LAID16296DN01S
  - 主算法：全局列式装箱 + 柱级组合优化（GCP）。
  - 失败托盘互借诊断：未合并（no_target_or_single_plan）。
托盘类型 MH423C（销售订单号：LAID16296DN01S）处理完成：总托盘 1，指数达标 0，未达标 1，平均缺口 151.50，最大缺口 151.50，失败托盘互借修复成功 0。
  - KPI：near/mid/deep=0/0/1，救回率=0.00%，pair效率=0.00%。
  - 耗时拆解：packing=0.10s，main_topup=0.00s，retry=0.00s，failed_pool=0.00s，repack=0.00s，total=0.10s。
正在处理托盘类型：MH423C，销售订单号：LAID16296DN01S__SPLITREST__
  - 该分组不适合列式（多非满柱）→ 回退 beam + 配方优先。
  - 配方优先[fast]：规划 0 实例，实装成功 0，配方路径不可用 → 采用基线方案。
  - 指数诊断：箱子 4 个，总指数 8，目标 192，理论最多达标托盘 0 个，剩余指数 8。
  - 几何诊断：典型整层堆叠单盘参考上限 8/192。 当前目标可能受托盘高度/箱型组合限制。
  - 几何诊断提示：典型整层参考值 8 < 目标 192；该值不是不可达证明，继续执行指数救援。
  - 失败托盘互借诊断：未合并（no_target_or_single_plan）。
托盘类型 MH423C（销售订单号：LAID16296DN01S__SPLITREST__）处理完成：总托盘 1，指数达标 0，未达标 1，平均缺口 184.00，最大缺口 184.00，失败托盘互借修复成功 0。
  - KPI：near/mid/deep=0/0/1，救回率=0.00%，pair效率=0.00%。
  - 耗时拆解：packing=0.00s，main_topup=0.00s，retry=0.00s，failed_pool=0.00s，repack=0.00s，total=0.02s。
正在处理托盘类型：MH423C，销售订单号：LAID16296DN02S
  - 主算法：全局列式装箱 + 柱级组合优化（GCP）。
  - GCP 盘数远超理论（CP-SAT 装不满）→ 回退 baseline beam + 配方优先。
  - 托盘 MH423C-LAID16296DN02S-2 未找到可行装箱方案，启用剩余箱子守恒兜底。
  - 配方优先[fast]：规划 0 实例，实装成功 0，配方路径不可用 → 采用基线方案。
  - 指数诊断：箱子 49 个，总指数 164.5，目标 192，理论最多达标托盘 0 个，剩余指数 164.5。
  - 几何诊断：典型整层堆叠单盘参考上限 97/192。 当前目标可能受托盘高度/箱型组合限制。
  - 几何诊断提示：典型整层参考值 97 < 目标 192；该值不是不可达证明，继续执行指数救援。
  - 失败托盘互借诊断：未合并（aborted_no_improvement_possible）。
托盘类型 MH423C（销售订单号：LAID16296DN02S）处理完成：总托盘 4，指数达标 0，未达标 4，平均缺口 150.88，最大缺口 191.00，失败托盘互借修复成功 0。
  - KPI：near/mid/deep=0/0/4，救回率=0.00%，pair效率=0.00%。
  - 耗时拆解：packing=0.43s，main_topup=0.00s，retry=0.00s，failed_pool=0.00s，repack=1.11s，total=3.20s。
正在处理托盘类型：MH423C，销售订单号：LAID16296DN03S
  - 主算法：全局列式装箱 + 柱级组合优化（GCP）。
  - 失败托盘互借诊断：未合并（no_target_or_single_plan）。
托盘类型 MH423C（销售订单号：LAID16296DN03S）处理完成：总托盘 1，指数达标 0，未达标 1，平均缺口 89.00，最大缺口 89.00，失败托盘互借修复成功 0。
  - KPI：near/mid/deep=0/0/1，救回率=0.00%，pair效率=0.00%。
  - 耗时拆解：packing=0.93s，main_topup=0.00s，retry=0.00s，failed_pool=0.00s，repack=0.00s，total=0.93s。
正在处理托盘类型：MH423C，销售订单号：LFEG16290IN03S
  - 该分组不适合列式（多非满柱）→ 回退 beam + 配方优先。
  - 配方优先[fast]：规划 0 实例，实装成功 0，配方路径不可用 → 采用基线方案。
  - 指数诊断：箱子 37 个，总指数 69，目标 192，理论最多达标托盘 0 个，剩余指数 69。
  - 几何诊断：典型整层堆叠单盘参考上限 51/192。 当前目标可能受托盘高度/箱型组合限制。
  - 几何诊断提示：典型整层参考值 51 < 目标 192；该值不是不可达证明，继续执行指数救援。
  - 失败托盘互借诊断：未合并（aborted_no_improvement_possible）。
托盘类型 MH423C（销售订单号：LFEG16290IN03S）处理完成：总托盘 2，指数达标 0，未达标 2，平均缺口 157.50，最大缺口 189.00，失败托盘互借修复成功 0。
  - KPI：near/mid/deep=0/0/2，救回率=0.00%，pair效率=0.00%。
  - 耗时拆解：packing=0.20s，main_topup=0.00s，retry=0.00s，failed_pool=0.00s，repack=0.37s，total=1.15s。
正在处理托盘类型：MH423C，销售订单号：LFEG16310IN02S
  - 该分组不适合列式（多非满柱）→ 回退 beam + 配方优先。
  - 配方优先[fast]：规划 0 实例，实装成功 0，配方路径不可用 → 采用基线方案。
  - 指数诊断：箱子 15 个，总指数 35，目标 192，理论最多达标托盘 0 个，剩余指数 35。
  - 几何诊断：典型整层堆叠单盘参考上限 29/192。 当前目标可能受托盘高度/箱型组合限制。
  - 几何诊断提示：典型整层参考值 29 < 目标 192；该值不是不可达证明，继续执行指数救援。
  - 失败托盘互借诊断：未合并（no_target_or_single_plan）。
托盘类型 MH423C（销售订单号：LFEG16310IN02S）处理完成：总托盘 1，指数达标 0，未达标 1，平均缺口 157.00，最大缺口 157.00，失败托盘互借修复成功 0。
  - KPI：near/mid/deep=0/0/1，救回率=0.00%，pair效率=0.00%。
  - 耗时拆解：packing=0.09s，main_topup=0.00s，retry=0.00s，failed_pool=0.00s，repack=0.00s，total=0.09s。
正在处理托盘类型：MH423C，销售订单号：LFEG16310IN01S
  - 该分组不适合列式（多非满柱）→ 回退 beam + 配方优先。
  - 配方优先[fast]：规划 0 实例，实装成功 0，配方路径不可用 → 采用基线方案。
  - 指数诊断：箱子 17 个，总指数 36，目标 192，理论最多达标托盘 0 个，剩余指数 36。
  - 几何诊断：典型整层堆叠单盘参考上限 30/192。 当前目标可能受托盘高度/箱型组合限制。
  - 几何诊断提示：典型整层参考值 30 < 目标 192；该值不是不可达证明，继续执行指数救援。
  - 失败托盘互借诊断：未合并（no_target_or_single_plan）。
托盘类型 MH423C（销售订单号：LFEG16310IN01S）处理完成：总托盘 1，指数达标 0，未达标 1，平均缺口 156.00，最大缺口 156.00，失败托盘互借修复成功 0。
  - KPI：near/mid/deep=0/0/1，救回率=0.00%，pair效率=0.00%。
  - 耗时拆解：packing=0.11s，main_topup=0.00s，retry=0.00s，failed_pool=0.00s，repack=0.00s，total=0.11s。
正在处理托盘类型：MH423C，销售订单号：PAID16290FN01S
  - 主算法：全局列式装箱 + 柱级组合优化（GCP）。
  - 失败托盘互借诊断：未合并（no_target_or_single_plan）。
托盘类型 MH423C（销售订单号：PAID16290FN01S）处理完成：总托盘 1，指数达标 0，未达标 1，平均缺口 161.00，最大缺口 161.00，失败托盘互借修复成功 0。
  - KPI：near/mid/deep=0/0/1，救回率=0.00%，pair效率=0.00%。
  - 耗时拆解：packing=0.03s，main_topup=0.00s，retry=0.00s，failed_pool=0.00s，repack=0.00s，total=0.03s。
正在处理托盘类型：MH423C，销售订单号：PAID16290FN01S__SPLITREST__
  - 该分组不适合列式（多非满柱）→ 回退 beam + 配方优先。
  - 配方优先[fast]：规划 0 实例，实装成功 0，配方路径不可用 → 采用基线方案。
  - 指数诊断：箱子 1 个，总指数 0.5，目标 192，理论最多达标托盘 0 个，剩余指数 0.5。
  - 几何诊断：典型整层堆叠单盘参考上限 0.5/192。 当前目标可能受托盘高度/箱型组合限制。
  - 几何诊断提示：典型整层参考值 0.5 < 目标 192；该值不是不可达证明，继续执行指数救援。
  - 失败托盘互借诊断：未合并（no_target_or_single_plan）。
托盘类型 MH423C（销售订单号：PAID16290FN01S__SPLITREST__）处理完成：总托盘 1，指数达标 0，未达标 1，平均缺口 191.50，最大缺口 191.50，失败托盘互借修复成功 0。
  - KPI：near/mid/deep=0/0/1，救回率=0.00%，pair效率=0.00%。
  - 耗时拆解：packing=0.00s，main_topup=0.00s，retry=0.00s，failed_pool=0.00s，repack=0.00s，total=0.00s。
正在处理托盘类型：MH423C，销售订单号：PAIN26290BC02S
  - 主算法：全局列式装箱 + 柱级组合优化（GCP）。
  - 失败托盘互借诊断：未合并（no_target_or_single_plan）。
托盘类型 MH423C（销售订单号：PAIN26290BC02S）处理完成：总托盘 1，指数达标 0，未达标 1，平均缺口 84.00，最大缺口 84.00，失败托盘互借修复成功 0。
  - KPI：near/mid/deep=0/0/1，救回率=0.00%，pair效率=0.00%。
  - 耗时拆解：packing=1.56s，main_topup=0.00s，retry=0.00s，failed_pool=0.00s，repack=0.00s，total=1.56s。
正在处理托盘类型：MH423C，销售订单号：PAIN26286EN01S
  - 该分组不适合列式（多非满柱）→ 回退 beam + 配方优先。
  - 配方优先[fast]：规划 0 实例，实装成功 0，配方路径不可用 → 采用基线方案。
  - 指数诊断：箱子 1 个，总指数 2，目标 192，理论最多达标托盘 0 个，剩余指数 2。
  - 几何诊断：典型整层堆叠单盘参考上限 2/192。 当前目标可能受托盘高度/箱型组合限制。
  - 几何诊断提示：典型整层参考值 2 < 目标 192；该值不是不可达证明，继续执行指数救援。
  - 失败托盘互借诊断：未合并（no_target_or_single_plan）。
托盘类型 MH423C（销售订单号：PAIN26286EN01S）处理完成：总托盘 1，指数达标 0，未达标 1，平均缺口 190.00，最大缺口 190.00，失败托盘互借修复成功 0。
  - KPI：near/mid/deep=0/0/1，救回率=0.00%，pair效率=0.00%。
  - 耗时拆解：packing=0.00s，main_topup=0.00s，retry=0.00s，failed_pool=0.00s，repack=0.00s，total=0.00s。
正在处理托盘类型：MH423C，销售订单号：LAID16296DN03S__CASEGROUP__1
  - 主算法：全局列式装箱 + 柱级组合优化（GCP）。
  - 失败托盘互借诊断：未合并（no_target_or_single_plan）。
托盘类型 MH423C（销售订单号：LAID16296DN03S__CASEGROUP__1）处理完成：总托盘 1，指数达标 0，未达标 1，平均缺口 90.00，最大缺口 90.00，失败托盘互借修复成功 0。
  - KPI：near/mid/deep=0/0/1，救回率=0.00%，pair效率=0.00%。
  - 耗时拆解：packing=0.45s，main_topup=0.00s，retry=0.00s，failed_pool=0.00s，repack=0.00s，total=0.45s。
正在处理托盘类型：MH423C，销售订单号：LAID16296DN03S__CASEGROUP__1__SPLITREST__
  - 该分组不适合列式（多非满柱）→ 回退 beam + 配方优先。
  - 配方优先[fast]：规划 0 实例，实装成功 0，配方路径不可用 → 采用基线方案。
  - 指数诊断：箱子 4 个，总指数 2，目标 192，理论最多达标托盘 0 个，剩余指数 2。
  - 几何诊断：典型整层堆叠单盘参考上限 2/192。 当前目标可能受托盘高度/箱型组合限制。
  - 几何诊断提示：典型整层参考值 2 < 目标 192；该值不是不可达证明，继续执行指数救援。
  - 失败托盘互借诊断：未合并（no_target_or_single_plan）。
托盘类型 MH423C（销售订单号：LAID16296DN03S__CASEGROUP__1__SPLITREST__）处理完成：总托盘 1，指数达标 0，未达标 1，平均缺口 190.00，最大缺口 190.00，失败托盘互借修复成功 0。
  - KPI：near/mid/deep=0/0/1，救回率=0.00%，pair效率=0.00%。
  - 耗时拆解：packing=0.00s，main_topup=0.00s，retry=0.00s，failed_pool=0.00s，repack=0.00s，total=0.02s。
正在处理托盘类型：MH423C，销售订单号：LAMY16315FN01S
  - 主算法：全局列式装箱 + 柱级组合优化（GCP）。
  - 失败托盘互借诊断：未合并（no_target_or_single_plan）。
托盘类型 MH423C（销售订单号：LAMY16315FN01S）处理完成：总托盘 1，指数达标 0，未达标 1，平均缺口 21.00，最大缺口 21.00，失败托盘互借修复成功 0。
  - KPI：near/mid/deep=0/1/0，救回率=0.00%，pair效率=0.00%。
  - 耗时拆解：packing=1.10s，main_topup=0.00s，retry=0.00s，failed_pool=0.00s，repack=0.00s，total=1.10s。
正在处理托盘类型：MH423C，销售订单号：LAMY16315FN01S__SPLITREST__
  - 该分组不适合列式（多非满柱）→ 回退 beam + 配方优先。
  - 配方优先[fast]：规划 0 实例，实装成功 0，配方路径不可用 → 采用基线方案。
  - 指数诊断：箱子 1 个，总指数 0.5，目标 192，理论最多达标托盘 0 个，剩余指数 0.5。
  - 几何诊断：典型整层堆叠单盘参考上限 0.5/192。 当前目标可能受托盘高度/箱型组合限制。
  - 几何诊断提示：典型整层参考值 0.5 < 目标 192；该值不是不可达证明，继续执行指数救援。
  - 失败托盘互借诊断：未合并（no_target_or_single_plan）。
托盘类型 MH423C（销售订单号：LAMY16315FN01S__SPLITREST__）处理完成：总托盘 1，指数达标 0，未达标 1，平均缺口 191.50，最大缺口 191.50，失败托盘互借修复成功 0。
  - KPI：near/mid/deep=0/0/1，救回率=0.00%，pair效率=0.00%。
  - 耗时拆解：packing=0.00s，main_topup=0.00s，retry=0.00s，failed_pool=0.00s，repack=0.00s，total=0.00s。
正在处理托盘类型：MH423C，销售订单号：LAID16305BN02S
  - 主算法：全局列式装箱 + 柱级组合优化（GCP）。
  - 失败托盘互借诊断：未合并（no_target_or_single_plan）。
托盘类型 MH423C（销售订单号：LAID16305BN02S）处理完成：总托盘 1，指数达标 0，未达标 1，平均缺口 128.50，最大缺口 128.50，失败托盘互借修复成功 0。
  - KPI：near/mid/deep=0/0/1，救回率=0.00%，pair效率=0.00%。
  - 耗时拆解：packing=0.55s，main_topup=0.00s，retry=0.00s，failed_pool=0.00s，repack=0.00s，total=0.55s。
正在处理托盘类型：MH423C，销售订单号：PAID16280FC02S
  - 主算法：全局列式装箱 + 柱级组合优化（GCP）。
  - GCP 盘数远超理论（CP-SAT 装不满）→ 回退 baseline beam + 配方优先。
  - 配方优先[fast]：规划 0 实例，实装成功 0，配方路径不可用 → 采用基线方案。
  - 指数诊断：箱子 4 个，总指数 16，目标 192，理论最多达标托盘 0 个，剩余指数 16。
  - 几何诊断：典型整层堆叠单盘参考上限 16/192。 当前目标可能受托盘高度/箱型组合限制。
  - 几何诊断提示：典型整层参考值 16 < 目标 192；该值不是不可达证明，继续执行指数救援。
  - 失败托盘互借诊断：未合并（no_target_or_single_plan）。
托盘类型 MH423C（销售订单号：PAID16280FC02S）处理完成：总托盘 1，指数达标 0，未达标 1，平均缺口 176.00，最大缺口 176.00，失败托盘互借修复成功 0。
  - KPI：near/mid/deep=0/0/1，救回率=0.00%，pair效率=0.00%。
  - 耗时拆解：packing=0.00s，main_topup=0.00s，retry=0.00s，failed_pool=0.00s，repack=0.00s，total=0.03s。
正在处理托盘类型：MH423C，销售订单号：PAID16290FC02S
  - 该分组不适合列式（多非满柱）→ 回退 beam + 配方优先。
  - 配方优先[fast]：规划 0 实例，实装成功 0，配方路径不可用 → 采用基线方案。
  - 指数诊断：箱子 6 个，总指数 14，目标 192，理论最多达标托盘 0 个，剩余指数 14。
  - 几何诊断：典型整层堆叠单盘参考上限 14/192。 当前目标可能受托盘高度/箱型组合限制。
  - 几何诊断提示：典型整层参考值 14 < 目标 192；该值不是不可达证明，继续执行指数救援。
  - 失败托盘互借诊断：未合并（no_target_or_single_plan）。
托盘类型 MH423C（销售订单号：PAID16290FC02S）处理完成：总托盘 1，指数达标 0，未达标 1，平均缺口 178.00，最大缺口 178.00，失败托盘互借修复成功 0。
  - KPI：near/mid/deep=0/0/1，救回率=0.00%，pair效率=0.00%。
  - 耗时拆解：packing=0.01s，main_topup=0.00s，retry=0.00s，failed_pool=0.00s，repack=0.00s，total=0.05s。
正在处理托盘类型：MH423C，销售订单号：PEG146296CN01S
  - 主算法：全局列式装箱 + 柱级组合优化（GCP）。
  - 失败托盘互借诊断：未合并（no_target_or_single_plan）。
托盘类型 MH423C（销售订单号：PEG146296CN01S）处理完成：总托盘 1，指数达标 0，未达标 1，平均缺口 68.00，最大缺口 68.00，失败托盘互借修复成功 0。
  - KPI：near/mid/deep=0/0/1，救回率=0.00%，pair效率=0.00%。
  - 耗时拆解：packing=0.38s，main_topup=0.00s，retry=0.00s，failed_pool=0.00s，repack=0.00s，total=0.38s。
正在处理托盘类型：MH423C，销售订单号：PAID16295BN01S
  - 主算法：全局列式装箱 + 柱级组合优化（GCP）。
  - 失败托盘互借诊断：未合并（aborted_no_improvement_possible）。
托盘类型 MH423C（销售订单号：PAID16295BN01S）处理完成：总托盘 2，指数达标 0，未达标 2，平均缺口 96.75，最大缺口 163.50，失败托盘互借修复成功 0。
  - KPI：near/mid/deep=0/0/2，救回率=0.00%，pair效率=0.00%。
  - 耗时拆解：packing=2.70s，main_topup=0.00s，retry=0.00s，failed_pool=0.00s，repack=1.83s，total=4.52s。
正在处理托盘类型：MH423C，销售订单号：PAID16296DN01S
  - 主算法：全局列式装箱 + 柱级组合优化（GCP）。
  - 失败托盘互借诊断：未合并（no_target_or_single_plan）。
托盘类型 MH423C（销售订单号：PAID16296DN01S）处理完成：总托盘 1，指数达标 0，未达标 1，平均缺口 132.50，最大缺口 132.50，失败托盘互借修复成功 0。
  - KPI：near/mid/deep=0/0/1，救回率=0.00%，pair效率=0.00%。
  - 耗时拆解：packing=1.49s，main_topup=0.00s，retry=0.00s，failed_pool=0.00s，repack=0.00s，total=1.49s。
正在处理托盘类型：MH423C，销售订单号：PAID16296DN01S__SPLITREST__
  - 该分组不适合列式（多非满柱）→ 回退 beam + 配方优先。
  - 配方优先[fast]：规划 0 实例，实装成功 0，配方路径不可用 → 采用基线方案。
  - 指数诊断：箱子 3 个，总指数 6，目标 192，理论最多达标托盘 0 个，剩余指数 6。
  - 几何诊断：典型整层堆叠单盘参考上限 6/192。 当前目标可能受托盘高度/箱型组合限制。
  - 几何诊断提示：典型整层参考值 6 < 目标 192；该值不是不可达证明，继续执行指数救援。
  - 失败托盘互借诊断：未合并（no_target_or_single_plan）。
托盘类型 MH423C（销售订单号：PAID16296DN01S__SPLITREST__）处理完成：总托盘 1，指数达标 0，未达标 1，平均缺口 186.00，最大缺口 186.00，失败托盘互借修复成功 0。
  - KPI：near/mid/deep=0/0/1，救回率=0.00%，pair效率=0.00%。
  - 耗时拆解：packing=0.00s，main_topup=0.00s，retry=0.00s，failed_pool=0.00s，repack=0.00s，total=0.01s。
正在处理托盘类型：MH423C，销售订单号：LAID16305EN01S
  - 该分组不适合列式（多非满柱）→ 回退 beam + 配方优先。
  - 配方优先[fast]：规划 0 实例，实装成功 0，配方路径不可用 → 采用基线方案。
  - 指数诊断：箱子 26 个，总指数 80.5，目标 192，理论最多达标托盘 0 个，剩余指数 80.5。
  - 几何诊断：典型整层堆叠单盘参考上限 63/192。 当前目标可能受托盘高度/箱型组合限制。
  - 几何诊断提示：典型整层参考值 63 < 目标 192；该值不是不可达证明，继续执行指数救援。
  - 失败托盘互借诊断：未合并（aborted_no_improvement_possible）。
托盘类型 MH423C（销售订单号：LAID16305EN01S）处理完成：总托盘 2，指数达标 0，未达标 2，平均缺口 151.75，最大缺口 163.00，失败托盘互借修复成功 0。
  - KPI：near/mid/deep=0/0/2，救回率=0.00%，pair效率=0.00%。
  - 耗时拆解：packing=0.24s，main_topup=0.00s，retry=0.00s，failed_pool=0.00s，repack=0.19s，total=0.43s。
正在处理托盘类型：MH423C，销售订单号：PAID16295EL05S
  - 该分组不适合列式（多非满柱）→ 回退 beam + 配方优先。
  - 配方优先[fast]：规划 0 实例，实装成功 0，配方路径不可用 → 采用基线方案。
  - 指数诊断：箱子 1 个，总指数 2，目标 192，理论最多达标托盘 0 个，剩余指数 2。
  - 几何诊断：典型整层堆叠单盘参考上限 2/192。 当前目标可能受托盘高度/箱型组合限制。
  - 几何诊断提示：典型整层参考值 2 < 目标 192；该值不是不可达证明，继续执行指数救援。
  - 失败托盘互借诊断：未合并（no_target_or_single_plan）。
托盘类型 MH423C（销售订单号：PAID16295EL05S）处理完成：总托盘 1，指数达标 0，未达标 1，平均缺口 190.00，最大缺口 190.00，失败托盘互借修复成功 0。
  - KPI：near/mid/deep=0/0/1，救回率=0.00%，pair效率=0.00%。
  - 耗时拆解：packing=0.00s，main_topup=0.00s，retry=0.00s，failed_pool=0.00s，repack=0.00s，total=0.00s。
正在处理托盘类型：MH423C，销售订单号：PAID16290FL03S
  - 该分组不适合列式（多非满柱）→ 回退 beam + 配方优先。
  - 配方优先[fast]：规划 0 实例，实装成功 0，配方路径不可用 → 采用基线方案。
  - 指数诊断：箱子 3 个，总指数 6，目标 192，理论最多达标托盘 0 个，剩余指数 6。
  - 几何诊断：典型整层堆叠单盘参考上限 6/192。 当前目标可能受托盘高度/箱型组合限制。
  - 几何诊断提示：典型整层参考值 6 < 目标 192；该值不是不可达证明，继续执行指数救援。
  - 失败托盘互借诊断：未合并（no_target_or_single_plan）。
托盘类型 MH423C（销售订单号：PAID16290FL03S）处理完成：总托盘 1，指数达标 0，未达标 1，平均缺口 186.00，最大缺口 186.00，失败托盘互借修复成功 0。
  - KPI：near/mid/deep=0/0/1，救回率=0.00%，pair效率=0.00%。
  - 耗时拆解：packing=0.00s，main_topup=0.00s，retry=0.00s，failed_pool=0.00s，repack=0.00s，total=0.01s。
正在处理托盘类型：MH423C，销售订单号：PAID16306DN01S
  - 主算法：全局列式装箱 + 柱级组合优化（GCP）。
  - 失败托盘互借诊断：未合并（no_target_or_single_plan）。
托盘类型 MH423C（销售订单号：PAID16306DN01S）处理完成：总托盘 1，指数达标 0，未达标 1，平均缺口 170.00，最大缺口 170.00，失败托盘互借修复成功 0。
  - KPI：near/mid/deep=0/0/1，救回率=0.00%，pair效率=0.00%。
  - 耗时拆解：packing=0.11s，main_topup=0.00s，retry=0.00s，failed_pool=0.00s，repack=0.00s，total=0.12s。
正在处理托盘类型：MH423C，销售订单号：PAID16306DN01S__SPLITREST__
  - 该分组不适合列式（多非满柱）→ 回退 beam + 配方优先。
  - 配方优先[fast]：规划 0 实例，实装成功 0，配方路径不可用 → 采用基线方案。
  - 指数诊断：箱子 2 个，总指数 1，目标 192，理论最多达标托盘 0 个，剩余指数 1。
  - 几何诊断：典型整层堆叠单盘参考上限 1/192。 当前目标可能受托盘高度/箱型组合限制。
  - 几何诊断提示：典型整层参考值 1 < 目标 192；该值不是不可达证明，继续执行指数救援。
  - 失败托盘互借诊断：未合并（no_target_or_single_plan）。
托盘类型 MH423C（销售订单号：PAID16306DN01S__SPLITREST__）处理完成：总托盘 1，指数达标 0，未达标 1，平均缺口 191.00，最大缺口 191.00，失败托盘互借修复成功 0。
  - KPI：near/mid/deep=0/0/1，救回率=0.00%，pair效率=0.00%。
  - 耗时拆解：packing=0.00s，main_topup=0.00s，retry=0.00s，failed_pool=0.00s，repack=0.00s，total=0.00s。
正在处理托盘类型：MH423C，销售订单号：LAMY16305FN01S
  - 主算法：全局列式装箱 + 柱级组合优化（GCP）。
  - 失败托盘互借诊断：未合并（aborted_no_improvement_possible）。
托盘类型 MH423C（销售订单号：LAMY16305FN01S）处理完成：总托盘 2，指数达标 0，未达标 2，平均缺口 131.25，最大缺口 190.00，失败托盘互借修复成功 0。
  - KPI：near/mid/deep=0/0/2，救回率=0.00%，pair效率=0.00%。
  - 耗时拆解：packing=1.74s，main_topup=0.00s，retry=0.00s，failed_pool=0.00s，repack=1.26s，total=2.99s。
正在处理托盘类型：MH423C，销售订单号：LAMY16305FN01S__SPLITREST__
  - 该分组不适合列式（多非满柱）→ 回退 beam + 配方优先。
  - 配方优先[fast]：规划 0 实例，实装成功 0，配方路径不可用 → 采用基线方案。
  - 指数诊断：箱子 1 个，总指数 6，目标 192，理论最多达标托盘 0 个，剩余指数 6。
  - 几何诊断：典型整层堆叠单盘参考上限 6/192。 当前目标可能受托盘高度/箱型组合限制。
  - 几何诊断提示：典型整层参考值 6 < 目标 192；该值不是不可达证明，继续执行指数救援。
  - 失败托盘互借诊断：未合并（no_target_or_single_plan）。
托盘类型 MH423C（销售订单号：LAMY16305FN01S__SPLITREST__）处理完成：总托盘 1，指数达标 0，未达标 1，平均缺口 186.00，最大缺口 186.00，失败托盘互借修复成功 0。
  - KPI：near/mid/deep=0/0/1，救回率=0.00%，pair效率=0.00%。
  - 耗时拆解：packing=0.00s，main_topup=0.00s，retry=0.00s，failed_pool=0.00s，repack=0.00s，total=0.00s。
正在处理托盘类型：MH423C，销售订单号：PAID16300FN01S
  - 该分组不适合列式（多非满柱）→ 回退 beam + 配方优先。
  - 配方优先[fast]：规划 0 实例，实装成功 0，配方路径不可用 → 采用基线方案。
  - 指数诊断：箱子 8 个，总指数 19，目标 192，理论最多达标托盘 0 个，剩余指数 19。
  - 几何诊断：典型整层堆叠单盘参考上限 19/192。 当前目标可能受托盘高度/箱型组合限制。
  - 几何诊断提示：典型整层参考值 19 < 目标 192；该值不是不可达证明，继续执行指数救援。
  - 失败托盘互借诊断：未合并（no_target_or_single_plan）。
托盘类型 MH423C（销售订单号：PAID16300FN01S）处理完成：总托盘 1，指数达标 0，未达标 1，平均缺口 173.00，最大缺口 173.00，失败托盘互借修复成功 0。
  - KPI：near/mid/deep=0/0/1，救回率=0.00%，pair效率=0.00%。
  - 耗时拆解：packing=0.01s，main_topup=0.00s，retry=0.00s，failed_pool=0.00s，repack=0.00s，total=0.05s。
正在处理托盘类型：MH423C，销售订单号：PAID16295BD02S
  - 主算法：全局列式装箱 + 柱级组合优化（GCP）。
  - 失败托盘互借诊断：未合并（no_target_or_single_plan）。
托盘类型 MH423C（销售订单号：PAID16295BD02S）处理完成：总托盘 1，指数达标 0，未达标 1，平均缺口 156.00，最大缺口 156.00，失败托盘互借修复成功 0。
  - KPI：near/mid/deep=0/0/1，救回率=0.00%，pair效率=0.00%。
  - 耗时拆解：packing=0.08s，main_topup=0.00s，retry=0.00s，failed_pool=0.00s，repack=0.00s，total=0.08s。
正在处理托盘类型：MH423C，销售订单号：LFEG16300IN02S
  - 主算法：全局列式装箱 + 柱级组合优化（GCP）。
  - GCP 盘数远超理论（CP-SAT 装不满）→ 回退 baseline beam + 配方优先。
  - 配方优先[fast]：规划 0 实例，实装成功 0，配方路径不可用 → 采用基线方案。
  - 指数诊断：箱子 85 个，总指数 144.5，目标 192，理论最多达标托盘 0 个，剩余指数 144.5。
  - 几何诊断：典型整层堆叠单盘参考上限 116/192。 当前目标可能受托盘高度/箱型组合限制。
  - 几何诊断提示：典型整层参考值 116 < 目标 192；该值不是不可达证明，继续执行指数救援。
  - 失败托盘互借诊断：未合并（aborted_no_improvement_possible）。
托盘类型 MH423C（销售订单号：LFEG16300IN02S）处理完成：总托盘 2，指数达标 0，未达标 2，平均缺口 119.75，最大缺口 186.50，失败托盘互借修复成功 0。
  - KPI：near/mid/deep=0/0/2，救回率=0.00%，pair效率=0.00%。
  - 耗时拆解：packing=1.62s，main_topup=0.03s，retry=0.00s，failed_pool=0.00s，repack=2.83s，total=13.01s。
正在处理托盘类型：MH423C，销售订单号：LFEG16300IN02S__SPLITREST__
  - 该分组不适合列式（多非满柱）→ 回退 beam + 配方优先。
  - 配方优先[fast]：规划 0 实例，实装成功 0，配方路径不可用 → 采用基线方案。
  - 指数诊断：箱子 2 个，总指数 4，目标 192，理论最多达标托盘 0 个，剩余指数 4。
  - 几何诊断：典型整层堆叠单盘参考上限 4/192。 当前目标可能受托盘高度/箱型组合限制。
  - 几何诊断提示：典型整层参考值 4 < 目标 192；该值不是不可达证明，继续执行指数救援。
  - 失败托盘互借诊断：未合并（no_target_or_single_plan）。
托盘类型 MH423C（销售订单号：LFEG16300IN02S__SPLITREST__）处理完成：总托盘 1，指数达标 0，未达标 1，平均缺口 188.00，最大缺口 188.00，失败托盘互借修复成功 0。
  - KPI：near/mid/deep=0/0/1，救回率=0.00%，pair效率=0.00%。
  - 耗时拆解：packing=0.00s，main_topup=0.00s，retry=0.00s，failed_pool=0.00s，repack=0.00s，total=0.01s。
正在处理托盘类型：MH423C，销售订单号：LAID16305BN01S
  - 主算法：全局列式装箱 + 柱级组合优化（GCP）。
  - 失败托盘互借诊断：未合并（aborted_no_improvement_possible）。
托盘类型 MH423C（销售订单号：LAID16305BN01S）处理完成：总托盘 2，指数达标 0，未达标 2，平均缺口 131.50，最大缺口 188.00，失败托盘互借修复成功 0。
  - KPI：near/mid/deep=0/0/2，救回率=0.00%，pair效率=0.00%。
  - 耗时拆解：packing=0.93s，main_topup=0.00s，retry=0.00s，failed_pool=0.00s，repack=0.80s，total=1.73s。
正在处理托盘类型：MH423C，销售订单号：LFEG16310IN03S
  - 主算法：全局列式装箱 + 柱级组合优化（GCP）。
  - 失败托盘互借诊断：未合并（no_target_or_single_plan）。
托盘类型 MH423C（销售订单号：LFEG16310IN03S）处理完成：总托盘 1，指数达标 0，未达标 1，平均缺口 159.00，最大缺口 159.00，失败托盘互借修复成功 0。
  - KPI：near/mid/deep=0/0/1，救回率=0.00%，pair效率=0.00%。
  - 耗时拆解：packing=0.04s，main_topup=0.00s，retry=0.00s，failed_pool=0.00s，repack=0.00s，total=0.04s。
正在处理托盘类型：MH423C，销售订单号：LFEG16300IN01S
  - 该分组不适合列式（多非满柱）→ 回退 beam + 配方优先。
  - 配方优先[fast]：规划 0 实例，实装成功 0，配方路径不可用 → 采用基线方案。
  - 指数诊断：箱子 18 个，总指数 29.5，目标 192，理论最多达标托盘 0 个，剩余指数 29.5。
  - 几何诊断：典型整层堆叠单盘参考上限 28.5/192。 当前目标可能受托盘高度/箱型组合限制。
  - 几何诊断提示：典型整层参考值 28.5 < 目标 192；该值不是不可达证明，继续执行指数救援。
  - 失败托盘互借诊断：未合并（no_target_or_single_plan）。
托盘类型 MH423C（销售订单号：LFEG16300IN01S）处理完成：总托盘 1，指数达标 0，未达标 1，平均缺口 162.50，最大缺口 162.50，失败托盘互借修复成功 0。
  - KPI：near/mid/deep=0/0/1，救回率=0.00%，pair效率=0.00%。
  - 耗时拆解：packing=0.13s，main_topup=0.00s，retry=0.00s，failed_pool=0.00s，repack=0.00s，total=0.13s。
正在处理托盘类型：MH423C，销售订单号：LFEG16300IN03S
  - 主算法：全局列式装箱 + 柱级组合优化（GCP）。
  - 失败托盘互借诊断：未合并（no_target_or_single_plan）。
托盘类型 MH423C（销售订单号：LFEG16300IN03S）处理完成：总托盘 1，指数达标 0，未达标 1，平均缺口 82.00，最大缺口 82.00，失败托盘互借修复成功 0。
  - KPI：near/mid/deep=0/0/1，救回率=0.00%，pair效率=0.00%。
  - 耗时拆解：packing=1.13s，main_topup=0.00s，retry=0.00s，failed_pool=0.00s，repack=0.00s，total=1.13s。
正在处理托盘类型：MH423C，销售订单号：LFEG16300IN03S__SPLITREST__
  - 该分组不适合列式（多非满柱）→ 回退 beam + 配方优先。
  - 配方优先[fast]：规划 0 实例，实装成功 0，配方路径不可用 → 采用基线方案。
  - 指数诊断：箱子 2 个，总指数 4，目标 192，理论最多达标托盘 0 个，剩余指数 4。
  - 几何诊断：典型整层堆叠单盘参考上限 4/192。 当前目标可能受托盘高度/箱型组合限制。
  - 几何诊断提示：典型整层参考值 4 < 目标 192；该值不是不可达证明，继续执行指数救援。
  - 失败托盘互借诊断：未合并（no_target_or_single_plan）。
托盘类型 MH423C（销售订单号：LFEG16300IN03S__SPLITREST__）处理完成：总托盘 1，指数达标 0，未达标 1，平均缺口 188.00，最大缺口 188.00，失败托盘互借修复成功 0。
  - KPI：near/mid/deep=0/0/1，救回率=0.00%，pair效率=0.00%。
  - 耗时拆解：packing=0.00s，main_topup=0.00s，retry=0.00s，failed_pool=0.00s，repack=0.00s，total=0.00s。
正在处理托盘类型：MH423C，销售订单号：LAID16305BN03S
  - 主算法：全局列式装箱 + 柱级组合优化（GCP）。
  - 失败托盘互借诊断：未合并（no_target_or_single_plan）。
托盘类型 MH423C（销售订单号：LAID16305BN03S）处理完成：总托盘 1，指数达标 0，未达标 1，平均缺口 116.00，最大缺口 116.00，失败托盘互借修复成功 0。
  - KPI：near/mid/deep=0/0/1，救回率=0.00%，pair效率=0.00%。
  - 耗时拆解：packing=0.43s，main_topup=0.00s，retry=0.00s，failed_pool=0.00s，repack=0.00s，total=0.43s。
正在处理托盘类型：MH423C，销售订单号：LAID16305BN03S__SPLITREST__
  - 该分组不适合列式（多非满柱）→ 回退 beam + 配方优先。
  - 托盘 MH423C-LAID16305BN03S__SPLITREST__-1 未找到可行装箱方案，启用剩余箱子守恒兜底。
  - 配方优先[fast]：规划 0 实例，实装成功 0，配方路径不可用 → 采用基线方案。
  - 指数诊断：箱子 5 个，总指数 2.5，目标 192，理论最多达标托盘 0 个，剩余指数 2.5。
  - 几何诊断：典型整层堆叠单盘参考上限 2.5/192。 当前目标可能受托盘高度/箱型组合限制。
  - 几何诊断提示：典型整层参考值 2.5 < 目标 192；该值不是不可达证明，继续执行指数救援。
  - 失败托盘互借诊断：未合并（aborted_no_improvement_possible）。
托盘类型 MH423C（销售订单号：LAID16305BN03S__SPLITREST__）处理完成：总托盘 2，指数达标 0，未达标 2，平均缺口 190.75，最大缺口 191.50，失败托盘互借修复成功 0。
  - KPI：near/mid/deep=0/0/2，救回率=0.00%，pair效率=0.00%。
  - 耗时拆解：packing=0.01s，main_topup=0.00s，retry=0.00s，failed_pool=0.00s，repack=0.03s，total=0.07s。
正在处理托盘类型：MH423C，销售订单号：PEG166300LN01S
  - 主算法：全局列式装箱 + 柱级组合优化（GCP）。
  - 失败托盘互借诊断：未合并（no_target_or_single_plan）。
托盘类型 MH423C（销售订单号：PEG166300LN01S）处理完成：总托盘 1，指数达标 0，未达标 1，平均缺口 64.00，最大缺口 64.00，失败托盘互借修复成功 0。
  - KPI：near/mid/deep=0/0/1，救回率=0.00%，pair效率=0.00%。
  - 耗时拆解：packing=0.37s，main_topup=0.00s，retry=0.00s，failed_pool=0.00s，repack=0.00s，total=0.37s。
正在处理托盘类型：MH423C，销售订单号：PAID163008N01S
  - 该分组不适合列式（多非满柱）→ 回退 beam + 配方优先。
  - 配方优先[fast]：规划 0 实例，实装成功 0，配方路径不可用 → 采用基线方案。
  - 指数诊断：箱子 1 个，总指数 1，目标 192，理论最多达标托盘 0 个，剩余指数 1。
  - 几何诊断：典型整层堆叠单盘参考上限 1/192。 当前目标可能受托盘高度/箱型组合限制。
  - 几何诊断提示：典型整层参考值 1 < 目标 192；该值不是不可达证明，继续执行指数救援。
  - 失败托盘互借诊断：未合并（no_target_or_single_plan）。
托盘类型 MH423C（销售订单号：PAID163008N01S）处理完成：总托盘 1，指数达标 0，未达标 1，平均缺口 191.00，最大缺口 191.00，失败托盘互借修复成功 0。
  - KPI：near/mid/deep=0/0/1，救回率=0.00%，pair效率=0.00%。
  - 耗时拆解：packing=0.00s，main_topup=0.00s，retry=0.00s，failed_pool=0.00s，repack=0.00s，total=0.00s。
正在处理托盘类型：MH423C，销售订单号：PAIN26290BN01S
  - 该分组不适合列式（多非满柱）→ 回退 beam + 配方优先。
  - 托盘 MH423C-PAIN26290BN01S-1 未找到可行装箱方案，启用剩余箱子守恒兜底。
  - 配方优先[fast]：规划 0 实例，实装成功 0，配方路径不可用 → 采用基线方案。
  - 指数诊断：箱子 5 个，总指数 2.5，目标 192，理论最多达标托盘 0 个，剩余指数 2.5。
  - 几何诊断：典型整层堆叠单盘参考上限 2.5/192。 当前目标可能受托盘高度/箱型组合限制。
  - 几何诊断提示：典型整层参考值 2.5 < 目标 192；该值不是不可达证明，继续执行指数救援。
  - 失败盘装满压实：合并/吸收 1 次（纯减盘数）。
  - 失败托盘互借诊断：未合并（aborted_no_improvement_possible）。
托盘类型 MH423C（销售订单号：PAIN26290BN01S）处理完成：总托盘 1，指数达标 0，未达标 1，平均缺口 189.50，最大缺口 189.50，失败托盘互借修复成功 0。
  - KPI：near/mid/deep=0/0/1，救回率=0.00%，pair效率=0.00%。
  - 耗时拆解：packing=0.01s，main_topup=0.00s，retry=0.00s，failed_pool=0.00s，repack=0.04s，total=0.09s。
正在处理托盘类型：MH423C，销售订单号：PAID162308N01S
  - 该分组不适合列式（多非满柱）→ 回退 beam + 配方优先。
  - 配方优先[fast]：规划 0 实例，实装成功 0，配方路径不可用 → 采用基线方案。
  - 指数诊断：箱子 1 个，总指数 2，目标 192，理论最多达标托盘 0 个，剩余指数 2。
  - 几何诊断：典型整层堆叠单盘参考上限 2/192。 当前目标可能受托盘高度/箱型组合限制。
  - 几何诊断提示：典型整层参考值 2 < 目标 192；该值不是不可达证明，继续执行指数救援。
  - 失败托盘互借诊断：未合并（no_target_or_single_plan）。
托盘类型 MH423C（销售订单号：PAID162308N01S）处理完成：总托盘 1，指数达标 0，未达标 1，平均缺口 190.00，最大缺口 190.00，失败托盘互借修复成功 0。
  - KPI：near/mid/deep=0/0/1，救回率=0.00%，pair效率=0.00%。
  - 耗时拆解：packing=0.00s，main_topup=0.00s，retry=0.00s，failed_pool=0.00s，repack=0.00s，total=0.00s。
正在处理托盘类型：MH423C，销售订单号：PEG106290LN01S
  - 主算法：全局列式装箱 + 柱级组合优化（GCP）。
  - 失败托盘互借诊断：未合并（no_target_or_single_plan）。
托盘类型 MH423C（销售订单号：PEG106290LN01S）处理完成：总托盘 1，指数达标 0，未达标 1，平均缺口 179.00，最大缺口 179.00，失败托盘互借修复成功 0。
  - KPI：near/mid/deep=0/0/1，救回率=0.00%，pair效率=0.00%。
  - 耗时拆解：packing=0.05s，main_topup=0.00s，retry=0.00s，failed_pool=0.00s，repack=0.00s，total=0.05s。
正在处理托盘类型：MH423C，销售订单号：LAID16306DN03S
  - 该分组不适合列式（多非满柱）→ 回退 beam + 配方优先。
  - 配方优先[fast]：规划 0 实例，实装成功 0，配方路径不可用 → 采用基线方案。
  - 指数诊断：箱子 9 个，总指数 9，目标 192，理论最多达标托盘 0 个，剩余指数 9。
  - 几何诊断：典型整层堆叠单盘参考上限 9/192。 当前目标可能受托盘高度/箱型组合限制。
  - 几何诊断提示：典型整层参考值 9 < 目标 192；该值不是不可达证明，继续执行指数救援。
  - 失败托盘互借诊断：未合并（no_target_or_single_plan）。
托盘类型 MH423C（销售订单号：LAID16306DN03S）处理完成：总托盘 1，指数达标 0，未达标 1，平均缺口 183.00，最大缺口 183.00，失败托盘互借修复成功 0。
  - KPI：near/mid/deep=0/0/1，救回率=0.00%，pair效率=0.00%。
  - 耗时拆解：packing=0.01s，main_topup=0.00s，retry=0.00s，failed_pool=0.00s，repack=0.00s，total=0.07s。
正在处理托盘类型：MH423C，销售订单号：PAID16305EC01S
  - 该分组不适合列式（多非满柱）→ 回退 beam + 配方优先。
  - 配方优先[fast]：规划 0 实例，实装成功 0，配方路径不可用 → 采用基线方案。
  - 指数诊断：箱子 2 个，总指数 2，目标 192，理论最多达标托盘 0 个，剩余指数 2。
  - 几何诊断：典型整层堆叠单盘参考上限 2/192。 当前目标可能受托盘高度/箱型组合限制。
  - 几何诊断提示：典型整层参考值 2 < 目标 192；该值不是不可达证明，继续执行指数救援。
  - 失败托盘互借诊断：未合并（no_target_or_single_plan）。
托盘类型 MH423C（销售订单号：PAID16305EC01S）处理完成：总托盘 1，指数达标 0，未达标 1，平均缺口 190.00，最大缺口 190.00，失败托盘互借修复成功 0。
  - KPI：near/mid/deep=0/0/1，救回率=0.00%，pair效率=0.00%。
  - 耗时拆解：packing=0.00s，main_topup=0.00s，retry=0.00s，failed_pool=0.00s，repack=0.00s，total=0.00s。
正在处理托盘类型：MH423C，销售订单号：LAID16306DN02S
  - 主算法：全局列式装箱 + 柱级组合优化（GCP）。
  - 失败托盘互借诊断：未合并（no_target_or_single_plan）。
托盘类型 MH423C（销售订单号：LAID16306DN02S）处理完成：总托盘 1，指数达标 0，未达标 1，平均缺口 162.00，最大缺口 162.00，失败托盘互借修复成功 0。
  - KPI：near/mid/deep=0/0/1，救回率=0.00%，pair效率=0.00%。
  - 耗时拆解：packing=0.19s，main_topup=0.00s，retry=0.00s，failed_pool=0.00s，repack=0.00s，total=0.19s。
正在处理托盘类型：MH423C，销售订单号：LAID16306DN02S__SPLITREST__
  - 该分组不适合列式（多非满柱）→ 回退 beam + 配方优先。
  - 配方优先[fast]：规划 0 实例，实装成功 0，配方路径不可用 → 采用基线方案。
  - 指数诊断：箱子 5 个，总指数 10，目标 192，理论最多达标托盘 0 个，剩余指数 10。
  - 几何诊断：典型整层堆叠单盘参考上限 10/192。 当前目标可能受托盘高度/箱型组合限制。
  - 几何诊断提示：典型整层参考值 10 < 目标 192；该值不是不可达证明，继续执行指数救援。
  - 失败托盘互借诊断：未合并（no_target_or_single_plan）。
托盘类型 MH423C（销售订单号：LAID16306DN02S__SPLITREST__）处理完成：总托盘 1，指数达标 0，未达标 1，平均缺口 182.00，最大缺口 182.00，失败托盘互借修复成功 0。
  - KPI：near/mid/deep=0/0/1，救回率=0.00%，pair效率=0.00%。
  - 耗时拆解：packing=0.00s，main_topup=0.00s，retry=0.00s，failed_pool=0.00s，repack=0.00s，total=0.02s。
正在处理托盘类型：MH423C，销售订单号：LFEG16316AN01S
  - 主算法：全局列式装箱 + 柱级组合优化（GCP）。
  - 失败托盘互借诊断：未合并（no_target_or_single_plan）。
托盘类型 MH423C（销售订单号：LFEG16316AN01S）处理完成：总托盘 1，指数达标 0，未达标 1，平均缺口 178.00，最大缺口 178.00，失败托盘互借修复成功 0。
  - KPI：near/mid/deep=0/0/1，救回率=0.00%，pair效率=0.00%。
  - 耗时拆解：packing=0.01s，main_topup=0.00s，retry=0.00s，failed_pool=0.00s，repack=0.00s，total=0.01s。
正在处理托盘类型：MH423C，销售订单号：PAIN26310GN01S
  - 主算法：全局列式装箱 + 柱级组合优化（GCP）。
  - GCP 盘数远超理论（CP-SAT 装不满）→ 回退 baseline beam + 配方优先。
  - 配方优先[fast]：规划 0 实例，实装成功 0，配方路径不可用 → 采用基线方案。
  - 指数诊断：箱子 4 个，总指数 16，目标 192，理论最多达标托盘 0 个，剩余指数 16。
  - 几何诊断：典型整层堆叠单盘参考上限 16/192。 当前目标可能受托盘高度/箱型组合限制。
  - 几何诊断提示：典型整层参考值 16 < 目标 192；该值不是不可达证明，继续执行指数救援。
  - 失败托盘互借诊断：未合并（no_target_or_single_plan）。
托盘类型 MH423C（销售订单号：PAIN26310GN01S）处理完成：总托盘 1，指数达标 0，未达标 1，平均缺口 176.00，最大缺口 176.00，失败托盘互借修复成功 0。
  - KPI：near/mid/deep=0/0/1，救回率=0.00%，pair效率=0.00%。
  - 耗时拆解：packing=0.00s，main_topup=0.00s，retry=0.00s，failed_pool=0.00s，repack=0.00s，total=0.02s。
正在处理托盘类型：MH423C，销售订单号：PAIN26290MZ07S
  - 主算法：全局列式装箱 + 柱级组合优化（GCP）。
  - 失败托盘互借诊断：未合并（no_target_or_single_plan）。
托盘类型 MH423C（销售订单号：PAIN26290MZ07S）处理完成：总托盘 1，指数达标 0，未达标 1，平均缺口 22.00，最大缺口 22.00，失败托盘互借修复成功 0。
  - KPI：near/mid/deep=0/1/0，救回率=0.00%，pair效率=0.00%。
  - 耗时拆解：packing=3.48s，main_topup=0.00s，retry=0.00s，failed_pool=0.00s，repack=0.00s，total=3.48s。
正在处理托盘类型：MH423C，销售订单号：PAID16295EN06S
  - 该分组不适合列式（多非满柱）→ 回退 beam + 配方优先。
  - 配方优先[fast]：规划 0 实例，实装成功 0，配方路径不可用 → 采用基线方案。
  - 指数诊断：箱子 1 个，总指数 1，目标 192，理论最多达标托盘 0 个，剩余指数 1。
  - 几何诊断：典型整层堆叠单盘参考上限 1/192。 当前目标可能受托盘高度/箱型组合限制。
  - 几何诊断提示：典型整层参考值 1 < 目标 192；该值不是不可达证明，继续执行指数救援。
  - 失败托盘互借诊断：未合并（no_target_or_single_plan）。
托盘类型 MH423C（销售订单号：PAID16295EN06S）处理完成：总托盘 1，指数达标 0，未达标 1，平均缺口 191.00，最大缺口 191.00，失败托盘互借修复成功 0。
  - KPI：near/mid/deep=0/0/1，救回率=0.00%，pair效率=0.00%。
  - 耗时拆解：packing=0.00s，main_topup=0.00s，retry=0.00s，failed_pool=0.00s，repack=0.00s，total=0.00s。
正在处理托盘类型：MH423C，销售订单号：PAIN26296EN01S
  - 主算法：全局列式装箱 + 柱级组合优化（GCP）。
  - 失败托盘互借诊断：未合并（no_target_or_single_plan）。
托盘类型 MH423C（销售订单号：PAIN26296EN01S）处理完成：总托盘 1，指数达标 0，未达标 1，平均缺口 31.00，最大缺口 31.00，失败托盘互借修复成功 0。
  - KPI：near/mid/deep=0/0/1，救回率=0.00%，pair效率=0.00%。
  - 耗时拆解：packing=0.54s，main_topup=0.00s，retry=0.00s，failed_pool=0.00s，repack=0.00s，total=0.54s。
正在处理托盘类型：MH423C，销售订单号：LFEG16316AN02S
  - 该分组不适合列式（多非满柱）→ 回退 beam + 配方优先。
  - 配方优先[fast]：规划 0 实例，实装成功 0，配方路径不可用 → 采用基线方案。
  - 指数诊断：箱子 3 个，总指数 6，目标 192，理论最多达标托盘 0 个，剩余指数 6。
  - 几何诊断：典型整层堆叠单盘参考上限 6/192。 当前目标可能受托盘高度/箱型组合限制。
  - 几何诊断提示：典型整层参考值 6 < 目标 192；该值不是不可达证明，继续执行指数救援。
  - 失败托盘互借诊断：未合并（no_target_or_single_plan）。
托盘类型 MH423C（销售订单号：LFEG16316AN02S）处理完成：总托盘 1，指数达标 0，未达标 1，平均缺口 186.00，最大缺口 186.00，失败托盘互借修复成功 0。
  - KPI：near/mid/deep=0/0/1，救回率=0.00%，pair效率=0.00%。
  - 耗时拆解：packing=0.00s，main_topup=0.00s，retry=0.00s，failed_pool=0.00s，repack=0.00s，total=0.01s。
正在处理托盘类型：MH423C，销售订单号：PAIN26310MN01S
  - 该分组不适合列式（多非满柱）→ 回退 beam + 配方优先。
  - 配方优先[fast]：规划 0 实例，实装成功 0，配方路径不可用 → 采用基线方案。
  - 指数诊断：箱子 7 个，总指数 76，目标 192，理论最多达标托盘 0 个，剩余指数 76。
  - 几何诊断：典型整层堆叠单盘参考上限 60/192。 当前目标可能受托盘高度/箱型组合限制。
  - 几何诊断提示：典型整层参考值 60 < 目标 192；该值不是不可达证明，继续执行指数救援。
  - 失败托盘互借诊断：未合并（no_target_or_single_plan）。
托盘类型 MH423C（销售订单号：PAIN26310MN01S）处理完成：总托盘 1，指数达标 0，未达标 1，平均缺口 116.00，最大缺口 116.00，失败托盘互借修复成功 0。
  - KPI：near/mid/deep=0/0/1，救回率=0.00%，pair效率=0.00%。
  - 耗时拆解：packing=0.00s，main_topup=0.00s，retry=0.00s，failed_pool=0.00s，repack=0.00s，total=0.00s。
正在处理托盘类型：MH423C，销售订单号：LAID16315EN01S
  - 该分组不适合列式（多非满柱）→ 回退 beam + 配方优先。
  - 配方优先[fast]：规划 0 实例，实装成功 0，配方路径不可用 → 采用基线方案。
  - 指数诊断：箱子 4 个，总指数 20，目标 192，理论最多达标托盘 0 个，剩余指数 20。
  - 几何诊断：典型整层堆叠单盘参考上限 20/192。 当前目标可能受托盘高度/箱型组合限制。
  - 几何诊断提示：典型整层参考值 20 < 目标 192；该值不是不可达证明，继续执行指数救援。
  - 失败托盘互借诊断：未合并（no_target_or_single_plan）。
托盘类型 MH423C（销售订单号：LAID16315EN01S）处理完成：总托盘 1，指数达标 0，未达标 1，平均缺口 172.00，最大缺口 172.00，失败托盘互借修复成功 0。
  - KPI：near/mid/deep=0/0/1，救回率=0.00%，pair效率=0.00%。
  - 耗时拆解：packing=0.01s，main_topup=0.00s，retry=0.00s，failed_pool=0.00s，repack=0.00s，total=0.01s。
正在处理托盘类型：MH423C，销售订单号：PAIN26316EN01S
  - 主算法：全局列式装箱 + 柱级组合优化（GCP）。
  - 失败托盘互借诊断：未合并（no_target_or_single_plan）。
托盘类型 MH423C（销售订单号：PAIN26316EN01S）处理完成：总托盘 1，指数达标 0，未达标 1，平均缺口 140.00，最大缺口 140.00，失败托盘互借修复成功 0。
  - KPI：near/mid/deep=0/0/1，救回率=0.00%，pair效率=0.00%。
  - 耗时拆解：packing=0.05s，main_topup=0.00s，retry=0.00s，failed_pool=0.00s，repack=0.00s，total=0.05s。
正在处理托盘类型：MH423C，销售订单号：LAID16315EN02S
  - 主算法：全局列式装箱 + 柱级组合优化（GCP）。
  - 失败托盘互借诊断：未合并（no_target_or_single_plan）。
托盘类型 MH423C（销售订单号：LAID16315EN02S）处理完成：总托盘 1，指数达标 0，未达标 1，平均缺口 148.00，最大缺口 148.00，失败托盘互借修复成功 0。
  - KPI：near/mid/deep=0/0/1，救回率=0.00%，pair效率=0.00%。
  - 耗时拆解：packing=0.01s，main_topup=0.00s，retry=0.00s，failed_pool=0.00s，repack=0.00s，total=0.01s。
正在处理托盘类型：MH423C，销售订单号：PAIN26296EC02S
  - 主算法：全局列式装箱 + 柱级组合优化（GCP）。
  - 失败托盘互借诊断：未合并（no_target_or_single_plan）。
托盘类型 MH423C（销售订单号：PAIN26296EC02S）处理完成：总托盘 1，指数达标 0，未达标 1，平均缺口 130.00，最大缺口 130.00，失败托盘互借修复成功 0。
  - KPI：near/mid/deep=0/0/1，救回率=0.00%，pair效率=0.00%。
  - 耗时拆解：packing=0.21s，main_topup=0.00s，retry=0.00s，failed_pool=0.00s，repack=0.00s，total=0.21s。
正在处理托盘类型：MH423C，销售订单号：PAIN26310MZ05S
  - 主算法：全局列式装箱 + 柱级组合优化（GCP）。
  - 失败托盘互借诊断：未合并（no_target_or_single_plan）。
托盘类型 MH423C（销售订单号：PAIN26310MZ05S）处理完成：总托盘 1，指数达标 0，未达标 1，平均缺口 86.00，最大缺口 86.00，失败托盘互借修复成功 0。
  - KPI：near/mid/deep=0/0/1，救回率=0.00%，pair效率=0.00%。
  - 耗时拆解：packing=1.80s，main_topup=0.00s，retry=0.00s，failed_pool=0.00s，repack=0.00s，total=1.80s。
正在处理托盘类型：MH423C，销售订单号：PEG086300LN01S
  - 主算法：全局列式装箱 + 柱级组合优化（GCP）。
  - 失败托盘互借诊断：未合并（no_target_or_single_plan）。
托盘类型 MH423C（销售订单号：PEG086300LN01S）处理完成：总托盘 1，指数达标 0，未达标 1，平均缺口 124.00，最大缺口 124.00，失败托盘互借修复成功 0。
  - KPI：near/mid/deep=0/0/1，救回率=0.00%，pair效率=0.00%。
  - 耗时拆解：packing=0.09s，main_topup=0.00s，retry=0.00s，failed_pool=0.00s，repack=0.00s，total=0.09s。
正在处理托盘类型：MH423C，销售订单号：LAID16315EN03S
  - 该分组不适合列式（多非满柱）→ 回退 beam + 配方优先。
  - 配方优先[fast]：规划 0 实例，实装成功 0，配方路径不可用 → 采用基线方案。
  - 指数诊断：箱子 5 个，总指数 40，目标 192，理论最多达标托盘 0 个，剩余指数 40。
  - 几何诊断：典型整层堆叠单盘参考上限 40/192。 当前目标可能受托盘高度/箱型组合限制。
  - 几何诊断提示：典型整层参考值 40 < 目标 192；该值不是不可达证明，继续执行指数救援。
  - 失败托盘互借诊断：未合并（no_target_or_single_plan）。
托盘类型 MH423C（销售订单号：LAID16315EN03S）处理完成：总托盘 1，指数达标 0，未达标 1，平均缺口 152.00，最大缺口 152.00，失败托盘互借修复成功 0。
  - KPI：near/mid/deep=0/0/1，救回率=0.00%，pair效率=0.00%。
  - 耗时拆解：packing=0.01s，main_topup=0.00s，retry=0.00s，failed_pool=0.00s，repack=0.00s，total=0.01s。
正在处理托盘类型：MH423C，销售订单号：LAID16316DN03S
  - 主算法：全局列式装箱 + 柱级组合优化（GCP）。
  - 失败托盘互借诊断：未合并（no_target_or_single_plan）。
托盘类型 MH423C（销售订单号：LAID16316DN03S）处理完成：总托盘 1，指数达标 0，未达标 1，平均缺口 144.00，最大缺口 144.00，失败托盘互借修复成功 0。
  - KPI：near/mid/deep=0/0/1，救回率=0.00%，pair效率=0.00%。
  - 耗时拆解：packing=0.04s，main_topup=0.00s，retry=0.00s，failed_pool=0.00s，repack=0.00s，total=0.04s。
正在处理托盘类型：MH423C，销售订单号：LAID16316DN01S
  - 主算法：全局列式装箱 + 柱级组合优化（GCP）。
  - 失败托盘互借诊断：未合并（no_target_or_single_plan）。
托盘类型 MH423C（销售订单号：LAID16316DN01S）处理完成：总托盘 1，指数达标 0，未达标 1，平均缺口 120.00，最大缺口 120.00，失败托盘互借修复成功 0。
  - KPI：near/mid/deep=0/0/1，救回率=0.00%，pair效率=0.00%。
  - 耗时拆解：packing=0.12s，main_topup=0.00s，retry=0.00s，failed_pool=0.00s，repack=0.00s，total=0.12s。
正在处理托盘类型：MH423C，销售订单号：LAID16316DN02S
  - 主算法：全局列式装箱 + 柱级组合优化（GCP）。
  - 失败托盘互借诊断：未合并（no_target_or_single_plan）。
托盘类型 MH423C（销售订单号：LAID16316DN02S）处理完成：总托盘 1，指数达标 0，未达标 1，平均缺口 168.00，最大缺口 168.00，失败托盘互借修复成功 0。
  - KPI：near/mid/deep=0/0/1，救回率=0.00%，pair效率=0.00%。
  - 耗时拆解：packing=0.01s，main_topup=0.00s，retry=0.00s，failed_pool=0.00s，repack=0.00s，total=0.01s。
  - 失败盘装满压实：合并/吸收 1 次（纯减盘数）。
  - 跨子组装满压实（MH423C / PAID16290FN01S）：合并 1 次（纯减盘数）。
  - 失败盘装满压实：合并/吸收 1 次（纯减盘数）。
  - 跨子组装满压实（MH423C / PAID16296DN01S）：合并 1 次（纯减盘数）。
  - 失败盘装满压实：合并/吸收 1 次（纯减盘数）。
  - 跨子组装满压实（MH423C / PAID16306DN01S）：合并 1 次（纯减盘数）。
  - 失败盘装满压实：合并/吸收 1 次（纯减盘数）。
  - 跨子组装满压实（MH423C / LAMY16305FN01S）：合并 1 次（纯减盘数）。
  - 失败盘装满压实：合并/吸收 1 次（纯减盘数）。
  - 跨子组装满压实（MH423C / LFEG16300IN02S）：合并 1 次（纯减盘数）。
  - 失败盘装满压实：合并/吸收 1 次（纯减盘数）。
  - 跨子组装满压实（MH423C / LFEG16300IN03S）：合并 1 次（纯减盘数）。
  - 失败盘装满压实：合并/吸收 1 次（纯减盘数）。
  - 跨子组装满压实（MH423C / LAID16305BN03S）：合并 1 次（纯减盘数）。
  - 失败盘装满压实：合并/吸收 1 次（纯减盘数）。
  - 跨子组装满压实（MH423C / LAID16306DN02S）：合并 1 次（纯减盘数）。
========================================
统计汇总：总托盘 74，指数达标 0，未达标 74，未知 0，平均缺口 144.91，最大缺口 191.50，失败托盘互借修复成功 0
KPI汇总：near/mid/deep=0/2/72，pair尝试=0，pair改进=0，pair效率=0.00%
耗时汇总：packing=24.32s，main_topup=0.05s，retry=0.00s，repack=9.37s，end_to_end=52.44s
========================================
[WCS-装] SUCCESS 产品码 0 个，DB 更新达标 0 行；FAILED 盘 74 个保持未达标。
[WCS-装] 本轮结束；等待下一次「新插入」再开算。
[WCS-装] 本轮无达标托盘，跳过 success 目录写入。
[WCS-装] 未达标方案已保存：D:\research_code\final\zhuang\packing-workspace\output\fail\packing_plan_20260724_110416.json
[WCS-装] 无达标托盘，跳过 wcs_plan / wcs_plan_map 写入。
[WCS-装] 已跳过接口 2 推送（仅本地保存）。
[UI-RESULT] D:\research_code\final\zhuang\packing-workspace\output\fail\packing_plan_20260724_110416.json
[WCS-装] 等待数据库新插入（有新 product_code 才开算）…
============================================================
[WCS-拉] 20260724_110732：拉取接口 1 …
[WCS-拉] 原始响应已保存：D:\research_code\final\zhuang\packing-workspace\input\raw\20260724_110732.json
[WCS-拉] 已剔除 case_type≠MH423C 的品类 113 条（类型：['MH113', 'WR246']），保留 1470 条。
[WCS-DB] product_code 已存在、跳过 1470 条
[WCS-拉] 落库完成：候选 1470 条，新插入 0 条（新行 up_to_standard=0）。
[WCS-拉] 无新插入 → 不触发装箱。
============================================================
[WCS-拉] 20260724_111053：拉取接口 1 …
[WCS-拉] 原始响应已保存：D:\research_code\final\zhuang\packing-workspace\input\raw\20260724_111053.json
[WCS-拉] 已剔除 case_type≠MH423C 的品类 113 条（类型：['MH113', 'WR246']），保留 1470 条。
[WCS-DB] product_code 已存在、跳过 1470 条
[WCS-拉] 落库完成：候选 1470 条，新插入 0 条（新行 up_to_standard=0）。
[WCS-拉] 无新插入 → 不触发装箱。
============================================================
[WCS-拉] 20260724_111414：拉取接口 1 …
[WCS-拉] 原始响应已保存：D:\research_code\final\zhuang\packing-workspace\input\raw\20260724_111414.json
[WCS-拉] 已剔除 case_type≠MH423C 的品类 113 条（类型：['MH113', 'WR246']），保留 1471 条。
[WCS-DB] product_code 已存在、跳过 1470 条
[WCS-拉] 落库完成：候选 1471 条，新插入 1 条（新行 up_to_standard=0）。
[WCS-拉] 有新插入 → 唤醒装箱线程。
[WCS] 已加载 BMS 参考表：D:\research_code\final\zhuang\packing-workspace\data\selected_5000_boxes_9_1_concentrated_3orders.xlsx
============================================================
[WCS-装] 20260724_111418：未达标行 1471 条，开始装箱 …
[WCS-装] 展开为 1471 个箱子。
数据预处理和箱子分组完成（按托盘类型+销售订单号）。
----------------------------------------
  - 组内子聚类：10 个混合订单拆出规则子集走 GCP、杂箱走 baseline。
正在处理托盘类型：MH423C，销售订单号：PAID16280FN01S
  - 该分组不适合列式（多非满柱）→ 回退 beam + 配方优先。
  - 配方优先[fast]：规划 0 实例，实装成功 0，配方路径不可用 → 采用基线方案。
  - 指数诊断：箱子 1 个，总指数 4，目标 192，理论最多达标托盘 0 个，剩余指数 4。
  - 几何诊断：典型整层堆叠单盘参考上限 4/192。 当前目标可能受托盘高度/箱型组合限制。
  - 几何诊断提示：典型整层参考值 4 < 目标 192；该值不是不可达证明，继续执行指数救援。
  - 失败托盘互借诊断：未合并（no_target_or_single_plan）。
托盘类型 MH423C（销售订单号：PAID16280FN01S）处理完成：总托盘 1，指数达标 0，未达标 1，平均缺口 188.00，最大缺口 188.00，失败托盘互借修复成功 0。
  - KPI：near/mid/deep=0/0/1，救回率=0.00%，pair效率=0.00%。
  - 耗时拆解：packing=0.00s，main_topup=0.00s，retry=0.00s，failed_pool=0.00s，repack=0.00s，total=0.00s。
正在处理托盘类型：MH423C，销售订单号：LFEG16290IN01S
  - 该分组不适合列式（多非满柱）→ 回退 beam + 配方优先。
  - 托盘 MH423C-LFEG16290IN01S-1 未找到可行装箱方案，启用剩余箱子守恒兜底。
  - 配方优先[fast]：规划 0 实例，实装成功 0，配方路径不可用 → 采用基线方案。
  - 指数诊断：箱子 9 个，总指数 17，目标 192，理论最多达标托盘 0 个，剩余指数 17。
  - 几何诊断：典型整层堆叠单盘参考上限 12/192。 当前目标可能受托盘高度/箱型组合限制。
  - 几何诊断提示：典型整层参考值 12 < 目标 192；该值不是不可达证明，继续执行指数救援。
  - 失败盘装满压实：合并/吸收 2 次（纯减盘数）。
  - 失败托盘互借诊断：未合并（aborted_no_improvement_possible）。
托盘类型 MH423C（销售订单号：LFEG16290IN01S）处理完成：总托盘 2，指数达标 0，未达标 2，平均缺口 183.50，最大缺口 187.00，失败托盘互借修复成功 0。
  - KPI：near/mid/deep=0/0/2，救回率=0.00%，pair效率=0.00%。
  - 耗时拆解：packing=0.02s，main_topup=0.00s，retry=0.00s，failed_pool=0.00s，repack=0.20s，total=0.32s。
正在处理托盘类型：MH423C，销售订单号：LFEG16290IN02S
  - 该分组不适合列式（多非满柱）→ 回退 beam + 配方优先。
  - 配方优先[fast]：规划 0 实例，实装成功 0，配方路径不可用 → 采用基线方案。
  - 指数诊断：箱子 33 个，总指数 33.5，目标 192，理论最多达标托盘 0 个，剩余指数 33.5。
  - 几何诊断：典型整层堆叠单盘参考上限 28.5/192。 当前目标可能受托盘高度/箱型组合限制。
  - 几何诊断提示：典型整层参考值 28.5 < 目标 192；该值不是不可达证明，继续执行指数救援。
  - 失败托盘互借诊断：未合并（no_target_or_single_plan）。
托盘类型 MH423C（销售订单号：LFEG16290IN02S）处理完成：总托盘 1，指数达标 0，未达标 1，平均缺口 158.50，最大缺口 158.50，失败托盘互借修复成功 0。
  - KPI：near/mid/deep=0/0/1，救回率=0.00%，pair效率=0.00%。
  - 耗时拆解：packing=0.33s，main_topup=0.00s，retry=0.00s，failed_pool=0.00s，repack=0.00s，total=0.33s。
正在处理托盘类型：MH423C，销售订单号：LAID16306DN01S
  - 该分组不适合列式（多非满柱）→ 回退 beam + 配方优先。
  - 配方优先[fast]：规划 0 实例，实装成功 0，配方路径不可用 → 采用基线方案。
  - 指数诊断：箱子 50 个，总指数 88，目标 192，理论最多达标托盘 0 个，剩余指数 88。
  - 几何诊断：典型整层堆叠单盘参考上限 65/192。 当前目标可能受托盘高度/箱型组合限制。
  - 几何诊断提示：典型整层参考值 65 < 目标 192；该值不是不可达证明，继续执行指数救援。
  - 失败托盘互借诊断：未合并（aborted_no_improvement_possible）。
托盘类型 MH423C（销售订单号：LAID16306DN01S）处理完成：总托盘 2，指数达标 0，未达标 2，平均缺口 148.00，最大缺口 182.00，失败托盘互借修复成功 0。
  - KPI：near/mid/deep=0/0/2，救回率=0.00%，pair效率=0.00%。
  - 耗时拆解：packing=0.31s，main_topup=0.01s，retry=0.00s，failed_pool=0.00s，repack=0.66s，total=1.85s。
正在处理托盘类型：MH423C，销售订单号：LAID16296DN01S
  - 主算法：全局列式装箱 + 柱级组合优化（GCP）。
  - 失败托盘互借诊断：未合并（no_target_or_single_plan）。
托盘类型 MH423C（销售订单号：LAID16296DN01S）处理完成：总托盘 1，指数达标 0，未达标 1，平均缺口 151.50，最大缺口 151.50，失败托盘互借修复成功 0。
  - KPI：near/mid/deep=0/0/1，救回率=0.00%，pair效率=0.00%。
  - 耗时拆解：packing=0.09s，main_topup=0.00s，retry=0.00s，failed_pool=0.00s，repack=0.00s，total=0.09s。
正在处理托盘类型：MH423C，销售订单号：LAID16296DN01S__SPLITREST__
  - 该分组不适合列式（多非满柱）→ 回退 beam + 配方优先。
  - 配方优先[fast]：规划 0 实例，实装成功 0，配方路径不可用 → 采用基线方案。
  - 指数诊断：箱子 4 个，总指数 8，目标 192，理论最多达标托盘 0 个，剩余指数 8。
  - 几何诊断：典型整层堆叠单盘参考上限 8/192。 当前目标可能受托盘高度/箱型组合限制。
  - 几何诊断提示：典型整层参考值 8 < 目标 192；该值不是不可达证明，继续执行指数救援。
  - 失败托盘互借诊断：未合并（no_target_or_single_plan）。
托盘类型 MH423C（销售订单号：LAID16296DN01S__SPLITREST__）处理完成：总托盘 1，指数达标 0，未达标 1，平均缺口 184.00，最大缺口 184.00，失败托盘互借修复成功 0。
  - KPI：near/mid/deep=0/0/1，救回率=0.00%，pair效率=0.00%。
  - 耗时拆解：packing=0.00s，main_topup=0.00s，retry=0.00s，failed_pool=0.00s，repack=0.00s，total=0.02s。
正在处理托盘类型：MH423C，销售订单号：LAID16296DN02S
  - 主算法：全局列式装箱 + 柱级组合优化（GCP）。
  - GCP 盘数远超理论（CP-SAT 装不满）→ 回退 baseline beam + 配方优先。
  - 托盘 MH423C-LAID16296DN02S-2 未找到可行装箱方案，启用剩余箱子守恒兜底。
  - 配方优先[fast]：规划 0 实例，实装成功 0，配方路径不可用 → 采用基线方案。
  - 指数诊断：箱子 49 个，总指数 164.5，目标 192，理论最多达标托盘 0 个，剩余指数 164.5。
  - 几何诊断：典型整层堆叠单盘参考上限 97/192。 当前目标可能受托盘高度/箱型组合限制。
  - 几何诊断提示：典型整层参考值 97 < 目标 192；该值不是不可达证明，继续执行指数救援。
  - 失败托盘互借诊断：未合并（aborted_no_improvement_possible）。
托盘类型 MH423C（销售订单号：LAID16296DN02S）处理完成：总托盘 4，指数达标 0，未达标 4，平均缺口 150.88，最大缺口 191.00，失败托盘互借修复成功 0。
  - KPI：near/mid/deep=0/0/4，救回率=0.00%，pair效率=0.00%。
  - 耗时拆解：packing=0.39s，main_topup=0.01s，retry=0.00s，failed_pool=0.00s，repack=1.05s，total=3.05s。
正在处理托盘类型：MH423C，销售订单号：LAID16296DN03S
  - 主算法：全局列式装箱 + 柱级组合优化（GCP）。
  - 失败托盘互借诊断：未合并（no_target_or_single_plan）。
托盘类型 MH423C（销售订单号：LAID16296DN03S）处理完成：总托盘 1，指数达标 0，未达标 1，平均缺口 89.00，最大缺口 89.00，失败托盘互借修复成功 0。
  - KPI：near/mid/deep=0/0/1，救回率=0.00%，pair效率=0.00%。
  - 耗时拆解：packing=0.85s，main_topup=0.00s，retry=0.00s，failed_pool=0.00s，repack=0.00s，total=0.85s。
正在处理托盘类型：MH423C，销售订单号：LFEG16290IN03S
  - 该分组不适合列式（多非满柱）→ 回退 beam + 配方优先。
  - 配方优先[fast]：规划 0 实例，实装成功 0，配方路径不可用 → 采用基线方案。
  - 指数诊断：箱子 37 个，总指数 69，目标 192，理论最多达标托盘 0 个，剩余指数 69。
  - 几何诊断：典型整层堆叠单盘参考上限 51/192。 当前目标可能受托盘高度/箱型组合限制。
  - 几何诊断提示：典型整层参考值 51 < 目标 192；该值不是不可达证明，继续执行指数救援。
  - 失败托盘互借诊断：未合并（aborted_no_improvement_possible）。
托盘类型 MH423C（销售订单号：LFEG16290IN03S）处理完成：总托盘 2，指数达标 0，未达标 2，平均缺口 157.50，最大缺口 189.00，失败托盘互借修复成功 0。
  - KPI：near/mid/deep=0/0/2，救回率=0.00%，pair效率=0.00%。
  - 耗时拆解：packing=0.21s，main_topup=0.00s，retry=0.00s，failed_pool=0.00s，repack=0.37s，total=1.15s。
正在处理托盘类型：MH423C，销售订单号：LFEG16310IN02S
  - 该分组不适合列式（多非满柱）→ 回退 beam + 配方优先。
  - 配方优先[fast]：规划 0 实例，实装成功 0，配方路径不可用 → 采用基线方案。
  - 指数诊断：箱子 15 个，总指数 35，目标 192，理论最多达标托盘 0 个，剩余指数 35。
  - 几何诊断：典型整层堆叠单盘参考上限 29/192。 当前目标可能受托盘高度/箱型组合限制。
  - 几何诊断提示：典型整层参考值 29 < 目标 192；该值不是不可达证明，继续执行指数救援。
  - 失败托盘互借诊断：未合并（no_target_or_single_plan）。
托盘类型 MH423C（销售订单号：LFEG16310IN02S）处理完成：总托盘 1，指数达标 0，未达标 1，平均缺口 157.00，最大缺口 157.00，失败托盘互借修复成功 0。
  - KPI：near/mid/deep=0/0/1，救回率=0.00%，pair效率=0.00%。
  - 耗时拆解：packing=0.09s，main_topup=0.00s，retry=0.00s，failed_pool=0.00s，repack=0.00s，total=0.09s。
正在处理托盘类型：MH423C，销售订单号：LFEG16310IN01S
  - 该分组不适合列式（多非满柱）→ 回退 beam + 配方优先。
  - 配方优先[fast]：规划 0 实例，实装成功 0，配方路径不可用 → 采用基线方案。
  - 指数诊断：箱子 17 个，总指数 36，目标 192，理论最多达标托盘 0 个，剩余指数 36。
  - 几何诊断：典型整层堆叠单盘参考上限 30/192。 当前目标可能受托盘高度/箱型组合限制。
  - 几何诊断提示：典型整层参考值 30 < 目标 192；该值不是不可达证明，继续执行指数救援。
  - 失败托盘互借诊断：未合并（no_target_or_single_plan）。
托盘类型 MH423C（销售订单号：LFEG16310IN01S）处理完成：总托盘 1，指数达标 0，未达标 1，平均缺口 156.00，最大缺口 156.00，失败托盘互借修复成功 0。
  - KPI：near/mid/deep=0/0/1，救回率=0.00%，pair效率=0.00%。
  - 耗时拆解：packing=0.11s，main_topup=0.00s，retry=0.00s，failed_pool=0.00s，repack=0.00s，total=0.11s。
正在处理托盘类型：MH423C，销售订单号：PAID16290FN01S
  - 主算法：全局列式装箱 + 柱级组合优化（GCP）。
  - 失败托盘互借诊断：未合并（no_target_or_single_plan）。
托盘类型 MH423C（销售订单号：PAID16290FN01S）处理完成：总托盘 1，指数达标 0，未达标 1，平均缺口 161.00，最大缺口 161.00，失败托盘互借修复成功 0。
  - KPI：near/mid/deep=0/0/1，救回率=0.00%，pair效率=0.00%。
  - 耗时拆解：packing=0.03s，main_topup=0.00s，retry=0.00s，failed_pool=0.00s，repack=0.00s，total=0.03s。
正在处理托盘类型：MH423C，销售订单号：PAID16290FN01S__SPLITREST__
  - 该分组不适合列式（多非满柱）→ 回退 beam + 配方优先。
  - 配方优先[fast]：规划 0 实例，实装成功 0，配方路径不可用 → 采用基线方案。
  - 指数诊断：箱子 1 个，总指数 0.5，目标 192，理论最多达标托盘 0 个，剩余指数 0.5。
  - 几何诊断：典型整层堆叠单盘参考上限 0.5/192。 当前目标可能受托盘高度/箱型组合限制。
  - 几何诊断提示：典型整层参考值 0.5 < 目标 192；该值不是不可达证明，继续执行指数救援。
  - 失败托盘互借诊断：未合并（no_target_or_single_plan）。
托盘类型 MH423C（销售订单号：PAID16290FN01S__SPLITREST__）处理完成：总托盘 1，指数达标 0，未达标 1，平均缺口 191.50，最大缺口 191.50，失败托盘互借修复成功 0。
  - KPI：near/mid/deep=0/0/1，救回率=0.00%，pair效率=0.00%。
  - 耗时拆解：packing=0.00s，main_topup=0.00s，retry=0.00s，failed_pool=0.00s，repack=0.00s，total=0.00s。
正在处理托盘类型：MH423C，销售订单号：PAIN26290BC02S
  - 主算法：全局列式装箱 + 柱级组合优化（GCP）。
  - 失败托盘互借诊断：未合并（no_target_or_single_plan）。
托盘类型 MH423C（销售订单号：PAIN26290BC02S）处理完成：总托盘 1，指数达标 0，未达标 1，平均缺口 84.00，最大缺口 84.00，失败托盘互借修复成功 0。
  - KPI：near/mid/deep=0/0/1，救回率=0.00%，pair效率=0.00%。
  - 耗时拆解：packing=1.60s，main_topup=0.00s，retry=0.00s，failed_pool=0.00s，repack=0.00s，total=1.61s。
正在处理托盘类型：MH423C，销售订单号：PAIN26286EN01S
  - 该分组不适合列式（多非满柱）→ 回退 beam + 配方优先。
  - 配方优先[fast]：规划 0 实例，实装成功 0，配方路径不可用 → 采用基线方案。
  - 指数诊断：箱子 1 个，总指数 2，目标 192，理论最多达标托盘 0 个，剩余指数 2。
  - 几何诊断：典型整层堆叠单盘参考上限 2/192。 当前目标可能受托盘高度/箱型组合限制。
  - 几何诊断提示：典型整层参考值 2 < 目标 192；该值不是不可达证明，继续执行指数救援。
  - 失败托盘互借诊断：未合并（no_target_or_single_plan）。
托盘类型 MH423C（销售订单号：PAIN26286EN01S）处理完成：总托盘 1，指数达标 0，未达标 1，平均缺口 190.00，最大缺口 190.00，失败托盘互借修复成功 0。
  - KPI：near/mid/deep=0/0/1，救回率=0.00%，pair效率=0.00%。
  - 耗时拆解：packing=0.00s，main_topup=0.00s，retry=0.00s，failed_pool=0.00s，repack=0.00s，total=0.00s。
正在处理托盘类型：MH423C，销售订单号：LAID16296DN03S__CASEGROUP__1
  - 主算法：全局列式装箱 + 柱级组合优化（GCP）。
  - 失败托盘互借诊断：未合并（no_target_or_single_plan）。
托盘类型 MH423C（销售订单号：LAID16296DN03S__CASEGROUP__1）处理完成：总托盘 1，指数达标 0，未达标 1，平均缺口 90.00，最大缺口 90.00，失败托盘互借修复成功 0。
  - KPI：near/mid/deep=0/0/1，救回率=0.00%，pair效率=0.00%。
  - 耗时拆解：packing=0.40s，main_topup=0.00s，retry=0.00s，failed_pool=0.00s，repack=0.00s，total=0.40s。
正在处理托盘类型：MH423C，销售订单号：LAID16296DN03S__CASEGROUP__1__SPLITREST__
  - 该分组不适合列式（多非满柱）→ 回退 beam + 配方优先。
  - 配方优先[fast]：规划 0 实例，实装成功 0，配方路径不可用 → 采用基线方案。
  - 指数诊断：箱子 4 个，总指数 2，目标 192，理论最多达标托盘 0 个，剩余指数 2。
  - 几何诊断：典型整层堆叠单盘参考上限 2/192。 当前目标可能受托盘高度/箱型组合限制。
  - 几何诊断提示：典型整层参考值 2 < 目标 192；该值不是不可达证明，继续执行指数救援。
  - 失败托盘互借诊断：未合并（no_target_or_single_plan）。
托盘类型 MH423C（销售订单号：LAID16296DN03S__CASEGROUP__1__SPLITREST__）处理完成：总托盘 1，指数达标 0，未达标 1，平均缺口 190.00，最大缺口 190.00，失败托盘互借修复成功 0。
  - KPI：near/mid/deep=0/0/1，救回率=0.00%，pair效率=0.00%。
  - 耗时拆解：packing=0.00s，main_topup=0.00s，retry=0.00s，failed_pool=0.00s，repack=0.00s，total=0.02s。
正在处理托盘类型：MH423C，销售订单号：LAMY16315FN01S
  - 主算法：全局列式装箱 + 柱级组合优化（GCP）。
  - 失败托盘互借诊断：未合并（no_target_or_single_plan）。
托盘类型 MH423C（销售订单号：LAMY16315FN01S）处理完成：总托盘 1，指数达标 0，未达标 1，平均缺口 21.00，最大缺口 21.00，失败托盘互借修复成功 0。
  - KPI：near/mid/deep=0/1/0，救回率=0.00%，pair效率=0.00%。
  - 耗时拆解：packing=1.13s，main_topup=0.00s，retry=0.00s，failed_pool=0.00s，repack=0.00s，total=1.13s。
正在处理托盘类型：MH423C，销售订单号：LAMY16315FN01S__SPLITREST__
  - 该分组不适合列式（多非满柱）→ 回退 beam + 配方优先。
  - 配方优先[fast]：规划 0 实例，实装成功 0，配方路径不可用 → 采用基线方案。
  - 指数诊断：箱子 1 个，总指数 0.5，目标 192，理论最多达标托盘 0 个，剩余指数 0.5。
  - 几何诊断：典型整层堆叠单盘参考上限 0.5/192。 当前目标可能受托盘高度/箱型组合限制。
  - 几何诊断提示：典型整层参考值 0.5 < 目标 192；该值不是不可达证明，继续执行指数救援。
  - 失败托盘互借诊断：未合并（no_target_or_single_plan）。
托盘类型 MH423C（销售订单号：LAMY16315FN01S__SPLITREST__）处理完成：总托盘 1，指数达标 0，未达标 1，平均缺口 191.50，最大缺口 191.50，失败托盘互借修复成功 0。
  - KPI：near/mid/deep=0/0/1，救回率=0.00%，pair效率=0.00%。
  - 耗时拆解：packing=0.00s，main_topup=0.00s，retry=0.00s，failed_pool=0.00s，repack=0.00s，total=0.00s。
正在处理托盘类型：MH423C，销售订单号：LAID16305BN02S
  - 主算法：全局列式装箱 + 柱级组合优化（GCP）。
  - 失败托盘互借诊断：未合并（no_target_or_single_plan）。
托盘类型 MH423C（销售订单号：LAID16305BN02S）处理完成：总托盘 1，指数达标 0，未达标 1，平均缺口 128.50，最大缺口 128.50，失败托盘互借修复成功 0。
  - KPI：near/mid/deep=0/0/1，救回率=0.00%，pair效率=0.00%。
  - 耗时拆解：packing=0.52s，main_topup=0.00s，retry=0.00s，failed_pool=0.00s，repack=0.00s，total=0.52s。
正在处理托盘类型：MH423C，销售订单号：PAID16280FC02S
  - 主算法：全局列式装箱 + 柱级组合优化（GCP）。
  - GCP 盘数远超理论（CP-SAT 装不满）→ 回退 baseline beam + 配方优先。
  - 配方优先[fast]：规划 0 实例，实装成功 0，配方路径不可用 → 采用基线方案。
  - 指数诊断：箱子 4 个，总指数 16，目标 192，理论最多达标托盘 0 个，剩余指数 16。
  - 几何诊断：典型整层堆叠单盘参考上限 16/192。 当前目标可能受托盘高度/箱型组合限制。
  - 几何诊断提示：典型整层参考值 16 < 目标 192；该值不是不可达证明，继续执行指数救援。
  - 失败托盘互借诊断：未合并（no_target_or_single_plan）。
托盘类型 MH423C（销售订单号：PAID16280FC02S）处理完成：总托盘 1，指数达标 0，未达标 1，平均缺口 176.00，最大缺口 176.00，失败托盘互借修复成功 0。
  - KPI：near/mid/deep=0/0/1，救回率=0.00%，pair效率=0.00%。
  - 耗时拆解：packing=0.00s，main_topup=0.00s，retry=0.00s，failed_pool=0.00s，repack=0.00s，total=0.02s。
正在处理托盘类型：MH423C，销售订单号：PAID16290FC02S
  - 该分组不适合列式（多非满柱）→ 回退 beam + 配方优先。
  - 配方优先[fast]：规划 0 实例，实装成功 0，配方路径不可用 → 采用基线方案。
  - 指数诊断：箱子 6 个，总指数 14，目标 192，理论最多达标托盘 0 个，剩余指数 14。
  - 几何诊断：典型整层堆叠单盘参考上限 14/192。 当前目标可能受托盘高度/箱型组合限制。
  - 几何诊断提示：典型整层参考值 14 < 目标 192；该值不是不可达证明，继续执行指数救援。
  - 失败托盘互借诊断：未合并（no_target_or_single_plan）。
托盘类型 MH423C（销售订单号：PAID16290FC02S）处理完成：总托盘 1，指数达标 0，未达标 1，平均缺口 178.00，最大缺口 178.00，失败托盘互借修复成功 0。
  - KPI：near/mid/deep=0/0/1，救回率=0.00%，pair效率=0.00%。
  - 耗时拆解：packing=0.01s，main_topup=0.00s，retry=0.00s，failed_pool=0.00s，repack=0.00s，total=0.05s。
正在处理托盘类型：MH423C，销售订单号：PEG146296CN01S
  - 主算法：全局列式装箱 + 柱级组合优化（GCP）。
  - 失败托盘互借诊断：未合并（no_target_or_single_plan）。
托盘类型 MH423C（销售订单号：PEG146296CN01S）处理完成：总托盘 1，指数达标 0，未达标 1，平均缺口 68.00，最大缺口 68.00，失败托盘互借修复成功 0。
  - KPI：near/mid/deep=0/0/1，救回率=0.00%，pair效率=0.00%。
  - 耗时拆解：packing=0.36s，main_topup=0.00s，retry=0.00s，failed_pool=0.00s，repack=0.00s，total=0.36s。
正在处理托盘类型：MH423C，销售订单号：PAID16295BN01S
  - 主算法：全局列式装箱 + 柱级组合优化（GCP）。
  - 失败托盘互借诊断：未合并（aborted_no_improvement_possible）。
托盘类型 MH423C（销售订单号：PAID16295BN01S）处理完成：总托盘 2，指数达标 0，未达标 2，平均缺口 96.75，最大缺口 163.50，失败托盘互借修复成功 0。
  - KPI：near/mid/deep=0/0/2，救回率=0.00%，pair效率=0.00%。
  - 耗时拆解：packing=2.68s，main_topup=0.00s，retry=0.00s，failed_pool=0.00s，repack=1.79s，total=4.47s。
正在处理托盘类型：MH423C，销售订单号：PAID16296DN01S
  - 主算法：全局列式装箱 + 柱级组合优化（GCP）。
  - 失败托盘互借诊断：未合并（no_target_or_single_plan）。
托盘类型 MH423C（销售订单号：PAID16296DN01S）处理完成：总托盘 1，指数达标 0，未达标 1，平均缺口 132.50，最大缺口 132.50，失败托盘互借修复成功 0。
  - KPI：near/mid/deep=0/0/1，救回率=0.00%，pair效率=0.00%。
  - 耗时拆解：packing=1.53s，main_topup=0.00s，retry=0.00s，failed_pool=0.00s，repack=0.00s，total=1.53s。
正在处理托盘类型：MH423C，销售订单号：PAID16296DN01S__SPLITREST__
  - 该分组不适合列式（多非满柱）→ 回退 beam + 配方优先。
  - 配方优先[fast]：规划 0 实例，实装成功 0，配方路径不可用 → 采用基线方案。
  - 指数诊断：箱子 3 个，总指数 6，目标 192，理论最多达标托盘 0 个，剩余指数 6。
  - 几何诊断：典型整层堆叠单盘参考上限 6/192。 当前目标可能受托盘高度/箱型组合限制。
  - 几何诊断提示：典型整层参考值 6 < 目标 192；该值不是不可达证明，继续执行指数救援。
  - 失败托盘互借诊断：未合并（no_target_or_single_plan）。
托盘类型 MH423C（销售订单号：PAID16296DN01S__SPLITREST__）处理完成：总托盘 1，指数达标 0，未达标 1，平均缺口 186.00，最大缺口 186.00，失败托盘互借修复成功 0。
  - KPI：near/mid/deep=0/0/1，救回率=0.00%，pair效率=0.00%。
  - 耗时拆解：packing=0.00s，main_topup=0.00s，retry=0.00s，failed_pool=0.00s，repack=0.00s，total=0.01s。
正在处理托盘类型：MH423C，销售订单号：LAID16305EN01S
  - 该分组不适合列式（多非满柱）→ 回退 beam + 配方优先。
  - 配方优先[fast]：规划 0 实例，实装成功 0，配方路径不可用 → 采用基线方案。
  - 指数诊断：箱子 26 个，总指数 80.5，目标 192，理论最多达标托盘 0 个，剩余指数 80.5。
  - 几何诊断：典型整层堆叠单盘参考上限 63/192。 当前目标可能受托盘高度/箱型组合限制。
  - 几何诊断提示：典型整层参考值 63 < 目标 192；该值不是不可达证明，继续执行指数救援。
  - 失败托盘互借诊断：未合并（aborted_no_improvement_possible）。
托盘类型 MH423C（销售订单号：LAID16305EN01S）处理完成：总托盘 2，指数达标 0，未达标 2，平均缺口 151.75，最大缺口 163.00，失败托盘互借修复成功 0。
  - KPI：near/mid/deep=0/0/2，救回率=0.00%，pair效率=0.00%。
  - 耗时拆解：packing=0.25s，main_topup=0.00s，retry=0.00s，failed_pool=0.00s，repack=0.19s，total=0.44s。
正在处理托盘类型：MH423C，销售订单号：PAID16295EL05S
  - 该分组不适合列式（多非满柱）→ 回退 beam + 配方优先。
  - 配方优先[fast]：规划 0 实例，实装成功 0，配方路径不可用 → 采用基线方案。
  - 指数诊断：箱子 1 个，总指数 2，目标 192，理论最多达标托盘 0 个，剩余指数 2。
  - 几何诊断：典型整层堆叠单盘参考上限 2/192。 当前目标可能受托盘高度/箱型组合限制。
  - 几何诊断提示：典型整层参考值 2 < 目标 192；该值不是不可达证明，继续执行指数救援。
  - 失败托盘互借诊断：未合并（no_target_or_single_plan）。
托盘类型 MH423C（销售订单号：PAID16295EL05S）处理完成：总托盘 1，指数达标 0，未达标 1，平均缺口 190.00，最大缺口 190.00，失败托盘互借修复成功 0。
  - KPI：near/mid/deep=0/0/1，救回率=0.00%，pair效率=0.00%。
  - 耗时拆解：packing=0.00s，main_topup=0.00s，retry=0.00s，failed_pool=0.00s，repack=0.00s，total=0.00s。
正在处理托盘类型：MH423C，销售订单号：PAID16290FL03S
  - 该分组不适合列式（多非满柱）→ 回退 beam + 配方优先。
  - 配方优先[fast]：规划 0 实例，实装成功 0，配方路径不可用 → 采用基线方案。
  - 指数诊断：箱子 3 个，总指数 6，目标 192，理论最多达标托盘 0 个，剩余指数 6。
  - 几何诊断：典型整层堆叠单盘参考上限 6/192。 当前目标可能受托盘高度/箱型组合限制。
  - 几何诊断提示：典型整层参考值 6 < 目标 192；该值不是不可达证明，继续执行指数救援。
  - 失败托盘互借诊断：未合并（no_target_or_single_plan）。
托盘类型 MH423C（销售订单号：PAID16290FL03S）处理完成：总托盘 1，指数达标 0，未达标 1，平均缺口 186.00，最大缺口 186.00，失败托盘互借修复成功 0。
  - KPI：near/mid/deep=0/0/1，救回率=0.00%，pair效率=0.00%。
  - 耗时拆解：packing=0.00s，main_topup=0.00s，retry=0.00s，failed_pool=0.00s，repack=0.00s，total=0.01s。
正在处理托盘类型：MH423C，销售订单号：PAID16306DN01S
  - 主算法：全局列式装箱 + 柱级组合优化（GCP）。
  - 失败托盘互借诊断：未合并（no_target_or_single_plan）。
托盘类型 MH423C（销售订单号：PAID16306DN01S）处理完成：总托盘 1，指数达标 0，未达标 1，平均缺口 170.00，最大缺口 170.00，失败托盘互借修复成功 0。
  - KPI：near/mid/deep=0/0/1，救回率=0.00%，pair效率=0.00%。
  - 耗时拆解：packing=0.12s，main_topup=0.00s，retry=0.00s，failed_pool=0.00s，repack=0.00s，total=0.12s。
正在处理托盘类型：MH423C，销售订单号：PAID16306DN01S__SPLITREST__
  - 该分组不适合列式（多非满柱）→ 回退 beam + 配方优先。
  - 配方优先[fast]：规划 0 实例，实装成功 0，配方路径不可用 → 采用基线方案。
  - 指数诊断：箱子 2 个，总指数 1，目标 192，理论最多达标托盘 0 个，剩余指数 1。
  - 几何诊断：典型整层堆叠单盘参考上限 1/192。 当前目标可能受托盘高度/箱型组合限制。
  - 几何诊断提示：典型整层参考值 1 < 目标 192；该值不是不可达证明，继续执行指数救援。
  - 失败托盘互借诊断：未合并（no_target_or_single_plan）。
托盘类型 MH423C（销售订单号：PAID16306DN01S__SPLITREST__）处理完成：总托盘 1，指数达标 0，未达标 1，平均缺口 191.00，最大缺口 191.00，失败托盘互借修复成功 0。
  - KPI：near/mid/deep=0/0/1，救回率=0.00%，pair效率=0.00%。
  - 耗时拆解：packing=0.00s，main_topup=0.00s，retry=0.00s，failed_pool=0.00s，repack=0.00s，total=0.00s。
正在处理托盘类型：MH423C，销售订单号：LAMY16305FN01S
  - 主算法：全局列式装箱 + 柱级组合优化（GCP）。
  - 失败托盘互借诊断：未合并（aborted_no_improvement_possible）。
托盘类型 MH423C（销售订单号：LAMY16305FN01S）处理完成：总托盘 2，指数达标 0，未达标 2，平均缺口 131.25，最大缺口 190.00，失败托盘互借修复成功 0。
  - KPI：near/mid/deep=0/0/2，救回率=0.00%，pair效率=0.00%。
  - 耗时拆解：packing=1.57s，main_topup=0.00s，retry=0.00s，failed_pool=0.00s，repack=1.23s，total=2.81s。
正在处理托盘类型：MH423C，销售订单号：LAMY16305FN01S__SPLITREST__
  - 该分组不适合列式（多非满柱）→ 回退 beam + 配方优先。
  - 配方优先[fast]：规划 0 实例，实装成功 0，配方路径不可用 → 采用基线方案。
  - 指数诊断：箱子 1 个，总指数 6，目标 192，理论最多达标托盘 0 个，剩余指数 6。
  - 几何诊断：典型整层堆叠单盘参考上限 6/192。 当前目标可能受托盘高度/箱型组合限制。
  - 几何诊断提示：典型整层参考值 6 < 目标 192；该值不是不可达证明，继续执行指数救援。
  - 失败托盘互借诊断：未合并（no_target_or_single_plan）。
托盘类型 MH423C（销售订单号：LAMY16305FN01S__SPLITREST__）处理完成：总托盘 1，指数达标 0，未达标 1，平均缺口 186.00，最大缺口 186.00，失败托盘互借修复成功 0。
  - KPI：near/mid/deep=0/0/1，救回率=0.00%，pair效率=0.00%。
  - 耗时拆解：packing=0.00s，main_topup=0.00s，retry=0.00s，failed_pool=0.00s，repack=0.00s，total=0.00s。
正在处理托盘类型：MH423C，销售订单号：PAID16300FN01S
  - 该分组不适合列式（多非满柱）→ 回退 beam + 配方优先。
  - 配方优先[fast]：规划 0 实例，实装成功 0，配方路径不可用 → 采用基线方案。
  - 指数诊断：箱子 8 个，总指数 19，目标 192，理论最多达标托盘 0 个，剩余指数 19。
  - 几何诊断：典型整层堆叠单盘参考上限 19/192。 当前目标可能受托盘高度/箱型组合限制。
  - 几何诊断提示：典型整层参考值 19 < 目标 192；该值不是不可达证明，继续执行指数救援。
  - 失败托盘互借诊断：未合并（no_target_or_single_plan）。
托盘类型 MH423C（销售订单号：PAID16300FN01S）处理完成：总托盘 1，指数达标 0，未达标 1，平均缺口 173.00，最大缺口 173.00，失败托盘互借修复成功 0。
  - KPI：near/mid/deep=0/0/1，救回率=0.00%，pair效率=0.00%。
  - 耗时拆解：packing=0.01s，main_topup=0.00s，retry=0.00s，failed_pool=0.00s，repack=0.00s，total=0.05s。
正在处理托盘类型：MH423C，销售订单号：PAID16295BD02S
  - 主算法：全局列式装箱 + 柱级组合优化（GCP）。
  - 失败托盘互借诊断：未合并（no_target_or_single_plan）。
托盘类型 MH423C（销售订单号：PAID16295BD02S）处理完成：总托盘 1，指数达标 0，未达标 1，平均缺口 156.00，最大缺口 156.00，失败托盘互借修复成功 0。
  - KPI：near/mid/deep=0/0/1，救回率=0.00%，pair效率=0.00%。
  - 耗时拆解：packing=0.07s，main_topup=0.00s，retry=0.00s，failed_pool=0.00s，repack=0.00s，total=0.07s。
正在处理托盘类型：MH423C，销售订单号：LFEG16300IN02S
  - 主算法：全局列式装箱 + 柱级组合优化（GCP）。
  - GCP 盘数远超理论（CP-SAT 装不满）→ 回退 baseline beam + 配方优先。
  - 配方优先[fast]：规划 0 实例，实装成功 0，配方路径不可用 → 采用基线方案。
  - 指数诊断：箱子 85 个，总指数 144.5，目标 192，理论最多达标托盘 0 个，剩余指数 144.5。
  - 几何诊断：典型整层堆叠单盘参考上限 116/192。 当前目标可能受托盘高度/箱型组合限制。
  - 几何诊断提示：典型整层参考值 116 < 目标 192；该值不是不可达证明，继续执行指数救援。
  - 失败托盘互借诊断：未合并（aborted_no_improvement_possible）。
托盘类型 MH423C（销售订单号：LFEG16300IN02S）处理完成：总托盘 2，指数达标 0，未达标 2，平均缺口 119.75，最大缺口 186.50，失败托盘互借修复成功 0。
  - KPI：near/mid/deep=0/0/2，救回率=0.00%，pair效率=0.00%。
  - 耗时拆解：packing=1.45s，main_topup=0.03s，retry=0.00s，failed_pool=0.00s，repack=2.78s，total=12.92s。
正在处理托盘类型：MH423C，销售订单号：LFEG16300IN02S__SPLITREST__
  - 该分组不适合列式（多非满柱）→ 回退 beam + 配方优先。
  - 配方优先[fast]：规划 0 实例，实装成功 0，配方路径不可用 → 采用基线方案。
  - 指数诊断：箱子 2 个，总指数 4，目标 192，理论最多达标托盘 0 个，剩余指数 4。
  - 几何诊断：典型整层堆叠单盘参考上限 4/192。 当前目标可能受托盘高度/箱型组合限制。
  - 几何诊断提示：典型整层参考值 4 < 目标 192；该值不是不可达证明，继续执行指数救援。
  - 失败托盘互借诊断：未合并（no_target_or_single_plan）。
托盘类型 MH423C（销售订单号：LFEG16300IN02S__SPLITREST__）处理完成：总托盘 1，指数达标 0，未达标 1，平均缺口 188.00，最大缺口 188.00，失败托盘互借修复成功 0。
  - KPI：near/mid/deep=0/0/1，救回率=0.00%，pair效率=0.00%。
  - 耗时拆解：packing=0.00s，main_topup=0.00s，retry=0.00s，failed_pool=0.00s，repack=0.00s，total=0.01s。
正在处理托盘类型：MH423C，销售订单号：LAID16305BN01S
  - 主算法：全局列式装箱 + 柱级组合优化（GCP）。
  - 失败托盘互借诊断：未合并（aborted_no_improvement_possible）。
托盘类型 MH423C（销售订单号：LAID16305BN01S）处理完成：总托盘 2，指数达标 0，未达标 2，平均缺口 131.50，最大缺口 188.00，失败托盘互借修复成功 0。
  - KPI：near/mid/deep=0/0/2，救回率=0.00%，pair效率=0.00%。
  - 耗时拆解：packing=0.80s，main_topup=0.00s，retry=0.00s，failed_pool=0.00s，repack=0.68s，total=1.48s。
正在处理托盘类型：MH423C，销售订单号：LFEG16310IN03S
  - 主算法：全局列式装箱 + 柱级组合优化（GCP）。
  - 失败托盘互借诊断：未合并（no_target_or_single_plan）。
托盘类型 MH423C（销售订单号：LFEG16310IN03S）处理完成：总托盘 1，指数达标 0，未达标 1，平均缺口 159.00，最大缺口 159.00，失败托盘互借修复成功 0。
  - KPI：near/mid/deep=0/0/1，救回率=0.00%，pair效率=0.00%。
  - 耗时拆解：packing=0.03s，main_topup=0.00s，retry=0.00s，failed_pool=0.00s，repack=0.00s，total=0.03s。
正在处理托盘类型：MH423C，销售订单号：LFEG16300IN01S
  - 该分组不适合列式（多非满柱）→ 回退 beam + 配方优先。
  - 配方优先[fast]：规划 0 实例，实装成功 0，配方路径不可用 → 采用基线方案。
  - 指数诊断：箱子 18 个，总指数 29.5，目标 192，理论最多达标托盘 0 个，剩余指数 29.5。
  - 几何诊断：典型整层堆叠单盘参考上限 28.5/192。 当前目标可能受托盘高度/箱型组合限制。
  - 几何诊断提示：典型整层参考值 28.5 < 目标 192；该值不是不可达证明，继续执行指数救援。
  - 失败托盘互借诊断：未合并（no_target_or_single_plan）。
托盘类型 MH423C（销售订单号：LFEG16300IN01S）处理完成：总托盘 1，指数达标 0，未达标 1，平均缺口 162.50，最大缺口 162.50，失败托盘互借修复成功 0。
  - KPI：near/mid/deep=0/0/1，救回率=0.00%，pair效率=0.00%。
  - 耗时拆解：packing=0.10s，main_topup=0.00s，retry=0.00s，failed_pool=0.00s，repack=0.00s，total=0.10s。
正在处理托盘类型：MH423C，销售订单号：LFEG16300IN03S
  - 主算法：全局列式装箱 + 柱级组合优化（GCP）。
  - 失败托盘互借诊断：未合并（no_target_or_single_plan）。
托盘类型 MH423C（销售订单号：LFEG16300IN03S）处理完成：总托盘 1，指数达标 0，未达标 1，平均缺口 82.00，最大缺口 82.00，失败托盘互借修复成功 0。
  - KPI：near/mid/deep=0/0/1，救回率=0.00%，pair效率=0.00%。
  - 耗时拆解：packing=0.93s，main_topup=0.00s，retry=0.00s，failed_pool=0.00s，repack=0.00s，total=0.93s。
正在处理托盘类型：MH423C，销售订单号：LFEG16300IN03S__SPLITREST__
  - 该分组不适合列式（多非满柱）→ 回退 beam + 配方优先。
  - 配方优先[fast]：规划 0 实例，实装成功 0，配方路径不可用 → 采用基线方案。
  - 指数诊断：箱子 2 个，总指数 4，目标 192，理论最多达标托盘 0 个，剩余指数 4。
  - 几何诊断：典型整层堆叠单盘参考上限 4/192。 当前目标可能受托盘高度/箱型组合限制。
  - 几何诊断提示：典型整层参考值 4 < 目标 192；该值不是不可达证明，继续执行指数救援。
  - 失败托盘互借诊断：未合并（no_target_or_single_plan）。
托盘类型 MH423C（销售订单号：LFEG16300IN03S__SPLITREST__）处理完成：总托盘 1，指数达标 0，未达标 1，平均缺口 188.00，最大缺口 188.00，失败托盘互借修复成功 0。
  - KPI：near/mid/deep=0/0/1，救回率=0.00%，pair效率=0.00%。
  - 耗时拆解：packing=0.00s，main_topup=0.00s，retry=0.00s，failed_pool=0.00s，repack=0.00s，total=0.00s。
正在处理托盘类型：MH423C，销售订单号：LAID16305BN03S
  - 主算法：全局列式装箱 + 柱级组合优化（GCP）。
  - 失败托盘互借诊断：未合并（no_target_or_single_plan）。
托盘类型 MH423C（销售订单号：LAID16305BN03S）处理完成：总托盘 1，指数达标 0，未达标 1，平均缺口 116.00，最大缺口 116.00，失败托盘互借修复成功 0。
  - KPI：near/mid/deep=0/0/1，救回率=0.00%，pair效率=0.00%。
  - 耗时拆解：packing=0.36s，main_topup=0.00s，retry=0.00s，failed_pool=0.00s，repack=0.00s，total=0.36s。
正在处理托盘类型：MH423C，销售订单号：LAID16305BN03S__SPLITREST__
  - 该分组不适合列式（多非满柱）→ 回退 beam + 配方优先。
  - 托盘 MH423C-LAID16305BN03S__SPLITREST__-1 未找到可行装箱方案，启用剩余箱子守恒兜底。
  - 配方优先[fast]：规划 0 实例，实装成功 0，配方路径不可用 → 采用基线方案。
  - 指数诊断：箱子 5 个，总指数 2.5，目标 192，理论最多达标托盘 0 个，剩余指数 2.5。
  - 几何诊断：典型整层堆叠单盘参考上限 2.5/192。 当前目标可能受托盘高度/箱型组合限制。
  - 几何诊断提示：典型整层参考值 2.5 < 目标 192；该值不是不可达证明，继续执行指数救援。
  - 失败托盘互借诊断：未合并（aborted_no_improvement_possible）。
托盘类型 MH423C（销售订单号：LAID16305BN03S__SPLITREST__）处理完成：总托盘 2，指数达标 0，未达标 2，平均缺口 190.75，最大缺口 191.50，失败托盘互借修复成功 0。
  - KPI：near/mid/deep=0/0/2，救回率=0.00%，pair效率=0.00%。
  - 耗时拆解：packing=0.01s，main_topup=0.00s，retry=0.00s，failed_pool=0.00s，repack=0.03s，total=0.07s。
正在处理托盘类型：MH423C，销售订单号：PEG166300LN01S
  - 主算法：全局列式装箱 + 柱级组合优化（GCP）。
  - 失败托盘互借诊断：未合并（no_target_or_single_plan）。
托盘类型 MH423C（销售订单号：PEG166300LN01S）处理完成：总托盘 1，指数达标 0，未达标 1，平均缺口 64.00，最大缺口 64.00，失败托盘互借修复成功 0。
  - KPI：near/mid/deep=0/0/1，救回率=0.00%，pair效率=0.00%。
  - 耗时拆解：packing=0.32s，main_topup=0.00s，retry=0.00s，failed_pool=0.00s，repack=0.00s，total=0.32s。
正在处理托盘类型：MH423C，销售订单号：PAID163008N01S
  - 该分组不适合列式（多非满柱）→ 回退 beam + 配方优先。
  - 配方优先[fast]：规划 0 实例，实装成功 0，配方路径不可用 → 采用基线方案。
  - 指数诊断：箱子 1 个，总指数 1，目标 192，理论最多达标托盘 0 个，剩余指数 1。
  - 几何诊断：典型整层堆叠单盘参考上限 1/192。 当前目标可能受托盘高度/箱型组合限制。
  - 几何诊断提示：典型整层参考值 1 < 目标 192；该值不是不可达证明，继续执行指数救援。
  - 失败托盘互借诊断：未合并（no_target_or_single_plan）。
托盘类型 MH423C（销售订单号：PAID163008N01S）处理完成：总托盘 1，指数达标 0，未达标 1，平均缺口 191.00，最大缺口 191.00，失败托盘互借修复成功 0。
  - KPI：near/mid/deep=0/0/1，救回率=0.00%，pair效率=0.00%。
  - 耗时拆解：packing=0.00s，main_topup=0.00s，retry=0.00s，failed_pool=0.00s，repack=0.00s，total=0.00s。
正在处理托盘类型：MH423C，销售订单号：PAIN26290BN01S
  - 该分组不适合列式（多非满柱）→ 回退 beam + 配方优先。
  - 托盘 MH423C-PAIN26290BN01S-1 未找到可行装箱方案，启用剩余箱子守恒兜底。
  - 配方优先[fast]：规划 0 实例，实装成功 0，配方路径不可用 → 采用基线方案。
  - 指数诊断：箱子 5 个，总指数 2.5，目标 192，理论最多达标托盘 0 个，剩余指数 2.5。
  - 几何诊断：典型整层堆叠单盘参考上限 2.5/192。 当前目标可能受托盘高度/箱型组合限制。
  - 几何诊断提示：典型整层参考值 2.5 < 目标 192；该值不是不可达证明，继续执行指数救援。
  - 失败盘装满压实：合并/吸收 1 次（纯减盘数）。
  - 失败托盘互借诊断：未合并（aborted_no_improvement_possible）。
托盘类型 MH423C（销售订单号：PAIN26290BN01S）处理完成：总托盘 1，指数达标 0，未达标 1，平均缺口 189.50，最大缺口 189.50，失败托盘互借修复成功 0。
  - KPI：near/mid/deep=0/0/1，救回率=0.00%，pair效率=0.00%。
  - 耗时拆解：packing=0.01s，main_topup=0.00s，retry=0.00s，failed_pool=0.00s，repack=0.03s，total=0.07s。
正在处理托盘类型：MH423C，销售订单号：PAID162308N01S
  - 该分组不适合列式（多非满柱）→ 回退 beam + 配方优先。
  - 配方优先[fast]：规划 0 实例，实装成功 0，配方路径不可用 → 采用基线方案。
  - 指数诊断：箱子 1 个，总指数 2，目标 192，理论最多达标托盘 0 个，剩余指数 2。
  - 几何诊断：典型整层堆叠单盘参考上限 2/192。 当前目标可能受托盘高度/箱型组合限制。
  - 几何诊断提示：典型整层参考值 2 < 目标 192；该值不是不可达证明，继续执行指数救援。
  - 失败托盘互借诊断：未合并（no_target_or_single_plan）。
托盘类型 MH423C（销售订单号：PAID162308N01S）处理完成：总托盘 1，指数达标 0，未达标 1，平均缺口 190.00，最大缺口 190.00，失败托盘互借修复成功 0。
  - KPI：near/mid/deep=0/0/1，救回率=0.00%，pair效率=0.00%。
  - 耗时拆解：packing=0.00s，main_topup=0.00s，retry=0.00s，failed_pool=0.00s，repack=0.00s，total=0.00s。
正在处理托盘类型：MH423C，销售订单号：PEG106290LN01S
  - 主算法：全局列式装箱 + 柱级组合优化（GCP）。
  - 失败托盘互借诊断：未合并（no_target_or_single_plan）。
托盘类型 MH423C（销售订单号：PEG106290LN01S）处理完成：总托盘 1，指数达标 0，未达标 1，平均缺口 179.00，最大缺口 179.00，失败托盘互借修复成功 0。
  - KPI：near/mid/deep=0/0/1，救回率=0.00%，pair效率=0.00%。
  - 耗时拆解：packing=0.04s，main_topup=0.00s，retry=0.00s，failed_pool=0.00s，repack=0.00s，total=0.04s。
正在处理托盘类型：MH423C，销售订单号：LAID16306DN03S
  - 该分组不适合列式（多非满柱）→ 回退 beam + 配方优先。
  - 配方优先[fast]：规划 0 实例，实装成功 0，配方路径不可用 → 采用基线方案。
  - 指数诊断：箱子 9 个，总指数 9，目标 192，理论最多达标托盘 0 个，剩余指数 9。
  - 几何诊断：典型整层堆叠单盘参考上限 9/192。 当前目标可能受托盘高度/箱型组合限制。
  - 几何诊断提示：典型整层参考值 9 < 目标 192；该值不是不可达证明，继续执行指数救援。
  - 失败托盘互借诊断：未合并（no_target_or_single_plan）。
托盘类型 MH423C（销售订单号：LAID16306DN03S）处理完成：总托盘 1，指数达标 0，未达标 1，平均缺口 183.00，最大缺口 183.00，失败托盘互借修复成功 0。
  - KPI：near/mid/deep=0/0/1，救回率=0.00%，pair效率=0.00%。
  - 耗时拆解：packing=0.01s，main_topup=0.00s，retry=0.00s，failed_pool=0.00s，repack=0.00s，total=0.06s。
正在处理托盘类型：MH423C，销售订单号：PAID16305EC01S
  - 该分组不适合列式（多非满柱）→ 回退 beam + 配方优先。
  - 配方优先[fast]：规划 0 实例，实装成功 0，配方路径不可用 → 采用基线方案。
  - 指数诊断：箱子 2 个，总指数 2，目标 192，理论最多达标托盘 0 个，剩余指数 2。
  - 几何诊断：典型整层堆叠单盘参考上限 2/192。 当前目标可能受托盘高度/箱型组合限制。
  - 几何诊断提示：典型整层参考值 2 < 目标 192；该值不是不可达证明，继续执行指数救援。
  - 失败托盘互借诊断：未合并（no_target_or_single_plan）。
托盘类型 MH423C（销售订单号：PAID16305EC01S）处理完成：总托盘 1，指数达标 0，未达标 1，平均缺口 190.00，最大缺口 190.00，失败托盘互借修复成功 0。
  - KPI：near/mid/deep=0/0/1，救回率=0.00%，pair效率=0.00%。
  - 耗时拆解：packing=0.00s，main_topup=0.00s，retry=0.00s，failed_pool=0.00s，repack=0.00s，total=0.00s。
正在处理托盘类型：MH423C，销售订单号：LAID16306DN02S
  - 该分组不适合列式（多非满柱）→ 回退 beam + 配方优先。
  - 配方优先[fast]：规划 0 实例，实装成功 0，配方路径不可用 → 采用基线方案。
  - 指数诊断：箱子 36 个，总指数 44，目标 192，理论最多达标托盘 0 个，剩余指数 44。
  - 几何诊断：典型整层堆叠单盘参考上限 44/192。 当前目标可能受托盘高度/箱型组合限制。
  - 几何诊断提示：典型整层参考值 44 < 目标 192；该值不是不可达证明，继续执行指数救援。
  - 失败托盘互借诊断：未合并（no_target_or_single_plan）。
托盘类型 MH423C（销售订单号：LAID16306DN02S）处理完成：总托盘 1，指数达标 0，未达标 1，平均缺口 148.00，最大缺口 148.00，失败托盘互借修复成功 0。
  - KPI：near/mid/deep=0/0/1，救回率=0.00%，pair效率=0.00%。
  - 耗时拆解：packing=0.93s，main_topup=0.00s，retry=0.00s，failed_pool=0.00s，repack=0.00s，total=0.93s。
正在处理托盘类型：MH423C，销售订单号：LFEG16316AN01S
  - 主算法：全局列式装箱 + 柱级组合优化（GCP）。
  - 失败托盘互借诊断：未合并（no_target_or_single_plan）。
托盘类型 MH423C（销售订单号：LFEG16316AN01S）处理完成：总托盘 1，指数达标 0，未达标 1，平均缺口 178.00，最大缺口 178.00，失败托盘互借修复成功 0。
  - KPI：near/mid/deep=0/0/1，救回率=0.00%，pair效率=0.00%。
  - 耗时拆解：packing=0.01s，main_topup=0.00s，retry=0.00s，failed_pool=0.00s，repack=0.00s，total=0.01s。
正在处理托盘类型：MH423C，销售订单号：PAIN26310GN01S
  - 主算法：全局列式装箱 + 柱级组合优化（GCP）。
  - GCP 盘数远超理论（CP-SAT 装不满）→ 回退 baseline beam + 配方优先。
  - 配方优先[fast]：规划 0 实例，实装成功 0，配方路径不可用 → 采用基线方案。
  - 指数诊断：箱子 4 个，总指数 16，目标 192，理论最多达标托盘 0 个，剩余指数 16。
  - 几何诊断：典型整层堆叠单盘参考上限 16/192。 当前目标可能受托盘高度/箱型组合限制。
  - 几何诊断提示：典型整层参考值 16 < 目标 192；该值不是不可达证明，继续执行指数救援。
  - 失败托盘互借诊断：未合并（no_target_or_single_plan）。
托盘类型 MH423C（销售订单号：PAIN26310GN01S）处理完成：总托盘 1，指数达标 0，未达标 1，平均缺口 176.00，最大缺口 176.00，失败托盘互借修复成功 0。
  - KPI：near/mid/deep=0/0/1，救回率=0.00%，pair效率=0.00%。
  - 耗时拆解：packing=0.00s，main_topup=0.00s，retry=0.00s，failed_pool=0.00s，repack=0.00s，total=0.03s。
正在处理托盘类型：MH423C，销售订单号：PAIN26290MZ07S
  - 主算法：全局列式装箱 + 柱级组合优化（GCP）。
  - 失败托盘互借诊断：未合并（no_target_or_single_plan）。
托盘类型 MH423C（销售订单号：PAIN26290MZ07S）处理完成：总托盘 1，指数达标 0，未达标 1，平均缺口 22.00，最大缺口 22.00，失败托盘互借修复成功 0。
  - KPI：near/mid/deep=0/1/0，救回率=0.00%，pair效率=0.00%。
  - 耗时拆解：packing=3.29s，main_topup=0.00s，retry=0.00s，failed_pool=0.00s，repack=0.00s，total=3.29s。
正在处理托盘类型：MH423C，销售订单号：PAID16295EN06S
  - 该分组不适合列式（多非满柱）→ 回退 beam + 配方优先。
  - 配方优先[fast]：规划 0 实例，实装成功 0，配方路径不可用 → 采用基线方案。
  - 指数诊断：箱子 1 个，总指数 1，目标 192，理论最多达标托盘 0 个，剩余指数 1。
  - 几何诊断：典型整层堆叠单盘参考上限 1/192。 当前目标可能受托盘高度/箱型组合限制。
  - 几何诊断提示：典型整层参考值 1 < 目标 192；该值不是不可达证明，继续执行指数救援。
  - 失败托盘互借诊断：未合并（no_target_or_single_plan）。
托盘类型 MH423C（销售订单号：PAID16295EN06S）处理完成：总托盘 1，指数达标 0，未达标 1，平均缺口 191.00，最大缺口 191.00，失败托盘互借修复成功 0。
  - KPI：near/mid/deep=0/0/1，救回率=0.00%，pair效率=0.00%。
  - 耗时拆解：packing=0.00s，main_topup=0.00s，retry=0.00s，failed_pool=0.00s，repack=0.00s，total=0.00s。
正在处理托盘类型：MH423C，销售订单号：PAIN26296EN01S
  - 主算法：全局列式装箱 + 柱级组合优化（GCP）。
  - 失败托盘互借诊断：未合并（no_target_or_single_plan）。
托盘类型 MH423C（销售订单号：PAIN26296EN01S）处理完成：总托盘 1，指数达标 0，未达标 1，平均缺口 31.00，最大缺口 31.00，失败托盘互借修复成功 0。
  - KPI：near/mid/deep=0/0/1，救回率=0.00%，pair效率=0.00%。
  - 耗时拆解：packing=0.47s，main_topup=0.00s，retry=0.00s，failed_pool=0.00s，repack=0.00s，total=0.47s。
正在处理托盘类型：MH423C，销售订单号：LFEG16316AN02S
  - 该分组不适合列式（多非满柱）→ 回退 beam + 配方优先。
  - 配方优先[fast]：规划 0 实例，实装成功 0，配方路径不可用 → 采用基线方案。
  - 指数诊断：箱子 3 个，总指数 6，目标 192，理论最多达标托盘 0 个，剩余指数 6。
  - 几何诊断：典型整层堆叠单盘参考上限 6/192。 当前目标可能受托盘高度/箱型组合限制。
  - 几何诊断提示：典型整层参考值 6 < 目标 192；该值不是不可达证明，继续执行指数救援。
  - 失败托盘互借诊断：未合并（no_target_or_single_plan）。
托盘类型 MH423C（销售订单号：LFEG16316AN02S）处理完成：总托盘 1，指数达标 0，未达标 1，平均缺口 186.00，最大缺口 186.00，失败托盘互借修复成功 0。
  - KPI：near/mid/deep=0/0/1，救回率=0.00%，pair效率=0.00%。
  - 耗时拆解：packing=0.00s，main_topup=0.00s，retry=0.00s，failed_pool=0.00s，repack=0.00s，total=0.01s。
正在处理托盘类型：MH423C，销售订单号：PAIN26310MN01S
  - 该分组不适合列式（多非满柱）→ 回退 beam + 配方优先。
  - 配方优先[fast]：规划 0 实例，实装成功 0，配方路径不可用 → 采用基线方案。
  - 指数诊断：箱子 7 个，总指数 76，目标 192，理论最多达标托盘 0 个，剩余指数 76。
  - 几何诊断：典型整层堆叠单盘参考上限 60/192。 当前目标可能受托盘高度/箱型组合限制。
  - 几何诊断提示：典型整层参考值 60 < 目标 192；该值不是不可达证明，继续执行指数救援。
  - 失败托盘互借诊断：未合并（no_target_or_single_plan）。
托盘类型 MH423C（销售订单号：PAIN26310MN01S）处理完成：总托盘 1，指数达标 0，未达标 1，平均缺口 116.00，最大缺口 116.00，失败托盘互借修复成功 0。
  - KPI：near/mid/deep=0/0/1，救回率=0.00%，pair效率=0.00%。
  - 耗时拆解：packing=0.00s，main_topup=0.00s，retry=0.00s，failed_pool=0.00s，repack=0.00s，total=0.00s。
正在处理托盘类型：MH423C，销售订单号：LAID16315EN01S
  - 该分组不适合列式（多非满柱）→ 回退 beam + 配方优先。
  - 配方优先[fast]：规划 0 实例，实装成功 0，配方路径不可用 → 采用基线方案。
  - 指数诊断：箱子 4 个，总指数 20，目标 192，理论最多达标托盘 0 个，剩余指数 20。
  - 几何诊断：典型整层堆叠单盘参考上限 20/192。 当前目标可能受托盘高度/箱型组合限制。
  - 几何诊断提示：典型整层参考值 20 < 目标 192；该值不是不可达证明，继续执行指数救援。
  - 失败托盘互借诊断：未合并（no_target_or_single_plan）。
托盘类型 MH423C（销售订单号：LAID16315EN01S）处理完成：总托盘 1，指数达标 0，未达标 1，平均缺口 172.00，最大缺口 172.00，失败托盘互借修复成功 0。
  - KPI：near/mid/deep=0/0/1，救回率=0.00%，pair效率=0.00%。
  - 耗时拆解：packing=0.01s，main_topup=0.00s，retry=0.00s，failed_pool=0.00s，repack=0.00s，total=0.01s。
正在处理托盘类型：MH423C，销售订单号：PAIN26316EN01S
  - 主算法：全局列式装箱 + 柱级组合优化（GCP）。
  - 失败托盘互借诊断：未合并（no_target_or_single_plan）。
托盘类型 MH423C（销售订单号：PAIN26316EN01S）处理完成：总托盘 1，指数达标 0，未达标 1，平均缺口 140.00，最大缺口 140.00，失败托盘互借修复成功 0。
  - KPI：near/mid/deep=0/0/1，救回率=0.00%，pair效率=0.00%。
  - 耗时拆解：packing=0.04s，main_topup=0.00s，retry=0.00s，failed_pool=0.00s，repack=0.00s，total=0.04s。
正在处理托盘类型：MH423C，销售订单号：LAID16315EN02S
  - 主算法：全局列式装箱 + 柱级组合优化（GCP）。
  - 失败托盘互借诊断：未合并（no_target_or_single_plan）。
托盘类型 MH423C（销售订单号：LAID16315EN02S）处理完成：总托盘 1，指数达标 0，未达标 1，平均缺口 148.00，最大缺口 148.00，失败托盘互借修复成功 0。
  - KPI：near/mid/deep=0/0/1，救回率=0.00%，pair效率=0.00%。
  - 耗时拆解：packing=0.01s，main_topup=0.00s，retry=0.00s，failed_pool=0.00s，repack=0.00s，total=0.01s。
正在处理托盘类型：MH423C，销售订单号：PAIN26296EC02S
  - 主算法：全局列式装箱 + 柱级组合优化（GCP）。
  - 失败托盘互借诊断：未合并（no_target_or_single_plan）。
托盘类型 MH423C（销售订单号：PAIN26296EC02S）处理完成：总托盘 1，指数达标 0，未达标 1，平均缺口 130.00，最大缺口 130.00，失败托盘互借修复成功 0。
  - KPI：near/mid/deep=0/0/1，救回率=0.00%，pair效率=0.00%。
  - 耗时拆解：packing=0.19s，main_topup=0.00s，retry=0.00s，failed_pool=0.00s，repack=0.00s，total=0.19s。
正在处理托盘类型：MH423C，销售订单号：PAIN26310MZ05S
  - 主算法：全局列式装箱 + 柱级组合优化（GCP）。
  - 失败托盘互借诊断：未合并（no_target_or_single_plan）。
托盘类型 MH423C（销售订单号：PAIN26310MZ05S）处理完成：总托盘 1，指数达标 0，未达标 1，平均缺口 86.00，最大缺口 86.00，失败托盘互借修复成功 0。
  - KPI：near/mid/deep=0/0/1，救回率=0.00%，pair效率=0.00%。
  - 耗时拆解：packing=1.78s，main_topup=0.00s，retry=0.00s，failed_pool=0.00s，repack=0.00s，total=1.78s。
正在处理托盘类型：MH423C，销售订单号：PEG086300LN01S
  - 主算法：全局列式装箱 + 柱级组合优化（GCP）。
  - 失败托盘互借诊断：未合并（no_target_or_single_plan）。
托盘类型 MH423C（销售订单号：PEG086300LN01S）处理完成：总托盘 1，指数达标 0，未达标 1，平均缺口 124.00，最大缺口 124.00，失败托盘互借修复成功 0。
  - KPI：near/mid/deep=0/0/1，救回率=0.00%，pair效率=0.00%。
  - 耗时拆解：packing=0.09s，main_topup=0.00s，retry=0.00s，failed_pool=0.00s，repack=0.00s，total=0.09s。
正在处理托盘类型：MH423C，销售订单号：LAID16315EN03S
  - 该分组不适合列式（多非满柱）→ 回退 beam + 配方优先。
  - 配方优先[fast]：规划 0 实例，实装成功 0，配方路径不可用 → 采用基线方案。
  - 指数诊断：箱子 5 个，总指数 40，目标 192，理论最多达标托盘 0 个，剩余指数 40。
  - 几何诊断：典型整层堆叠单盘参考上限 40/192。 当前目标可能受托盘高度/箱型组合限制。
  - 几何诊断提示：典型整层参考值 40 < 目标 192；该值不是不可达证明，继续执行指数救援。
  - 失败托盘互借诊断：未合并（no_target_or_single_plan）。
托盘类型 MH423C（销售订单号：LAID16315EN03S）处理完成：总托盘 1，指数达标 0，未达标 1，平均缺口 152.00，最大缺口 152.00，失败托盘互借修复成功 0。
  - KPI：near/mid/deep=0/0/1，救回率=0.00%，pair效率=0.00%。
  - 耗时拆解：packing=0.01s，main_topup=0.00s，retry=0.00s，failed_pool=0.00s，repack=0.00s，total=0.01s。
正在处理托盘类型：MH423C，销售订单号：LAID16316DN03S
  - 主算法：全局列式装箱 + 柱级组合优化（GCP）。
  - 失败托盘互借诊断：未合并（no_target_or_single_plan）。
托盘类型 MH423C（销售订单号：LAID16316DN03S）处理完成：总托盘 1，指数达标 0，未达标 1，平均缺口 144.00，最大缺口 144.00，失败托盘互借修复成功 0。
  - KPI：near/mid/deep=0/0/1，救回率=0.00%，pair效率=0.00%。
  - 耗时拆解：packing=0.04s，main_topup=0.00s，retry=0.00s，failed_pool=0.00s，repack=0.00s，total=0.04s。
正在处理托盘类型：MH423C，销售订单号：LAID16316DN01S
  - 主算法：全局列式装箱 + 柱级组合优化（GCP）。
  - 失败托盘互借诊断：未合并（no_target_or_single_plan）。
托盘类型 MH423C（销售订单号：LAID16316DN01S）处理完成：总托盘 1，指数达标 0，未达标 1，平均缺口 120.00，最大缺口 120.00，失败托盘互借修复成功 0。
  - KPI：near/mid/deep=0/0/1，救回率=0.00%，pair效率=0.00%。
  - 耗时拆解：packing=0.11s，main_topup=0.00s，retry=0.00s，failed_pool=0.00s，repack=0.00s，total=0.11s。
正在处理托盘类型：MH423C，销售订单号：LAID16316DN02S
  - 主算法：全局列式装箱 + 柱级组合优化（GCP）。
  - 失败托盘互借诊断：未合并（no_target_or_single_plan）。
托盘类型 MH423C（销售订单号：LAID16316DN02S）处理完成：总托盘 1，指数达标 0，未达标 1，平均缺口 168.00，最大缺口 168.00，失败托盘互借修复成功 0。
  - KPI：near/mid/deep=0/0/1，救回率=0.00%，pair效率=0.00%。
  - 耗时拆解：packing=0.01s，main_topup=0.00s，retry=0.00s，failed_pool=0.00s，repack=0.00s，total=0.01s。
  - 失败盘装满压实：合并/吸收 1 次（纯减盘数）。
  - 跨子组装满压实（MH423C / PAID16290FN01S）：合并 1 次（纯减盘数）。
  - 失败盘装满压实：合并/吸收 1 次（纯减盘数）。
  - 跨子组装满压实（MH423C / PAID16296DN01S）：合并 1 次（纯减盘数）。
  - 失败盘装满压实：合并/吸收 1 次（纯减盘数）。
  - 跨子组装满压实（MH423C / PAID16306DN01S）：合并 1 次（纯减盘数）。
  - 失败盘装满压实：合并/吸收 1 次（纯减盘数）。
  - 跨子组装满压实（MH423C / LAMY16305FN01S）：合并 1 次（纯减盘数）。
  - 失败盘装满压实：合并/吸收 1 次（纯减盘数）。
  - 跨子组装满压实（MH423C / LFEG16300IN02S）：合并 1 次（纯减盘数）。
  - 失败盘装满压实：合并/吸收 1 次（纯减盘数）。
  - 跨子组装满压实（MH423C / LFEG16300IN03S）：合并 1 次（纯减盘数）。
  - 失败盘装满压实：合并/吸收 1 次（纯减盘数）。
  - 跨子组装满压实（MH423C / LAID16305BN03S）：合并 1 次（纯减盘数）。
========================================
统计汇总：总托盘 74，指数达标 0，未达标 74，未知 0，平均缺口 144.85，最大缺口 191.50，失败托盘互借修复成功 0
KPI汇总：near/mid/deep=0/2/72，pair尝试=0，pair改进=0，pair效率=0.00%
耗时汇总：packing=23.79s，main_topup=0.05s，retry=0.00s，repack=9.03s，end_to_end=51.55s
========================================
[WCS-装] SUCCESS 产品码 0 个，DB 更新达标 0 行；FAILED 盘 74 个保持未达标。
[WCS-装] 本轮结束；等待下一次「新插入」再开算。
[WCS-装] 本轮无达标托盘，跳过 success 目录写入。
[WCS-装] 未达标方案已保存：D:\research_code\final\zhuang\packing-workspace\output\fail\packing_plan_20260724_111418.json
[WCS-装] 无达标托盘，跳过 wcs_plan / wcs_plan_map 写入。
[WCS-装] 已跳过接口 2 推送（仅本地保存）。
[UI-RESULT] D:\research_code\final\zhuang\packing-workspace\output\fail\packing_plan_20260724_111418.json
[WCS-装] 等待数据库新插入（有新 product_code 才开算）…
============================================================
[WCS-拉] 20260724_111734：拉取接口 1 …
[WCS-拉] 原始响应已保存：D:\research_code\final\zhuang\packing-workspace\input\raw\20260724_111734.json
[WCS-拉] 已剔除 case_type≠MH423C 的品类 113 条（类型：['MH113', 'WR246']），保留 1471 条。
[WCS-DB] product_code 已存在、跳过 1471 条
[WCS-拉] 落库完成：候选 1471 条，新插入 0 条（新行 up_to_standard=0）。
[WCS-拉] 无新插入 → 不触发装箱。
============================================================
[WCS-拉] 20260724_112055：拉取接口 1 …
[WCS-拉] 原始响应已保存：D:\research_code\final\zhuang\packing-workspace\input\raw\20260724_112055.json
[WCS-拉] 已剔除 case_type≠MH423C 的品类 111 条（类型：['MH113', 'WR246']），保留 1448 条。
[WCS-DB] product_code 已存在、跳过 1448 条
[WCS-拉] 落库完成：候选 1448 条，新插入 0 条（新行 up_to_standard=0）。
[WCS-拉] 无新插入 → 不触发装箱。
============================================================
[WCS-拉] 20260724_112415：拉取接口 1 …
[WCS-拉] 原始响应已保存：D:\research_code\final\zhuang\packing-workspace\input\raw\20260724_112415.json
[WCS-拉] 已剔除 case_type≠MH423C 的品类 113 条（类型：['MH113', 'WR246']），保留 1448 条。
[WCS-DB] product_code 已存在、跳过 1448 条
[WCS-拉] 落库完成：候选 1448 条，新插入 0 条（新行 up_to_standard=0）。
[WCS-拉] 无新插入 → 不触发装箱。
============================================================
[WCS-拉] 20260724_112736：拉取接口 1 …
[WCS-拉] 原始响应已保存：D:\research_code\final\zhuang\packing-workspace\input\raw\20260724_112736.json
[WCS-拉] 已剔除 case_type≠MH423C 的品类 113 条（类型：['MH113', 'WR246']），保留 1448 条。
[WCS-DB] product_code 已存在、跳过 1448 条
[WCS-拉] 落库完成：候选 1448 条，新插入 0 条（新行 up_to_standard=0）。
[WCS-拉] 无新插入 → 不触发装箱。
============================================================
[WCS-拉] 20260724_113057：拉取接口 1 …
[WCS-拉] 原始响应已保存：D:\research_code\final\zhuang\packing-workspace\input\raw\20260724_113057.json
[WCS-拉] 已剔除 case_type≠MH423C 的品类 113 条（类型：['MH113', 'WR246']），保留 1448 条。
[WCS-DB] product_code 已存在、跳过 1448 条
[WCS-拉] 落库完成：候选 1448 条，新插入 0 条（新行 up_to_standard=0）。
[WCS-拉] 无新插入 → 不触发装箱。
============================================================
[WCS-拉] 20260724_113417：拉取接口 1 …
[WCS-拉] 原始响应已保存：D:\research_code\final\zhuang\packing-workspace\input\raw\20260724_113417.json
[WCS-拉] 已剔除 case_type≠MH423C 的品类 113 条（类型：['MH113', 'WR246']），保留 1443 条。
[WCS-DB] product_code 已存在、跳过 1443 条
[WCS-拉] 落库完成：候选 1443 条，新插入 0 条（新行 up_to_standard=0）。
[WCS-拉] 无新插入 → 不触发装箱。
============================================================
[WCS-拉] 20260724_113738：拉取接口 1 …
[WCS-拉] 原始响应已保存：D:\research_code\final\zhuang\packing-workspace\input\raw\20260724_113738.json
[WCS-拉] 已剔除 case_type≠MH423C 的品类 113 条（类型：['MH113', 'WR246']），保留 1443 条。
[WCS-DB] product_code 已存在、跳过 1443 条
[WCS-拉] 落库完成：候选 1443 条，新插入 0 条（新行 up_to_standard=0）。
[WCS-拉] 无新插入 → 不触发装箱。
============================================================
[WCS-拉] 20260724_114058：拉取接口 1 …
[WCS-拉] 原始响应已保存：D:\research_code\final\zhuang\packing-workspace\input\raw\20260724_114058.json
[WCS-拉] 已剔除 case_type≠MH423C 的品类 113 条（类型：['MH113', 'WR246']），保留 1448 条。
[WCS-DB] product_code 已存在、跳过 1443 条
[WCS-拉] 落库完成：候选 1448 条，新插入 5 条（新行 up_to_standard=0）。
[WCS-拉] 有新插入 → 唤醒装箱线程。
[WCS] 已加载 BMS 参考表：D:\research_code\final\zhuang\packing-workspace\data\selected_5000_boxes_9_1_concentrated_3orders.xlsx
============================================================
[WCS-装] 20260724_114102：未达标行 1476 条，开始装箱 …
[WCS-装] 展开为 1476 个箱子。
数据预处理和箱子分组完成（按托盘类型+销售订单号）。
----------------------------------------
  - 组内子聚类：10 个混合订单拆出规则子集走 GCP、杂箱走 baseline。
正在处理托盘类型：MH423C，销售订单号：PAID16280FN01S
  - 该分组不适合列式（多非满柱）→ 回退 beam + 配方优先。
  - 配方优先[fast]：规划 0 实例，实装成功 0，配方路径不可用 → 采用基线方案。
  - 指数诊断：箱子 1 个，总指数 4，目标 192，理论最多达标托盘 0 个，剩余指数 4。
  - 几何诊断：典型整层堆叠单盘参考上限 4/192。 当前目标可能受托盘高度/箱型组合限制。
  - 几何诊断提示：典型整层参考值 4 < 目标 192；该值不是不可达证明，继续执行指数救援。
  - 失败托盘互借诊断：未合并（no_target_or_single_plan）。
托盘类型 MH423C（销售订单号：PAID16280FN01S）处理完成：总托盘 1，指数达标 0，未达标 1，平均缺口 188.00，最大缺口 188.00，失败托盘互借修复成功 0。
  - KPI：near/mid/deep=0/0/1，救回率=0.00%，pair效率=0.00%。
  - 耗时拆解：packing=0.00s，main_topup=0.00s，retry=0.00s，failed_pool=0.00s，repack=0.00s，total=0.00s。
正在处理托盘类型：MH423C，销售订单号：LFEG16290IN01S
  - 该分组不适合列式（多非满柱）→ 回退 beam + 配方优先。
  - 托盘 MH423C-LFEG16290IN01S-1 未找到可行装箱方案，启用剩余箱子守恒兜底。
  - 配方优先[fast]：规划 0 实例，实装成功 0，配方路径不可用 → 采用基线方案。
  - 指数诊断：箱子 9 个，总指数 17，目标 192，理论最多达标托盘 0 个，剩余指数 17。
  - 几何诊断：典型整层堆叠单盘参考上限 12/192。 当前目标可能受托盘高度/箱型组合限制。
  - 几何诊断提示：典型整层参考值 12 < 目标 192；该值不是不可达证明，继续执行指数救援。
  - 失败盘装满压实：合并/吸收 3 次（纯减盘数）。
  - 失败托盘互借诊断：未合并（aborted_no_improvement_possible）。
托盘类型 MH423C（销售订单号：LFEG16290IN01S）处理完成：总托盘 1，指数达标 0，未达标 1，平均缺口 175.00，最大缺口 175.00，失败托盘互借修复成功 0。
  - KPI：near/mid/deep=0/0/1，救回率=0.00%，pair效率=0.00%。
  - 耗时拆解：packing=0.02s，main_topup=0.00s，retry=0.00s，failed_pool=0.00s，repack=0.16s，total=0.26s。
正在处理托盘类型：MH423C，销售订单号：LFEG16290IN02S
  - 该分组不适合列式（多非满柱）→ 回退 beam + 配方优先。
  - 配方优先[fast]：规划 0 实例，实装成功 0，配方路径不可用 → 采用基线方案。
  - 指数诊断：箱子 33 个，总指数 33.5，目标 192，理论最多达标托盘 0 个，剩余指数 33.5。
  - 几何诊断：典型整层堆叠单盘参考上限 28.5/192。 当前目标可能受托盘高度/箱型组合限制。
  - 几何诊断提示：典型整层参考值 28.5 < 目标 192；该值不是不可达证明，继续执行指数救援。
  - 失败托盘互借诊断：未合并（no_target_or_single_plan）。
托盘类型 MH423C（销售订单号：LFEG16290IN02S）处理完成：总托盘 1，指数达标 0，未达标 1，平均缺口 158.50，最大缺口 158.50，失败托盘互借修复成功 0。
  - KPI：near/mid/deep=0/0/1，救回率=0.00%，pair效率=0.00%。
  - 耗时拆解：packing=0.28s，main_topup=0.00s，retry=0.00s，failed_pool=0.00s，repack=0.00s，total=0.28s。
正在处理托盘类型：MH423C，销售订单号：LAID16306DN01S
  - 该分组不适合列式（多非满柱）→ 回退 beam + 配方优先。
  - 配方优先[fast]：规划 0 实例，实装成功 0，配方路径不可用 → 采用基线方案。
  - 指数诊断：箱子 50 个，总指数 88，目标 192，理论最多达标托盘 0 个，剩余指数 88。
  - 几何诊断：典型整层堆叠单盘参考上限 65/192。 当前目标可能受托盘高度/箱型组合限制。
  - 几何诊断提示：典型整层参考值 65 < 目标 192；该值不是不可达证明，继续执行指数救援。
  - 失败托盘互借诊断：未合并（aborted_no_improvement_possible）。
托盘类型 MH423C（销售订单号：LAID16306DN01S）处理完成：总托盘 2，指数达标 0，未达标 2，平均缺口 148.00，最大缺口 182.00，失败托盘互借修复成功 0。
  - KPI：near/mid/deep=0/0/2，救回率=0.00%，pair效率=0.00%。
  - 耗时拆解：packing=0.25s，main_topup=0.01s，retry=0.00s，failed_pool=0.00s，repack=0.56s，total=1.53s。
正在处理托盘类型：MH423C，销售订单号：LAID16296DN01S
  - 主算法：全局列式装箱 + 柱级组合优化（GCP）。
  - 失败托盘互借诊断：未合并（no_target_or_single_plan）。
托盘类型 MH423C（销售订单号：LAID16296DN01S）处理完成：总托盘 1，指数达标 0，未达标 1，平均缺口 151.50，最大缺口 151.50，失败托盘互借修复成功 0。
  - KPI：near/mid/deep=0/0/1，救回率=0.00%，pair效率=0.00%。
  - 耗时拆解：packing=0.10s，main_topup=0.00s，retry=0.00s，failed_pool=0.00s，repack=0.00s，total=0.10s。
正在处理托盘类型：MH423C，销售订单号：LAID16296DN01S__SPLITREST__
  - 该分组不适合列式（多非满柱）→ 回退 beam + 配方优先。
  - 配方优先[fast]：规划 0 实例，实装成功 0，配方路径不可用 → 采用基线方案。
  - 指数诊断：箱子 4 个，总指数 8，目标 192，理论最多达标托盘 0 个，剩余指数 8。
  - 几何诊断：典型整层堆叠单盘参考上限 8/192。 当前目标可能受托盘高度/箱型组合限制。
  - 几何诊断提示：典型整层参考值 8 < 目标 192；该值不是不可达证明，继续执行指数救援。
  - 失败托盘互借诊断：未合并（no_target_or_single_plan）。
托盘类型 MH423C（销售订单号：LAID16296DN01S__SPLITREST__）处理完成：总托盘 1，指数达标 0，未达标 1，平均缺口 184.00，最大缺口 184.00，失败托盘互借修复成功 0。
  - KPI：near/mid/deep=0/0/1，救回率=0.00%，pair效率=0.00%。
  - 耗时拆解：packing=0.00s，main_topup=0.00s，retry=0.00s，failed_pool=0.00s，repack=0.00s，total=0.02s。
正在处理托盘类型：MH423C，销售订单号：LAID16296DN02S
  - 主算法：全局列式装箱 + 柱级组合优化（GCP）。
  - GCP 盘数远超理论（CP-SAT 装不满）→ 回退 baseline beam + 配方优先。
  - 托盘 MH423C-LAID16296DN02S-2 未找到可行装箱方案，启用剩余箱子守恒兜底。
  - 配方优先[fast]：规划 0 实例，实装成功 0，配方路径不可用 → 采用基线方案。
  - 指数诊断：箱子 49 个，总指数 164.5，目标 192，理论最多达标托盘 0 个，剩余指数 164.5。
  - 几何诊断：典型整层堆叠单盘参考上限 97/192。 当前目标可能受托盘高度/箱型组合限制。
  - 几何诊断提示：典型整层参考值 97 < 目标 192；该值不是不可达证明，继续执行指数救援。
  - 失败托盘互借诊断：未合并（aborted_no_improvement_possible）。
托盘类型 MH423C（销售订单号：LAID16296DN02S）处理完成：总托盘 4，指数达标 0，未达标 4，平均缺口 150.88，最大缺口 191.00，失败托盘互借修复成功 0。
  - KPI：near/mid/deep=0/0/4，救回率=0.00%，pair效率=0.00%。
  - 耗时拆解：packing=0.33s，main_topup=0.01s，retry=0.00s，failed_pool=0.00s，repack=0.95s，total=2.84s。
正在处理托盘类型：MH423C，销售订单号：LAID16296DN03S
  - 主算法：全局列式装箱 + 柱级组合优化（GCP）。
  - 失败托盘互借诊断：未合并（no_target_or_single_plan）。
托盘类型 MH423C（销售订单号：LAID16296DN03S）处理完成：总托盘 1，指数达标 0，未达标 1，平均缺口 89.00，最大缺口 89.00，失败托盘互借修复成功 0。
  - KPI：near/mid/deep=0/0/1，救回率=0.00%，pair效率=0.00%。
  - 耗时拆解：packing=0.75s，main_topup=0.00s，retry=0.00s，failed_pool=0.00s，repack=0.00s，total=0.75s。
正在处理托盘类型：MH423C，销售订单号：LFEG16290IN03S
  - 该分组不适合列式（多非满柱）→ 回退 beam + 配方优先。
  - 配方优先[fast]：规划 0 实例，实装成功 0，配方路径不可用 → 采用基线方案。
  - 指数诊断：箱子 37 个，总指数 69，目标 192，理论最多达标托盘 0 个，剩余指数 69。
  - 几何诊断：典型整层堆叠单盘参考上限 51/192。 当前目标可能受托盘高度/箱型组合限制。
  - 几何诊断提示：典型整层参考值 51 < 目标 192；该值不是不可达证明，继续执行指数救援。
  - 失败托盘互借诊断：未合并（aborted_no_improvement_possible）。
托盘类型 MH423C（销售订单号：LFEG16290IN03S）处理完成：总托盘 2，指数达标 0，未达标 2，平均缺口 157.50，最大缺口 189.00，失败托盘互借修复成功 0。
  - KPI：near/mid/deep=0/0/2，救回率=0.00%，pair效率=0.00%。
  - 耗时拆解：packing=0.19s，main_topup=0.00s，retry=0.00s，failed_pool=0.00s，repack=0.33s，total=0.99s。
正在处理托盘类型：MH423C，销售订单号：LFEG16310IN02S
  - 该分组不适合列式（多非满柱）→ 回退 beam + 配方优先。
  - 配方优先[fast]：规划 0 实例，实装成功 0，配方路径不可用 → 采用基线方案。
  - 指数诊断：箱子 15 个，总指数 35，目标 192，理论最多达标托盘 0 个，剩余指数 35。
  - 几何诊断：典型整层堆叠单盘参考上限 29/192。 当前目标可能受托盘高度/箱型组合限制。
  - 几何诊断提示：典型整层参考值 29 < 目标 192；该值不是不可达证明，继续执行指数救援。
  - 失败托盘互借诊断：未合并（no_target_or_single_plan）。
托盘类型 MH423C（销售订单号：LFEG16310IN02S）处理完成：总托盘 1，指数达标 0，未达标 1，平均缺口 157.00，最大缺口 157.00，失败托盘互借修复成功 0。
  - KPI：near/mid/deep=0/0/1，救回率=0.00%，pair效率=0.00%。
  - 耗时拆解：packing=0.08s，main_topup=0.00s，retry=0.00s，failed_pool=0.00s，repack=0.00s，total=0.08s。
正在处理托盘类型：MH423C，销售订单号：LFEG16310IN01S
  - 该分组不适合列式（多非满柱）→ 回退 beam + 配方优先。
  - 配方优先[fast]：规划 0 实例，实装成功 0，配方路径不可用 → 采用基线方案。
  - 指数诊断：箱子 17 个，总指数 36，目标 192，理论最多达标托盘 0 个，剩余指数 36。
  - 几何诊断：典型整层堆叠单盘参考上限 30/192。 当前目标可能受托盘高度/箱型组合限制。
  - 几何诊断提示：典型整层参考值 30 < 目标 192；该值不是不可达证明，继续执行指数救援。
  - 失败托盘互借诊断：未合并（no_target_or_single_plan）。
托盘类型 MH423C（销售订单号：LFEG16310IN01S）处理完成：总托盘 1，指数达标 0，未达标 1，平均缺口 156.00，最大缺口 156.00，失败托盘互借修复成功 0。
  - KPI：near/mid/deep=0/0/1，救回率=0.00%，pair效率=0.00%。
  - 耗时拆解：packing=0.09s，main_topup=0.00s，retry=0.00s，failed_pool=0.00s，repack=0.00s，total=0.09s。
正在处理托盘类型：MH423C，销售订单号：PAID16290FN01S
  - 主算法：全局列式装箱 + 柱级组合优化（GCP）。
  - 失败托盘互借诊断：未合并（no_target_or_single_plan）。
托盘类型 MH423C（销售订单号：PAID16290FN01S）处理完成：总托盘 1，指数达标 0，未达标 1，平均缺口 161.00，最大缺口 161.00，失败托盘互借修复成功 0。
  - KPI：near/mid/deep=0/0/1，救回率=0.00%，pair效率=0.00%。
  - 耗时拆解：packing=0.03s，main_topup=0.00s，retry=0.00s，failed_pool=0.00s，repack=0.00s，total=0.03s。
正在处理托盘类型：MH423C，销售订单号：PAID16290FN01S__SPLITREST__
  - 该分组不适合列式（多非满柱）→ 回退 beam + 配方优先。
  - 配方优先[fast]：规划 0 实例，实装成功 0，配方路径不可用 → 采用基线方案。
  - 指数诊断：箱子 1 个，总指数 0.5，目标 192，理论最多达标托盘 0 个，剩余指数 0.5。
  - 几何诊断：典型整层堆叠单盘参考上限 0.5/192。 当前目标可能受托盘高度/箱型组合限制。
  - 几何诊断提示：典型整层参考值 0.5 < 目标 192；该值不是不可达证明，继续执行指数救援。
  - 失败托盘互借诊断：未合并（no_target_or_single_plan）。
托盘类型 MH423C（销售订单号：PAID16290FN01S__SPLITREST__）处理完成：总托盘 1，指数达标 0，未达标 1，平均缺口 191.50，最大缺口 191.50，失败托盘互借修复成功 0。
  - KPI：near/mid/deep=0/0/1，救回率=0.00%，pair效率=0.00%。
  - 耗时拆解：packing=0.00s，main_topup=0.00s，retry=0.00s，failed_pool=0.00s，repack=0.00s，total=0.00s。
正在处理托盘类型：MH423C，销售订单号：PAIN26290BC02S
  - 主算法：全局列式装箱 + 柱级组合优化（GCP）。
  - 失败托盘互借诊断：未合并（no_target_or_single_plan）。
托盘类型 MH423C（销售订单号：PAIN26290BC02S）处理完成：总托盘 1，指数达标 0，未达标 1，平均缺口 84.00，最大缺口 84.00，失败托盘互借修复成功 0。
  - KPI：near/mid/deep=0/0/1，救回率=0.00%，pair效率=0.00%。
  - 耗时拆解：packing=1.35s，main_topup=0.00s，retry=0.00s，failed_pool=0.00s，repack=0.00s，total=1.35s。
正在处理托盘类型：MH423C，销售订单号：PAIN26286EN01S
  - 该分组不适合列式（多非满柱）→ 回退 beam + 配方优先。
  - 配方优先[fast]：规划 0 实例，实装成功 0，配方路径不可用 → 采用基线方案。
  - 指数诊断：箱子 1 个，总指数 2，目标 192，理论最多达标托盘 0 个，剩余指数 2。
  - 几何诊断：典型整层堆叠单盘参考上限 2/192。 当前目标可能受托盘高度/箱型组合限制。
  - 几何诊断提示：典型整层参考值 2 < 目标 192；该值不是不可达证明，继续执行指数救援。
  - 失败托盘互借诊断：未合并（no_target_or_single_plan）。
托盘类型 MH423C（销售订单号：PAIN26286EN01S）处理完成：总托盘 1，指数达标 0，未达标 1，平均缺口 190.00，最大缺口 190.00，失败托盘互借修复成功 0。
  - KPI：near/mid/deep=0/0/1，救回率=0.00%，pair效率=0.00%。
  - 耗时拆解：packing=0.00s，main_topup=0.00s，retry=0.00s，failed_pool=0.00s，repack=0.00s，total=0.00s。
正在处理托盘类型：MH423C，销售订单号：LAID16296DN03S__CASEGROUP__1
  - 主算法：全局列式装箱 + 柱级组合优化（GCP）。
  - 失败托盘互借诊断：未合并（no_target_or_single_plan）。
托盘类型 MH423C（销售订单号：LAID16296DN03S__CASEGROUP__1）处理完成：总托盘 1，指数达标 0，未达标 1，平均缺口 90.00，最大缺口 90.00，失败托盘互借修复成功 0。
  - KPI：near/mid/deep=0/0/1，救回率=0.00%，pair效率=0.00%。
  - 耗时拆解：packing=0.38s，main_topup=0.00s，retry=0.00s，failed_pool=0.00s，repack=0.00s，total=0.38s。
正在处理托盘类型：MH423C，销售订单号：LAID16296DN03S__CASEGROUP__1__SPLITREST__
  - 该分组不适合列式（多非满柱）→ 回退 beam + 配方优先。
  - 配方优先[fast]：规划 0 实例，实装成功 0，配方路径不可用 → 采用基线方案。
  - 指数诊断：箱子 4 个，总指数 2，目标 192，理论最多达标托盘 0 个，剩余指数 2。
  - 几何诊断：典型整层堆叠单盘参考上限 2/192。 当前目标可能受托盘高度/箱型组合限制。
  - 几何诊断提示：典型整层参考值 2 < 目标 192；该值不是不可达证明，继续执行指数救援。
  - 失败托盘互借诊断：未合并（no_target_or_single_plan）。
托盘类型 MH423C（销售订单号：LAID16296DN03S__CASEGROUP__1__SPLITREST__）处理完成：总托盘 1，指数达标 0，未达标 1，平均缺口 190.00，最大缺口 190.00，失败托盘互借修复成功 0。
  - KPI：near/mid/deep=0/0/1，救回率=0.00%，pair效率=0.00%。
  - 耗时拆解：packing=0.00s，main_topup=0.00s，retry=0.00s，failed_pool=0.00s，repack=0.00s，total=0.02s。
正在处理托盘类型：MH423C，销售订单号：LAMY16315FN01S
  - 主算法：全局列式装箱 + 柱级组合优化（GCP）。
  - 失败托盘互借诊断：未合并（no_target_or_single_plan）。
托盘类型 MH423C（销售订单号：LAMY16315FN01S）处理完成：总托盘 1，指数达标 0，未达标 1，平均缺口 21.00，最大缺口 21.00，失败托盘互借修复成功 0。
  - KPI：near/mid/deep=0/1/0，救回率=0.00%，pair效率=0.00%。
  - 耗时拆解：packing=0.98s，main_topup=0.00s，retry=0.00s，failed_pool=0.00s，repack=0.00s，total=0.98s。
正在处理托盘类型：MH423C，销售订单号：LAMY16315FN01S__SPLITREST__
  - 该分组不适合列式（多非满柱）→ 回退 beam + 配方优先。
  - 配方优先[fast]：规划 0 实例，实装成功 0，配方路径不可用 → 采用基线方案。
  - 指数诊断：箱子 1 个，总指数 0.5，目标 192，理论最多达标托盘 0 个，剩余指数 0.5。
  - 几何诊断：典型整层堆叠单盘参考上限 0.5/192。 当前目标可能受托盘高度/箱型组合限制。
  - 几何诊断提示：典型整层参考值 0.5 < 目标 192；该值不是不可达证明，继续执行指数救援。
  - 失败托盘互借诊断：未合并（no_target_or_single_plan）。
托盘类型 MH423C（销售订单号：LAMY16315FN01S__SPLITREST__）处理完成：总托盘 1，指数达标 0，未达标 1，平均缺口 191.50，最大缺口 191.50，失败托盘互借修复成功 0。
  - KPI：near/mid/deep=0/0/1，救回率=0.00%，pair效率=0.00%。
  - 耗时拆解：packing=0.00s，main_topup=0.00s，retry=0.00s，failed_pool=0.00s，repack=0.00s，total=0.00s。
正在处理托盘类型：MH423C，销售订单号：LAID16305BN02S
  - 主算法：全局列式装箱 + 柱级组合优化（GCP）。
  - 失败托盘互借诊断：未合并（no_target_or_single_plan）。
托盘类型 MH423C（销售订单号：LAID16305BN02S）处理完成：总托盘 1，指数达标 0，未达标 1，平均缺口 128.50，最大缺口 128.50，失败托盘互借修复成功 0。
  - KPI：near/mid/deep=0/0/1，救回率=0.00%，pair效率=0.00%。
  - 耗时拆解：packing=0.47s，main_topup=0.00s，retry=0.00s，failed_pool=0.00s，repack=0.00s，total=0.47s。
正在处理托盘类型：MH423C，销售订单号：PAID16280FC02S
  - 主算法：全局列式装箱 + 柱级组合优化（GCP）。
  - GCP 盘数远超理论（CP-SAT 装不满）→ 回退 baseline beam + 配方优先。
  - 配方优先[fast]：规划 0 实例，实装成功 0，配方路径不可用 → 采用基线方案。
  - 指数诊断：箱子 4 个，总指数 16，目标 192，理论最多达标托盘 0 个，剩余指数 16。
  - 几何诊断：典型整层堆叠单盘参考上限 16/192。 当前目标可能受托盘高度/箱型组合限制。
  - 几何诊断提示：典型整层参考值 16 < 目标 192；该值不是不可达证明，继续执行指数救援。
  - 失败托盘互借诊断：未合并（no_target_or_single_plan）。
托盘类型 MH423C（销售订单号：PAID16280FC02S）处理完成：总托盘 1，指数达标 0，未达标 1，平均缺口 176.00，最大缺口 176.00，失败托盘互借修复成功 0。
  - KPI：near/mid/deep=0/0/1，救回率=0.00%，pair效率=0.00%。
  - 耗时拆解：packing=0.00s，main_topup=0.00s，retry=0.00s，failed_pool=0.00s，repack=0.00s，total=0.02s。
正在处理托盘类型：MH423C，销售订单号：PAID16290FC02S
  - 该分组不适合列式（多非满柱）→ 回退 beam + 配方优先。
  - 配方优先[fast]：规划 0 实例，实装成功 0，配方路径不可用 → 采用基线方案。
  - 指数诊断：箱子 6 个，总指数 14，目标 192，理论最多达标托盘 0 个，剩余指数 14。
  - 几何诊断：典型整层堆叠单盘参考上限 14/192。 当前目标可能受托盘高度/箱型组合限制。
  - 几何诊断提示：典型整层参考值 14 < 目标 192；该值不是不可达证明，继续执行指数救援。
  - 失败托盘互借诊断：未合并（no_target_or_single_plan）。
托盘类型 MH423C（销售订单号：PAID16290FC02S）处理完成：总托盘 1，指数达标 0，未达标 1，平均缺口 178.00，最大缺口 178.00，失败托盘互借修复成功 0。
  - KPI：near/mid/deep=0/0/1，救回率=0.00%，pair效率=0.00%。
  - 耗时拆解：packing=0.01s，main_topup=0.00s，retry=0.00s，failed_pool=0.00s，repack=0.00s，total=0.04s。
正在处理托盘类型：MH423C，销售订单号：PEG146296CN01S
  - 主算法：全局列式装箱 + 柱级组合优化（GCP）。
  - 失败托盘互借诊断：未合并（no_target_or_single_plan）。
托盘类型 MH423C（销售订单号：PEG146296CN01S）处理完成：总托盘 1，指数达标 0，未达标 1，平均缺口 68.00，最大缺口 68.00，失败托盘互借修复成功 0。
  - KPI：near/mid/deep=0/0/1，救回率=0.00%，pair效率=0.00%。
  - 耗时拆解：packing=0.31s，main_topup=0.00s，retry=0.00s，failed_pool=0.00s，repack=0.00s，total=0.31s。
正在处理托盘类型：MH423C，销售订单号：PAID16295BN01S
  - 主算法：全局列式装箱 + 柱级组合优化（GCP）。
  - 失败托盘互借诊断：未合并（aborted_no_improvement_possible）。
托盘类型 MH423C（销售订单号：PAID16295BN01S）处理完成：总托盘 2，指数达标 0，未达标 2，平均缺口 96.75，最大缺口 163.50，失败托盘互借修复成功 0。
  - KPI：near/mid/deep=0/0/2，救回率=0.00%，pair效率=0.00%。
  - 耗时拆解：packing=2.14s，main_topup=0.00s，retry=0.00s，failed_pool=0.00s，repack=1.53s，total=3.67s。
正在处理托盘类型：MH423C，销售订单号：PAID16296DN01S
  - 主算法：全局列式装箱 + 柱级组合优化（GCP）。
  - 失败托盘互借诊断：未合并（no_target_or_single_plan）。
托盘类型 MH423C（销售订单号：PAID16296DN01S）处理完成：总托盘 1，指数达标 0，未达标 1，平均缺口 132.50，最大缺口 132.50，失败托盘互借修复成功 0。
  - KPI：near/mid/deep=0/0/1，救回率=0.00%，pair效率=0.00%。
  - 耗时拆解：packing=1.29s，main_topup=0.00s，retry=0.00s，failed_pool=0.00s，repack=0.00s，total=1.29s。
正在处理托盘类型：MH423C，销售订单号：PAID16296DN01S__SPLITREST__
  - 该分组不适合列式（多非满柱）→ 回退 beam + 配方优先。
  - 配方优先[fast]：规划 0 实例，实装成功 0，配方路径不可用 → 采用基线方案。
  - 指数诊断：箱子 3 个，总指数 6，目标 192，理论最多达标托盘 0 个，剩余指数 6。
  - 几何诊断：典型整层堆叠单盘参考上限 6/192。 当前目标可能受托盘高度/箱型组合限制。
  - 几何诊断提示：典型整层参考值 6 < 目标 192；该值不是不可达证明，继续执行指数救援。
  - 失败托盘互借诊断：未合并（no_target_or_single_plan）。
托盘类型 MH423C（销售订单号：PAID16296DN01S__SPLITREST__）处理完成：总托盘 1，指数达标 0，未达标 1，平均缺口 186.00，最大缺口 186.00，失败托盘互借修复成功 0。
  - KPI：near/mid/deep=0/0/1，救回率=0.00%，pair效率=0.00%。
  - 耗时拆解：packing=0.00s，main_topup=0.00s，retry=0.00s，failed_pool=0.00s，repack=0.00s，total=0.01s。
正在处理托盘类型：MH423C，销售订单号：LAID16305EN01S
  - 该分组不适合列式（多非满柱）→ 回退 beam + 配方优先。
  - 配方优先[fast]：规划 0 实例，实装成功 0，配方路径不可用 → 采用基线方案。
  - 指数诊断：箱子 27 个，总指数 81.5，目标 192，理论最多达标托盘 0 个，剩余指数 81.5。
  - 几何诊断：典型整层堆叠单盘参考上限 63/192。 当前目标可能受托盘高度/箱型组合限制。
  - 几何诊断提示：典型整层参考值 63 < 目标 192；该值不是不可达证明，继续执行指数救援。
  - 失败托盘互借诊断：未合并（aborted_no_improvement_possible）。
托盘类型 MH423C（销售订单号：LAID16305EN01S）处理完成：总托盘 2，指数达标 0，未达标 2，平均缺口 151.25，最大缺口 162.00，失败托盘互借修复成功 0。
  - KPI：near/mid/deep=0/0/2，救回率=0.00%，pair效率=0.00%。
  - 耗时拆解：packing=0.26s，main_topup=0.00s，retry=0.00s，failed_pool=0.00s，repack=0.17s，total=0.43s。
正在处理托盘类型：MH423C，销售订单号：PAID16295EL05S
  - 该分组不适合列式（多非满柱）→ 回退 beam + 配方优先。
  - 配方优先[fast]：规划 0 实例，实装成功 0，配方路径不可用 → 采用基线方案。
  - 指数诊断：箱子 1 个，总指数 2，目标 192，理论最多达标托盘 0 个，剩余指数 2。
  - 几何诊断：典型整层堆叠单盘参考上限 2/192。 当前目标可能受托盘高度/箱型组合限制。
  - 几何诊断提示：典型整层参考值 2 < 目标 192；该值不是不可达证明，继续执行指数救援。
  - 失败托盘互借诊断：未合并（no_target_or_single_plan）。
托盘类型 MH423C（销售订单号：PAID16295EL05S）处理完成：总托盘 1，指数达标 0，未达标 1，平均缺口 190.00，最大缺口 190.00，失败托盘互借修复成功 0。
  - KPI：near/mid/deep=0/0/1，救回率=0.00%，pair效率=0.00%。
  - 耗时拆解：packing=0.00s，main_topup=0.00s，retry=0.00s，failed_pool=0.00s，repack=0.00s，total=0.00s。
正在处理托盘类型：MH423C，销售订单号：PAID16290FL03S
  - 该分组不适合列式（多非满柱）→ 回退 beam + 配方优先。
  - 配方优先[fast]：规划 0 实例，实装成功 0，配方路径不可用 → 采用基线方案。
  - 指数诊断：箱子 3 个，总指数 6，目标 192，理论最多达标托盘 0 个，剩余指数 6。
  - 几何诊断：典型整层堆叠单盘参考上限 6/192。 当前目标可能受托盘高度/箱型组合限制。
  - 几何诊断提示：典型整层参考值 6 < 目标 192；该值不是不可达证明，继续执行指数救援。
  - 失败托盘互借诊断：未合并（no_target_or_single_plan）。
托盘类型 MH423C（销售订单号：PAID16290FL03S）处理完成：总托盘 1，指数达标 0，未达标 1，平均缺口 186.00，最大缺口 186.00，失败托盘互借修复成功 0。
  - KPI：near/mid/deep=0/0/1，救回率=0.00%，pair效率=0.00%。
  - 耗时拆解：packing=0.00s，main_topup=0.00s，retry=0.00s，failed_pool=0.00s，repack=0.00s，total=0.01s。
正在处理托盘类型：MH423C，销售订单号：PAID16306DN01S
  - 主算法：全局列式装箱 + 柱级组合优化（GCP）。
  - 失败托盘互借诊断：未合并（no_target_or_single_plan）。
托盘类型 MH423C（销售订单号：PAID16306DN01S）处理完成：总托盘 1，指数达标 0，未达标 1，平均缺口 170.00，最大缺口 170.00，失败托盘互借修复成功 0。
  - KPI：near/mid/deep=0/0/1，救回率=0.00%，pair效率=0.00%。
  - 耗时拆解：packing=0.10s，main_topup=0.00s，retry=0.00s，failed_pool=0.00s，repack=0.00s，total=0.10s。
正在处理托盘类型：MH423C，销售订单号：PAID16306DN01S__SPLITREST__
  - 该分组不适合列式（多非满柱）→ 回退 beam + 配方优先。
  - 配方优先[fast]：规划 0 实例，实装成功 0，配方路径不可用 → 采用基线方案。
  - 指数诊断：箱子 2 个，总指数 1，目标 192，理论最多达标托盘 0 个，剩余指数 1。
  - 几何诊断：典型整层堆叠单盘参考上限 1/192。 当前目标可能受托盘高度/箱型组合限制。
  - 几何诊断提示：典型整层参考值 1 < 目标 192；该值不是不可达证明，继续执行指数救援。
  - 失败托盘互借诊断：未合并（no_target_or_single_plan）。
托盘类型 MH423C（销售订单号：PAID16306DN01S__SPLITREST__）处理完成：总托盘 1，指数达标 0，未达标 1，平均缺口 191.00，最大缺口 191.00，失败托盘互借修复成功 0。
  - KPI：near/mid/deep=0/0/1，救回率=0.00%，pair效率=0.00%。
  - 耗时拆解：packing=0.00s，main_topup=0.00s，retry=0.00s，failed_pool=0.00s，repack=0.00s，total=0.01s。
正在处理托盘类型：MH423C，销售订单号：LAMY16305FN01S
  - 主算法：全局列式装箱 + 柱级组合优化（GCP）。
  - 失败托盘互借诊断：未合并（aborted_no_improvement_possible）。
托盘类型 MH423C（销售订单号：LAMY16305FN01S）处理完成：总托盘 2，指数达标 0，未达标 2，平均缺口 131.25，最大缺口 190.00，失败托盘互借修复成功 0。
  - KPI：near/mid/deep=0/0/2，救回率=0.00%，pair效率=0.00%。
  - 耗时拆解：packing=1.38s，main_topup=0.00s，retry=0.00s，failed_pool=0.00s，repack=1.18s，total=2.56s。
正在处理托盘类型：MH423C，销售订单号：LAMY16305FN01S__SPLITREST__
  - 该分组不适合列式（多非满柱）→ 回退 beam + 配方优先。
  - 配方优先[fast]：规划 0 实例，实装成功 0，配方路径不可用 → 采用基线方案。
  - 指数诊断：箱子 1 个，总指数 6，目标 192，理论最多达标托盘 0 个，剩余指数 6。
  - 几何诊断：典型整层堆叠单盘参考上限 6/192。 当前目标可能受托盘高度/箱型组合限制。
  - 几何诊断提示：典型整层参考值 6 < 目标 192；该值不是不可达证明，继续执行指数救援。
  - 失败托盘互借诊断：未合并（no_target_or_single_plan）。
托盘类型 MH423C（销售订单号：LAMY16305FN01S__SPLITREST__）处理完成：总托盘 1，指数达标 0，未达标 1，平均缺口 186.00，最大缺口 186.00，失败托盘互借修复成功 0。
  - KPI：near/mid/deep=0/0/1，救回率=0.00%，pair效率=0.00%。
  - 耗时拆解：packing=0.00s，main_topup=0.00s，retry=0.00s，failed_pool=0.00s，repack=0.00s，total=0.00s。
正在处理托盘类型：MH423C，销售订单号：PAID16300FN01S
  - 该分组不适合列式（多非满柱）→ 回退 beam + 配方优先。
  - 配方优先[fast]：规划 0 实例，实装成功 0，配方路径不可用 → 采用基线方案。
  - 指数诊断：箱子 8 个，总指数 19，目标 192，理论最多达标托盘 0 个，剩余指数 19。
  - 几何诊断：典型整层堆叠单盘参考上限 19/192。 当前目标可能受托盘高度/箱型组合限制。
  - 几何诊断提示：典型整层参考值 19 < 目标 192；该值不是不可达证明，继续执行指数救援。
  - 失败托盘互借诊断：未合并（no_target_or_single_plan）。
托盘类型 MH423C（销售订单号：PAID16300FN01S）处理完成：总托盘 1，指数达标 0，未达标 1，平均缺口 173.00，最大缺口 173.00，失败托盘互借修复成功 0。
  - KPI：near/mid/deep=0/0/1，救回率=0.00%，pair效率=0.00%。
  - 耗时拆解：packing=0.01s，main_topup=0.00s，retry=0.00s，failed_pool=0.00s，repack=0.00s，total=0.05s。
正在处理托盘类型：MH423C，销售订单号：PAID16295BD02S
  - 主算法：全局列式装箱 + 柱级组合优化（GCP）。
  - 失败托盘互借诊断：未合并（no_target_or_single_plan）。
托盘类型 MH423C（销售订单号：PAID16295BD02S）处理完成：总托盘 1，指数达标 0，未达标 1，平均缺口 156.00，最大缺口 156.00，失败托盘互借修复成功 0。
  - KPI：near/mid/deep=0/0/1，救回率=0.00%，pair效率=0.00%。
  - 耗时拆解：packing=0.07s，main_topup=0.00s，retry=0.00s，failed_pool=0.00s，repack=0.00s，total=0.07s。
正在处理托盘类型：MH423C，销售订单号：LFEG16300IN02S
  - 主算法：全局列式装箱 + 柱级组合优化（GCP）。
  - GCP 盘数远超理论（CP-SAT 装不满）→ 回退 baseline beam + 配方优先。
  - 配方优先[fast]：规划 0 实例，实装成功 0，配方路径不可用 → 采用基线方案。
  - 指数诊断：箱子 85 个，总指数 144.5，目标 192，理论最多达标托盘 0 个，剩余指数 144.5。
  - 几何诊断：典型整层堆叠单盘参考上限 116/192。 当前目标可能受托盘高度/箱型组合限制。
  - 几何诊断提示：典型整层参考值 116 < 目标 192；该值不是不可达证明，继续执行指数救援。
  - 失败托盘互借诊断：未合并（aborted_no_improvement_possible）。
托盘类型 MH423C（销售订单号：LFEG16300IN02S）处理完成：总托盘 2，指数达标 0，未达标 2，平均缺口 119.75，最大缺口 186.50，失败托盘互借修复成功 0。
  - KPI：near/mid/deep=0/0/2，救回率=0.00%，pair效率=0.00%。
  - 耗时拆解：packing=1.33s，main_topup=0.03s，retry=0.00s，failed_pool=0.00s，repack=2.51s，total=11.06s。
正在处理托盘类型：MH423C，销售订单号：LFEG16300IN02S__SPLITREST__
  - 该分组不适合列式（多非满柱）→ 回退 beam + 配方优先。
  - 配方优先[fast]：规划 0 实例，实装成功 0，配方路径不可用 → 采用基线方案。
  - 指数诊断：箱子 2 个，总指数 4，目标 192，理论最多达标托盘 0 个，剩余指数 4。
  - 几何诊断：典型整层堆叠单盘参考上限 4/192。 当前目标可能受托盘高度/箱型组合限制。
  - 几何诊断提示：典型整层参考值 4 < 目标 192；该值不是不可达证明，继续执行指数救援。
  - 失败托盘互借诊断：未合并（no_target_or_single_plan）。
托盘类型 MH423C（销售订单号：LFEG16300IN02S__SPLITREST__）处理完成：总托盘 1，指数达标 0，未达标 1，平均缺口 188.00，最大缺口 188.00，失败托盘互借修复成功 0。
  - KPI：near/mid/deep=0/0/1，救回率=0.00%，pair效率=0.00%。
  - 耗时拆解：packing=0.00s，main_topup=0.00s，retry=0.00s，failed_pool=0.00s，repack=0.00s，total=0.00s。
正在处理托盘类型：MH423C，销售订单号：LAID16305BN01S
  - 主算法：全局列式装箱 + 柱级组合优化（GCP）。
  - 失败托盘互借诊断：未合并（aborted_no_improvement_possible）。
托盘类型 MH423C（销售订单号：LAID16305BN01S）处理完成：总托盘 2，指数达标 0，未达标 2，平均缺口 131.50，最大缺口 188.00，失败托盘互借修复成功 0。
  - KPI：near/mid/deep=0/0/2，救回率=0.00%，pair效率=0.00%。
  - 耗时拆解：packing=0.83s，main_topup=0.00s，retry=0.00s，failed_pool=0.00s，repack=0.67s，total=1.50s。
正在处理托盘类型：MH423C，销售订单号：LFEG16310IN03S
  - 主算法：全局列式装箱 + 柱级组合优化（GCP）。
  - 失败托盘互借诊断：未合并（no_target_or_single_plan）。
托盘类型 MH423C（销售订单号：LFEG16310IN03S）处理完成：总托盘 1，指数达标 0，未达标 1，平均缺口 159.00，最大缺口 159.00，失败托盘互借修复成功 0。
  - KPI：near/mid/deep=0/0/1，救回率=0.00%，pair效率=0.00%。
  - 耗时拆解：packing=0.04s，main_topup=0.00s，retry=0.00s，failed_pool=0.00s，repack=0.00s，total=0.04s。
正在处理托盘类型：MH423C，销售订单号：LFEG16300IN01S
  - 该分组不适合列式（多非满柱）→ 回退 beam + 配方优先。
  - 配方优先[fast]：规划 0 实例，实装成功 0，配方路径不可用 → 采用基线方案。
  - 指数诊断：箱子 18 个，总指数 29.5，目标 192，理论最多达标托盘 0 个，剩余指数 29.5。
  - 几何诊断：典型整层堆叠单盘参考上限 28.5/192。 当前目标可能受托盘高度/箱型组合限制。
  - 几何诊断提示：典型整层参考值 28.5 < 目标 192；该值不是不可达证明，继续执行指数救援。
  - 失败托盘互借诊断：未合并（no_target_or_single_plan）。
托盘类型 MH423C（销售订单号：LFEG16300IN01S）处理完成：总托盘 1，指数达标 0，未达标 1，平均缺口 162.50，最大缺口 162.50，失败托盘互借修复成功 0。
  - KPI：near/mid/deep=0/0/1，救回率=0.00%，pair效率=0.00%。
  - 耗时拆解：packing=0.10s，main_topup=0.00s，retry=0.00s，failed_pool=0.00s，repack=0.00s，total=0.10s。
正在处理托盘类型：MH423C，销售订单号：LFEG16300IN03S
  - 主算法：全局列式装箱 + 柱级组合优化（GCP）。
  - 失败托盘互借诊断：未合并（no_target_or_single_plan）。
托盘类型 MH423C（销售订单号：LFEG16300IN03S）处理完成：总托盘 1，指数达标 0，未达标 1，平均缺口 82.00，最大缺口 82.00，失败托盘互借修复成功 0。
  - KPI：near/mid/deep=0/0/1，救回率=0.00%，pair效率=0.00%。
  - 耗时拆解：packing=0.98s，main_topup=0.00s，retry=0.00s，failed_pool=0.00s，repack=0.00s，total=0.98s。
正在处理托盘类型：MH423C，销售订单号：LFEG16300IN03S__SPLITREST__
  - 该分组不适合列式（多非满柱）→ 回退 beam + 配方优先。
  - 配方优先[fast]：规划 0 实例，实装成功 0，配方路径不可用 → 采用基线方案。
  - 指数诊断：箱子 2 个，总指数 4，目标 192，理论最多达标托盘 0 个，剩余指数 4。
  - 几何诊断：典型整层堆叠单盘参考上限 4/192。 当前目标可能受托盘高度/箱型组合限制。
  - 几何诊断提示：典型整层参考值 4 < 目标 192；该值不是不可达证明，继续执行指数救援。
  - 失败托盘互借诊断：未合并（no_target_or_single_plan）。
托盘类型 MH423C（销售订单号：LFEG16300IN03S__SPLITREST__）处理完成：总托盘 1，指数达标 0，未达标 1，平均缺口 188.00，最大缺口 188.00，失败托盘互借修复成功 0。
  - KPI：near/mid/deep=0/0/1，救回率=0.00%，pair效率=0.00%。
  - 耗时拆解：packing=0.00s，main_topup=0.00s，retry=0.00s，failed_pool=0.00s，repack=0.00s，total=0.01s。
正在处理托盘类型：MH423C，销售订单号：LAID16305BN03S
  - 主算法：全局列式装箱 + 柱级组合优化（GCP）。
  - 失败托盘互借诊断：未合并（no_target_or_single_plan）。
托盘类型 MH423C（销售订单号：LAID16305BN03S）处理完成：总托盘 1，指数达标 0，未达标 1，平均缺口 116.00，最大缺口 116.00，失败托盘互借修复成功 0。
  - KPI：near/mid/deep=0/0/1，救回率=0.00%，pair效率=0.00%。
  - 耗时拆解：packing=0.35s，main_topup=0.00s，retry=0.00s，failed_pool=0.00s，repack=0.00s，total=0.35s。
正在处理托盘类型：MH423C，销售订单号：LAID16305BN03S__SPLITREST__
  - 该分组不适合列式（多非满柱）→ 回退 beam + 配方优先。
  - 托盘 MH423C-LAID16305BN03S__SPLITREST__-1 未找到可行装箱方案，启用剩余箱子守恒兜底。
  - 配方优先[fast]：规划 0 实例，实装成功 0，配方路径不可用 → 采用基线方案。
  - 指数诊断：箱子 5 个，总指数 2.5，目标 192，理论最多达标托盘 0 个，剩余指数 2.5。
  - 几何诊断：典型整层堆叠单盘参考上限 2.5/192。 当前目标可能受托盘高度/箱型组合限制。
  - 几何诊断提示：典型整层参考值 2.5 < 目标 192；该值不是不可达证明，继续执行指数救援。
  - 失败托盘互借诊断：未合并（aborted_no_improvement_possible）。
托盘类型 MH423C（销售订单号：LAID16305BN03S__SPLITREST__）处理完成：总托盘 2，指数达标 0，未达标 2，平均缺口 190.75，最大缺口 191.50，失败托盘互借修复成功 0。
  - KPI：near/mid/deep=0/0/2，救回率=0.00%，pair效率=0.00%。
  - 耗时拆解：packing=0.01s，main_topup=0.00s，retry=0.00s，failed_pool=0.00s，repack=0.04s，total=0.07s。
正在处理托盘类型：MH423C，销售订单号：PEG166300LN01S
  - 主算法：全局列式装箱 + 柱级组合优化（GCP）。
  - 失败托盘互借诊断：未合并（no_target_or_single_plan）。
托盘类型 MH423C（销售订单号：PEG166300LN01S）处理完成：总托盘 1，指数达标 0，未达标 1，平均缺口 64.00，最大缺口 64.00，失败托盘互借修复成功 0。
  - KPI：near/mid/deep=0/0/1，救回率=0.00%，pair效率=0.00%。
  - 耗时拆解：packing=0.32s，main_topup=0.00s，retry=0.00s，failed_pool=0.00s，repack=0.00s，total=0.32s。
正在处理托盘类型：MH423C，销售订单号：PAID163008N01S
  - 该分组不适合列式（多非满柱）→ 回退 beam + 配方优先。
  - 配方优先[fast]：规划 0 实例，实装成功 0，配方路径不可用 → 采用基线方案。
  - 指数诊断：箱子 1 个，总指数 1，目标 192，理论最多达标托盘 0 个，剩余指数 1。
  - 几何诊断：典型整层堆叠单盘参考上限 1/192。 当前目标可能受托盘高度/箱型组合限制。
  - 几何诊断提示：典型整层参考值 1 < 目标 192；该值不是不可达证明，继续执行指数救援。
  - 失败托盘互借诊断：未合并（no_target_or_single_plan）。
托盘类型 MH423C（销售订单号：PAID163008N01S）处理完成：总托盘 1，指数达标 0，未达标 1，平均缺口 191.00，最大缺口 191.00，失败托盘互借修复成功 0。
  - KPI：near/mid/deep=0/0/1，救回率=0.00%，pair效率=0.00%。
  - 耗时拆解：packing=0.00s，main_topup=0.00s，retry=0.00s，failed_pool=0.00s，repack=0.00s，total=0.00s。
正在处理托盘类型：MH423C，销售订单号：PAIN26290BN01S
  - 该分组不适合列式（多非满柱）→ 回退 beam + 配方优先。
  - 托盘 MH423C-PAIN26290BN01S-1 未找到可行装箱方案，启用剩余箱子守恒兜底。
  - 配方优先[fast]：规划 0 实例，实装成功 0，配方路径不可用 → 采用基线方案。
  - 指数诊断：箱子 5 个，总指数 2.5，目标 192，理论最多达标托盘 0 个，剩余指数 2.5。
  - 几何诊断：典型整层堆叠单盘参考上限 2.5/192。 当前目标可能受托盘高度/箱型组合限制。
  - 几何诊断提示：典型整层参考值 2.5 < 目标 192；该值不是不可达证明，继续执行指数救援。
  - 失败盘装满压实：合并/吸收 1 次（纯减盘数）。
  - 失败托盘互借诊断：未合并（aborted_no_improvement_possible）。
托盘类型 MH423C（销售订单号：PAIN26290BN01S）处理完成：总托盘 1，指数达标 0，未达标 1，平均缺口 189.50，最大缺口 189.50，失败托盘互借修复成功 0。
  - KPI：near/mid/deep=0/0/1，救回率=0.00%，pair效率=0.00%。
  - 耗时拆解：packing=0.01s，main_topup=0.00s，retry=0.00s，failed_pool=0.00s，repack=0.03s，total=0.07s。
正在处理托盘类型：MH423C，销售订单号：PAID162308N01S
  - 该分组不适合列式（多非满柱）→ 回退 beam + 配方优先。
  - 配方优先[fast]：规划 0 实例，实装成功 0，配方路径不可用 → 采用基线方案。
  - 指数诊断：箱子 1 个，总指数 2，目标 192，理论最多达标托盘 0 个，剩余指数 2。
  - 几何诊断：典型整层堆叠单盘参考上限 2/192。 当前目标可能受托盘高度/箱型组合限制。
  - 几何诊断提示：典型整层参考值 2 < 目标 192；该值不是不可达证明，继续执行指数救援。
  - 失败托盘互借诊断：未合并（no_target_or_single_plan）。
托盘类型 MH423C（销售订单号：PAID162308N01S）处理完成：总托盘 1，指数达标 0，未达标 1，平均缺口 190.00，最大缺口 190.00，失败托盘互借修复成功 0。
  - KPI：near/mid/deep=0/0/1，救回率=0.00%，pair效率=0.00%。
  - 耗时拆解：packing=0.00s，main_topup=0.00s，retry=0.00s，failed_pool=0.00s，repack=0.00s，total=0.00s。
正在处理托盘类型：MH423C，销售订单号：PEG106290LN01S
  - 主算法：全局列式装箱 + 柱级组合优化（GCP）。
  - 失败托盘互借诊断：未合并（no_target_or_single_plan）。
托盘类型 MH423C（销售订单号：PEG106290LN01S）处理完成：总托盘 1，指数达标 0，未达标 1，平均缺口 179.00，最大缺口 179.00，失败托盘互借修复成功 0。
  - KPI：near/mid/deep=0/0/1，救回率=0.00%，pair效率=0.00%。
  - 耗时拆解：packing=0.04s，main_topup=0.00s，retry=0.00s，failed_pool=0.00s，repack=0.00s，total=0.04s。
正在处理托盘类型：MH423C，销售订单号：LAID16306DN03S
  - 该分组不适合列式（多非满柱）→ 回退 beam + 配方优先。
  - 配方优先[fast]：规划 0 实例，实装成功 0，配方路径不可用 → 采用基线方案。
  - 指数诊断：箱子 9 个，总指数 9，目标 192，理论最多达标托盘 0 个，剩余指数 9。
  - 几何诊断：典型整层堆叠单盘参考上限 9/192。 当前目标可能受托盘高度/箱型组合限制。
  - 几何诊断提示：典型整层参考值 9 < 目标 192；该值不是不可达证明，继续执行指数救援。
  - 失败托盘互借诊断：未合并（no_target_or_single_plan）。
托盘类型 MH423C（销售订单号：LAID16306DN03S）处理完成：总托盘 1，指数达标 0，未达标 1，平均缺口 183.00，最大缺口 183.00，失败托盘互借修复成功 0。
  - KPI：near/mid/deep=0/0/1，救回率=0.00%，pair效率=0.00%。
  - 耗时拆解：packing=0.02s，main_topup=0.00s，retry=0.00s，failed_pool=0.00s，repack=0.00s，total=0.06s。
正在处理托盘类型：MH423C，销售订单号：PAID16305EC01S
  - 该分组不适合列式（多非满柱）→ 回退 beam + 配方优先。
  - 配方优先[fast]：规划 0 实例，实装成功 0，配方路径不可用 → 采用基线方案。
  - 指数诊断：箱子 2 个，总指数 2，目标 192，理论最多达标托盘 0 个，剩余指数 2。
  - 几何诊断：典型整层堆叠单盘参考上限 2/192。 当前目标可能受托盘高度/箱型组合限制。
  - 几何诊断提示：典型整层参考值 2 < 目标 192；该值不是不可达证明，继续执行指数救援。
  - 失败托盘互借诊断：未合并（no_target_or_single_plan）。
托盘类型 MH423C（销售订单号：PAID16305EC01S）处理完成：总托盘 1，指数达标 0，未达标 1，平均缺口 190.00，最大缺口 190.00，失败托盘互借修复成功 0。
  - KPI：near/mid/deep=0/0/1，救回率=0.00%，pair效率=0.00%。
  - 耗时拆解：packing=0.00s，main_topup=0.00s，retry=0.00s，failed_pool=0.00s，repack=0.00s，total=0.00s。
正在处理托盘类型：MH423C，销售订单号：LAID16306DN02S
  - 该分组不适合列式（多非满柱）→ 回退 beam + 配方优先。
  - 配方优先[fast]：规划 0 实例，实装成功 0，配方路径不可用 → 采用基线方案。
  - 指数诊断：箱子 36 个，总指数 44，目标 192，理论最多达标托盘 0 个，剩余指数 44。
  - 几何诊断：典型整层堆叠单盘参考上限 44/192。 当前目标可能受托盘高度/箱型组合限制。
  - 几何诊断提示：典型整层参考值 44 < 目标 192；该值不是不可达证明，继续执行指数救援。
  - 失败托盘互借诊断：未合并（no_target_or_single_plan）。
托盘类型 MH423C（销售订单号：LAID16306DN02S）处理完成：总托盘 1，指数达标 0，未达标 1，平均缺口 148.00，最大缺口 148.00，失败托盘互借修复成功 0。
  - KPI：near/mid/deep=0/0/1，救回率=0.00%，pair效率=0.00%。
  - 耗时拆解：packing=0.81s，main_topup=0.00s，retry=0.00s，failed_pool=0.00s，repack=0.00s，total=0.81s。
正在处理托盘类型：MH423C，销售订单号：LFEG16316AN01S
  - 主算法：全局列式装箱 + 柱级组合优化（GCP）。
  - 失败托盘互借诊断：未合并（no_target_or_single_plan）。
托盘类型 MH423C（销售订单号：LFEG16316AN01S）处理完成：总托盘 1，指数达标 0，未达标 1，平均缺口 178.00，最大缺口 178.00，失败托盘互借修复成功 0。
  - KPI：near/mid/deep=0/0/1，救回率=0.00%，pair效率=0.00%。
  - 耗时拆解：packing=0.01s，main_topup=0.00s，retry=0.00s，failed_pool=0.00s，repack=0.00s，total=0.01s。
正在处理托盘类型：MH423C，销售订单号：PAIN26310GN01S
  - 主算法：全局列式装箱 + 柱级组合优化（GCP）。
  - GCP 盘数远超理论（CP-SAT 装不满）→ 回退 baseline beam + 配方优先。
  - 配方优先[fast]：规划 0 实例，实装成功 0，配方路径不可用 → 采用基线方案。
  - 指数诊断：箱子 4 个，总指数 16，目标 192，理论最多达标托盘 0 个，剩余指数 16。
  - 几何诊断：典型整层堆叠单盘参考上限 16/192。 当前目标可能受托盘高度/箱型组合限制。
  - 几何诊断提示：典型整层参考值 16 < 目标 192；该值不是不可达证明，继续执行指数救援。
  - 失败托盘互借诊断：未合并（no_target_or_single_plan）。
托盘类型 MH423C（销售订单号：PAIN26310GN01S）处理完成：总托盘 1，指数达标 0，未达标 1，平均缺口 176.00，最大缺口 176.00，失败托盘互借修复成功 0。
  - KPI：near/mid/deep=0/0/1，救回率=0.00%，pair效率=0.00%。
  - 耗时拆解：packing=0.00s，main_topup=0.00s，retry=0.00s，failed_pool=0.00s，repack=0.00s，total=0.02s。
正在处理托盘类型：MH423C，销售订单号：PAIN26290MZ07S
  - 主算法：全局列式装箱 + 柱级组合优化（GCP）。
  - 失败托盘互借诊断：未合并（no_target_or_single_plan）。
托盘类型 MH423C（销售订单号：PAIN26290MZ07S）处理完成：总托盘 1，指数达标 0，未达标 1，平均缺口 22.00，最大缺口 22.00，失败托盘互借修复成功 0。
  - KPI：near/mid/deep=0/1/0，救回率=0.00%，pair效率=0.00%。
  - 耗时拆解：packing=2.84s，main_topup=0.00s，retry=0.00s，failed_pool=0.00s，repack=0.00s，total=2.84s。
正在处理托盘类型：MH423C，销售订单号：PAID16295EN06S
  - 该分组不适合列式（多非满柱）→ 回退 beam + 配方优先。
  - 配方优先[fast]：规划 0 实例，实装成功 0，配方路径不可用 → 采用基线方案。
  - 指数诊断：箱子 1 个，总指数 1，目标 192，理论最多达标托盘 0 个，剩余指数 1。
  - 几何诊断：典型整层堆叠单盘参考上限 1/192。 当前目标可能受托盘高度/箱型组合限制。
  - 几何诊断提示：典型整层参考值 1 < 目标 192；该值不是不可达证明，继续执行指数救援。
  - 失败托盘互借诊断：未合并（no_target_or_single_plan）。
托盘类型 MH423C（销售订单号：PAID16295EN06S）处理完成：总托盘 1，指数达标 0，未达标 1，平均缺口 191.00，最大缺口 191.00，失败托盘互借修复成功 0。
  - KPI：near/mid/deep=0/0/1，救回率=0.00%，pair效率=0.00%。
  - 耗时拆解：packing=0.00s，main_topup=0.00s，retry=0.00s，failed_pool=0.00s，repack=0.00s，total=0.00s。
正在处理托盘类型：MH423C，销售订单号：PAIN26296EN01S
  - 主算法：全局列式装箱 + 柱级组合优化（GCP）。
  - 失败托盘互借诊断：未合并（no_target_or_single_plan）。
托盘类型 MH423C（销售订单号：PAIN26296EN01S）处理完成：总托盘 1，指数达标 0，未达标 1，平均缺口 31.00，最大缺口 31.00，失败托盘互借修复成功 0。
  - KPI：near/mid/deep=0/0/1，救回率=0.00%，pair效率=0.00%。
  - 耗时拆解：packing=0.42s，main_topup=0.00s，retry=0.00s，failed_pool=0.00s，repack=0.00s，total=0.42s。
正在处理托盘类型：MH423C，销售订单号：LFEG16316AN02S
  - 该分组不适合列式（多非满柱）→ 回退 beam + 配方优先。
  - 配方优先[fast]：规划 0 实例，实装成功 0，配方路径不可用 → 采用基线方案。
  - 指数诊断：箱子 3 个，总指数 6，目标 192，理论最多达标托盘 0 个，剩余指数 6。
  - 几何诊断：典型整层堆叠单盘参考上限 6/192。 当前目标可能受托盘高度/箱型组合限制。
  - 几何诊断提示：典型整层参考值 6 < 目标 192；该值不是不可达证明，继续执行指数救援。
  - 失败托盘互借诊断：未合并（no_target_or_single_plan）。
托盘类型 MH423C（销售订单号：LFEG16316AN02S）处理完成：总托盘 1，指数达标 0，未达标 1，平均缺口 186.00，最大缺口 186.00，失败托盘互借修复成功 0。
  - KPI：near/mid/deep=0/0/1，救回率=0.00%，pair效率=0.00%。
  - 耗时拆解：packing=0.00s，main_topup=0.00s，retry=0.00s，failed_pool=0.00s，repack=0.00s，total=0.01s。
正在处理托盘类型：MH423C，销售订单号：PAIN26310MN01S
  - 该分组不适合列式（多非满柱）→ 回退 beam + 配方优先。
  - 配方优先[fast]：规划 0 实例，实装成功 0，配方路径不可用 → 采用基线方案。
  - 指数诊断：箱子 7 个，总指数 76，目标 192，理论最多达标托盘 0 个，剩余指数 76。
  - 几何诊断：典型整层堆叠单盘参考上限 60/192。 当前目标可能受托盘高度/箱型组合限制。
  - 几何诊断提示：典型整层参考值 60 < 目标 192；该值不是不可达证明，继续执行指数救援。
  - 失败托盘互借诊断：未合并（no_target_or_single_plan）。
托盘类型 MH423C（销售订单号：PAIN26310MN01S）处理完成：总托盘 1，指数达标 0，未达标 1，平均缺口 116.00，最大缺口 116.00，失败托盘互借修复成功 0。
  - KPI：near/mid/deep=0/0/1，救回率=0.00%，pair效率=0.00%。
  - 耗时拆解：packing=0.00s，main_topup=0.00s，retry=0.00s，failed_pool=0.00s，repack=0.00s，total=0.00s。
正在处理托盘类型：MH423C，销售订单号：LAID16315EN01S
  - 该分组不适合列式（多非满柱）→ 回退 beam + 配方优先。
  - 配方优先[fast]：规划 0 实例，实装成功 0，配方路径不可用 → 采用基线方案。
  - 指数诊断：箱子 4 个，总指数 20，目标 192，理论最多达标托盘 0 个，剩余指数 20。
  - 几何诊断：典型整层堆叠单盘参考上限 20/192。 当前目标可能受托盘高度/箱型组合限制。
  - 几何诊断提示：典型整层参考值 20 < 目标 192；该值不是不可达证明，继续执行指数救援。
  - 失败托盘互借诊断：未合并（no_target_or_single_plan）。
托盘类型 MH423C（销售订单号：LAID16315EN01S）处理完成：总托盘 1，指数达标 0，未达标 1，平均缺口 172.00，最大缺口 172.00，失败托盘互借修复成功 0。
  - KPI：near/mid/deep=0/0/1，救回率=0.00%，pair效率=0.00%。
  - 耗时拆解：packing=0.01s，main_topup=0.00s，retry=0.00s，failed_pool=0.00s，repack=0.00s，total=0.01s。
正在处理托盘类型：MH423C，销售订单号：PAIN26316EN01S
  - 主算法：全局列式装箱 + 柱级组合优化（GCP）。
  - 失败托盘互借诊断：未合并（no_target_or_single_plan）。
托盘类型 MH423C（销售订单号：PAIN26316EN01S）处理完成：总托盘 1，指数达标 0，未达标 1，平均缺口 140.00，最大缺口 140.00，失败托盘互借修复成功 0。
  - KPI：near/mid/deep=0/0/1，救回率=0.00%，pair效率=0.00%。
  - 耗时拆解：packing=0.04s，main_topup=0.00s，retry=0.00s，failed_pool=0.00s，repack=0.00s，total=0.04s。
正在处理托盘类型：MH423C，销售订单号：LAID16315EN02S
  - 主算法：全局列式装箱 + 柱级组合优化（GCP）。
  - 失败托盘互借诊断：未合并（no_target_or_single_plan）。
托盘类型 MH423C（销售订单号：LAID16315EN02S）处理完成：总托盘 1，指数达标 0，未达标 1，平均缺口 148.00，最大缺口 148.00，失败托盘互借修复成功 0。
  - KPI：near/mid/deep=0/0/1，救回率=0.00%，pair效率=0.00%。
  - 耗时拆解：packing=0.01s，main_topup=0.00s，retry=0.00s，failed_pool=0.00s，repack=0.00s，total=0.01s。
正在处理托盘类型：MH423C，销售订单号：PAIN26296EC02S
  - 主算法：全局列式装箱 + 柱级组合优化（GCP）。
  - 失败托盘互借诊断：未合并（no_target_or_single_plan）。
托盘类型 MH423C（销售订单号：PAIN26296EC02S）处理完成：总托盘 1，指数达标 0，未达标 1，平均缺口 130.00，最大缺口 130.00，失败托盘互借修复成功 0。
  - KPI：near/mid/deep=0/0/1，救回率=0.00%，pair效率=0.00%。
  - 耗时拆解：packing=0.16s，main_topup=0.00s，retry=0.00s，failed_pool=0.00s，repack=0.00s，total=0.16s。
正在处理托盘类型：MH423C，销售订单号：PAIN26310MZ05S
  - 主算法：全局列式装箱 + 柱级组合优化（GCP）。
  - 失败托盘互借诊断：未合并（no_target_or_single_plan）。
托盘类型 MH423C（销售订单号：PAIN26310MZ05S）处理完成：总托盘 1，指数达标 0，未达标 1，平均缺口 86.00，最大缺口 86.00，失败托盘互借修复成功 0。
  - KPI：near/mid/deep=0/0/1，救回率=0.00%，pair效率=0.00%。
  - 耗时拆解：packing=1.46s，main_topup=0.00s，retry=0.00s，failed_pool=0.00s，repack=0.00s，total=1.46s。
正在处理托盘类型：MH423C，销售订单号：PEG086300LN01S
  - 主算法：全局列式装箱 + 柱级组合优化（GCP）。
  - 失败托盘互借诊断：未合并（no_target_or_single_plan）。
托盘类型 MH423C（销售订单号：PEG086300LN01S）处理完成：总托盘 1，指数达标 0，未达标 1，平均缺口 124.00，最大缺口 124.00，失败托盘互借修复成功 0。
  - KPI：near/mid/deep=0/0/1，救回率=0.00%，pair效率=0.00%。
  - 耗时拆解：packing=0.08s，main_topup=0.00s，retry=0.00s，failed_pool=0.00s，repack=0.00s，total=0.08s。
正在处理托盘类型：MH423C，销售订单号：LAID16315EN03S
  - 该分组不适合列式（多非满柱）→ 回退 beam + 配方优先。
  - 配方优先[fast]：规划 0 实例，实装成功 0，配方路径不可用 → 采用基线方案。
  - 指数诊断：箱子 5 个，总指数 40，目标 192，理论最多达标托盘 0 个，剩余指数 40。
  - 几何诊断：典型整层堆叠单盘参考上限 40/192。 当前目标可能受托盘高度/箱型组合限制。
  - 几何诊断提示：典型整层参考值 40 < 目标 192；该值不是不可达证明，继续执行指数救援。
  - 失败托盘互借诊断：未合并（no_target_or_single_plan）。
托盘类型 MH423C（销售订单号：LAID16315EN03S）处理完成：总托盘 1，指数达标 0，未达标 1，平均缺口 152.00，最大缺口 152.00，失败托盘互借修复成功 0。
  - KPI：near/mid/deep=0/0/1，救回率=0.00%，pair效率=0.00%。
  - 耗时拆解：packing=0.01s，main_topup=0.00s，retry=0.00s，failed_pool=0.00s，repack=0.00s，total=0.01s。
正在处理托盘类型：MH423C，销售订单号：LAID16316DN03S
  - 主算法：全局列式装箱 + 柱级组合优化（GCP）。
  - 失败托盘互借诊断：未合并（no_target_or_single_plan）。
托盘类型 MH423C（销售订单号：LAID16316DN03S）处理完成：总托盘 1，指数达标 0，未达标 1，平均缺口 144.00，最大缺口 144.00，失败托盘互借修复成功 0。
  - KPI：near/mid/deep=0/0/1，救回率=0.00%，pair效率=0.00%。
  - 耗时拆解：packing=0.04s，main_topup=0.00s，retry=0.00s，failed_pool=0.00s，repack=0.00s，total=0.04s。
正在处理托盘类型：MH423C，销售订单号：LAID16316DN01S
  - 主算法：全局列式装箱 + 柱级组合优化（GCP）。
  - 失败托盘互借诊断：未合并（no_target_or_single_plan）。
托盘类型 MH423C（销售订单号：LAID16316DN01S）处理完成：总托盘 1，指数达标 0，未达标 1，平均缺口 120.00，最大缺口 120.00，失败托盘互借修复成功 0。
  - KPI：near/mid/deep=0/0/1，救回率=0.00%，pair效率=0.00%。
  - 耗时拆解：packing=0.10s，main_topup=0.00s，retry=0.00s，failed_pool=0.00s，repack=0.00s，total=0.10s。
正在处理托盘类型：MH423C，销售订单号：LAID16316DN02S
  - 主算法：全局列式装箱 + 柱级组合优化（GCP）。
  - 失败托盘互借诊断：未合并（no_target_or_single_plan）。
托盘类型 MH423C（销售订单号：LAID16316DN02S）处理完成：总托盘 1，指数达标 0，未达标 1，平均缺口 168.00，最大缺口 168.00，失败托盘互借修复成功 0。
  - KPI：near/mid/deep=0/0/1，救回率=0.00%，pair效率=0.00%。
  - 耗时拆解：packing=0.01s，main_topup=0.00s，retry=0.00s，failed_pool=0.00s，repack=0.00s，total=0.01s。
正在处理托盘类型：MH423C，销售订单号：PAIN26310GC02S
  - 主算法：全局列式装箱 + 柱级组合优化（GCP）。
  - GCP 盘数远超理论（CP-SAT 装不满）→ 回退 baseline beam + 配方优先。
  - 配方优先[fast]：规划 0 实例，实装成功 0，配方路径不可用 → 采用基线方案。
  - 指数诊断：箱子 4 个，总指数 8，目标 192，理论最多达标托盘 0 个，剩余指数 8。
  - 几何诊断：典型整层堆叠单盘参考上限 8/192。 当前目标可能受托盘高度/箱型组合限制。
  - 几何诊断提示：典型整层参考值 8 < 目标 192；该值不是不可达证明，继续执行指数救援。
  - 失败托盘互借诊断：未合并（no_target_or_single_plan）。
托盘类型 MH423C（销售订单号：PAIN26310GC02S）处理完成：总托盘 1，指数达标 0，未达标 1，平均缺口 184.00，最大缺口 184.00，失败托盘互借修复成功 0。
  - KPI：near/mid/deep=0/0/1，救回率=0.00%，pair效率=0.00%。
  - 耗时拆解：packing=0.00s，main_topup=0.00s，retry=0.00s，failed_pool=0.00s，repack=0.00s，total=0.03s。
  - 失败盘装满压实：合并/吸收 1 次（纯减盘数）。
  - 跨子组装满压实（MH423C / PAID16290FN01S）：合并 1 次（纯减盘数）。
  - 失败盘装满压实：合并/吸收 1 次（纯减盘数）。
  - 跨子组装满压实（MH423C / PAID16296DN01S）：合并 1 次（纯减盘数）。
  - 失败盘装满压实：合并/吸收 1 次（纯减盘数）。
  - 跨子组装满压实（MH423C / PAID16306DN01S）：合并 1 次（纯减盘数）。
  - 失败盘装满压实：合并/吸收 1 次（纯减盘数）。
  - 跨子组装满压实（MH423C / LAMY16305FN01S）：合并 1 次（纯减盘数）。
  - 失败盘装满压实：合并/吸收 1 次（纯减盘数）。
  - 跨子组装满压实（MH423C / LFEG16300IN02S）：合并 1 次（纯减盘数）。
  - 失败盘装满压实：合并/吸收 1 次（纯减盘数）。
  - 跨子组装满压实（MH423C / LFEG16300IN03S）：合并 1 次（纯减盘数）。
  - 失败盘装满压实：合并/吸收 1 次（纯减盘数）。
  - 跨子组装满压实（MH423C / LAID16305BN03S）：合并 1 次（纯减盘数）。
========================================
统计汇总：总托盘 74，指数达标 0，未达标 74，未知 0，平均缺口 144.73，最大缺口 191.50，失败托盘互借修复成功 0
KPI汇总：near/mid/deep=0/2/72，pair尝试=0，pair改进=0，pair效率=0.00%
耗时汇总：packing=20.90s，main_topup=0.05s，retry=0.00s，repack=8.14s，end_to_end=45.18s
========================================
[WCS-装] SUCCESS 产品码 0 个，DB 更新达标 0 行；FAILED 盘 74 个保持未达标。
[WCS-装] 本轮结束；等待下一次「新插入」再开算。
[WCS-装] 本轮无达标托盘，跳过 success 目录写入。
[WCS-装] 未达标方案已保存：D:\research_code\final\zhuang\packing-workspace\output\fail\packing_plan_20260724_114102.json
[WCS-装] 无达标托盘，跳过 wcs_plan / wcs_plan_map 写入。
[WCS-装] 已跳过接口 2 推送（仅本地保存）。
[UI-RESULT] D:\research_code\final\zhuang\packing-workspace\output\fail\packing_plan_20260724_114102.json
[WCS-装] 等待数据库新插入（有新 product_code 才开算）…
============================================================
[WCS-拉] 20260724_114419：拉取接口 1 …
[WCS-拉] 原始响应已保存：D:\research_code\final\zhuang\packing-workspace\input\raw\20260724_114419.json
[WCS-拉] 已剔除 case_type≠MH423C 的品类 113 条（类型：['MH113', 'WR246']），保留 1457 条。
[WCS-DB] product_code 已存在、跳过 1448 条
[WCS-拉] 落库完成：候选 1457 条，新插入 9 条（新行 up_to_standard=0）。
[WCS-拉] 有新插入 → 唤醒装箱线程。
[WCS] 已加载 BMS 参考表：D:\research_code\final\zhuang\packing-workspace\data\selected_5000_boxes_9_1_concentrated_3orders.xlsx
============================================================
[WCS-装] 20260724_114423：未达标行 1485 条，开始装箱 …
[WCS-装] 展开为 1485 个箱子。
数据预处理和箱子分组完成（按托盘类型+销售订单号）。
----------------------------------------
  - 组内子聚类：10 个混合订单拆出规则子集走 GCP、杂箱走 baseline。
正在处理托盘类型：MH423C，销售订单号：PAID16280FN01S
  - 该分组不适合列式（多非满柱）→ 回退 beam + 配方优先。
  - 配方优先[fast]：规划 0 实例，实装成功 0，配方路径不可用 → 采用基线方案。
  - 指数诊断：箱子 1 个，总指数 4，目标 192，理论最多达标托盘 0 个，剩余指数 4。
  - 几何诊断：典型整层堆叠单盘参考上限 4/192。 当前目标可能受托盘高度/箱型组合限制。
  - 几何诊断提示：典型整层参考值 4 < 目标 192；该值不是不可达证明，继续执行指数救援。
  - 失败托盘互借诊断：未合并（no_target_or_single_plan）。
托盘类型 MH423C（销售订单号：PAID16280FN01S）处理完成：总托盘 1，指数达标 0，未达标 1，平均缺口 188.00，最大缺口 188.00，失败托盘互借修复成功 0。
  - KPI：near/mid/deep=0/0/1，救回率=0.00%，pair效率=0.00%。
  - 耗时拆解：packing=0.00s，main_topup=0.00s，retry=0.00s，failed_pool=0.00s，repack=0.00s，total=0.00s。
正在处理托盘类型：MH423C，销售订单号：LFEG16290IN01S
  - 该分组不适合列式（多非满柱）→ 回退 beam + 配方优先。
  - 托盘 MH423C-LFEG16290IN01S-1 未找到可行装箱方案，启用剩余箱子守恒兜底。
  - 配方优先[fast]：规划 0 实例，实装成功 0，配方路径不可用 → 采用基线方案。
  - 指数诊断：箱子 9 个，总指数 17，目标 192，理论最多达标托盘 0 个，剩余指数 17。
  - 几何诊断：典型整层堆叠单盘参考上限 12/192。 当前目标可能受托盘高度/箱型组合限制。
  - 几何诊断提示：典型整层参考值 12 < 目标 192；该值不是不可达证明，继续执行指数救援。
  - 失败盘装满压实：合并/吸收 2 次（纯减盘数）。
  - 失败托盘互借诊断：未合并（aborted_no_improvement_possible）。
托盘类型 MH423C（销售订单号：LFEG16290IN01S）处理完成：总托盘 2，指数达标 0，未达标 2，平均缺口 183.50，最大缺口 187.00，失败托盘互借修复成功 0。
  - KPI：near/mid/deep=0/0/2，救回率=0.00%，pair效率=0.00%。
  - 耗时拆解：packing=0.02s，main_topup=0.00s，retry=0.00s，failed_pool=0.00s，repack=0.17s，total=0.27s。
正在处理托盘类型：MH423C，销售订单号：LFEG16290IN02S
  - 该分组不适合列式（多非满柱）→ 回退 beam + 配方优先。
  - 配方优先[fast]：规划 0 实例，实装成功 0，配方路径不可用 → 采用基线方案。
  - 指数诊断：箱子 33 个，总指数 33.5，目标 192，理论最多达标托盘 0 个，剩余指数 33.5。
  - 几何诊断：典型整层堆叠单盘参考上限 28.5/192。 当前目标可能受托盘高度/箱型组合限制。
  - 几何诊断提示：典型整层参考值 28.5 < 目标 192；该值不是不可达证明，继续执行指数救援。
  - 失败托盘互借诊断：未合并（no_target_or_single_plan）。
托盘类型 MH423C（销售订单号：LFEG16290IN02S）处理完成：总托盘 1，指数达标 0，未达标 1，平均缺口 158.50，最大缺口 158.50，失败托盘互借修复成功 0。
  - KPI：near/mid/deep=0/0/1，救回率=0.00%，pair效率=0.00%。
  - 耗时拆解：packing=0.28s，main_topup=0.00s，retry=0.00s，failed_pool=0.00s，repack=0.00s，total=0.28s。
正在处理托盘类型：MH423C，销售订单号：LAID16306DN01S
  - 该分组不适合列式（多非满柱）→ 回退 beam + 配方优先。
  - 配方优先[fast]：规划 0 实例，实装成功 0，配方路径不可用 → 采用基线方案。
  - 指数诊断：箱子 50 个，总指数 88，目标 192，理论最多达标托盘 0 个，剩余指数 88。
  - 几何诊断：典型整层堆叠单盘参考上限 65/192。 当前目标可能受托盘高度/箱型组合限制。
  - 几何诊断提示：典型整层参考值 65 < 目标 192；该值不是不可达证明，继续执行指数救援。
  - 失败托盘互借诊断：未合并（aborted_no_improvement_possible）。
托盘类型 MH423C（销售订单号：LAID16306DN01S）处理完成：总托盘 2，指数达标 0，未达标 2，平均缺口 148.00，最大缺口 182.00，失败托盘互借修复成功 0。
  - KPI：near/mid/deep=0/0/2，救回率=0.00%，pair效率=0.00%。
  - 耗时拆解：packing=0.26s，main_topup=0.01s，retry=0.00s，failed_pool=0.00s，repack=0.61s，total=1.63s。
正在处理托盘类型：MH423C，销售订单号：LAID16296DN01S
  - 主算法：全局列式装箱 + 柱级组合优化（GCP）。
  - 失败托盘互借诊断：未合并（no_target_or_single_plan）。
托盘类型 MH423C（销售订单号：LAID16296DN01S）处理完成：总托盘 1，指数达标 0，未达标 1，平均缺口 151.50，最大缺口 151.50，失败托盘互借修复成功 0。
  - KPI：near/mid/deep=0/0/1，救回率=0.00%，pair效率=0.00%。
  - 耗时拆解：packing=0.08s，main_topup=0.00s，retry=0.00s，failed_pool=0.00s，repack=0.00s，total=0.08s。
正在处理托盘类型：MH423C，销售订单号：LAID16296DN01S__SPLITREST__
  - 该分组不适合列式（多非满柱）→ 回退 beam + 配方优先。
  - 配方优先[fast]：规划 0 实例，实装成功 0，配方路径不可用 → 采用基线方案。
  - 指数诊断：箱子 4 个，总指数 8，目标 192，理论最多达标托盘 0 个，剩余指数 8。
  - 几何诊断：典型整层堆叠单盘参考上限 8/192。 当前目标可能受托盘高度/箱型组合限制。
  - 几何诊断提示：典型整层参考值 8 < 目标 192；该值不是不可达证明，继续执行指数救援。
  - 失败托盘互借诊断：未合并（no_target_or_single_plan）。
托盘类型 MH423C（销售订单号：LAID16296DN01S__SPLITREST__）处理完成：总托盘 1，指数达标 0，未达标 1，平均缺口 184.00，最大缺口 184.00，失败托盘互借修复成功 0。
  - KPI：near/mid/deep=0/0/1，救回率=0.00%，pair效率=0.00%。
  - 耗时拆解：packing=0.00s，main_topup=0.00s，retry=0.00s，failed_pool=0.00s，repack=0.00s，total=0.02s。
正在处理托盘类型：MH423C，销售订单号：LAID16296DN02S
  - 主算法：全局列式装箱 + 柱级组合优化（GCP）。
  - GCP 盘数远超理论（CP-SAT 装不满）→ 回退 baseline beam + 配方优先。
  - 托盘 MH423C-LAID16296DN02S-2 未找到可行装箱方案，启用剩余箱子守恒兜底。
  - 配方优先[fast]：规划 0 实例，实装成功 0，配方路径不可用 → 采用基线方案。
  - 指数诊断：箱子 49 个，总指数 164.5，目标 192，理论最多达标托盘 0 个，剩余指数 164.5。
  - 几何诊断：典型整层堆叠单盘参考上限 97/192。 当前目标可能受托盘高度/箱型组合限制。
  - 几何诊断提示：典型整层参考值 97 < 目标 192；该值不是不可达证明，继续执行指数救援。
  - 失败托盘互借诊断：未合并（aborted_no_improvement_possible）。
托盘类型 MH423C（销售订单号：LAID16296DN02S）处理完成：总托盘 4，指数达标 0，未达标 4，平均缺口 150.88，最大缺口 191.00，失败托盘互借修复成功 0。
  - KPI：near/mid/deep=0/0/4，救回率=0.00%，pair效率=0.00%。
  - 耗时拆解：packing=0.37s，main_topup=0.01s，retry=0.00s，failed_pool=0.00s，repack=0.94s，total=2.74s。
正在处理托盘类型：MH423C，销售订单号：LAID16296DN03S
  - 主算法：全局列式装箱 + 柱级组合优化（GCP）。
  - 失败托盘互借诊断：未合并（no_target_or_single_plan）。
托盘类型 MH423C（销售订单号：LAID16296DN03S）处理完成：总托盘 1，指数达标 0，未达标 1，平均缺口 89.00，最大缺口 89.00，失败托盘互借修复成功 0。
  - KPI：near/mid/deep=0/0/1，救回率=0.00%，pair效率=0.00%。
  - 耗时拆解：packing=0.80s，main_topup=0.00s，retry=0.00s，failed_pool=0.00s，repack=0.00s，total=0.80s。
正在处理托盘类型：MH423C，销售订单号：LFEG16290IN03S
  - 该分组不适合列式（多非满柱）→ 回退 beam + 配方优先。
  - 配方优先[fast]：规划 0 实例，实装成功 0，配方路径不可用 → 采用基线方案。
  - 指数诊断：箱子 37 个，总指数 69，目标 192，理论最多达标托盘 0 个，剩余指数 69。
  - 几何诊断：典型整层堆叠单盘参考上限 51/192。 当前目标可能受托盘高度/箱型组合限制。
  - 几何诊断提示：典型整层参考值 51 < 目标 192；该值不是不可达证明，继续执行指数救援。
  - 失败托盘互借诊断：未合并（aborted_no_improvement_possible）。
托盘类型 MH423C（销售订单号：LFEG16290IN03S）处理完成：总托盘 2，指数达标 0，未达标 2，平均缺口 157.50，最大缺口 189.00，失败托盘互借修复成功 0。
  - KPI：near/mid/deep=0/0/2，救回率=0.00%，pair效率=0.00%。
  - 耗时拆解：packing=0.20s，main_topup=0.00s，retry=0.00s，failed_pool=0.00s，repack=0.31s，total=0.99s。
正在处理托盘类型：MH423C，销售订单号：LFEG16310IN02S
  - 该分组不适合列式（多非满柱）→ 回退 beam + 配方优先。
  - 配方优先[fast]：规划 0 实例，实装成功 0，配方路径不可用 → 采用基线方案。
  - 指数诊断：箱子 15 个，总指数 35，目标 192，理论最多达标托盘 0 个，剩余指数 35。
  - 几何诊断：典型整层堆叠单盘参考上限 29/192。 当前目标可能受托盘高度/箱型组合限制。
  - 几何诊断提示：典型整层参考值 29 < 目标 192；该值不是不可达证明，继续执行指数救援。
  - 失败托盘互借诊断：未合并（no_target_or_single_plan）。
托盘类型 MH423C（销售订单号：LFEG16310IN02S）处理完成：总托盘 1，指数达标 0，未达标 1，平均缺口 157.00，最大缺口 157.00，失败托盘互借修复成功 0。
  - KPI：near/mid/deep=0/0/1，救回率=0.00%，pair效率=0.00%。
  - 耗时拆解：packing=0.08s，main_topup=0.00s，retry=0.00s，failed_pool=0.00s，repack=0.00s，total=0.08s。
正在处理托盘类型：MH423C，销售订单号：LFEG16310IN01S
  - 该分组不适合列式（多非满柱）→ 回退 beam + 配方优先。
  - 配方优先[fast]：规划 0 实例，实装成功 0，配方路径不可用 → 采用基线方案。
  - 指数诊断：箱子 17 个，总指数 36，目标 192，理论最多达标托盘 0 个，剩余指数 36。
  - 几何诊断：典型整层堆叠单盘参考上限 30/192。 当前目标可能受托盘高度/箱型组合限制。
  - 几何诊断提示：典型整层参考值 30 < 目标 192；该值不是不可达证明，继续执行指数救援。
  - 失败托盘互借诊断：未合并（no_target_or_single_plan）。
托盘类型 MH423C（销售订单号：LFEG16310IN01S）处理完成：总托盘 1，指数达标 0，未达标 1，平均缺口 156.00，最大缺口 156.00，失败托盘互借修复成功 0。
  - KPI：near/mid/deep=0/0/1，救回率=0.00%，pair效率=0.00%。
  - 耗时拆解：packing=0.09s，main_topup=0.00s，retry=0.00s，failed_pool=0.00s，repack=0.00s，total=0.09s。
正在处理托盘类型：MH423C，销售订单号：PAID16290FN01S
  - 主算法：全局列式装箱 + 柱级组合优化（GCP）。
  - 失败托盘互借诊断：未合并（no_target_or_single_plan）。
托盘类型 MH423C（销售订单号：PAID16290FN01S）处理完成：总托盘 1，指数达标 0，未达标 1，平均缺口 161.00，最大缺口 161.00，失败托盘互借修复成功 0。
  - KPI：near/mid/deep=0/0/1，救回率=0.00%，pair效率=0.00%。
  - 耗时拆解：packing=0.02s，main_topup=0.00s，retry=0.00s，failed_pool=0.00s，repack=0.00s，total=0.03s。
正在处理托盘类型：MH423C，销售订单号：PAID16290FN01S__SPLITREST__
  - 该分组不适合列式（多非满柱）→ 回退 beam + 配方优先。
  - 配方优先[fast]：规划 0 实例，实装成功 0，配方路径不可用 → 采用基线方案。
  - 指数诊断：箱子 1 个，总指数 0.5，目标 192，理论最多达标托盘 0 个，剩余指数 0.5。
  - 几何诊断：典型整层堆叠单盘参考上限 0.5/192。 当前目标可能受托盘高度/箱型组合限制。
  - 几何诊断提示：典型整层参考值 0.5 < 目标 192；该值不是不可达证明，继续执行指数救援。
  - 失败托盘互借诊断：未合并（no_target_or_single_plan）。
托盘类型 MH423C（销售订单号：PAID16290FN01S__SPLITREST__）处理完成：总托盘 1，指数达标 0，未达标 1，平均缺口 191.50，最大缺口 191.50，失败托盘互借修复成功 0。
  - KPI：near/mid/deep=0/0/1，救回率=0.00%，pair效率=0.00%。
  - 耗时拆解：packing=0.00s，main_topup=0.00s，retry=0.00s，failed_pool=0.00s，repack=0.00s，total=0.00s。
正在处理托盘类型：MH423C，销售订单号：PAIN26290BC02S
  - 主算法：全局列式装箱 + 柱级组合优化（GCP）。
  - 失败托盘互借诊断：未合并（no_target_or_single_plan）。
托盘类型 MH423C（销售订单号：PAIN26290BC02S）处理完成：总托盘 1，指数达标 0，未达标 1，平均缺口 84.00，最大缺口 84.00，失败托盘互借修复成功 0。
  - KPI：near/mid/deep=0/0/1，救回率=0.00%，pair效率=0.00%。
  - 耗时拆解：packing=1.31s，main_topup=0.00s，retry=0.00s，failed_pool=0.00s，repack=0.00s，total=1.31s。
正在处理托盘类型：MH423C，销售订单号：PAIN26286EN01S
  - 该分组不适合列式（多非满柱）→ 回退 beam + 配方优先。
  - 配方优先[fast]：规划 0 实例，实装成功 0，配方路径不可用 → 采用基线方案。
  - 指数诊断：箱子 1 个，总指数 2，目标 192，理论最多达标托盘 0 个，剩余指数 2。
  - 几何诊断：典型整层堆叠单盘参考上限 2/192。 当前目标可能受托盘高度/箱型组合限制。
  - 几何诊断提示：典型整层参考值 2 < 目标 192；该值不是不可达证明，继续执行指数救援。
  - 失败托盘互借诊断：未合并（no_target_or_single_plan）。
托盘类型 MH423C（销售订单号：PAIN26286EN01S）处理完成：总托盘 1，指数达标 0，未达标 1，平均缺口 190.00，最大缺口 190.00，失败托盘互借修复成功 0。
  - KPI：near/mid/deep=0/0/1，救回率=0.00%，pair效率=0.00%。
  - 耗时拆解：packing=0.00s，main_topup=0.00s，retry=0.00s，failed_pool=0.00s，repack=0.00s，total=0.00s。
正在处理托盘类型：MH423C，销售订单号：LAID16296DN03S__CASEGROUP__1
  - 主算法：全局列式装箱 + 柱级组合优化（GCP）。
  - 失败托盘互借诊断：未合并（no_target_or_single_plan）。
托盘类型 MH423C（销售订单号：LAID16296DN03S__CASEGROUP__1）处理完成：总托盘 1，指数达标 0，未达标 1，平均缺口 90.00，最大缺口 90.00，失败托盘互借修复成功 0。
  - KPI：near/mid/deep=0/0/1，救回率=0.00%，pair效率=0.00%。
  - 耗时拆解：packing=0.37s，main_topup=0.00s，retry=0.00s，failed_pool=0.00s，repack=0.00s，total=0.37s。
正在处理托盘类型：MH423C，销售订单号：LAID16296DN03S__CASEGROUP__1__SPLITREST__
  - 该分组不适合列式（多非满柱）→ 回退 beam + 配方优先。
  - 配方优先[fast]：规划 0 实例，实装成功 0，配方路径不可用 → 采用基线方案。
  - 指数诊断：箱子 4 个，总指数 2，目标 192，理论最多达标托盘 0 个，剩余指数 2。
  - 几何诊断：典型整层堆叠单盘参考上限 2/192。 当前目标可能受托盘高度/箱型组合限制。
  - 几何诊断提示：典型整层参考值 2 < 目标 192；该值不是不可达证明，继续执行指数救援。
  - 失败托盘互借诊断：未合并（no_target_or_single_plan）。
托盘类型 MH423C（销售订单号：LAID16296DN03S__CASEGROUP__1__SPLITREST__）处理完成：总托盘 1，指数达标 0，未达标 1，平均缺口 190.00，最大缺口 190.00，失败托盘互借修复成功 0。
  - KPI：near/mid/deep=0/0/1，救回率=0.00%，pair效率=0.00%。
  - 耗时拆解：packing=0.00s，main_topup=0.00s，retry=0.00s，failed_pool=0.00s，repack=0.00s，total=0.02s。
正在处理托盘类型：MH423C，销售订单号：LAMY16315FN01S
  - 主算法：全局列式装箱 + 柱级组合优化（GCP）。
  - 失败托盘互借诊断：未合并（no_target_or_single_plan）。
托盘类型 MH423C（销售订单号：LAMY16315FN01S）处理完成：总托盘 1，指数达标 0，未达标 1，平均缺口 21.00，最大缺口 21.00，失败托盘互借修复成功 0。
  - KPI：near/mid/deep=0/1/0，救回率=0.00%，pair效率=0.00%。
  - 耗时拆解：packing=0.96s，main_topup=0.00s，retry=0.00s，failed_pool=0.00s，repack=0.00s，total=0.96s。
正在处理托盘类型：MH423C，销售订单号：LAMY16315FN01S__SPLITREST__
  - 该分组不适合列式（多非满柱）→ 回退 beam + 配方优先。
  - 配方优先[fast]：规划 0 实例，实装成功 0，配方路径不可用 → 采用基线方案。
  - 指数诊断：箱子 1 个，总指数 0.5，目标 192，理论最多达标托盘 0 个，剩余指数 0.5。
  - 几何诊断：典型整层堆叠单盘参考上限 0.5/192。 当前目标可能受托盘高度/箱型组合限制。
  - 几何诊断提示：典型整层参考值 0.5 < 目标 192；该值不是不可达证明，继续执行指数救援。
  - 失败托盘互借诊断：未合并（no_target_or_single_plan）。
托盘类型 MH423C（销售订单号：LAMY16315FN01S__SPLITREST__）处理完成：总托盘 1，指数达标 0，未达标 1，平均缺口 191.50，最大缺口 191.50，失败托盘互借修复成功 0。
  - KPI：near/mid/deep=0/0/1，救回率=0.00%，pair效率=0.00%。
  - 耗时拆解：packing=0.00s，main_topup=0.00s，retry=0.00s，failed_pool=0.00s，repack=0.00s，total=0.00s。
正在处理托盘类型：MH423C，销售订单号：LAID16305BN02S
  - 主算法：全局列式装箱 + 柱级组合优化（GCP）。
  - 失败托盘互借诊断：未合并（no_target_or_single_plan）。
托盘类型 MH423C（销售订单号：LAID16305BN02S）处理完成：总托盘 1，指数达标 0，未达标 1，平均缺口 128.50，最大缺口 128.50，失败托盘互借修复成功 0。
  - KPI：near/mid/deep=0/0/1，救回率=0.00%，pair效率=0.00%。
  - 耗时拆解：packing=0.50s，main_topup=0.00s，retry=0.00s，failed_pool=0.00s，repack=0.00s，total=0.50s。
正在处理托盘类型：MH423C，销售订单号：PAID16280FC02S
  - 主算法：全局列式装箱 + 柱级组合优化（GCP）。
  - GCP 盘数远超理论（CP-SAT 装不满）→ 回退 baseline beam + 配方优先。
  - 配方优先[fast]：规划 0 实例，实装成功 0，配方路径不可用 → 采用基线方案。
  - 指数诊断：箱子 4 个，总指数 16，目标 192，理论最多达标托盘 0 个，剩余指数 16。
  - 几何诊断：典型整层堆叠单盘参考上限 16/192。 当前目标可能受托盘高度/箱型组合限制。
  - 几何诊断提示：典型整层参考值 16 < 目标 192；该值不是不可达证明，继续执行指数救援。
  - 失败托盘互借诊断：未合并（no_target_or_single_plan）。
托盘类型 MH423C（销售订单号：PAID16280FC02S）处理完成：总托盘 1，指数达标 0，未达标 1，平均缺口 176.00，最大缺口 176.00，失败托盘互借修复成功 0。
  - KPI：near/mid/deep=0/0/1，救回率=0.00%，pair效率=0.00%。
  - 耗时拆解：packing=0.00s，main_topup=0.00s，retry=0.00s，failed_pool=0.00s，repack=0.00s，total=0.02s。
正在处理托盘类型：MH423C，销售订单号：PAID16290FC02S
  - 该分组不适合列式（多非满柱）→ 回退 beam + 配方优先。
  - 配方优先[fast]：规划 0 实例，实装成功 0，配方路径不可用 → 采用基线方案。
  - 指数诊断：箱子 6 个，总指数 14，目标 192，理论最多达标托盘 0 个，剩余指数 14。
  - 几何诊断：典型整层堆叠单盘参考上限 14/192。 当前目标可能受托盘高度/箱型组合限制。
  - 几何诊断提示：典型整层参考值 14 < 目标 192；该值不是不可达证明，继续执行指数救援。
  - 失败托盘互借诊断：未合并（no_target_or_single_plan）。
托盘类型 MH423C（销售订单号：PAID16290FC02S）处理完成：总托盘 1，指数达标 0，未达标 1，平均缺口 178.00，最大缺口 178.00，失败托盘互借修复成功 0。
  - KPI：near/mid/deep=0/0/1，救回率=0.00%，pair效率=0.00%。
  - 耗时拆解：packing=0.01s，main_topup=0.00s，retry=0.00s，failed_pool=0.00s，repack=0.00s，total=0.04s。
正在处理托盘类型：MH423C，销售订单号：PEG146296CN01S
  - 主算法：全局列式装箱 + 柱级组合优化（GCP）。
  - 失败托盘互借诊断：未合并（no_target_or_single_plan）。
托盘类型 MH423C（销售订单号：PEG146296CN01S）处理完成：总托盘 1，指数达标 0，未达标 1，平均缺口 68.00，最大缺口 68.00，失败托盘互借修复成功 0。
  - KPI：near/mid/deep=0/0/1，救回率=0.00%，pair效率=0.00%。
  - 耗时拆解：packing=0.32s，main_topup=0.00s，retry=0.00s，failed_pool=0.00s，repack=0.00s，total=0.32s。
正在处理托盘类型：MH423C，销售订单号：PAID16295BN01S
  - 主算法：全局列式装箱 + 柱级组合优化（GCP）。
  - 失败托盘互借诊断：未合并（aborted_no_improvement_possible）。
托盘类型 MH423C（销售订单号：PAID16295BN01S）处理完成：总托盘 2，指数达标 0，未达标 2，平均缺口 96.75，最大缺口 163.50，失败托盘互借修复成功 0。
  - KPI：near/mid/deep=0/0/2，救回率=0.00%，pair效率=0.00%。
  - 耗时拆解：packing=2.18s，main_topup=0.00s，retry=0.00s，failed_pool=0.00s，repack=1.57s，total=3.74s。
正在处理托盘类型：MH423C，销售订单号：PAID16296DN01S
  - 主算法：全局列式装箱 + 柱级组合优化（GCP）。
  - 失败托盘互借诊断：未合并（no_target_or_single_plan）。
托盘类型 MH423C（销售订单号：PAID16296DN01S）处理完成：总托盘 1，指数达标 0，未达标 1，平均缺口 132.50，最大缺口 132.50，失败托盘互借修复成功 0。
  - KPI：near/mid/deep=0/0/1，救回率=0.00%，pair效率=0.00%。
  - 耗时拆解：packing=1.25s，main_topup=0.00s，retry=0.00s，failed_pool=0.00s，repack=0.00s，total=1.25s。
正在处理托盘类型：MH423C，销售订单号：PAID16296DN01S__SPLITREST__
  - 该分组不适合列式（多非满柱）→ 回退 beam + 配方优先。
  - 配方优先[fast]：规划 0 实例，实装成功 0，配方路径不可用 → 采用基线方案。
  - 指数诊断：箱子 3 个，总指数 6，目标 192，理论最多达标托盘 0 个，剩余指数 6。
  - 几何诊断：典型整层堆叠单盘参考上限 6/192。 当前目标可能受托盘高度/箱型组合限制。
  - 几何诊断提示：典型整层参考值 6 < 目标 192；该值不是不可达证明，继续执行指数救援。
  - 失败托盘互借诊断：未合并（no_target_or_single_plan）。
托盘类型 MH423C（销售订单号：PAID16296DN01S__SPLITREST__）处理完成：总托盘 1，指数达标 0，未达标 1，平均缺口 186.00，最大缺口 186.00，失败托盘互借修复成功 0。
  - KPI：near/mid/deep=0/0/1，救回率=0.00%，pair效率=0.00%。
  - 耗时拆解：packing=0.00s，main_topup=0.00s，retry=0.00s，failed_pool=0.00s，repack=0.00s，total=0.01s。
正在处理托盘类型：MH423C，销售订单号：LAID16305EN01S
  - 该分组不适合列式（多非满柱）→ 回退 beam + 配方优先。
  - 配方优先[fast]：规划 0 实例，实装成功 0，配方路径不可用 → 采用基线方案。
  - 指数诊断：箱子 27 个，总指数 81.5，目标 192，理论最多达标托盘 0 个，剩余指数 81.5。
  - 几何诊断：典型整层堆叠单盘参考上限 63/192。 当前目标可能受托盘高度/箱型组合限制。
  - 几何诊断提示：典型整层参考值 63 < 目标 192；该值不是不可达证明，继续执行指数救援。
  - 失败托盘互借诊断：未合并（aborted_no_improvement_possible）。
托盘类型 MH423C（销售订单号：LAID16305EN01S）处理完成：总托盘 2，指数达标 0，未达标 2，平均缺口 151.25，最大缺口 162.00，失败托盘互借修复成功 0。
  - KPI：near/mid/deep=0/0/2，救回率=0.00%，pair效率=0.00%。
  - 耗时拆解：packing=0.23s，main_topup=0.00s，retry=0.00s，failed_pool=0.00s，repack=0.16s，total=0.39s。
正在处理托盘类型：MH423C，销售订单号：PAID16295EL05S
  - 该分组不适合列式（多非满柱）→ 回退 beam + 配方优先。
  - 配方优先[fast]：规划 0 实例，实装成功 0，配方路径不可用 → 采用基线方案。
  - 指数诊断：箱子 1 个，总指数 2，目标 192，理论最多达标托盘 0 个，剩余指数 2。
  - 几何诊断：典型整层堆叠单盘参考上限 2/192。 当前目标可能受托盘高度/箱型组合限制。
  - 几何诊断提示：典型整层参考值 2 < 目标 192；该值不是不可达证明，继续执行指数救援。
  - 失败托盘互借诊断：未合并（no_target_or_single_plan）。
托盘类型 MH423C（销售订单号：PAID16295EL05S）处理完成：总托盘 1，指数达标 0，未达标 1，平均缺口 190.00，最大缺口 190.00，失败托盘互借修复成功 0。
  - KPI：near/mid/deep=0/0/1，救回率=0.00%，pair效率=0.00%。
  - 耗时拆解：packing=0.00s，main_topup=0.00s，retry=0.00s，failed_pool=0.00s，repack=0.00s，total=0.00s。
正在处理托盘类型：MH423C，销售订单号：PAID16290FL03S
  - 该分组不适合列式（多非满柱）→ 回退 beam + 配方优先。
  - 配方优先[fast]：规划 0 实例，实装成功 0，配方路径不可用 → 采用基线方案。
  - 指数诊断：箱子 3 个，总指数 6，目标 192，理论最多达标托盘 0 个，剩余指数 6。
  - 几何诊断：典型整层堆叠单盘参考上限 6/192。 当前目标可能受托盘高度/箱型组合限制。
  - 几何诊断提示：典型整层参考值 6 < 目标 192；该值不是不可达证明，继续执行指数救援。
  - 失败托盘互借诊断：未合并（no_target_or_single_plan）。
托盘类型 MH423C（销售订单号：PAID16290FL03S）处理完成：总托盘 1，指数达标 0，未达标 1，平均缺口 186.00，最大缺口 186.00，失败托盘互借修复成功 0。
  - KPI：near/mid/deep=0/0/1，救回率=0.00%，pair效率=0.00%。
  - 耗时拆解：packing=0.00s，main_topup=0.00s，retry=0.00s，failed_pool=0.00s，repack=0.00s，total=0.01s。
正在处理托盘类型：MH423C，销售订单号：PAID16306DN01S
  - 主算法：全局列式装箱 + 柱级组合优化（GCP）。
  - 失败托盘互借诊断：未合并（no_target_or_single_plan）。
托盘类型 MH423C（销售订单号：PAID16306DN01S）处理完成：总托盘 1，指数达标 0，未达标 1，平均缺口 170.00，最大缺口 170.00，失败托盘互借修复成功 0。
  - KPI：near/mid/deep=0/0/1，救回率=0.00%，pair效率=0.00%。
  - 耗时拆解：packing=0.10s，main_topup=0.00s，retry=0.00s，failed_pool=0.00s，repack=0.00s，total=0.10s。
正在处理托盘类型：MH423C，销售订单号：PAID16306DN01S__SPLITREST__
  - 该分组不适合列式（多非满柱）→ 回退 beam + 配方优先。
  - 配方优先[fast]：规划 0 实例，实装成功 0，配方路径不可用 → 采用基线方案。
  - 指数诊断：箱子 2 个，总指数 1，目标 192，理论最多达标托盘 0 个，剩余指数 1。
  - 几何诊断：典型整层堆叠单盘参考上限 1/192。 当前目标可能受托盘高度/箱型组合限制。
  - 几何诊断提示：典型整层参考值 1 < 目标 192；该值不是不可达证明，继续执行指数救援。
  - 失败托盘互借诊断：未合并（no_target_or_single_plan）。
托盘类型 MH423C（销售订单号：PAID16306DN01S__SPLITREST__）处理完成：总托盘 1，指数达标 0，未达标 1，平均缺口 191.00，最大缺口 191.00，失败托盘互借修复成功 0。
  - KPI：near/mid/deep=0/0/1，救回率=0.00%，pair效率=0.00%。
  - 耗时拆解：packing=0.00s，main_topup=0.00s，retry=0.00s，failed_pool=0.00s，repack=0.00s，total=0.00s。
正在处理托盘类型：MH423C，销售订单号：LAMY16305FN01S
  - 主算法：全局列式装箱 + 柱级组合优化（GCP）。
  - 失败托盘互借诊断：未合并（aborted_no_improvement_possible）。
托盘类型 MH423C（销售订单号：LAMY16305FN01S）处理完成：总托盘 2，指数达标 0，未达标 2，平均缺口 131.25，最大缺口 190.00，失败托盘互借修复成功 0。
  - KPI：near/mid/deep=0/0/2，救回率=0.00%，pair效率=0.00%。
  - 耗时拆解：packing=1.43s，main_topup=0.00s，retry=0.00s，failed_pool=0.00s，repack=1.11s，total=2.54s。
正在处理托盘类型：MH423C，销售订单号：LAMY16305FN01S__SPLITREST__
  - 该分组不适合列式（多非满柱）→ 回退 beam + 配方优先。
  - 配方优先[fast]：规划 0 实例，实装成功 0，配方路径不可用 → 采用基线方案。
  - 指数诊断：箱子 1 个，总指数 6，目标 192，理论最多达标托盘 0 个，剩余指数 6。
  - 几何诊断：典型整层堆叠单盘参考上限 6/192。 当前目标可能受托盘高度/箱型组合限制。
  - 几何诊断提示：典型整层参考值 6 < 目标 192；该值不是不可达证明，继续执行指数救援。
  - 失败托盘互借诊断：未合并（no_target_or_single_plan）。
托盘类型 MH423C（销售订单号：LAMY16305FN01S__SPLITREST__）处理完成：总托盘 1，指数达标 0，未达标 1，平均缺口 186.00，最大缺口 186.00，失败托盘互借修复成功 0。
  - KPI：near/mid/deep=0/0/1，救回率=0.00%，pair效率=0.00%。
  - 耗时拆解：packing=0.00s，main_topup=0.00s，retry=0.00s，failed_pool=0.00s，repack=0.00s，total=0.00s。
正在处理托盘类型：MH423C，销售订单号：PAID16300FN01S
  - 该分组不适合列式（多非满柱）→ 回退 beam + 配方优先。
  - 配方优先[fast]：规划 0 实例，实装成功 0，配方路径不可用 → 采用基线方案。
  - 指数诊断：箱子 8 个，总指数 19，目标 192，理论最多达标托盘 0 个，剩余指数 19。
  - 几何诊断：典型整层堆叠单盘参考上限 19/192。 当前目标可能受托盘高度/箱型组合限制。
  - 几何诊断提示：典型整层参考值 19 < 目标 192；该值不是不可达证明，继续执行指数救援。
  - 失败托盘互借诊断：未合并（no_target_or_single_plan）。
托盘类型 MH423C（销售订单号：PAID16300FN01S）处理完成：总托盘 1，指数达标 0，未达标 1，平均缺口 173.00，最大缺口 173.00，失败托盘互借修复成功 0。
  - KPI：near/mid/deep=0/0/1，救回率=0.00%，pair效率=0.00%。
  - 耗时拆解：packing=0.01s，main_topup=0.00s，retry=0.00s，failed_pool=0.00s，repack=0.00s，total=0.05s。
正在处理托盘类型：MH423C，销售订单号：PAID16295BD02S
  - 主算法：全局列式装箱 + 柱级组合优化（GCP）。
  - 失败托盘互借诊断：未合并（no_target_or_single_plan）。
托盘类型 MH423C（销售订单号：PAID16295BD02S）处理完成：总托盘 1，指数达标 0，未达标 1，平均缺口 156.00，最大缺口 156.00，失败托盘互借修复成功 0。
  - KPI：near/mid/deep=0/0/1，救回率=0.00%，pair效率=0.00%。
  - 耗时拆解：packing=0.07s，main_topup=0.00s，retry=0.00s，failed_pool=0.00s，repack=0.00s，total=0.07s。
正在处理托盘类型：MH423C，销售订单号：LFEG16300IN02S
  - 主算法：全局列式装箱 + 柱级组合优化（GCP）。
  - GCP 盘数远超理论（CP-SAT 装不满）→ 回退 baseline beam + 配方优先。
  - 配方优先[fast]：规划 0 实例，实装成功 0，配方路径不可用 → 采用基线方案。
  - 指数诊断：箱子 85 个，总指数 144.5，目标 192，理论最多达标托盘 0 个，剩余指数 144.5。
  - 几何诊断：典型整层堆叠单盘参考上限 116/192。 当前目标可能受托盘高度/箱型组合限制。
  - 几何诊断提示：典型整层参考值 116 < 目标 192；该值不是不可达证明，继续执行指数救援。
  - 失败托盘互借诊断：未合并（aborted_no_improvement_possible）。
托盘类型 MH423C（销售订单号：LFEG16300IN02S）处理完成：总托盘 2，指数达标 0，未达标 2，平均缺口 119.75，最大缺口 186.50，失败托盘互借修复成功 0。
  - KPI：near/mid/deep=0/0/2，救回率=0.00%，pair效率=0.00%。
  - 耗时拆解：packing=1.28s，main_topup=0.03s，retry=0.00s，failed_pool=0.00s，repack=2.47s，total=10.99s。
正在处理托盘类型：MH423C，销售订单号：LFEG16300IN02S__SPLITREST__
  - 该分组不适合列式（多非满柱）→ 回退 beam + 配方优先。
  - 配方优先[fast]：规划 0 实例，实装成功 0，配方路径不可用 → 采用基线方案。
  - 指数诊断：箱子 2 个，总指数 4，目标 192，理论最多达标托盘 0 个，剩余指数 4。
  - 几何诊断：典型整层堆叠单盘参考上限 4/192。 当前目标可能受托盘高度/箱型组合限制。
  - 几何诊断提示：典型整层参考值 4 < 目标 192；该值不是不可达证明，继续执行指数救援。
  - 失败托盘互借诊断：未合并（no_target_or_single_plan）。
托盘类型 MH423C（销售订单号：LFEG16300IN02S__SPLITREST__）处理完成：总托盘 1，指数达标 0，未达标 1，平均缺口 188.00，最大缺口 188.00，失败托盘互借修复成功 0。
  - KPI：near/mid/deep=0/0/1，救回率=0.00%，pair效率=0.00%。
  - 耗时拆解：packing=0.00s，main_topup=0.00s，retry=0.00s，failed_pool=0.00s，repack=0.00s，total=0.00s。
正在处理托盘类型：MH423C，销售订单号：LAID16305BN01S
  - 主算法：全局列式装箱 + 柱级组合优化（GCP）。
  - 失败托盘互借诊断：未合并（aborted_no_improvement_possible）。
托盘类型 MH423C（销售订单号：LAID16305BN01S）处理完成：总托盘 2，指数达标 0，未达标 2，平均缺口 131.50，最大缺口 188.00，失败托盘互借修复成功 0。
  - KPI：near/mid/deep=0/0/2，救回率=0.00%，pair效率=0.00%。
  - 耗时拆解：packing=0.76s，main_topup=0.00s，retry=0.00s，failed_pool=0.00s，repack=0.67s，total=1.43s。
正在处理托盘类型：MH423C，销售订单号：LFEG16310IN03S
  - 主算法：全局列式装箱 + 柱级组合优化（GCP）。
  - 失败托盘互借诊断：未合并（no_target_or_single_plan）。
托盘类型 MH423C（销售订单号：LFEG16310IN03S）处理完成：总托盘 1，指数达标 0，未达标 1，平均缺口 159.00，最大缺口 159.00，失败托盘互借修复成功 0。
  - KPI：near/mid/deep=0/0/1，救回率=0.00%，pair效率=0.00%。
  - 耗时拆解：packing=0.03s，main_topup=0.00s，retry=0.00s，failed_pool=0.00s，repack=0.00s，total=0.03s。
正在处理托盘类型：MH423C，销售订单号：LFEG16300IN01S
  - 该分组不适合列式（多非满柱）→ 回退 beam + 配方优先。
  - 配方优先[fast]：规划 0 实例，实装成功 0，配方路径不可用 → 采用基线方案。
  - 指数诊断：箱子 18 个，总指数 29.5，目标 192，理论最多达标托盘 0 个，剩余指数 29.5。
  - 几何诊断：典型整层堆叠单盘参考上限 28.5/192。 当前目标可能受托盘高度/箱型组合限制。
  - 几何诊断提示：典型整层参考值 28.5 < 目标 192；该值不是不可达证明，继续执行指数救援。
  - 失败托盘互借诊断：未合并（no_target_or_single_plan）。
托盘类型 MH423C（销售订单号：LFEG16300IN01S）处理完成：总托盘 1，指数达标 0，未达标 1，平均缺口 162.50，最大缺口 162.50，失败托盘互借修复成功 0。
  - KPI：near/mid/deep=0/0/1，救回率=0.00%，pair效率=0.00%。
  - 耗时拆解：packing=0.10s，main_topup=0.00s，retry=0.00s，failed_pool=0.00s，repack=0.00s，total=0.10s。
正在处理托盘类型：MH423C，销售订单号：LFEG16300IN03S
  - 主算法：全局列式装箱 + 柱级组合优化（GCP）。
  - 失败托盘互借诊断：未合并（no_target_or_single_plan）。
托盘类型 MH423C（销售订单号：LFEG16300IN03S）处理完成：总托盘 1，指数达标 0，未达标 1，平均缺口 82.00，最大缺口 82.00，失败托盘互借修复成功 0。
  - KPI：near/mid/deep=0/0/1，救回率=0.00%，pair效率=0.00%。
  - 耗时拆解：packing=0.90s，main_topup=0.00s，retry=0.00s，failed_pool=0.00s，repack=0.00s，total=0.90s。
正在处理托盘类型：MH423C，销售订单号：LFEG16300IN03S__SPLITREST__
  - 该分组不适合列式（多非满柱）→ 回退 beam + 配方优先。
  - 配方优先[fast]：规划 0 实例，实装成功 0，配方路径不可用 → 采用基线方案。
  - 指数诊断：箱子 2 个，总指数 4，目标 192，理论最多达标托盘 0 个，剩余指数 4。
  - 几何诊断：典型整层堆叠单盘参考上限 4/192。 当前目标可能受托盘高度/箱型组合限制。
  - 几何诊断提示：典型整层参考值 4 < 目标 192；该值不是不可达证明，继续执行指数救援。
  - 失败托盘互借诊断：未合并（no_target_or_single_plan）。
托盘类型 MH423C（销售订单号：LFEG16300IN03S__SPLITREST__）处理完成：总托盘 1，指数达标 0，未达标 1，平均缺口 188.00，最大缺口 188.00，失败托盘互借修复成功 0。
  - KPI：near/mid/deep=0/0/1，救回率=0.00%，pair效率=0.00%。
  - 耗时拆解：packing=0.00s，main_topup=0.00s，retry=0.00s，failed_pool=0.00s，repack=0.00s，total=0.00s。
正在处理托盘类型：MH423C，销售订单号：LAID16305BN03S
  - 主算法：全局列式装箱 + 柱级组合优化（GCP）。
  - 失败托盘互借诊断：未合并（no_target_or_single_plan）。
托盘类型 MH423C（销售订单号：LAID16305BN03S）处理完成：总托盘 1，指数达标 0，未达标 1，平均缺口 116.00，最大缺口 116.00，失败托盘互借修复成功 0。
  - KPI：near/mid/deep=0/0/1，救回率=0.00%，pair效率=0.00%。
  - 耗时拆解：packing=0.36s，main_topup=0.00s，retry=0.00s，failed_pool=0.00s，repack=0.00s，total=0.36s。
正在处理托盘类型：MH423C，销售订单号：LAID16305BN03S__SPLITREST__
  - 该分组不适合列式（多非满柱）→ 回退 beam + 配方优先。
  - 托盘 MH423C-LAID16305BN03S__SPLITREST__-1 未找到可行装箱方案，启用剩余箱子守恒兜底。
  - 配方优先[fast]：规划 0 实例，实装成功 0，配方路径不可用 → 采用基线方案。
  - 指数诊断：箱子 5 个，总指数 2.5，目标 192，理论最多达标托盘 0 个，剩余指数 2.5。
  - 几何诊断：典型整层堆叠单盘参考上限 2.5/192。 当前目标可能受托盘高度/箱型组合限制。
  - 几何诊断提示：典型整层参考值 2.5 < 目标 192；该值不是不可达证明，继续执行指数救援。
  - 失败托盘互借诊断：未合并（aborted_no_improvement_possible）。
托盘类型 MH423C（销售订单号：LAID16305BN03S__SPLITREST__）处理完成：总托盘 2，指数达标 0，未达标 2，平均缺口 190.75，最大缺口 191.50，失败托盘互借修复成功 0。
  - KPI：near/mid/deep=0/0/2，救回率=0.00%，pair效率=0.00%。
  - 耗时拆解：packing=0.01s，main_topup=0.00s，retry=0.00s，failed_pool=0.00s，repack=0.04s，total=0.08s。
正在处理托盘类型：MH423C，销售订单号：PEG166300LN01S
  - 主算法：全局列式装箱 + 柱级组合优化（GCP）。
  - 失败托盘互借诊断：未合并（no_target_or_single_plan）。
托盘类型 MH423C（销售订单号：PEG166300LN01S）处理完成：总托盘 1，指数达标 0，未达标 1，平均缺口 64.00，最大缺口 64.00，失败托盘互借修复成功 0。
  - KPI：near/mid/deep=0/0/1，救回率=0.00%，pair效率=0.00%。
  - 耗时拆解：packing=0.33s，main_topup=0.00s，retry=0.00s，failed_pool=0.00s，repack=0.00s，total=0.33s。
正在处理托盘类型：MH423C，销售订单号：PAID163008N01S
  - 该分组不适合列式（多非满柱）→ 回退 beam + 配方优先。
  - 配方优先[fast]：规划 0 实例，实装成功 0，配方路径不可用 → 采用基线方案。
  - 指数诊断：箱子 1 个，总指数 1，目标 192，理论最多达标托盘 0 个，剩余指数 1。
  - 几何诊断：典型整层堆叠单盘参考上限 1/192。 当前目标可能受托盘高度/箱型组合限制。
  - 几何诊断提示：典型整层参考值 1 < 目标 192；该值不是不可达证明，继续执行指数救援。
  - 失败托盘互借诊断：未合并（no_target_or_single_plan）。
托盘类型 MH423C（销售订单号：PAID163008N01S）处理完成：总托盘 1，指数达标 0，未达标 1，平均缺口 191.00，最大缺口 191.00，失败托盘互借修复成功 0。
  - KPI：near/mid/deep=0/0/1，救回率=0.00%，pair效率=0.00%。
  - 耗时拆解：packing=0.00s，main_topup=0.00s，retry=0.00s，failed_pool=0.00s，repack=0.00s，total=0.00s。
正在处理托盘类型：MH423C，销售订单号：PAIN26290BN01S
  - 该分组不适合列式（多非满柱）→ 回退 beam + 配方优先。
  - 托盘 MH423C-PAIN26290BN01S-1 未找到可行装箱方案，启用剩余箱子守恒兜底。
  - 配方优先[fast]：规划 0 实例，实装成功 0，配方路径不可用 → 采用基线方案。
  - 指数诊断：箱子 5 个，总指数 2.5，目标 192，理论最多达标托盘 0 个，剩余指数 2.5。
  - 几何诊断：典型整层堆叠单盘参考上限 2.5/192。 当前目标可能受托盘高度/箱型组合限制。
  - 几何诊断提示：典型整层参考值 2.5 < 目标 192；该值不是不可达证明，继续执行指数救援。
  - 失败盘装满压实：合并/吸收 1 次（纯减盘数）。
  - 失败托盘互借诊断：未合并（aborted_no_improvement_possible）。
托盘类型 MH423C（销售订单号：PAIN26290BN01S）处理完成：总托盘 1，指数达标 0，未达标 1，平均缺口 189.50，最大缺口 189.50，失败托盘互借修复成功 0。
  - KPI：near/mid/deep=0/0/1，救回率=0.00%，pair效率=0.00%。
  - 耗时拆解：packing=0.01s，main_topup=0.00s，retry=0.00s，failed_pool=0.00s，repack=0.04s，total=0.07s。
正在处理托盘类型：MH423C，销售订单号：PAID162308N01S
  - 该分组不适合列式（多非满柱）→ 回退 beam + 配方优先。
  - 配方优先[fast]：规划 0 实例，实装成功 0，配方路径不可用 → 采用基线方案。
  - 指数诊断：箱子 1 个，总指数 2，目标 192，理论最多达标托盘 0 个，剩余指数 2。
  - 几何诊断：典型整层堆叠单盘参考上限 2/192。 当前目标可能受托盘高度/箱型组合限制。
  - 几何诊断提示：典型整层参考值 2 < 目标 192；该值不是不可达证明，继续执行指数救援。
  - 失败托盘互借诊断：未合并（no_target_or_single_plan）。
托盘类型 MH423C（销售订单号：PAID162308N01S）处理完成：总托盘 1，指数达标 0，未达标 1，平均缺口 190.00，最大缺口 190.00，失败托盘互借修复成功 0。
  - KPI：near/mid/deep=0/0/1，救回率=0.00%，pair效率=0.00%。
  - 耗时拆解：packing=0.00s，main_topup=0.00s，retry=0.00s，failed_pool=0.00s，repack=0.00s，total=0.00s。
正在处理托盘类型：MH423C，销售订单号：PEG106290LN01S
  - 主算法：全局列式装箱 + 柱级组合优化（GCP）。
  - 失败托盘互借诊断：未合并（no_target_or_single_plan）。
托盘类型 MH423C（销售订单号：PEG106290LN01S）处理完成：总托盘 1，指数达标 0，未达标 1，平均缺口 179.00，最大缺口 179.00，失败托盘互借修复成功 0。
  - KPI：near/mid/deep=0/0/1，救回率=0.00%，pair效率=0.00%。
  - 耗时拆解：packing=0.04s，main_topup=0.00s，retry=0.00s，failed_pool=0.00s，repack=0.00s，total=0.04s。
正在处理托盘类型：MH423C，销售订单号：LAID16306DN03S
  - 该分组不适合列式（多非满柱）→ 回退 beam + 配方优先。
  - 配方优先[fast]：规划 0 实例，实装成功 0，配方路径不可用 → 采用基线方案。
  - 指数诊断：箱子 9 个，总指数 9，目标 192，理论最多达标托盘 0 个，剩余指数 9。
  - 几何诊断：典型整层堆叠单盘参考上限 9/192。 当前目标可能受托盘高度/箱型组合限制。
  - 几何诊断提示：典型整层参考值 9 < 目标 192；该值不是不可达证明，继续执行指数救援。
  - 失败托盘互借诊断：未合并（no_target_or_single_plan）。
托盘类型 MH423C（销售订单号：LAID16306DN03S）处理完成：总托盘 1，指数达标 0，未达标 1，平均缺口 183.00，最大缺口 183.00，失败托盘互借修复成功 0。
  - KPI：near/mid/deep=0/0/1，救回率=0.00%，pair效率=0.00%。
  - 耗时拆解：packing=0.01s，main_topup=0.00s，retry=0.00s，failed_pool=0.00s，repack=0.00s，total=0.06s。
正在处理托盘类型：MH423C，销售订单号：PAID16305EC01S
  - 该分组不适合列式（多非满柱）→ 回退 beam + 配方优先。
  - 配方优先[fast]：规划 0 实例，实装成功 0，配方路径不可用 → 采用基线方案。
  - 指数诊断：箱子 2 个，总指数 2，目标 192，理论最多达标托盘 0 个，剩余指数 2。
  - 几何诊断：典型整层堆叠单盘参考上限 2/192。 当前目标可能受托盘高度/箱型组合限制。
  - 几何诊断提示：典型整层参考值 2 < 目标 192；该值不是不可达证明，继续执行指数救援。
  - 失败托盘互借诊断：未合并（no_target_or_single_plan）。
托盘类型 MH423C（销售订单号：PAID16305EC01S）处理完成：总托盘 1，指数达标 0，未达标 1，平均缺口 190.00，最大缺口 190.00，失败托盘互借修复成功 0。
  - KPI：near/mid/deep=0/0/1，救回率=0.00%，pair效率=0.00%。
  - 耗时拆解：packing=0.00s，main_topup=0.00s，retry=0.00s，failed_pool=0.00s，repack=0.00s，total=0.00s。
正在处理托盘类型：MH423C，销售订单号：LAID16306DN02S
  - 该分组不适合列式（多非满柱）→ 回退 beam + 配方优先。
  - 配方优先[fast]：规划 0 实例，实装成功 0，配方路径不可用 → 采用基线方案。
  - 指数诊断：箱子 36 个，总指数 44，目标 192，理论最多达标托盘 0 个，剩余指数 44。
  - 几何诊断：典型整层堆叠单盘参考上限 44/192。 当前目标可能受托盘高度/箱型组合限制。
  - 几何诊断提示：典型整层参考值 44 < 目标 192；该值不是不可达证明，继续执行指数救援。
  - 失败托盘互借诊断：未合并（no_target_or_single_plan）。
托盘类型 MH423C（销售订单号：LAID16306DN02S）处理完成：总托盘 1，指数达标 0，未达标 1，平均缺口 148.00，最大缺口 148.00，失败托盘互借修复成功 0。
  - KPI：near/mid/deep=0/0/1，救回率=0.00%，pair效率=0.00%。
  - 耗时拆解：packing=0.82s，main_topup=0.00s，retry=0.00s，failed_pool=0.00s，repack=0.00s，total=0.82s。
正在处理托盘类型：MH423C，销售订单号：LFEG16316AN01S
  - 主算法：全局列式装箱 + 柱级组合优化（GCP）。
  - 失败托盘互借诊断：未合并（no_target_or_single_plan）。
托盘类型 MH423C（销售订单号：LFEG16316AN01S）处理完成：总托盘 1，指数达标 0，未达标 1，平均缺口 178.00，最大缺口 178.00，失败托盘互借修复成功 0。
  - KPI：near/mid/deep=0/0/1，救回率=0.00%，pair效率=0.00%。
  - 耗时拆解：packing=0.01s，main_topup=0.00s，retry=0.00s，failed_pool=0.00s，repack=0.00s，total=0.01s。
正在处理托盘类型：MH423C，销售订单号：PAIN26310GN01S
  - 主算法：全局列式装箱 + 柱级组合优化（GCP）。
  - GCP 盘数远超理论（CP-SAT 装不满）→ 回退 baseline beam + 配方优先。
  - 配方优先[fast]：规划 0 实例，实装成功 0，配方路径不可用 → 采用基线方案。
  - 指数诊断：箱子 4 个，总指数 16，目标 192，理论最多达标托盘 0 个，剩余指数 16。
  - 几何诊断：典型整层堆叠单盘参考上限 16/192。 当前目标可能受托盘高度/箱型组合限制。
  - 几何诊断提示：典型整层参考值 16 < 目标 192；该值不是不可达证明，继续执行指数救援。
  - 失败托盘互借诊断：未合并（no_target_or_single_plan）。
托盘类型 MH423C（销售订单号：PAIN26310GN01S）处理完成：总托盘 1，指数达标 0，未达标 1，平均缺口 176.00，最大缺口 176.00，失败托盘互借修复成功 0。
  - KPI：near/mid/deep=0/0/1，救回率=0.00%，pair效率=0.00%。
  - 耗时拆解：packing=0.00s，main_topup=0.00s，retry=0.00s，failed_pool=0.00s，repack=0.00s，total=0.02s。
正在处理托盘类型：MH423C，销售订单号：PAIN26290MZ07S
  - 主算法：全局列式装箱 + 柱级组合优化（GCP）。
  - 失败托盘互借诊断：未合并（no_target_or_single_plan）。
托盘类型 MH423C（销售订单号：PAIN26290MZ07S）处理完成：总托盘 1，指数达标 0，未达标 1，平均缺口 22.00，最大缺口 22.00，失败托盘互借修复成功 0。
  - KPI：near/mid/deep=0/1/0，救回率=0.00%，pair效率=0.00%。
  - 耗时拆解：packing=2.88s，main_topup=0.00s，retry=0.00s，failed_pool=0.00s，repack=0.00s，total=2.88s。
正在处理托盘类型：MH423C，销售订单号：PAID16295EN06S
  - 该分组不适合列式（多非满柱）→ 回退 beam + 配方优先。
  - 配方优先[fast]：规划 0 实例，实装成功 0，配方路径不可用 → 采用基线方案。
  - 指数诊断：箱子 1 个，总指数 1，目标 192，理论最多达标托盘 0 个，剩余指数 1。
  - 几何诊断：典型整层堆叠单盘参考上限 1/192。 当前目标可能受托盘高度/箱型组合限制。
  - 几何诊断提示：典型整层参考值 1 < 目标 192；该值不是不可达证明，继续执行指数救援。
  - 失败托盘互借诊断：未合并（no_target_or_single_plan）。
托盘类型 MH423C（销售订单号：PAID16295EN06S）处理完成：总托盘 1，指数达标 0，未达标 1，平均缺口 191.00，最大缺口 191.00，失败托盘互借修复成功 0。
  - KPI：near/mid/deep=0/0/1，救回率=0.00%，pair效率=0.00%。
  - 耗时拆解：packing=0.00s，main_topup=0.00s，retry=0.00s，failed_pool=0.00s，repack=0.00s，total=0.00s。
正在处理托盘类型：MH423C，销售订单号：PAIN26296EN01S
  - 主算法：全局列式装箱 + 柱级组合优化（GCP）。
  - 失败托盘互借诊断：未合并（no_target_or_single_plan）。
托盘类型 MH423C（销售订单号：PAIN26296EN01S）处理完成：总托盘 1，指数达标 0，未达标 1，平均缺口 31.00，最大缺口 31.00，失败托盘互借修复成功 0。
  - KPI：near/mid/deep=0/0/1，救回率=0.00%，pair效率=0.00%。
  - 耗时拆解：packing=0.43s，main_topup=0.00s，retry=0.00s，failed_pool=0.00s，repack=0.00s，total=0.43s。
正在处理托盘类型：MH423C，销售订单号：LFEG16316AN02S
  - 该分组不适合列式（多非满柱）→ 回退 beam + 配方优先。
  - 配方优先[fast]：规划 0 实例，实装成功 0，配方路径不可用 → 采用基线方案。
  - 指数诊断：箱子 3 个，总指数 6，目标 192，理论最多达标托盘 0 个，剩余指数 6。
  - 几何诊断：典型整层堆叠单盘参考上限 6/192。 当前目标可能受托盘高度/箱型组合限制。
  - 几何诊断提示：典型整层参考值 6 < 目标 192；该值不是不可达证明，继续执行指数救援。
  - 失败托盘互借诊断：未合并（no_target_or_single_plan）。
托盘类型 MH423C（销售订单号：LFEG16316AN02S）处理完成：总托盘 1，指数达标 0，未达标 1，平均缺口 186.00，最大缺口 186.00，失败托盘互借修复成功 0。
  - KPI：near/mid/deep=0/0/1，救回率=0.00%，pair效率=0.00%。
  - 耗时拆解：packing=0.00s，main_topup=0.00s，retry=0.00s，failed_pool=0.00s，repack=0.00s，total=0.01s。
正在处理托盘类型：MH423C，销售订单号：PAIN26310MN01S
  - 该分组不适合列式（多非满柱）→ 回退 beam + 配方优先。
  - 配方优先[fast]：规划 0 实例，实装成功 0，配方路径不可用 → 采用基线方案。
  - 指数诊断：箱子 7 个，总指数 76，目标 192，理论最多达标托盘 0 个，剩余指数 76。
  - 几何诊断：典型整层堆叠单盘参考上限 60/192。 当前目标可能受托盘高度/箱型组合限制。
  - 几何诊断提示：典型整层参考值 60 < 目标 192；该值不是不可达证明，继续执行指数救援。
  - 失败托盘互借诊断：未合并（no_target_or_single_plan）。
托盘类型 MH423C（销售订单号：PAIN26310MN01S）处理完成：总托盘 1，指数达标 0，未达标 1，平均缺口 116.00，最大缺口 116.00，失败托盘互借修复成功 0。
  - KPI：near/mid/deep=0/0/1，救回率=0.00%，pair效率=0.00%。
  - 耗时拆解：packing=0.00s，main_topup=0.00s，retry=0.00s，failed_pool=0.00s，repack=0.00s，total=0.00s。
正在处理托盘类型：MH423C，销售订单号：LAID16315EN01S
  - 该分组不适合列式（多非满柱）→ 回退 beam + 配方优先。
  - 配方优先[fast]：规划 0 实例，实装成功 0，配方路径不可用 → 采用基线方案。
  - 指数诊断：箱子 4 个，总指数 20，目标 192，理论最多达标托盘 0 个，剩余指数 20。
  - 几何诊断：典型整层堆叠单盘参考上限 20/192。 当前目标可能受托盘高度/箱型组合限制。
  - 几何诊断提示：典型整层参考值 20 < 目标 192；该值不是不可达证明，继续执行指数救援。
  - 失败托盘互借诊断：未合并（no_target_or_single_plan）。
托盘类型 MH423C（销售订单号：LAID16315EN01S）处理完成：总托盘 1，指数达标 0，未达标 1，平均缺口 172.00，最大缺口 172.00，失败托盘互借修复成功 0。
  - KPI：near/mid/deep=0/0/1，救回率=0.00%，pair效率=0.00%。
  - 耗时拆解：packing=0.01s，main_topup=0.00s，retry=0.00s，failed_pool=0.00s，repack=0.00s，total=0.01s。
正在处理托盘类型：MH423C，销售订单号：PAIN26316EN01S
  - 主算法：全局列式装箱 + 柱级组合优化（GCP）。
  - 失败托盘互借诊断：未合并（no_target_or_single_plan）。
托盘类型 MH423C（销售订单号：PAIN26316EN01S）处理完成：总托盘 1，指数达标 0，未达标 1，平均缺口 140.00，最大缺口 140.00，失败托盘互借修复成功 0。
  - KPI：near/mid/deep=0/0/1，救回率=0.00%，pair效率=0.00%。
  - 耗时拆解：packing=0.04s，main_topup=0.00s，retry=0.00s，failed_pool=0.00s，repack=0.00s，total=0.04s。
正在处理托盘类型：MH423C，销售订单号：LAID16315EN02S
  - 主算法：全局列式装箱 + 柱级组合优化（GCP）。
  - 失败托盘互借诊断：未合并（no_target_or_single_plan）。
托盘类型 MH423C（销售订单号：LAID16315EN02S）处理完成：总托盘 1，指数达标 0，未达标 1，平均缺口 148.00，最大缺口 148.00，失败托盘互借修复成功 0。
  - KPI：near/mid/deep=0/0/1，救回率=0.00%，pair效率=0.00%。
  - 耗时拆解：packing=0.01s，main_topup=0.00s，retry=0.00s，failed_pool=0.00s，repack=0.00s，total=0.01s。
正在处理托盘类型：MH423C，销售订单号：PAIN26296EC02S
  - 主算法：全局列式装箱 + 柱级组合优化（GCP）。
  - 失败托盘互借诊断：未合并（no_target_or_single_plan）。
托盘类型 MH423C（销售订单号：PAIN26296EC02S）处理完成：总托盘 1，指数达标 0，未达标 1，平均缺口 130.00，最大缺口 130.00，失败托盘互借修复成功 0。
  - KPI：near/mid/deep=0/0/1，救回率=0.00%，pair效率=0.00%。
  - 耗时拆解：packing=0.17s，main_topup=0.00s，retry=0.00s，failed_pool=0.00s，repack=0.00s，total=0.17s。
正在处理托盘类型：MH423C，销售订单号：PAIN26310MZ05S
  - 主算法：全局列式装箱 + 柱级组合优化（GCP）。
  - 失败托盘互借诊断：未合并（no_target_or_single_plan）。
托盘类型 MH423C（销售订单号：PAIN26310MZ05S）处理完成：总托盘 1，指数达标 0，未达标 1，平均缺口 86.00，最大缺口 86.00，失败托盘互借修复成功 0。
  - KPI：near/mid/deep=0/0/1，救回率=0.00%，pair效率=0.00%。
  - 耗时拆解：packing=1.46s，main_topup=0.00s，retry=0.00s，failed_pool=0.00s，repack=0.00s，total=1.46s。
正在处理托盘类型：MH423C，销售订单号：PEG086300LN01S
  - 主算法：全局列式装箱 + 柱级组合优化（GCP）。
  - 失败托盘互借诊断：未合并（no_target_or_single_plan）。
托盘类型 MH423C（销售订单号：PEG086300LN01S）处理完成：总托盘 1，指数达标 0，未达标 1，平均缺口 124.00，最大缺口 124.00，失败托盘互借修复成功 0。
  - KPI：near/mid/deep=0/0/1，救回率=0.00%，pair效率=0.00%。
  - 耗时拆解：packing=0.07s，main_topup=0.00s，retry=0.00s，failed_pool=0.00s，repack=0.00s，total=0.07s。
正在处理托盘类型：MH423C，销售订单号：LAID16315EN03S
  - 该分组不适合列式（多非满柱）→ 回退 beam + 配方优先。
  - 配方优先[fast]：规划 0 实例，实装成功 0，配方路径不可用 → 采用基线方案。
  - 指数诊断：箱子 5 个，总指数 40，目标 192，理论最多达标托盘 0 个，剩余指数 40。
  - 几何诊断：典型整层堆叠单盘参考上限 40/192。 当前目标可能受托盘高度/箱型组合限制。
  - 几何诊断提示：典型整层参考值 40 < 目标 192；该值不是不可达证明，继续执行指数救援。
  - 失败托盘互借诊断：未合并（no_target_or_single_plan）。
托盘类型 MH423C（销售订单号：LAID16315EN03S）处理完成：总托盘 1，指数达标 0，未达标 1，平均缺口 152.00，最大缺口 152.00，失败托盘互借修复成功 0。
  - KPI：near/mid/deep=0/0/1，救回率=0.00%，pair效率=0.00%。
  - 耗时拆解：packing=0.01s，main_topup=0.00s，retry=0.00s，failed_pool=0.00s，repack=0.00s，total=0.01s。
正在处理托盘类型：MH423C，销售订单号：LAID16316DN03S
  - 主算法：全局列式装箱 + 柱级组合优化（GCP）。
  - 失败托盘互借诊断：未合并（no_target_or_single_plan）。
托盘类型 MH423C（销售订单号：LAID16316DN03S）处理完成：总托盘 1，指数达标 0，未达标 1，平均缺口 144.00，最大缺口 144.00，失败托盘互借修复成功 0。
  - KPI：near/mid/deep=0/0/1，救回率=0.00%，pair效率=0.00%。
  - 耗时拆解：packing=0.04s，main_topup=0.00s，retry=0.00s，failed_pool=0.00s，repack=0.00s，total=0.04s。
正在处理托盘类型：MH423C，销售订单号：LAID16316DN01S
  - 主算法：全局列式装箱 + 柱级组合优化（GCP）。
  - 失败托盘互借诊断：未合并（no_target_or_single_plan）。
托盘类型 MH423C（销售订单号：LAID16316DN01S）处理完成：总托盘 1，指数达标 0，未达标 1，平均缺口 120.00，最大缺口 120.00，失败托盘互借修复成功 0。
  - KPI：near/mid/deep=0/0/1，救回率=0.00%，pair效率=0.00%。
  - 耗时拆解：packing=0.10s，main_topup=0.00s，retry=0.00s，failed_pool=0.00s，repack=0.00s，total=0.10s。
正在处理托盘类型：MH423C，销售订单号：LAID16316DN02S
  - 主算法：全局列式装箱 + 柱级组合优化（GCP）。
  - 失败托盘互借诊断：未合并（no_target_or_single_plan）。
托盘类型 MH423C（销售订单号：LAID16316DN02S）处理完成：总托盘 1，指数达标 0，未达标 1，平均缺口 168.00，最大缺口 168.00，失败托盘互借修复成功 0。
  - KPI：near/mid/deep=0/0/1，救回率=0.00%，pair效率=0.00%。
  - 耗时拆解：packing=0.01s，main_topup=0.00s，retry=0.00s，failed_pool=0.00s，repack=0.00s，total=0.01s。
正在处理托盘类型：MH423C，销售订单号：PAIN26310GC02S
  - 主算法：全局列式装箱 + 柱级组合优化（GCP）。
  - 失败托盘互借诊断：未合并（no_target_or_single_plan）。
托盘类型 MH423C（销售订单号：PAIN26310GC02S）处理完成：总托盘 1，指数达标 0，未达标 1，平均缺口 166.00，最大缺口 166.00，失败托盘互借修复成功 0。
  - KPI：near/mid/deep=0/0/1，救回率=0.00%，pair效率=0.00%。
  - 耗时拆解：packing=0.04s，main_topup=0.00s，retry=0.00s，failed_pool=0.00s，repack=0.00s，total=0.04s。
  - 失败盘装满压实：合并/吸收 1 次（纯减盘数）。
  - 跨子组装满压实（MH423C / PAID16290FN01S）：合并 1 次（纯减盘数）。
  - 失败盘装满压实：合并/吸收 1 次（纯减盘数）。
  - 跨子组装满压实（MH423C / PAID16296DN01S）：合并 1 次（纯减盘数）。
  - 失败盘装满压实：合并/吸收 1 次（纯减盘数）。
  - 跨子组装满压实（MH423C / PAID16306DN01S）：合并 1 次（纯减盘数）。
  - 失败盘装满压实：合并/吸收 1 次（纯减盘数）。
  - 跨子组装满压实（MH423C / LAMY16305FN01S）：合并 1 次（纯减盘数）。
  - 失败盘装满压实：合并/吸收 1 次（纯减盘数）。
  - 跨子组装满压实（MH423C / LFEG16300IN02S）：合并 1 次（纯减盘数）。
  - 失败盘装满压实：合并/吸收 1 次（纯减盘数）。
  - 跨子组装满压实（MH423C / LFEG16300IN03S）：合并 1 次（纯减盘数）。
  - 失败盘装满压实：合并/吸收 1 次（纯减盘数）。
  - 跨子组装满压实（MH423C / LAID16305BN03S）：合并 1 次（纯减盘数）。
========================================
统计汇总：总托盘 75，指数达标 0，未达标 75，未知 0，平均缺口 145.12，最大缺口 191.50，失败托盘互借修复成功 0
KPI汇总：near/mid/deep=0/2/73，pair尝试=0，pair改进=0，pair效率=0.00%
耗时汇总：packing=20.87s，main_topup=0.05s，retry=0.00s，repack=8.09s，end_to_end=44.97s
========================================
[WCS-装] SUCCESS 产品码 0 个，DB 更新达标 0 行；FAILED 盘 75 个保持未达标。
[WCS-装] 本轮结束；等待下一次「新插入」再开算。
[WCS-装] 本轮无达标托盘，跳过 success 目录写入。
[WCS-装] 未达标方案已保存：D:\research_code\final\zhuang\packing-workspace\output\fail\packing_plan_20260724_114423.json
[WCS-装] 无达标托盘，跳过 wcs_plan / wcs_plan_map 写入。
[WCS-装] 已跳过接口 2 推送（仅本地保存）。
[UI-RESULT] D:\research_code\final\zhuang\packing-workspace\output\fail\packing_plan_20260724_114423.json
[WCS-装] 等待数据库新插入（有新 product_code 才开算）…
============================================================
[WCS-拉] 20260724_114739：拉取接口 1 …
[WCS-拉] 原始响应已保存：D:\research_code\final\zhuang\packing-workspace\input\raw\20260724_114739.json
[WCS-拉] 已剔除 case_type≠MH423C 的品类 113 条（类型：['MH113', 'WR246']），保留 1470 条。
[WCS-DB] product_code 已存在、跳过 1456 条
[WCS-拉] 落库完成：候选 1470 条，新插入 14 条（新行 up_to_standard=0）。
[WCS-拉] 有新插入 → 唤醒装箱线程。
[WCS] 已加载 BMS 参考表：D:\research_code\final\zhuang\packing-workspace\data\selected_5000_boxes_9_1_concentrated_3orders.xlsx
============================================================
[WCS-装] 20260724_114743：未达标行 1499 条，开始装箱 …
[WCS-装] 展开为 1499 个箱子。
数据预处理和箱子分组完成（按托盘类型+销售订单号）。
----------------------------------------
  - 组内子聚类：10 个混合订单拆出规则子集走 GCP、杂箱走 baseline。
正在处理托盘类型：MH423C，销售订单号：PAID16280FN01S
  - 该分组不适合列式（多非满柱）→ 回退 beam + 配方优先。
  - 配方优先[fast]：规划 0 实例，实装成功 0，配方路径不可用 → 采用基线方案。
  - 指数诊断：箱子 1 个，总指数 4，目标 192，理论最多达标托盘 0 个，剩余指数 4。
  - 几何诊断：典型整层堆叠单盘参考上限 4/192。 当前目标可能受托盘高度/箱型组合限制。
  - 几何诊断提示：典型整层参考值 4 < 目标 192；该值不是不可达证明，继续执行指数救援。
  - 失败托盘互借诊断：未合并（no_target_or_single_plan）。
托盘类型 MH423C（销售订单号：PAID16280FN01S）处理完成：总托盘 1，指数达标 0，未达标 1，平均缺口 188.00，最大缺口 188.00，失败托盘互借修复成功 0。
  - KPI：near/mid/deep=0/0/1，救回率=0.00%，pair效率=0.00%。
  - 耗时拆解：packing=0.00s，main_topup=0.00s，retry=0.00s，failed_pool=0.00s，repack=0.00s，total=0.00s。
正在处理托盘类型：MH423C，销售订单号：LFEG16290IN01S
  - 该分组不适合列式（多非满柱）→ 回退 beam + 配方优先。
  - 托盘 MH423C-LFEG16290IN01S-1 未找到可行装箱方案，启用剩余箱子守恒兜底。
  - 配方优先[fast]：规划 0 实例，实装成功 0，配方路径不可用 → 采用基线方案。
  - 指数诊断：箱子 9 个，总指数 17，目标 192，理论最多达标托盘 0 个，剩余指数 17。
  - 几何诊断：典型整层堆叠单盘参考上限 12/192。 当前目标可能受托盘高度/箱型组合限制。
  - 几何诊断提示：典型整层参考值 12 < 目标 192；该值不是不可达证明，继续执行指数救援。
  - 失败盘装满压实：合并/吸收 2 次（纯减盘数）。
  - 失败托盘互借诊断：未合并（aborted_no_improvement_possible）。
托盘类型 MH423C（销售订单号：LFEG16290IN01S）处理完成：总托盘 2，指数达标 0，未达标 2，平均缺口 183.50，最大缺口 187.00，失败托盘互借修复成功 0。
  - KPI：near/mid/deep=0/0/2，救回率=0.00%，pair效率=0.00%。
  - 耗时拆解：packing=0.02s，main_topup=0.00s，retry=0.00s，failed_pool=0.00s，repack=0.18s，total=0.28s。
正在处理托盘类型：MH423C，销售订单号：LFEG16290IN02S
  - 该分组不适合列式（多非满柱）→ 回退 beam + 配方优先。
  - 配方优先[fast]：规划 0 实例，实装成功 0，配方路径不可用 → 采用基线方案。
  - 指数诊断：箱子 33 个，总指数 33.5，目标 192，理论最多达标托盘 0 个，剩余指数 33.5。
  - 几何诊断：典型整层堆叠单盘参考上限 28.5/192。 当前目标可能受托盘高度/箱型组合限制。
  - 几何诊断提示：典型整层参考值 28.5 < 目标 192；该值不是不可达证明，继续执行指数救援。
  - 失败托盘互借诊断：未合并（no_target_or_single_plan）。
托盘类型 MH423C（销售订单号：LFEG16290IN02S）处理完成：总托盘 1，指数达标 0，未达标 1，平均缺口 158.50，最大缺口 158.50，失败托盘互借修复成功 0。
  - KPI：near/mid/deep=0/0/1，救回率=0.00%，pair效率=0.00%。
  - 耗时拆解：packing=0.29s，main_topup=0.00s，retry=0.00s，failed_pool=0.00s，repack=0.00s，total=0.29s。
正在处理托盘类型：MH423C，销售订单号：LAID16306DN01S
  - 该分组不适合列式（多非满柱）→ 回退 beam + 配方优先。
  - 配方优先[fast]：规划 0 实例，实装成功 0，配方路径不可用 → 采用基线方案。
  - 指数诊断：箱子 50 个，总指数 88，目标 192，理论最多达标托盘 0 个，剩余指数 88。
  - 几何诊断：典型整层堆叠单盘参考上限 65/192。 当前目标可能受托盘高度/箱型组合限制。
  - 几何诊断提示：典型整层参考值 65 < 目标 192；该值不是不可达证明，继续执行指数救援。
  - 失败托盘互借诊断：未合并（aborted_no_improvement_possible）。
托盘类型 MH423C（销售订单号：LAID16306DN01S）处理完成：总托盘 2，指数达标 0，未达标 2，平均缺口 148.00，最大缺口 182.00，失败托盘互借修复成功 0。
  - KPI：near/mid/deep=0/0/2，救回率=0.00%，pair效率=0.00%。
  - 耗时拆解：packing=0.25s，main_topup=0.01s，retry=0.00s，failed_pool=0.00s，repack=0.56s，total=1.57s。
正在处理托盘类型：MH423C，销售订单号：LAID16296DN01S
  - 主算法：全局列式装箱 + 柱级组合优化（GCP）。
  - 失败托盘互借诊断：未合并（no_target_or_single_plan）。
托盘类型 MH423C（销售订单号：LAID16296DN01S）处理完成：总托盘 1，指数达标 0，未达标 1，平均缺口 151.50，最大缺口 151.50，失败托盘互借修复成功 0。
  - KPI：near/mid/deep=0/0/1，救回率=0.00%，pair效率=0.00%。
  - 耗时拆解：packing=0.09s，main_topup=0.00s，retry=0.00s，failed_pool=0.00s，repack=0.00s，total=0.09s。
正在处理托盘类型：MH423C，销售订单号：LAID16296DN01S__SPLITREST__
  - 该分组不适合列式（多非满柱）→ 回退 beam + 配方优先。
  - 配方优先[fast]：规划 0 实例，实装成功 0，配方路径不可用 → 采用基线方案。
  - 指数诊断：箱子 4 个，总指数 8，目标 192，理论最多达标托盘 0 个，剩余指数 8。
  - 几何诊断：典型整层堆叠单盘参考上限 8/192。 当前目标可能受托盘高度/箱型组合限制。
  - 几何诊断提示：典型整层参考值 8 < 目标 192；该值不是不可达证明，继续执行指数救援。
  - 失败托盘互借诊断：未合并（no_target_or_single_plan）。
托盘类型 MH423C（销售订单号：LAID16296DN01S__SPLITREST__）处理完成：总托盘 1，指数达标 0，未达标 1，平均缺口 184.00，最大缺口 184.00，失败托盘互借修复成功 0。
  - KPI：near/mid/deep=0/0/1，救回率=0.00%，pair效率=0.00%。
  - 耗时拆解：packing=0.00s，main_topup=0.00s，retry=0.00s，failed_pool=0.00s，repack=0.00s，total=0.02s。
正在处理托盘类型：MH423C，销售订单号：LAID16296DN02S
  - 主算法：全局列式装箱 + 柱级组合优化（GCP）。
  - GCP 盘数远超理论（CP-SAT 装不满）→ 回退 baseline beam + 配方优先。
  - 托盘 MH423C-LAID16296DN02S-2 未找到可行装箱方案，启用剩余箱子守恒兜底。
  - 配方优先[fast]：规划 0 实例，实装成功 0，配方路径不可用 → 采用基线方案。
  - 指数诊断：箱子 49 个，总指数 164.5，目标 192，理论最多达标托盘 0 个，剩余指数 164.5。
  - 几何诊断：典型整层堆叠单盘参考上限 97/192。 当前目标可能受托盘高度/箱型组合限制。
  - 几何诊断提示：典型整层参考值 97 < 目标 192；该值不是不可达证明，继续执行指数救援。
  - 失败托盘互借诊断：未合并（aborted_no_improvement_possible）。
托盘类型 MH423C（销售订单号：LAID16296DN02S）处理完成：总托盘 4，指数达标 0，未达标 4，平均缺口 150.88，最大缺口 191.00，失败托盘互借修复成功 0。
  - KPI：near/mid/deep=0/0/4，救回率=0.00%，pair效率=0.00%。
  - 耗时拆解：packing=0.34s，main_topup=0.01s，retry=0.00s，failed_pool=0.00s，repack=0.94s，total=2.65s。
正在处理托盘类型：MH423C，销售订单号：LAID16296DN03S
  - 主算法：全局列式装箱 + 柱级组合优化（GCP）。
  - 失败托盘互借诊断：未合并（no_target_or_single_plan）。
托盘类型 MH423C（销售订单号：LAID16296DN03S）处理完成：总托盘 1，指数达标 0，未达标 1，平均缺口 89.00，最大缺口 89.00，失败托盘互借修复成功 0。
  - KPI：near/mid/deep=0/0/1，救回率=0.00%，pair效率=0.00%。
  - 耗时拆解：packing=0.73s，main_topup=0.00s，retry=0.00s，failed_pool=0.00s，repack=0.00s，total=0.73s。
正在处理托盘类型：MH423C，销售订单号：LFEG16290IN03S
  - 该分组不适合列式（多非满柱）→ 回退 beam + 配方优先。
  - 配方优先[fast]：规划 0 实例，实装成功 0，配方路径不可用 → 采用基线方案。
  - 指数诊断：箱子 37 个，总指数 69，目标 192，理论最多达标托盘 0 个，剩余指数 69。
  - 几何诊断：典型整层堆叠单盘参考上限 51/192。 当前目标可能受托盘高度/箱型组合限制。
  - 几何诊断提示：典型整层参考值 51 < 目标 192；该值不是不可达证明，继续执行指数救援。
  - 失败托盘互借诊断：未合并（aborted_no_improvement_possible）。
托盘类型 MH423C（销售订单号：LFEG16290IN03S）处理完成：总托盘 2，指数达标 0，未达标 2，平均缺口 157.50，最大缺口 189.00，失败托盘互借修复成功 0。
  - KPI：near/mid/deep=0/0/2，救回率=0.00%，pair效率=0.00%。
  - 耗时拆解：packing=0.18s，main_topup=0.00s，retry=0.00s，failed_pool=0.00s，repack=0.31s，total=0.96s。
正在处理托盘类型：MH423C，销售订单号：LFEG16310IN02S
  - 该分组不适合列式（多非满柱）→ 回退 beam + 配方优先。
  - 配方优先[fast]：规划 0 实例，实装成功 0，配方路径不可用 → 采用基线方案。
  - 指数诊断：箱子 15 个，总指数 35，目标 192，理论最多达标托盘 0 个，剩余指数 35。
  - 几何诊断：典型整层堆叠单盘参考上限 29/192。 当前目标可能受托盘高度/箱型组合限制。
  - 几何诊断提示：典型整层参考值 29 < 目标 192；该值不是不可达证明，继续执行指数救援。
  - 失败托盘互借诊断：未合并（no_target_or_single_plan）。
托盘类型 MH423C（销售订单号：LFEG16310IN02S）处理完成：总托盘 1，指数达标 0，未达标 1，平均缺口 157.00，最大缺口 157.00，失败托盘互借修复成功 0。
  - KPI：near/mid/deep=0/0/1，救回率=0.00%，pair效率=0.00%。
  - 耗时拆解：packing=0.07s，main_topup=0.00s，retry=0.00s，failed_pool=0.00s，repack=0.00s，total=0.07s。
正在处理托盘类型：MH423C，销售订单号：LFEG16310IN01S
  - 该分组不适合列式（多非满柱）→ 回退 beam + 配方优先。
  - 配方优先[fast]：规划 0 实例，实装成功 0，配方路径不可用 → 采用基线方案。
  - 指数诊断：箱子 17 个，总指数 36，目标 192，理论最多达标托盘 0 个，剩余指数 36。
  - 几何诊断：典型整层堆叠单盘参考上限 30/192。 当前目标可能受托盘高度/箱型组合限制。
  - 几何诊断提示：典型整层参考值 30 < 目标 192；该值不是不可达证明，继续执行指数救援。
  - 失败托盘互借诊断：未合并（no_target_or_single_plan）。
托盘类型 MH423C（销售订单号：LFEG16310IN01S）处理完成：总托盘 1，指数达标 0，未达标 1，平均缺口 156.00，最大缺口 156.00，失败托盘互借修复成功 0。
  - KPI：near/mid/deep=0/0/1，救回率=0.00%，pair效率=0.00%。
  - 耗时拆解：packing=0.09s，main_topup=0.00s，retry=0.00s，failed_pool=0.00s，repack=0.00s，total=0.09s。
正在处理托盘类型：MH423C，销售订单号：PAID16290FN01S
  - 主算法：全局列式装箱 + 柱级组合优化（GCP）。
  - 失败托盘互借诊断：未合并（no_target_or_single_plan）。
托盘类型 MH423C（销售订单号：PAID16290FN01S）处理完成：总托盘 1，指数达标 0，未达标 1，平均缺口 161.00，最大缺口 161.00，失败托盘互借修复成功 0。
  - KPI：near/mid/deep=0/0/1，救回率=0.00%，pair效率=0.00%。
  - 耗时拆解：packing=0.02s，main_topup=0.00s，retry=0.00s，failed_pool=0.00s，repack=0.00s，total=0.02s。
正在处理托盘类型：MH423C，销售订单号：PAID16290FN01S__SPLITREST__
  - 该分组不适合列式（多非满柱）→ 回退 beam + 配方优先。
  - 配方优先[fast]：规划 0 实例，实装成功 0，配方路径不可用 → 采用基线方案。
  - 指数诊断：箱子 1 个，总指数 0.5，目标 192，理论最多达标托盘 0 个，剩余指数 0.5。
  - 几何诊断：典型整层堆叠单盘参考上限 0.5/192。 当前目标可能受托盘高度/箱型组合限制。
  - 几何诊断提示：典型整层参考值 0.5 < 目标 192；该值不是不可达证明，继续执行指数救援。
  - 失败托盘互借诊断：未合并（no_target_or_single_plan）。
托盘类型 MH423C（销售订单号：PAID16290FN01S__SPLITREST__）处理完成：总托盘 1，指数达标 0，未达标 1，平均缺口 191.50，最大缺口 191.50，失败托盘互借修复成功 0。
  - KPI：near/mid/deep=0/0/1，救回率=0.00%，pair效率=0.00%。
  - 耗时拆解：packing=0.00s，main_topup=0.00s，retry=0.00s，failed_pool=0.00s，repack=0.00s，total=0.00s。
正在处理托盘类型：MH423C，销售订单号：PAIN26290BC02S
  - 主算法：全局列式装箱 + 柱级组合优化（GCP）。
  - 失败托盘互借诊断：未合并（no_target_or_single_plan）。
托盘类型 MH423C（销售订单号：PAIN26290BC02S）处理完成：总托盘 1，指数达标 0，未达标 1，平均缺口 84.00，最大缺口 84.00，失败托盘互借修复成功 0。
  - KPI：near/mid/deep=0/0/1，救回率=0.00%，pair效率=0.00%。
  - 耗时拆解：packing=1.29s，main_topup=0.00s，retry=0.00s，failed_pool=0.00s，repack=0.00s，total=1.29s。
正在处理托盘类型：MH423C，销售订单号：PAIN26286EN01S
  - 该分组不适合列式（多非满柱）→ 回退 beam + 配方优先。
  - 配方优先[fast]：规划 0 实例，实装成功 0，配方路径不可用 → 采用基线方案。
  - 指数诊断：箱子 1 个，总指数 2，目标 192，理论最多达标托盘 0 个，剩余指数 2。
  - 几何诊断：典型整层堆叠单盘参考上限 2/192。 当前目标可能受托盘高度/箱型组合限制。
  - 几何诊断提示：典型整层参考值 2 < 目标 192；该值不是不可达证明，继续执行指数救援。
  - 失败托盘互借诊断：未合并（no_target_or_single_plan）。
托盘类型 MH423C（销售订单号：PAIN26286EN01S）处理完成：总托盘 1，指数达标 0，未达标 1，平均缺口 190.00，最大缺口 190.00，失败托盘互借修复成功 0。
  - KPI：near/mid/deep=0/0/1，救回率=0.00%，pair效率=0.00%。
  - 耗时拆解：packing=0.00s，main_topup=0.00s，retry=0.00s，failed_pool=0.00s，repack=0.00s，total=0.00s。
正在处理托盘类型：MH423C，销售订单号：LAID16296DN03S__CASEGROUP__1
  - 主算法：全局列式装箱 + 柱级组合优化（GCP）。
  - 失败托盘互借诊断：未合并（no_target_or_single_plan）。
托盘类型 MH423C（销售订单号：LAID16296DN03S__CASEGROUP__1）处理完成：总托盘 1，指数达标 0，未达标 1，平均缺口 90.00，最大缺口 90.00，失败托盘互借修复成功 0。
  - KPI：near/mid/deep=0/0/1，救回率=0.00%，pair效率=0.00%。
  - 耗时拆解：packing=0.36s，main_topup=0.00s，retry=0.00s，failed_pool=0.00s，repack=0.00s，total=0.36s。
正在处理托盘类型：MH423C，销售订单号：LAID16296DN03S__CASEGROUP__1__SPLITREST__
  - 该分组不适合列式（多非满柱）→ 回退 beam + 配方优先。
  - 配方优先[fast]：规划 0 实例，实装成功 0，配方路径不可用 → 采用基线方案。
  - 指数诊断：箱子 4 个，总指数 2，目标 192，理论最多达标托盘 0 个，剩余指数 2。
  - 几何诊断：典型整层堆叠单盘参考上限 2/192。 当前目标可能受托盘高度/箱型组合限制。
  - 几何诊断提示：典型整层参考值 2 < 目标 192；该值不是不可达证明，继续执行指数救援。
  - 失败托盘互借诊断：未合并（no_target_or_single_plan）。
托盘类型 MH423C（销售订单号：LAID16296DN03S__CASEGROUP__1__SPLITREST__）处理完成：总托盘 1，指数达标 0，未达标 1，平均缺口 190.00，最大缺口 190.00，失败托盘互借修复成功 0。
  - KPI：near/mid/deep=0/0/1，救回率=0.00%，pair效率=0.00%。
  - 耗时拆解：packing=0.00s，main_topup=0.00s，retry=0.00s，failed_pool=0.00s，repack=0.00s，total=0.02s。
正在处理托盘类型：MH423C，销售订单号：LAMY16315FN01S
  - 主算法：全局列式装箱 + 柱级组合优化（GCP）。
  - 失败托盘互借诊断：未合并（no_target_or_single_plan）。
托盘类型 MH423C（销售订单号：LAMY16315FN01S）处理完成：总托盘 1，指数达标 0，未达标 1，平均缺口 21.00，最大缺口 21.00，失败托盘互借修复成功 0。
  - KPI：near/mid/deep=0/1/0，救回率=0.00%，pair效率=0.00%。
  - 耗时拆解：packing=0.98s，main_topup=0.00s，retry=0.00s，failed_pool=0.00s，repack=0.00s，total=0.98s。
正在处理托盘类型：MH423C，销售订单号：LAMY16315FN01S__SPLITREST__
  - 该分组不适合列式（多非满柱）→ 回退 beam + 配方优先。
  - 配方优先[fast]：规划 0 实例，实装成功 0，配方路径不可用 → 采用基线方案。
  - 指数诊断：箱子 1 个，总指数 0.5，目标 192，理论最多达标托盘 0 个，剩余指数 0.5。
  - 几何诊断：典型整层堆叠单盘参考上限 0.5/192。 当前目标可能受托盘高度/箱型组合限制。
  - 几何诊断提示：典型整层参考值 0.5 < 目标 192；该值不是不可达证明，继续执行指数救援。
  - 失败托盘互借诊断：未合并（no_target_or_single_plan）。
托盘类型 MH423C（销售订单号：LAMY16315FN01S__SPLITREST__）处理完成：总托盘 1，指数达标 0，未达标 1，平均缺口 191.50，最大缺口 191.50，失败托盘互借修复成功 0。
  - KPI：near/mid/deep=0/0/1，救回率=0.00%，pair效率=0.00%。
  - 耗时拆解：packing=0.00s，main_topup=0.00s，retry=0.00s，failed_pool=0.00s，repack=0.00s，total=0.00s。
正在处理托盘类型：MH423C，销售订单号：LAID16305BN02S
  - 主算法：全局列式装箱 + 柱级组合优化（GCP）。
  - 失败托盘互借诊断：未合并（no_target_or_single_plan）。
托盘类型 MH423C（销售订单号：LAID16305BN02S）处理完成：总托盘 1，指数达标 0，未达标 1，平均缺口 128.50，最大缺口 128.50，失败托盘互借修复成功 0。
  - KPI：near/mid/deep=0/0/1，救回率=0.00%，pair效率=0.00%。
  - 耗时拆解：packing=0.49s，main_topup=0.00s，retry=0.00s，failed_pool=0.00s，repack=0.00s，total=0.49s。
正在处理托盘类型：MH423C，销售订单号：PAID16280FC02S
  - 主算法：全局列式装箱 + 柱级组合优化（GCP）。
  - GCP 盘数远超理论（CP-SAT 装不满）→ 回退 baseline beam + 配方优先。
  - 配方优先[fast]：规划 0 实例，实装成功 0，配方路径不可用 → 采用基线方案。
  - 指数诊断：箱子 4 个，总指数 16，目标 192，理论最多达标托盘 0 个，剩余指数 16。
  - 几何诊断：典型整层堆叠单盘参考上限 16/192。 当前目标可能受托盘高度/箱型组合限制。
  - 几何诊断提示：典型整层参考值 16 < 目标 192；该值不是不可达证明，继续执行指数救援。
  - 失败托盘互借诊断：未合并（no_target_or_single_plan）。
托盘类型 MH423C（销售订单号：PAID16280FC02S）处理完成：总托盘 1，指数达标 0，未达标 1，平均缺口 176.00，最大缺口 176.00，失败托盘互借修复成功 0。
  - KPI：near/mid/deep=0/0/1，救回率=0.00%，pair效率=0.00%。
  - 耗时拆解：packing=0.00s，main_topup=0.00s，retry=0.00s，failed_pool=0.00s，repack=0.00s，total=0.02s。
正在处理托盘类型：MH423C，销售订单号：PAID16290FC02S
  - 该分组不适合列式（多非满柱）→ 回退 beam + 配方优先。
  - 配方优先[fast]：规划 0 实例，实装成功 0，配方路径不可用 → 采用基线方案。
  - 指数诊断：箱子 6 个，总指数 14，目标 192，理论最多达标托盘 0 个，剩余指数 14。
  - 几何诊断：典型整层堆叠单盘参考上限 14/192。 当前目标可能受托盘高度/箱型组合限制。
  - 几何诊断提示：典型整层参考值 14 < 目标 192；该值不是不可达证明，继续执行指数救援。
  - 失败托盘互借诊断：未合并（no_target_or_single_plan）。
托盘类型 MH423C（销售订单号：PAID16290FC02S）处理完成：总托盘 1，指数达标 0，未达标 1，平均缺口 178.00，最大缺口 178.00，失败托盘互借修复成功 0。
  - KPI：near/mid/deep=0/0/1，救回率=0.00%，pair效率=0.00%。
  - 耗时拆解：packing=0.01s，main_topup=0.00s，retry=0.00s，failed_pool=0.00s，repack=0.00s，total=0.05s。
正在处理托盘类型：MH423C，销售订单号：PEG146296CN01S
  - 主算法：全局列式装箱 + 柱级组合优化（GCP）。
  - 失败托盘互借诊断：未合并（no_target_or_single_plan）。
托盘类型 MH423C（销售订单号：PEG146296CN01S）处理完成：总托盘 1，指数达标 0，未达标 1，平均缺口 68.00，最大缺口 68.00，失败托盘互借修复成功 0。
  - KPI：near/mid/deep=0/0/1，救回率=0.00%，pair效率=0.00%。
  - 耗时拆解：packing=0.32s，main_topup=0.00s，retry=0.00s，failed_pool=0.00s，repack=0.00s，total=0.32s。
正在处理托盘类型：MH423C，销售订单号：PAID16295BN01S
  - 主算法：全局列式装箱 + 柱级组合优化（GCP）。
  - 失败托盘互借诊断：未合并（aborted_no_improvement_possible）。
托盘类型 MH423C（销售订单号：PAID16295BN01S）处理完成：总托盘 2，指数达标 0，未达标 2，平均缺口 96.75，最大缺口 163.50，失败托盘互借修复成功 0。
  - KPI：near/mid/deep=0/0/2，救回率=0.00%，pair效率=0.00%。
  - 耗时拆解：packing=2.24s，main_topup=0.00s，retry=0.00s，failed_pool=0.00s，repack=1.55s，total=3.79s。
正在处理托盘类型：MH423C，销售订单号：PAID16296DN01S
  - 主算法：全局列式装箱 + 柱级组合优化（GCP）。
  - 失败托盘互借诊断：未合并（no_target_or_single_plan）。
托盘类型 MH423C（销售订单号：PAID16296DN01S）处理完成：总托盘 1，指数达标 0，未达标 1，平均缺口 132.50，最大缺口 132.50，失败托盘互借修复成功 0。
  - KPI：near/mid/deep=0/0/1，救回率=0.00%，pair效率=0.00%。
  - 耗时拆解：packing=1.31s，main_topup=0.00s，retry=0.00s，failed_pool=0.00s，repack=0.00s，total=1.31s。
正在处理托盘类型：MH423C，销售订单号：PAID16296DN01S__SPLITREST__
  - 该分组不适合列式（多非满柱）→ 回退 beam + 配方优先。
  - 配方优先[fast]：规划 0 实例，实装成功 0，配方路径不可用 → 采用基线方案。
  - 指数诊断：箱子 3 个，总指数 6，目标 192，理论最多达标托盘 0 个，剩余指数 6。
  - 几何诊断：典型整层堆叠单盘参考上限 6/192。 当前目标可能受托盘高度/箱型组合限制。
  - 几何诊断提示：典型整层参考值 6 < 目标 192；该值不是不可达证明，继续执行指数救援。
  - 失败托盘互借诊断：未合并（no_target_or_single_plan）。
托盘类型 MH423C（销售订单号：PAID16296DN01S__SPLITREST__）处理完成：总托盘 1，指数达标 0，未达标 1，平均缺口 186.00，最大缺口 186.00，失败托盘互借修复成功 0。
  - KPI：near/mid/deep=0/0/1，救回率=0.00%，pair效率=0.00%。
  - 耗时拆解：packing=0.00s，main_topup=0.00s，retry=0.00s，failed_pool=0.00s，repack=0.00s，total=0.01s。
正在处理托盘类型：MH423C，销售订单号：LAID16305EN01S
  - 该分组不适合列式（多非满柱）→ 回退 beam + 配方优先。
  - 配方优先[fast]：规划 0 实例，实装成功 0，配方路径不可用 → 采用基线方案。
  - 指数诊断：箱子 27 个，总指数 81.5，目标 192，理论最多达标托盘 0 个，剩余指数 81.5。
  - 几何诊断：典型整层堆叠单盘参考上限 63/192。 当前目标可能受托盘高度/箱型组合限制。
  - 几何诊断提示：典型整层参考值 63 < 目标 192；该值不是不可达证明，继续执行指数救援。
  - 失败托盘互借诊断：未合并（aborted_no_improvement_possible）。
托盘类型 MH423C（销售订单号：LAID16305EN01S）处理完成：总托盘 2，指数达标 0，未达标 2，平均缺口 151.25，最大缺口 162.00，失败托盘互借修复成功 0。
  - KPI：near/mid/deep=0/0/2，救回率=0.00%，pair效率=0.00%。
  - 耗时拆解：packing=0.26s，main_topup=0.00s，retry=0.00s，failed_pool=0.00s，repack=0.16s，total=0.42s。
正在处理托盘类型：MH423C，销售订单号：PAID16295EL05S
  - 该分组不适合列式（多非满柱）→ 回退 beam + 配方优先。
  - 配方优先[fast]：规划 0 实例，实装成功 0，配方路径不可用 → 采用基线方案。
  - 指数诊断：箱子 1 个，总指数 2，目标 192，理论最多达标托盘 0 个，剩余指数 2。
  - 几何诊断：典型整层堆叠单盘参考上限 2/192。 当前目标可能受托盘高度/箱型组合限制。
  - 几何诊断提示：典型整层参考值 2 < 目标 192；该值不是不可达证明，继续执行指数救援。
  - 失败托盘互借诊断：未合并（no_target_or_single_plan）。
托盘类型 MH423C（销售订单号：PAID16295EL05S）处理完成：总托盘 1，指数达标 0，未达标 1，平均缺口 190.00，最大缺口 190.00，失败托盘互借修复成功 0。
  - KPI：near/mid/deep=0/0/1，救回率=0.00%，pair效率=0.00%。
  - 耗时拆解：packing=0.00s，main_topup=0.00s，retry=0.00s，failed_pool=0.00s，repack=0.00s，total=0.00s。
正在处理托盘类型：MH423C，销售订单号：PAID16290FL03S
  - 该分组不适合列式（多非满柱）→ 回退 beam + 配方优先。
  - 配方优先[fast]：规划 0 实例，实装成功 0，配方路径不可用 → 采用基线方案。
  - 指数诊断：箱子 3 个，总指数 6，目标 192，理论最多达标托盘 0 个，剩余指数 6。
  - 几何诊断：典型整层堆叠单盘参考上限 6/192。 当前目标可能受托盘高度/箱型组合限制。
  - 几何诊断提示：典型整层参考值 6 < 目标 192；该值不是不可达证明，继续执行指数救援。
  - 失败托盘互借诊断：未合并（no_target_or_single_plan）。
托盘类型 MH423C（销售订单号：PAID16290FL03S）处理完成：总托盘 1，指数达标 0，未达标 1，平均缺口 186.00，最大缺口 186.00，失败托盘互借修复成功 0。
  - KPI：near/mid/deep=0/0/1，救回率=0.00%，pair效率=0.00%。
  - 耗时拆解：packing=0.00s，main_topup=0.00s，retry=0.00s，failed_pool=0.00s，repack=0.00s，total=0.01s。
正在处理托盘类型：MH423C，销售订单号：PAID16306DN01S
  - 主算法：全局列式装箱 + 柱级组合优化（GCP）。
  - 失败托盘互借诊断：未合并（no_target_or_single_plan）。
托盘类型 MH423C（销售订单号：PAID16306DN01S）处理完成：总托盘 1，指数达标 0，未达标 1，平均缺口 170.00，最大缺口 170.00，失败托盘互借修复成功 0。
  - KPI：near/mid/deep=0/0/1，救回率=0.00%，pair效率=0.00%。
  - 耗时拆解：packing=0.09s，main_topup=0.00s，retry=0.00s，failed_pool=0.00s，repack=0.00s，total=0.09s。
正在处理托盘类型：MH423C，销售订单号：PAID16306DN01S__SPLITREST__
  - 该分组不适合列式（多非满柱）→ 回退 beam + 配方优先。
  - 配方优先[fast]：规划 0 实例，实装成功 0，配方路径不可用 → 采用基线方案。
  - 指数诊断：箱子 2 个，总指数 1，目标 192，理论最多达标托盘 0 个，剩余指数 1。
  - 几何诊断：典型整层堆叠单盘参考上限 1/192。 当前目标可能受托盘高度/箱型组合限制。
  - 几何诊断提示：典型整层参考值 1 < 目标 192；该值不是不可达证明，继续执行指数救援。
  - 失败托盘互借诊断：未合并（no_target_or_single_plan）。
托盘类型 MH423C（销售订单号：PAID16306DN01S__SPLITREST__）处理完成：总托盘 1，指数达标 0，未达标 1，平均缺口 191.00，最大缺口 191.00，失败托盘互借修复成功 0。
  - KPI：near/mid/deep=0/0/1，救回率=0.00%，pair效率=0.00%。
  - 耗时拆解：packing=0.00s，main_topup=0.00s，retry=0.00s，failed_pool=0.00s，repack=0.00s，total=0.00s。
正在处理托盘类型：MH423C，销售订单号：LAMY16305FN01S
  - 主算法：全局列式装箱 + 柱级组合优化（GCP）。
  - 失败托盘互借诊断：未合并（aborted_no_improvement_possible）。
托盘类型 MH423C（销售订单号：LAMY16305FN01S）处理完成：总托盘 2，指数达标 0，未达标 2，平均缺口 131.25，最大缺口 190.00，失败托盘互借修复成功 0。
  - KPI：near/mid/deep=0/0/2，救回率=0.00%，pair效率=0.00%。
  - 耗时拆解：packing=1.38s，main_topup=0.00s，retry=0.00s，failed_pool=0.00s，repack=1.05s，total=2.43s。
正在处理托盘类型：MH423C，销售订单号：LAMY16305FN01S__SPLITREST__
  - 该分组不适合列式（多非满柱）→ 回退 beam + 配方优先。
  - 配方优先[fast]：规划 0 实例，实装成功 0，配方路径不可用 → 采用基线方案。
  - 指数诊断：箱子 1 个，总指数 6，目标 192，理论最多达标托盘 0 个，剩余指数 6。
  - 几何诊断：典型整层堆叠单盘参考上限 6/192。 当前目标可能受托盘高度/箱型组合限制。
  - 几何诊断提示：典型整层参考值 6 < 目标 192；该值不是不可达证明，继续执行指数救援。
  - 失败托盘互借诊断：未合并（no_target_or_single_plan）。
托盘类型 MH423C（销售订单号：LAMY16305FN01S__SPLITREST__）处理完成：总托盘 1，指数达标 0，未达标 1，平均缺口 186.00，最大缺口 186.00，失败托盘互借修复成功 0。
  - KPI：near/mid/deep=0/0/1，救回率=0.00%，pair效率=0.00%。
  - 耗时拆解：packing=0.00s，main_topup=0.00s，retry=0.00s，failed_pool=0.00s，repack=0.00s，total=0.00s。
正在处理托盘类型：MH423C，销售订单号：PAID16300FN01S
  - 该分组不适合列式（多非满柱）→ 回退 beam + 配方优先。
  - 配方优先[fast]：规划 0 实例，实装成功 0，配方路径不可用 → 采用基线方案。
  - 指数诊断：箱子 8 个，总指数 19，目标 192，理论最多达标托盘 0 个，剩余指数 19。
  - 几何诊断：典型整层堆叠单盘参考上限 19/192。 当前目标可能受托盘高度/箱型组合限制。
  - 几何诊断提示：典型整层参考值 19 < 目标 192；该值不是不可达证明，继续执行指数救援。
  - 失败托盘互借诊断：未合并（no_target_or_single_plan）。
托盘类型 MH423C（销售订单号：PAID16300FN01S）处理完成：总托盘 1，指数达标 0，未达标 1，平均缺口 173.00，最大缺口 173.00，失败托盘互借修复成功 0。
  - KPI：near/mid/deep=0/0/1，救回率=0.00%，pair效率=0.00%。
  - 耗时拆解：packing=0.01s，main_topup=0.00s，retry=0.00s，failed_pool=0.00s，repack=0.00s，total=0.04s。
正在处理托盘类型：MH423C，销售订单号：PAID16295BD02S
  - 主算法：全局列式装箱 + 柱级组合优化（GCP）。
  - 失败托盘互借诊断：未合并（no_target_or_single_plan）。
托盘类型 MH423C（销售订单号：PAID16295BD02S）处理完成：总托盘 1，指数达标 0，未达标 1，平均缺口 156.00，最大缺口 156.00，失败托盘互借修复成功 0。
  - KPI：near/mid/deep=0/0/1，救回率=0.00%，pair效率=0.00%。
  - 耗时拆解：packing=0.06s，main_topup=0.00s，retry=0.00s，failed_pool=0.00s，repack=0.00s，total=0.07s。
正在处理托盘类型：MH423C，销售订单号：LFEG16300IN02S
  - 主算法：全局列式装箱 + 柱级组合优化（GCP）。
  - GCP 盘数远超理论（CP-SAT 装不满）→ 回退 baseline beam + 配方优先。
  - 配方优先[fast]：规划 0 实例，实装成功 0，配方路径不可用 → 采用基线方案。
  - 指数诊断：箱子 85 个，总指数 144.5，目标 192，理论最多达标托盘 0 个，剩余指数 144.5。
  - 几何诊断：典型整层堆叠单盘参考上限 116/192。 当前目标可能受托盘高度/箱型组合限制。
  - 几何诊断提示：典型整层参考值 116 < 目标 192；该值不是不可达证明，继续执行指数救援。
  - 失败托盘互借诊断：未合并（aborted_no_improvement_possible）。
托盘类型 MH423C（销售订单号：LFEG16300IN02S）处理完成：总托盘 2，指数达标 0，未达标 2，平均缺口 119.75，最大缺口 186.50，失败托盘互借修复成功 0。
  - KPI：near/mid/deep=0/0/2，救回率=0.00%，pair效率=0.00%。
  - 耗时拆解：packing=1.37s，main_topup=0.02s，retry=0.00s，failed_pool=0.00s，repack=2.42s，total=11.09s。
正在处理托盘类型：MH423C，销售订单号：LFEG16300IN02S__SPLITREST__
  - 该分组不适合列式（多非满柱）→ 回退 beam + 配方优先。
  - 配方优先[fast]：规划 0 实例，实装成功 0，配方路径不可用 → 采用基线方案。
  - 指数诊断：箱子 2 个，总指数 4，目标 192，理论最多达标托盘 0 个，剩余指数 4。
  - 几何诊断：典型整层堆叠单盘参考上限 4/192。 当前目标可能受托盘高度/箱型组合限制。
  - 几何诊断提示：典型整层参考值 4 < 目标 192；该值不是不可达证明，继续执行指数救援。
  - 失败托盘互借诊断：未合并（no_target_or_single_plan）。
托盘类型 MH423C（销售订单号：LFEG16300IN02S__SPLITREST__）处理完成：总托盘 1，指数达标 0，未达标 1，平均缺口 188.00，最大缺口 188.00，失败托盘互借修复成功 0。
  - KPI：near/mid/deep=0/0/1，救回率=0.00%，pair效率=0.00%。
  - 耗时拆解：packing=0.00s，main_topup=0.00s，retry=0.00s，failed_pool=0.00s，repack=0.00s，total=0.00s。
正在处理托盘类型：MH423C，销售订单号：LAID16305BN01S
  - 主算法：全局列式装箱 + 柱级组合优化（GCP）。
  - 失败托盘互借诊断：未合并（aborted_no_improvement_possible）。
托盘类型 MH423C（销售订单号：LAID16305BN01S）处理完成：总托盘 2，指数达标 0，未达标 2，平均缺口 131.50，最大缺口 188.00，失败托盘互借修复成功 0。
  - KPI：near/mid/deep=0/0/2，救回率=0.00%，pair效率=0.00%。
  - 耗时拆解：packing=0.77s，main_topup=0.00s，retry=0.00s，failed_pool=0.00s，repack=0.64s，total=1.41s。
正在处理托盘类型：MH423C，销售订单号：LFEG16310IN03S
  - 主算法：全局列式装箱 + 柱级组合优化（GCP）。
  - 失败托盘互借诊断：未合并（no_target_or_single_plan）。
托盘类型 MH423C（销售订单号：LFEG16310IN03S）处理完成：总托盘 1，指数达标 0，未达标 1，平均缺口 159.00，最大缺口 159.00，失败托盘互借修复成功 0。
  - KPI：near/mid/deep=0/0/1，救回率=0.00%，pair效率=0.00%。
  - 耗时拆解：packing=0.03s，main_topup=0.00s，retry=0.00s，failed_pool=0.00s，repack=0.00s，total=0.03s。
正在处理托盘类型：MH423C，销售订单号：LFEG16300IN01S
  - 该分组不适合列式（多非满柱）→ 回退 beam + 配方优先。
  - 配方优先[fast]：规划 0 实例，实装成功 0，配方路径不可用 → 采用基线方案。
  - 指数诊断：箱子 18 个，总指数 29.5，目标 192，理论最多达标托盘 0 个，剩余指数 29.5。
  - 几何诊断：典型整层堆叠单盘参考上限 28.5/192。 当前目标可能受托盘高度/箱型组合限制。
  - 几何诊断提示：典型整层参考值 28.5 < 目标 192；该值不是不可达证明，继续执行指数救援。
  - 失败托盘互借诊断：未合并（no_target_or_single_plan）。
托盘类型 MH423C（销售订单号：LFEG16300IN01S）处理完成：总托盘 1，指数达标 0，未达标 1，平均缺口 162.50，最大缺口 162.50，失败托盘互借修复成功 0。
  - KPI：near/mid/deep=0/0/1，救回率=0.00%，pair效率=0.00%。
  - 耗时拆解：packing=0.10s，main_topup=0.00s，retry=0.00s，failed_pool=0.00s，repack=0.00s，total=0.10s。
正在处理托盘类型：MH423C，销售订单号：LFEG16300IN03S
  - 主算法：全局列式装箱 + 柱级组合优化（GCP）。
  - 失败托盘互借诊断：未合并（no_target_or_single_plan）。
托盘类型 MH423C（销售订单号：LFEG16300IN03S）处理完成：总托盘 1，指数达标 0，未达标 1，平均缺口 82.00，最大缺口 82.00，失败托盘互借修复成功 0。
  - KPI：near/mid/deep=0/0/1，救回率=0.00%，pair效率=0.00%。
  - 耗时拆解：packing=0.91s，main_topup=0.00s，retry=0.00s，failed_pool=0.00s，repack=0.00s，total=0.91s。
正在处理托盘类型：MH423C，销售订单号：LFEG16300IN03S__SPLITREST__
  - 该分组不适合列式（多非满柱）→ 回退 beam + 配方优先。
  - 配方优先[fast]：规划 0 实例，实装成功 0，配方路径不可用 → 采用基线方案。
  - 指数诊断：箱子 2 个，总指数 4，目标 192，理论最多达标托盘 0 个，剩余指数 4。
  - 几何诊断：典型整层堆叠单盘参考上限 4/192。 当前目标可能受托盘高度/箱型组合限制。
  - 几何诊断提示：典型整层参考值 4 < 目标 192；该值不是不可达证明，继续执行指数救援。
  - 失败托盘互借诊断：未合并（no_target_or_single_plan）。
托盘类型 MH423C（销售订单号：LFEG16300IN03S__SPLITREST__）处理完成：总托盘 1，指数达标 0，未达标 1，平均缺口 188.00，最大缺口 188.00，失败托盘互借修复成功 0。
  - KPI：near/mid/deep=0/0/1，救回率=0.00%，pair效率=0.00%。
  - 耗时拆解：packing=0.00s，main_topup=0.00s，retry=0.00s，failed_pool=0.00s，repack=0.00s，total=0.00s。
正在处理托盘类型：MH423C，销售订单号：LAID16305BN03S
  - 主算法：全局列式装箱 + 柱级组合优化（GCP）。
  - 失败托盘互借诊断：未合并（no_target_or_single_plan）。
托盘类型 MH423C（销售订单号：LAID16305BN03S）处理完成：总托盘 1，指数达标 0，未达标 1，平均缺口 116.00，最大缺口 116.00，失败托盘互借修复成功 0。
  - KPI：near/mid/deep=0/0/1，救回率=0.00%，pair效率=0.00%。
  - 耗时拆解：packing=0.38s，main_topup=0.00s，retry=0.00s，failed_pool=0.00s，repack=0.00s，total=0.38s。
正在处理托盘类型：MH423C，销售订单号：LAID16305BN03S__SPLITREST__
  - 该分组不适合列式（多非满柱）→ 回退 beam + 配方优先。
  - 托盘 MH423C-LAID16305BN03S__SPLITREST__-1 未找到可行装箱方案，启用剩余箱子守恒兜底。
  - 配方优先[fast]：规划 0 实例，实装成功 0，配方路径不可用 → 采用基线方案。
  - 指数诊断：箱子 5 个，总指数 2.5，目标 192，理论最多达标托盘 0 个，剩余指数 2.5。
  - 几何诊断：典型整层堆叠单盘参考上限 2.5/192。 当前目标可能受托盘高度/箱型组合限制。
  - 几何诊断提示：典型整层参考值 2.5 < 目标 192；该值不是不可达证明，继续执行指数救援。
  - 失败托盘互借诊断：未合并（aborted_no_improvement_possible）。
托盘类型 MH423C（销售订单号：LAID16305BN03S__SPLITREST__）处理完成：总托盘 2，指数达标 0，未达标 2，平均缺口 190.75，最大缺口 191.50，失败托盘互借修复成功 0。
  - KPI：near/mid/deep=0/0/2，救回率=0.00%，pair效率=0.00%。
  - 耗时拆解：packing=0.01s，main_topup=0.00s，retry=0.00s，failed_pool=0.00s，repack=0.04s，total=0.08s。
正在处理托盘类型：MH423C，销售订单号：PEG166300LN01S
  - 主算法：全局列式装箱 + 柱级组合优化（GCP）。
  - 失败托盘互借诊断：未合并（no_target_or_single_plan）。
托盘类型 MH423C（销售订单号：PEG166300LN01S）处理完成：总托盘 1，指数达标 0，未达标 1，平均缺口 64.00，最大缺口 64.00，失败托盘互借修复成功 0。
  - KPI：near/mid/deep=0/0/1，救回率=0.00%，pair效率=0.00%。
  - 耗时拆解：packing=0.31s，main_topup=0.00s，retry=0.00s，failed_pool=0.00s，repack=0.00s，total=0.31s。
正在处理托盘类型：MH423C，销售订单号：PAID163008N01S
  - 该分组不适合列式（多非满柱）→ 回退 beam + 配方优先。
  - 配方优先[fast]：规划 0 实例，实装成功 0，配方路径不可用 → 采用基线方案。
  - 指数诊断：箱子 1 个，总指数 1，目标 192，理论最多达标托盘 0 个，剩余指数 1。
  - 几何诊断：典型整层堆叠单盘参考上限 1/192。 当前目标可能受托盘高度/箱型组合限制。
  - 几何诊断提示：典型整层参考值 1 < 目标 192；该值不是不可达证明，继续执行指数救援。
  - 失败托盘互借诊断：未合并（no_target_or_single_plan）。
托盘类型 MH423C（销售订单号：PAID163008N01S）处理完成：总托盘 1，指数达标 0，未达标 1，平均缺口 191.00，最大缺口 191.00，失败托盘互借修复成功 0。
  - KPI：near/mid/deep=0/0/1，救回率=0.00%，pair效率=0.00%。
  - 耗时拆解：packing=0.00s，main_topup=0.00s，retry=0.00s，failed_pool=0.00s，repack=0.00s，total=0.00s。
正在处理托盘类型：MH423C，销售订单号：PAIN26290BN01S
  - 该分组不适合列式（多非满柱）→ 回退 beam + 配方优先。
  - 托盘 MH423C-PAIN26290BN01S-1 未找到可行装箱方案，启用剩余箱子守恒兜底。
  - 配方优先[fast]：规划 0 实例，实装成功 0，配方路径不可用 → 采用基线方案。
  - 指数诊断：箱子 5 个，总指数 2.5，目标 192，理论最多达标托盘 0 个，剩余指数 2.5。
  - 几何诊断：典型整层堆叠单盘参考上限 2.5/192。 当前目标可能受托盘高度/箱型组合限制。
  - 几何诊断提示：典型整层参考值 2.5 < 目标 192；该值不是不可达证明，继续执行指数救援。
  - 失败盘装满压实：合并/吸收 1 次（纯减盘数）。
  - 失败托盘互借诊断：未合并（aborted_no_improvement_possible）。
托盘类型 MH423C（销售订单号：PAIN26290BN01S）处理完成：总托盘 1，指数达标 0，未达标 1，平均缺口 189.50，最大缺口 189.50，失败托盘互借修复成功 0。
  - KPI：near/mid/deep=0/0/1，救回率=0.00%，pair效率=0.00%。
  - 耗时拆解：packing=0.01s，main_topup=0.00s，retry=0.00s，failed_pool=0.00s，repack=0.03s，total=0.07s。
正在处理托盘类型：MH423C，销售订单号：PAID162308N01S
  - 该分组不适合列式（多非满柱）→ 回退 beam + 配方优先。
  - 配方优先[fast]：规划 0 实例，实装成功 0，配方路径不可用 → 采用基线方案。
  - 指数诊断：箱子 1 个，总指数 2，目标 192，理论最多达标托盘 0 个，剩余指数 2。
  - 几何诊断：典型整层堆叠单盘参考上限 2/192。 当前目标可能受托盘高度/箱型组合限制。
  - 几何诊断提示：典型整层参考值 2 < 目标 192；该值不是不可达证明，继续执行指数救援。
  - 失败托盘互借诊断：未合并（no_target_or_single_plan）。
托盘类型 MH423C（销售订单号：PAID162308N01S）处理完成：总托盘 1，指数达标 0，未达标 1，平均缺口 190.00，最大缺口 190.00，失败托盘互借修复成功 0。
  - KPI：near/mid/deep=0/0/1，救回率=0.00%，pair效率=0.00%。
  - 耗时拆解：packing=0.00s，main_topup=0.00s，retry=0.00s，failed_pool=0.00s，repack=0.00s，total=0.00s。
正在处理托盘类型：MH423C，销售订单号：PEG106290LN01S
  - 主算法：全局列式装箱 + 柱级组合优化（GCP）。
  - 失败托盘互借诊断：未合并（no_target_or_single_plan）。
托盘类型 MH423C（销售订单号：PEG106290LN01S）处理完成：总托盘 1，指数达标 0，未达标 1，平均缺口 179.00，最大缺口 179.00，失败托盘互借修复成功 0。
  - KPI：near/mid/deep=0/0/1，救回率=0.00%，pair效率=0.00%。
  - 耗时拆解：packing=0.04s，main_topup=0.00s，retry=0.00s，failed_pool=0.00s，repack=0.00s，total=0.04s。
正在处理托盘类型：MH423C，销售订单号：LAID16306DN03S
  - 该分组不适合列式（多非满柱）→ 回退 beam + 配方优先。
  - 配方优先[fast]：规划 0 实例，实装成功 0，配方路径不可用 → 采用基线方案。
  - 指数诊断：箱子 9 个，总指数 9，目标 192，理论最多达标托盘 0 个，剩余指数 9。
  - 几何诊断：典型整层堆叠单盘参考上限 9/192。 当前目标可能受托盘高度/箱型组合限制。
  - 几何诊断提示：典型整层参考值 9 < 目标 192；该值不是不可达证明，继续执行指数救援。
  - 失败托盘互借诊断：未合并（no_target_or_single_plan）。
托盘类型 MH423C（销售订单号：LAID16306DN03S）处理完成：总托盘 1，指数达标 0，未达标 1，平均缺口 183.00，最大缺口 183.00，失败托盘互借修复成功 0。
  - KPI：near/mid/deep=0/0/1，救回率=0.00%，pair效率=0.00%。
  - 耗时拆解：packing=0.01s，main_topup=0.00s，retry=0.00s，failed_pool=0.00s，repack=0.00s，total=0.06s。
正在处理托盘类型：MH423C，销售订单号：PAID16305EC01S
  - 该分组不适合列式（多非满柱）→ 回退 beam + 配方优先。
  - 配方优先[fast]：规划 0 实例，实装成功 0，配方路径不可用 → 采用基线方案。
  - 指数诊断：箱子 2 个，总指数 2，目标 192，理论最多达标托盘 0 个，剩余指数 2。
  - 几何诊断：典型整层堆叠单盘参考上限 2/192。 当前目标可能受托盘高度/箱型组合限制。
  - 几何诊断提示：典型整层参考值 2 < 目标 192；该值不是不可达证明，继续执行指数救援。
  - 失败托盘互借诊断：未合并（no_target_or_single_plan）。
托盘类型 MH423C（销售订单号：PAID16305EC01S）处理完成：总托盘 1，指数达标 0，未达标 1，平均缺口 190.00，最大缺口 190.00，失败托盘互借修复成功 0。
  - KPI：near/mid/deep=0/0/1，救回率=0.00%，pair效率=0.00%。
  - 耗时拆解：packing=0.00s，main_topup=0.00s，retry=0.00s，failed_pool=0.00s，repack=0.00s，total=0.00s。
正在处理托盘类型：MH423C，销售订单号：LAID16306DN02S
  - 该分组不适合列式（多非满柱）→ 回退 beam + 配方优先。
  - 配方优先[fast]：规划 0 实例，实装成功 0，配方路径不可用 → 采用基线方案。
  - 指数诊断：箱子 36 个，总指数 44，目标 192，理论最多达标托盘 0 个，剩余指数 44。
  - 几何诊断：典型整层堆叠单盘参考上限 44/192。 当前目标可能受托盘高度/箱型组合限制。
  - 几何诊断提示：典型整层参考值 44 < 目标 192；该值不是不可达证明，继续执行指数救援。
  - 失败托盘互借诊断：未合并（no_target_or_single_plan）。
托盘类型 MH423C（销售订单号：LAID16306DN02S）处理完成：总托盘 1，指数达标 0，未达标 1，平均缺口 148.00，最大缺口 148.00，失败托盘互借修复成功 0。
  - KPI：near/mid/deep=0/0/1，救回率=0.00%，pair效率=0.00%。
  - 耗时拆解：packing=0.86s，main_topup=0.00s，retry=0.00s，failed_pool=0.00s，repack=0.00s，total=0.86s。
正在处理托盘类型：MH423C，销售订单号：LFEG16316AN01S
  - 主算法：全局列式装箱 + 柱级组合优化（GCP）。
  - 失败托盘互借诊断：未合并（no_target_or_single_plan）。
托盘类型 MH423C（销售订单号：LFEG16316AN01S）处理完成：总托盘 1，指数达标 0，未达标 1，平均缺口 178.00，最大缺口 178.00，失败托盘互借修复成功 0。
  - KPI：near/mid/deep=0/0/1，救回率=0.00%，pair效率=0.00%。
  - 耗时拆解：packing=0.01s，main_topup=0.00s，retry=0.00s，failed_pool=0.00s，repack=0.00s，total=0.01s。
正在处理托盘类型：MH423C，销售订单号：PAIN26310GN01S
  - 主算法：全局列式装箱 + 柱级组合优化（GCP）。
  - GCP 盘数远超理论（CP-SAT 装不满）→ 回退 baseline beam + 配方优先。
  - 配方优先[fast]：规划 0 实例，实装成功 0，配方路径不可用 → 采用基线方案。
  - 指数诊断：箱子 4 个，总指数 16，目标 192，理论最多达标托盘 0 个，剩余指数 16。
  - 几何诊断：典型整层堆叠单盘参考上限 16/192。 当前目标可能受托盘高度/箱型组合限制。
  - 几何诊断提示：典型整层参考值 16 < 目标 192；该值不是不可达证明，继续执行指数救援。
  - 失败托盘互借诊断：未合并（no_target_or_single_plan）。
托盘类型 MH423C（销售订单号：PAIN26310GN01S）处理完成：总托盘 1，指数达标 0，未达标 1，平均缺口 176.00，最大缺口 176.00，失败托盘互借修复成功 0。
  - KPI：near/mid/deep=0/0/1，救回率=0.00%，pair效率=0.00%。
  - 耗时拆解：packing=0.00s，main_topup=0.00s，retry=0.00s，failed_pool=0.00s，repack=0.00s，total=0.03s。
正在处理托盘类型：MH423C，销售订单号：PAIN26290MZ07S
  - 主算法：全局列式装箱 + 柱级组合优化（GCP）。
  - 失败托盘互借诊断：未合并（no_target_or_single_plan）。
托盘类型 MH423C（销售订单号：PAIN26290MZ07S）处理完成：总托盘 1，指数达标 0，未达标 1，平均缺口 22.00，最大缺口 22.00，失败托盘互借修复成功 0。
  - KPI：near/mid/deep=0/1/0，救回率=0.00%，pair效率=0.00%。
  - 耗时拆解：packing=2.96s，main_topup=0.00s，retry=0.00s，failed_pool=0.00s，repack=0.00s，total=2.96s。
正在处理托盘类型：MH423C，销售订单号：PAID16295EN06S
  - 该分组不适合列式（多非满柱）→ 回退 beam + 配方优先。
  - 配方优先[fast]：规划 0 实例，实装成功 0，配方路径不可用 → 采用基线方案。
  - 指数诊断：箱子 1 个，总指数 1，目标 192，理论最多达标托盘 0 个，剩余指数 1。
  - 几何诊断：典型整层堆叠单盘参考上限 1/192。 当前目标可能受托盘高度/箱型组合限制。
  - 几何诊断提示：典型整层参考值 1 < 目标 192；该值不是不可达证明，继续执行指数救援。
  - 失败托盘互借诊断：未合并（no_target_or_single_plan）。
托盘类型 MH423C（销售订单号：PAID16295EN06S）处理完成：总托盘 1，指数达标 0，未达标 1，平均缺口 191.00，最大缺口 191.00，失败托盘互借修复成功 0。
  - KPI：near/mid/deep=0/0/1，救回率=0.00%，pair效率=0.00%。
  - 耗时拆解：packing=0.00s，main_topup=0.00s，retry=0.00s，failed_pool=0.00s，repack=0.00s，total=0.00s。
正在处理托盘类型：MH423C，销售订单号：PAIN26296EN01S
  - 主算法：全局列式装箱 + 柱级组合优化（GCP）。
  - 失败托盘互借诊断：未合并（no_target_or_single_plan）。
托盘类型 MH423C（销售订单号：PAIN26296EN01S）处理完成：总托盘 1，指数达标 0，未达标 1，平均缺口 31.00，最大缺口 31.00，失败托盘互借修复成功 0。
  - KPI：near/mid/deep=0/0/1，救回率=0.00%，pair效率=0.00%。
  - 耗时拆解：packing=0.44s，main_topup=0.00s，retry=0.00s，failed_pool=0.00s，repack=0.00s，total=0.44s。
正在处理托盘类型：MH423C，销售订单号：LFEG16316AN02S
  - 该分组不适合列式（多非满柱）→ 回退 beam + 配方优先。
  - 配方优先[fast]：规划 0 实例，实装成功 0，配方路径不可用 → 采用基线方案。
  - 指数诊断：箱子 3 个，总指数 6，目标 192，理论最多达标托盘 0 个，剩余指数 6。
  - 几何诊断：典型整层堆叠单盘参考上限 6/192。 当前目标可能受托盘高度/箱型组合限制。
  - 几何诊断提示：典型整层参考值 6 < 目标 192；该值不是不可达证明，继续执行指数救援。
  - 失败托盘互借诊断：未合并（no_target_or_single_plan）。
托盘类型 MH423C（销售订单号：LFEG16316AN02S）处理完成：总托盘 1，指数达标 0，未达标 1，平均缺口 186.00，最大缺口 186.00，失败托盘互借修复成功 0。
  - KPI：near/mid/deep=0/0/1，救回率=0.00%，pair效率=0.00%。
  - 耗时拆解：packing=0.00s，main_topup=0.00s，retry=0.00s，failed_pool=0.00s，repack=0.00s，total=0.01s。
正在处理托盘类型：MH423C，销售订单号：PAIN26310MN01S
  - 该分组不适合列式（多非满柱）→ 回退 beam + 配方优先。
  - 配方优先[fast]：规划 0 实例，实装成功 0，配方路径不可用 → 采用基线方案。
  - 指数诊断：箱子 7 个，总指数 76，目标 192，理论最多达标托盘 0 个，剩余指数 76。
  - 几何诊断：典型整层堆叠单盘参考上限 60/192。 当前目标可能受托盘高度/箱型组合限制。
  - 几何诊断提示：典型整层参考值 60 < 目标 192；该值不是不可达证明，继续执行指数救援。
  - 失败托盘互借诊断：未合并（no_target_or_single_plan）。
托盘类型 MH423C（销售订单号：PAIN26310MN01S）处理完成：总托盘 1，指数达标 0，未达标 1，平均缺口 116.00，最大缺口 116.00，失败托盘互借修复成功 0。
  - KPI：near/mid/deep=0/0/1，救回率=0.00%，pair效率=0.00%。
  - 耗时拆解：packing=0.00s，main_topup=0.00s，retry=0.00s，failed_pool=0.00s，repack=0.00s，total=0.00s。
正在处理托盘类型：MH423C，销售订单号：LAID16315EN01S
  - 该分组不适合列式（多非满柱）→ 回退 beam + 配方优先。
  - 配方优先[fast]：规划 0 实例，实装成功 0，配方路径不可用 → 采用基线方案。
  - 指数诊断：箱子 4 个，总指数 20，目标 192，理论最多达标托盘 0 个，剩余指数 20。
  - 几何诊断：典型整层堆叠单盘参考上限 20/192。 当前目标可能受托盘高度/箱型组合限制。
  - 几何诊断提示：典型整层参考值 20 < 目标 192；该值不是不可达证明，继续执行指数救援。
  - 失败托盘互借诊断：未合并（no_target_or_single_plan）。
托盘类型 MH423C（销售订单号：LAID16315EN01S）处理完成：总托盘 1，指数达标 0，未达标 1，平均缺口 172.00，最大缺口 172.00，失败托盘互借修复成功 0。
  - KPI：near/mid/deep=0/0/1，救回率=0.00%，pair效率=0.00%。
  - 耗时拆解：packing=0.01s，main_topup=0.00s，retry=0.00s，failed_pool=0.00s，repack=0.00s，total=0.01s。
正在处理托盘类型：MH423C，销售订单号：PAIN26316EN01S
  - 主算法：全局列式装箱 + 柱级组合优化（GCP）。
  - 失败托盘互借诊断：未合并（no_target_or_single_plan）。
托盘类型 MH423C（销售订单号：PAIN26316EN01S）处理完成：总托盘 1，指数达标 0，未达标 1，平均缺口 140.00，最大缺口 140.00，失败托盘互借修复成功 0。
  - KPI：near/mid/deep=0/0/1，救回率=0.00%，pair效率=0.00%。
  - 耗时拆解：packing=0.04s，main_topup=0.00s，retry=0.00s，failed_pool=0.00s，repack=0.00s，total=0.04s。
正在处理托盘类型：MH423C，销售订单号：LAID16315EN02S
  - 主算法：全局列式装箱 + 柱级组合优化（GCP）。
  - 失败托盘互借诊断：未合并（no_target_or_single_plan）。
托盘类型 MH423C（销售订单号：LAID16315EN02S）处理完成：总托盘 1，指数达标 0，未达标 1，平均缺口 148.00，最大缺口 148.00，失败托盘互借修复成功 0。
  - KPI：near/mid/deep=0/0/1，救回率=0.00%，pair效率=0.00%。
  - 耗时拆解：packing=0.01s，main_topup=0.00s，retry=0.00s，failed_pool=0.00s，repack=0.00s，total=0.01s。
正在处理托盘类型：MH423C，销售订单号：PAIN26296EC02S
  - 主算法：全局列式装箱 + 柱级组合优化（GCP）。
  - 失败托盘互借诊断：未合并（no_target_or_single_plan）。
托盘类型 MH423C（销售订单号：PAIN26296EC02S）处理完成：总托盘 1，指数达标 0，未达标 1，平均缺口 130.00，最大缺口 130.00，失败托盘互借修复成功 0。
  - KPI：near/mid/deep=0/0/1，救回率=0.00%，pair效率=0.00%。
  - 耗时拆解：packing=0.17s，main_topup=0.00s，retry=0.00s，failed_pool=0.00s，repack=0.00s，total=0.17s。
正在处理托盘类型：MH423C，销售订单号：PAIN26310MZ05S
  - 主算法：全局列式装箱 + 柱级组合优化（GCP）。
  - 失败托盘互借诊断：未合并（no_target_or_single_plan）。
托盘类型 MH423C（销售订单号：PAIN26310MZ05S）处理完成：总托盘 1，指数达标 0，未达标 1，平均缺口 86.00，最大缺口 86.00，失败托盘互借修复成功 0。
  - KPI：near/mid/deep=0/0/1，救回率=0.00%，pair效率=0.00%。
  - 耗时拆解：packing=1.46s，main_topup=0.00s，retry=0.00s，failed_pool=0.00s，repack=0.00s，total=1.46s。
正在处理托盘类型：MH423C，销售订单号：PEG086300LN01S
  - 主算法：全局列式装箱 + 柱级组合优化（GCP）。
  - 失败托盘互借诊断：未合并（no_target_or_single_plan）。
托盘类型 MH423C（销售订单号：PEG086300LN01S）处理完成：总托盘 1，指数达标 0，未达标 1，平均缺口 124.00，最大缺口 124.00，失败托盘互借修复成功 0。
  - KPI：near/mid/deep=0/0/1，救回率=0.00%，pair效率=0.00%。
  - 耗时拆解：packing=0.07s，main_topup=0.00s，retry=0.00s，failed_pool=0.00s，repack=0.00s，total=0.07s。
正在处理托盘类型：MH423C，销售订单号：LAID16315EN03S
  - 该分组不适合列式（多非满柱）→ 回退 beam + 配方优先。
  - 配方优先[fast]：规划 0 实例，实装成功 0，配方路径不可用 → 采用基线方案。
  - 指数诊断：箱子 5 个，总指数 40，目标 192，理论最多达标托盘 0 个，剩余指数 40。
  - 几何诊断：典型整层堆叠单盘参考上限 40/192。 当前目标可能受托盘高度/箱型组合限制。
  - 几何诊断提示：典型整层参考值 40 < 目标 192；该值不是不可达证明，继续执行指数救援。
  - 失败托盘互借诊断：未合并（no_target_or_single_plan）。
托盘类型 MH423C（销售订单号：LAID16315EN03S）处理完成：总托盘 1，指数达标 0，未达标 1，平均缺口 152.00，最大缺口 152.00，失败托盘互借修复成功 0。
  - KPI：near/mid/deep=0/0/1，救回率=0.00%，pair效率=0.00%。
  - 耗时拆解：packing=0.01s，main_topup=0.00s，retry=0.00s，failed_pool=0.00s，repack=0.00s，total=0.01s。
正在处理托盘类型：MH423C，销售订单号：LAID16316DN03S
  - 主算法：全局列式装箱 + 柱级组合优化（GCP）。
  - 失败托盘互借诊断：未合并（no_target_or_single_plan）。
托盘类型 MH423C（销售订单号：LAID16316DN03S）处理完成：总托盘 1，指数达标 0，未达标 1，平均缺口 144.00，最大缺口 144.00，失败托盘互借修复成功 0。
  - KPI：near/mid/deep=0/0/1，救回率=0.00%，pair效率=0.00%。
  - 耗时拆解：packing=0.03s，main_topup=0.00s，retry=0.00s，failed_pool=0.00s，repack=0.00s，total=0.04s。
正在处理托盘类型：MH423C，销售订单号：LAID16316DN01S
  - 主算法：全局列式装箱 + 柱级组合优化（GCP）。
  - 失败托盘互借诊断：未合并（no_target_or_single_plan）。
托盘类型 MH423C（销售订单号：LAID16316DN01S）处理完成：总托盘 1，指数达标 0，未达标 1，平均缺口 120.00，最大缺口 120.00，失败托盘互借修复成功 0。
  - KPI：near/mid/deep=0/0/1，救回率=0.00%，pair效率=0.00%。
  - 耗时拆解：packing=0.09s，main_topup=0.00s，retry=0.00s，failed_pool=0.00s，repack=0.00s，total=0.09s。
正在处理托盘类型：MH423C，销售订单号：LAID16316DN02S
  - 主算法：全局列式装箱 + 柱级组合优化（GCP）。
  - 失败托盘互借诊断：未合并（no_target_or_single_plan）。
托盘类型 MH423C（销售订单号：LAID16316DN02S）处理完成：总托盘 1，指数达标 0，未达标 1，平均缺口 168.00，最大缺口 168.00，失败托盘互借修复成功 0。
  - KPI：near/mid/deep=0/0/1，救回率=0.00%，pair效率=0.00%。
  - 耗时拆解：packing=0.01s，main_topup=0.00s，retry=0.00s，failed_pool=0.00s，repack=0.00s，total=0.01s。
正在处理托盘类型：MH423C，销售订单号：PAIN26310GC02S
  - 主算法：全局列式装箱 + 柱级组合优化（GCP）。
  - 失败托盘互借诊断：未合并（no_target_or_single_plan）。
托盘类型 MH423C（销售订单号：PAIN26310GC02S）处理完成：总托盘 1，指数达标 0，未达标 1，平均缺口 138.00，最大缺口 138.00，失败托盘互借修复成功 0。
  - KPI：near/mid/deep=0/0/1，救回率=0.00%，pair效率=0.00%。
  - 耗时拆解：packing=0.14s，main_topup=0.00s，retry=0.00s，failed_pool=0.00s，repack=0.00s，total=0.14s。
  - 失败盘装满压实：合并/吸收 1 次（纯减盘数）。
  - 跨子组装满压实（MH423C / PAID16290FN01S）：合并 1 次（纯减盘数）。
  - 失败盘装满压实：合并/吸收 1 次（纯减盘数）。
  - 跨子组装满压实（MH423C / PAID16296DN01S）：合并 1 次（纯减盘数）。
  - 失败盘装满压实：合并/吸收 1 次（纯减盘数）。
  - 跨子组装满压实（MH423C / PAID16306DN01S）：合并 1 次（纯减盘数）。
  - 失败盘装满压实：合并/吸收 1 次（纯减盘数）。
  - 跨子组装满压实（MH423C / LAMY16305FN01S）：合并 1 次（纯减盘数）。
  - 失败盘装满压实：合并/吸收 1 次（纯减盘数）。
  - 跨子组装满压实（MH423C / LFEG16300IN02S）：合并 1 次（纯减盘数）。
  - 失败盘装满压实：合并/吸收 1 次（纯减盘数）。
  - 跨子组装满压实（MH423C / LFEG16300IN03S）：合并 1 次（纯减盘数）。
  - 失败盘装满压实：合并/吸收 1 次（纯减盘数）。
  - 跨子组装满压实（MH423C / LAID16305BN03S）：合并 1 次（纯减盘数）。
========================================
统计汇总：总托盘 75，指数达标 0，未达标 75，未知 0，平均缺口 144.75，最大缺口 191.50，失败托盘互借修复成功 0
KPI汇总：near/mid/deep=0/2/73，pair尝试=0，pair改进=0，pair效率=0.00%
耗时汇总：packing=21.16s，main_topup=0.05s，retry=0.00s，repack=7.89s，end_to_end=44.85s
========================================
[WCS-装] SUCCESS 产品码 0 个，DB 更新达标 0 行；FAILED 盘 75 个保持未达标。
[WCS-装] 本轮结束；等待下一次「新插入」再开算。
[WCS-装] 本轮无达标托盘，跳过 success 目录写入。
[WCS-装] 未达标方案已保存：D:\research_code\final\zhuang\packing-workspace\output\fail\packing_plan_20260724_114743.json
[WCS-装] 无达标托盘，跳过 wcs_plan / wcs_plan_map 写入。
[WCS-装] 已跳过接口 2 推送（仅本地保存）。
[UI-RESULT] D:\research_code\final\zhuang\packing-workspace\output\fail\packing_plan_20260724_114743.json
[WCS-装] 等待数据库新插入（有新 product_code 才开算）…
============================================================
[WCS-拉] 20260724_115100：拉取接口 1 …
[WCS-拉] 原始响应已保存：D:\research_code\final\zhuang\packing-workspace\input\raw\20260724_115100.json
[WCS-拉] 已剔除 case_type≠MH423C 的品类 113 条（类型：['MH113', 'WR246']），保留 1471 条。
[WCS-DB] product_code 已存在、跳过 1471 条
[WCS-拉] 落库完成：候选 1471 条，新插入 0 条（新行 up_to_standard=0）。
[WCS-拉] 无新插入 → 不触发装箱。
============================================================
[WCS-拉] 20260724_115421：拉取接口 1 …
[WCS-拉] 原始响应已保存：D:\research_code\final\zhuang\packing-workspace\input\raw\20260724_115421.json
[WCS-拉] 已剔除 case_type≠MH423C 的品类 112 条（类型：['MH113', 'WR246']），保留 1418 条。
[WCS-DB] product_code 已存在、跳过 1418 条
[WCS-拉] 落库完成：候选 1418 条，新插入 0 条（新行 up_to_standard=0）。
[WCS-拉] 无新插入 → 不触发装箱。
============================================================
[WCS-拉] 20260724_115741：拉取接口 1 …
[WCS-拉] 原始响应已保存：D:\research_code\final\zhuang\packing-workspace\input\raw\20260724_115741.json
[WCS-拉] 已剔除 case_type≠MH423C 的品类 113 条（类型：['MH113', 'WR246']），保留 1422 条。
[WCS-DB] product_code 已存在、跳过 1422 条
[WCS-拉] 落库完成：候选 1422 条，新插入 0 条（新行 up_to_standard=0）。
[WCS-拉] 无新插入 → 不触发装箱。
============================================================
[WCS-拉] 20260724_120102：拉取接口 1 …
[WCS-拉] 原始响应已保存：D:\research_code\final\zhuang\packing-workspace\input\raw\20260724_120102.json
[WCS-拉] 已剔除 case_type≠MH423C 的品类 113 条（类型：['MH113', 'WR246']），保留 1424 条。
[WCS-DB] product_code 已存在、跳过 1422 条
[WCS-拉] 落库完成：候选 1424 条，新插入 2 条（新行 up_to_standard=0）。
[WCS-拉] 有新插入 → 唤醒装箱线程。
[WCS] 已加载 BMS 参考表：D:\research_code\final\zhuang\packing-workspace\data\selected_5000_boxes_9_1_concentrated_3orders.xlsx
============================================================
[WCS-装] 20260724_120105：未达标行 1501 条，开始装箱 …
[WCS-装] 展开为 1501 个箱子。
数据预处理和箱子分组完成（按托盘类型+销售订单号）。
----------------------------------------
  - 组内子聚类：11 个混合订单拆出规则子集走 GCP、杂箱走 baseline。
正在处理托盘类型：MH423C，销售订单号：PAID16280FN01S
  - 该分组不适合列式（多非满柱）→ 回退 beam + 配方优先。
  - 配方优先[fast]：规划 0 实例，实装成功 0，配方路径不可用 → 采用基线方案。
  - 指数诊断：箱子 1 个，总指数 4，目标 192，理论最多达标托盘 0 个，剩余指数 4。
  - 几何诊断：典型整层堆叠单盘参考上限 4/192。 当前目标可能受托盘高度/箱型组合限制。
  - 几何诊断提示：典型整层参考值 4 < 目标 192；该值不是不可达证明，继续执行指数救援。
  - 失败托盘互借诊断：未合并（no_target_or_single_plan）。
托盘类型 MH423C（销售订单号：PAID16280FN01S）处理完成：总托盘 1，指数达标 0，未达标 1，平均缺口 188.00，最大缺口 188.00，失败托盘互借修复成功 0。
  - KPI：near/mid/deep=0/0/1，救回率=0.00%，pair效率=0.00%。
  - 耗时拆解：packing=0.00s，main_topup=0.00s，retry=0.00s，failed_pool=0.00s，repack=0.00s，total=0.00s。
正在处理托盘类型：MH423C，销售订单号：LFEG16290IN01S
  - 该分组不适合列式（多非满柱）→ 回退 beam + 配方优先。
  - 托盘 MH423C-LFEG16290IN01S-1 未找到可行装箱方案，启用剩余箱子守恒兜底。
  - 配方优先[fast]：规划 0 实例，实装成功 0，配方路径不可用 → 采用基线方案。
  - 指数诊断：箱子 9 个，总指数 17，目标 192，理论最多达标托盘 0 个，剩余指数 17。
  - 几何诊断：典型整层堆叠单盘参考上限 12/192。 当前目标可能受托盘高度/箱型组合限制。
  - 几何诊断提示：典型整层参考值 12 < 目标 192；该值不是不可达证明，继续执行指数救援。
  - 失败盘装满压实：合并/吸收 3 次（纯减盘数）。
  - 失败托盘互借诊断：未合并（aborted_no_improvement_possible）。
托盘类型 MH423C（销售订单号：LFEG16290IN01S）处理完成：总托盘 1，指数达标 0，未达标 1，平均缺口 175.00，最大缺口 175.00，失败托盘互借修复成功 0。
  - KPI：near/mid/deep=0/0/1，救回率=0.00%，pair效率=0.00%。
  - 耗时拆解：packing=0.02s，main_topup=0.00s，retry=0.00s，failed_pool=0.00s，repack=0.17s，total=0.26s。
正在处理托盘类型：MH423C，销售订单号：LFEG16290IN02S
  - 该分组不适合列式（多非满柱）→ 回退 beam + 配方优先。
  - 配方优先[fast]：规划 0 实例，实装成功 0，配方路径不可用 → 采用基线方案。
  - 指数诊断：箱子 33 个，总指数 33.5，目标 192，理论最多达标托盘 0 个，剩余指数 33.5。
  - 几何诊断：典型整层堆叠单盘参考上限 28.5/192。 当前目标可能受托盘高度/箱型组合限制。
  - 几何诊断提示：典型整层参考值 28.5 < 目标 192；该值不是不可达证明，继续执行指数救援。
  - 失败托盘互借诊断：未合并（no_target_or_single_plan）。
托盘类型 MH423C（销售订单号：LFEG16290IN02S）处理完成：总托盘 1，指数达标 0，未达标 1，平均缺口 158.50，最大缺口 158.50，失败托盘互借修复成功 0。
  - KPI：near/mid/deep=0/0/1，救回率=0.00%，pair效率=0.00%。
  - 耗时拆解：packing=0.30s，main_topup=0.00s，retry=0.00s，failed_pool=0.00s，repack=0.00s，total=0.30s。
正在处理托盘类型：MH423C，销售订单号：LAID16306DN01S
  - 该分组不适合列式（多非满柱）→ 回退 beam + 配方优先。
  - 配方优先[fast]：规划 0 实例，实装成功 0，配方路径不可用 → 采用基线方案。
  - 指数诊断：箱子 50 个，总指数 88，目标 192，理论最多达标托盘 0 个，剩余指数 88。
  - 几何诊断：典型整层堆叠单盘参考上限 65/192。 当前目标可能受托盘高度/箱型组合限制。
  - 几何诊断提示：典型整层参考值 65 < 目标 192；该值不是不可达证明，继续执行指数救援。
  - 失败托盘互借诊断：未合并（aborted_no_improvement_possible）。
托盘类型 MH423C（销售订单号：LAID16306DN01S）处理完成：总托盘 2，指数达标 0，未达标 2，平均缺口 148.00，最大缺口 182.00，失败托盘互借修复成功 0。
  - KPI：near/mid/deep=0/0/2，救回率=0.00%，pair效率=0.00%。
  - 耗时拆解：packing=0.27s，main_topup=0.01s，retry=0.00s，failed_pool=0.00s，repack=0.54s，total=1.54s。
正在处理托盘类型：MH423C，销售订单号：LAID16296DN01S
  - 主算法：全局列式装箱 + 柱级组合优化（GCP）。
  - 失败托盘互借诊断：未合并（no_target_or_single_plan）。
托盘类型 MH423C（销售订单号：LAID16296DN01S）处理完成：总托盘 1，指数达标 0，未达标 1，平均缺口 151.50，最大缺口 151.50，失败托盘互借修复成功 0。
  - KPI：near/mid/deep=0/0/1，救回率=0.00%，pair效率=0.00%。
  - 耗时拆解：packing=0.08s，main_topup=0.00s，retry=0.00s，failed_pool=0.00s，repack=0.00s，total=0.08s。
正在处理托盘类型：MH423C，销售订单号：LAID16296DN01S__SPLITREST__
  - 该分组不适合列式（多非满柱）→ 回退 beam + 配方优先。
  - 配方优先[fast]：规划 0 实例，实装成功 0，配方路径不可用 → 采用基线方案。
  - 指数诊断：箱子 4 个，总指数 8，目标 192，理论最多达标托盘 0 个，剩余指数 8。
  - 几何诊断：典型整层堆叠单盘参考上限 8/192。 当前目标可能受托盘高度/箱型组合限制。
  - 几何诊断提示：典型整层参考值 8 < 目标 192；该值不是不可达证明，继续执行指数救援。
  - 失败托盘互借诊断：未合并（no_target_or_single_plan）。
托盘类型 MH423C（销售订单号：LAID16296DN01S__SPLITREST__）处理完成：总托盘 1，指数达标 0，未达标 1，平均缺口 184.00，最大缺口 184.00，失败托盘互借修复成功 0。
  - KPI：near/mid/deep=0/0/1，救回率=0.00%，pair效率=0.00%。
  - 耗时拆解：packing=0.00s，main_topup=0.00s，retry=0.00s，failed_pool=0.00s，repack=0.00s，total=0.01s。
正在处理托盘类型：MH423C，销售订单号：LAID16296DN02S
  - 主算法：全局列式装箱 + 柱级组合优化（GCP）。
  - GCP 盘数远超理论（CP-SAT 装不满）→ 回退 baseline beam + 配方优先。
  - 托盘 MH423C-LAID16296DN02S-2 未找到可行装箱方案，启用剩余箱子守恒兜底。
  - 配方优先[fast]：规划 0 实例，实装成功 0，配方路径不可用 → 采用基线方案。
  - 指数诊断：箱子 49 个，总指数 164.5，目标 192，理论最多达标托盘 0 个，剩余指数 164.5。
  - 几何诊断：典型整层堆叠单盘参考上限 97/192。 当前目标可能受托盘高度/箱型组合限制。
  - 几何诊断提示：典型整层参考值 97 < 目标 192；该值不是不可达证明，继续执行指数救援。
  - 失败托盘互借诊断：未合并（aborted_no_improvement_possible）。
托盘类型 MH423C（销售订单号：LAID16296DN02S）处理完成：总托盘 4，指数达标 0，未达标 4，平均缺口 150.88，最大缺口 191.00，失败托盘互借修复成功 0。
  - KPI：near/mid/deep=0/0/4，救回率=0.00%，pair效率=0.00%。
  - 耗时拆解：packing=0.31s，main_topup=0.01s，retry=0.00s，failed_pool=0.00s，repack=0.93s，total=2.62s。
正在处理托盘类型：MH423C，销售订单号：LAID16296DN03S
  - 主算法：全局列式装箱 + 柱级组合优化（GCP）。
  - 失败托盘互借诊断：未合并（no_target_or_single_plan）。
托盘类型 MH423C（销售订单号：LAID16296DN03S）处理完成：总托盘 1，指数达标 0，未达标 1，平均缺口 89.00，最大缺口 89.00，失败托盘互借修复成功 0。
  - KPI：near/mid/deep=0/0/1，救回率=0.00%，pair效率=0.00%。
  - 耗时拆解：packing=0.73s，main_topup=0.00s，retry=0.00s，failed_pool=0.00s，repack=0.00s，total=0.73s。
正在处理托盘类型：MH423C，销售订单号：LFEG16290IN03S
  - 该分组不适合列式（多非满柱）→ 回退 beam + 配方优先。
  - 配方优先[fast]：规划 0 实例，实装成功 0，配方路径不可用 → 采用基线方案。
  - 指数诊断：箱子 37 个，总指数 69，目标 192，理论最多达标托盘 0 个，剩余指数 69。
  - 几何诊断：典型整层堆叠单盘参考上限 51/192。 当前目标可能受托盘高度/箱型组合限制。
  - 几何诊断提示：典型整层参考值 51 < 目标 192；该值不是不可达证明，继续执行指数救援。
  - 失败托盘互借诊断：未合并（aborted_no_improvement_possible）。
托盘类型 MH423C（销售订单号：LFEG16290IN03S）处理完成：总托盘 2，指数达标 0，未达标 2，平均缺口 157.50，最大缺口 189.00，失败托盘互借修复成功 0。
  - KPI：near/mid/deep=0/0/2，救回率=0.00%，pair效率=0.00%。
  - 耗时拆解：packing=0.18s，main_topup=0.00s，retry=0.00s，failed_pool=0.00s，repack=0.29s，total=0.94s。
正在处理托盘类型：MH423C，销售订单号：LFEG16310IN02S
  - 该分组不适合列式（多非满柱）→ 回退 beam + 配方优先。
  - 配方优先[fast]：规划 0 实例，实装成功 0，配方路径不可用 → 采用基线方案。
  - 指数诊断：箱子 15 个，总指数 35，目标 192，理论最多达标托盘 0 个，剩余指数 35。
  - 几何诊断：典型整层堆叠单盘参考上限 29/192。 当前目标可能受托盘高度/箱型组合限制。
  - 几何诊断提示：典型整层参考值 29 < 目标 192；该值不是不可达证明，继续执行指数救援。
  - 失败托盘互借诊断：未合并（no_target_or_single_plan）。
托盘类型 MH423C（销售订单号：LFEG16310IN02S）处理完成：总托盘 1，指数达标 0，未达标 1，平均缺口 157.00，最大缺口 157.00，失败托盘互借修复成功 0。
  - KPI：near/mid/deep=0/0/1，救回率=0.00%，pair效率=0.00%。
  - 耗时拆解：packing=0.07s，main_topup=0.00s，retry=0.00s，failed_pool=0.00s，repack=0.00s，total=0.07s。
正在处理托盘类型：MH423C，销售订单号：LFEG16310IN01S
  - 该分组不适合列式（多非满柱）→ 回退 beam + 配方优先。
  - 配方优先[fast]：规划 0 实例，实装成功 0，配方路径不可用 → 采用基线方案。
  - 指数诊断：箱子 17 个，总指数 36，目标 192，理论最多达标托盘 0 个，剩余指数 36。
  - 几何诊断：典型整层堆叠单盘参考上限 30/192。 当前目标可能受托盘高度/箱型组合限制。
  - 几何诊断提示：典型整层参考值 30 < 目标 192；该值不是不可达证明，继续执行指数救援。
  - 失败托盘互借诊断：未合并（no_target_or_single_plan）。
托盘类型 MH423C（销售订单号：LFEG16310IN01S）处理完成：总托盘 1，指数达标 0，未达标 1，平均缺口 156.00，最大缺口 156.00，失败托盘互借修复成功 0。
  - KPI：near/mid/deep=0/0/1，救回率=0.00%，pair效率=0.00%。
  - 耗时拆解：packing=0.10s，main_topup=0.00s，retry=0.00s，failed_pool=0.00s，repack=0.00s，total=0.10s。
正在处理托盘类型：MH423C，销售订单号：PAID16290FN01S
  - 主算法：全局列式装箱 + 柱级组合优化（GCP）。
  - 失败托盘互借诊断：未合并（no_target_or_single_plan）。
托盘类型 MH423C（销售订单号：PAID16290FN01S）处理完成：总托盘 1，指数达标 0，未达标 1，平均缺口 161.00，最大缺口 161.00，失败托盘互借修复成功 0。
  - KPI：near/mid/deep=0/0/1，救回率=0.00%，pair效率=0.00%。
  - 耗时拆解：packing=0.03s，main_topup=0.00s，retry=0.00s，failed_pool=0.00s，repack=0.00s，total=0.03s。
正在处理托盘类型：MH423C，销售订单号：PAID16290FN01S__SPLITREST__
  - 该分组不适合列式（多非满柱）→ 回退 beam + 配方优先。
  - 配方优先[fast]：规划 0 实例，实装成功 0，配方路径不可用 → 采用基线方案。
  - 指数诊断：箱子 1 个，总指数 0.5，目标 192，理论最多达标托盘 0 个，剩余指数 0.5。
  - 几何诊断：典型整层堆叠单盘参考上限 0.5/192。 当前目标可能受托盘高度/箱型组合限制。
  - 几何诊断提示：典型整层参考值 0.5 < 目标 192；该值不是不可达证明，继续执行指数救援。
  - 失败托盘互借诊断：未合并（no_target_or_single_plan）。
托盘类型 MH423C（销售订单号：PAID16290FN01S__SPLITREST__）处理完成：总托盘 1，指数达标 0，未达标 1，平均缺口 191.50，最大缺口 191.50，失败托盘互借修复成功 0。
  - KPI：near/mid/deep=0/0/1，救回率=0.00%，pair效率=0.00%。
  - 耗时拆解：packing=0.00s，main_topup=0.00s，retry=0.00s，failed_pool=0.00s，repack=0.00s，total=0.00s。
正在处理托盘类型：MH423C，销售订单号：PAIN26290BC02S
  - 主算法：全局列式装箱 + 柱级组合优化（GCP）。
  - 失败托盘互借诊断：未合并（no_target_or_single_plan）。
托盘类型 MH423C（销售订单号：PAIN26290BC02S）处理完成：总托盘 1，指数达标 0，未达标 1，平均缺口 84.00，最大缺口 84.00，失败托盘互借修复成功 0。
  - KPI：near/mid/deep=0/0/1，救回率=0.00%，pair效率=0.00%。
  - 耗时拆解：packing=1.30s，main_topup=0.00s，retry=0.00s，failed_pool=0.00s，repack=0.00s，total=1.31s。
正在处理托盘类型：MH423C，销售订单号：PAIN26286EN01S
  - 该分组不适合列式（多非满柱）→ 回退 beam + 配方优先。
  - 配方优先[fast]：规划 0 实例，实装成功 0，配方路径不可用 → 采用基线方案。
  - 指数诊断：箱子 1 个，总指数 2，目标 192，理论最多达标托盘 0 个，剩余指数 2。
  - 几何诊断：典型整层堆叠单盘参考上限 2/192。 当前目标可能受托盘高度/箱型组合限制。
  - 几何诊断提示：典型整层参考值 2 < 目标 192；该值不是不可达证明，继续执行指数救援。
  - 失败托盘互借诊断：未合并（no_target_or_single_plan）。
托盘类型 MH423C（销售订单号：PAIN26286EN01S）处理完成：总托盘 1，指数达标 0，未达标 1，平均缺口 190.00，最大缺口 190.00，失败托盘互借修复成功 0。
  - KPI：near/mid/deep=0/0/1，救回率=0.00%，pair效率=0.00%。
  - 耗时拆解：packing=0.00s，main_topup=0.00s，retry=0.00s，failed_pool=0.00s，repack=0.00s，total=0.00s。
正在处理托盘类型：MH423C，销售订单号：LAID16296DN03S__CASEGROUP__1
  - 主算法：全局列式装箱 + 柱级组合优化（GCP）。
  - 失败托盘互借诊断：未合并（no_target_or_single_plan）。
托盘类型 MH423C（销售订单号：LAID16296DN03S__CASEGROUP__1）处理完成：总托盘 1，指数达标 0，未达标 1，平均缺口 90.00，最大缺口 90.00，失败托盘互借修复成功 0。
  - KPI：near/mid/deep=0/0/1，救回率=0.00%，pair效率=0.00%。
  - 耗时拆解：packing=0.39s，main_topup=0.00s，retry=0.00s，failed_pool=0.00s，repack=0.00s，total=0.39s。
正在处理托盘类型：MH423C，销售订单号：LAID16296DN03S__CASEGROUP__1__SPLITREST__
  - 该分组不适合列式（多非满柱）→ 回退 beam + 配方优先。
  - 配方优先[fast]：规划 0 实例，实装成功 0，配方路径不可用 → 采用基线方案。
  - 指数诊断：箱子 4 个，总指数 2，目标 192，理论最多达标托盘 0 个，剩余指数 2。
  - 几何诊断：典型整层堆叠单盘参考上限 2/192。 当前目标可能受托盘高度/箱型组合限制。
  - 几何诊断提示：典型整层参考值 2 < 目标 192；该值不是不可达证明，继续执行指数救援。
  - 失败托盘互借诊断：未合并（no_target_or_single_plan）。
托盘类型 MH423C（销售订单号：LAID16296DN03S__CASEGROUP__1__SPLITREST__）处理完成：总托盘 1，指数达标 0，未达标 1，平均缺口 190.00，最大缺口 190.00，失败托盘互借修复成功 0。
  - KPI：near/mid/deep=0/0/1，救回率=0.00%，pair效率=0.00%。
  - 耗时拆解：packing=0.00s，main_topup=0.00s，retry=0.00s，failed_pool=0.00s，repack=0.00s，total=0.02s。
正在处理托盘类型：MH423C，销售订单号：LAMY16315FN01S
  - 主算法：全局列式装箱 + 柱级组合优化（GCP）。
  - 失败托盘互借诊断：未合并（no_target_or_single_plan）。
托盘类型 MH423C（销售订单号：LAMY16315FN01S）处理完成：总托盘 1，指数达标 0，未达标 1，平均缺口 21.00，最大缺口 21.00，失败托盘互借修复成功 0。
  - KPI：near/mid/deep=0/1/0，救回率=0.00%，pair效率=0.00%。
  - 耗时拆解：packing=0.96s，main_topup=0.00s，retry=0.00s，failed_pool=0.00s，repack=0.00s，total=0.96s。
正在处理托盘类型：MH423C，销售订单号：LAMY16315FN01S__SPLITREST__
  - 该分组不适合列式（多非满柱）→ 回退 beam + 配方优先。
  - 配方优先[fast]：规划 0 实例，实装成功 0，配方路径不可用 → 采用基线方案。
  - 指数诊断：箱子 1 个，总指数 0.5，目标 192，理论最多达标托盘 0 个，剩余指数 0.5。
  - 几何诊断：典型整层堆叠单盘参考上限 0.5/192。 当前目标可能受托盘高度/箱型组合限制。
  - 几何诊断提示：典型整层参考值 0.5 < 目标 192；该值不是不可达证明，继续执行指数救援。
  - 失败托盘互借诊断：未合并（no_target_or_single_plan）。
托盘类型 MH423C（销售订单号：LAMY16315FN01S__SPLITREST__）处理完成：总托盘 1，指数达标 0，未达标 1，平均缺口 191.50，最大缺口 191.50，失败托盘互借修复成功 0。
  - KPI：near/mid/deep=0/0/1，救回率=0.00%，pair效率=0.00%。
  - 耗时拆解：packing=0.00s，main_topup=0.00s，retry=0.00s，failed_pool=0.00s，repack=0.00s，total=0.00s。
正在处理托盘类型：MH423C，销售订单号：LAID16305BN02S
  - 主算法：全局列式装箱 + 柱级组合优化（GCP）。
  - 失败托盘互借诊断：未合并（no_target_or_single_plan）。
托盘类型 MH423C（销售订单号：LAID16305BN02S）处理完成：总托盘 1，指数达标 0，未达标 1，平均缺口 128.50，最大缺口 128.50，失败托盘互借修复成功 0。
  - KPI：near/mid/deep=0/0/1，救回率=0.00%，pair效率=0.00%。
  - 耗时拆解：packing=0.49s，main_topup=0.00s，retry=0.00s，failed_pool=0.00s，repack=0.00s，total=0.49s。
正在处理托盘类型：MH423C，销售订单号：PAID16280FC02S
  - 主算法：全局列式装箱 + 柱级组合优化（GCP）。
  - GCP 盘数远超理论（CP-SAT 装不满）→ 回退 baseline beam + 配方优先。
  - 配方优先[fast]：规划 0 实例，实装成功 0，配方路径不可用 → 采用基线方案。
  - 指数诊断：箱子 4 个，总指数 16，目标 192，理论最多达标托盘 0 个，剩余指数 16。
  - 几何诊断：典型整层堆叠单盘参考上限 16/192。 当前目标可能受托盘高度/箱型组合限制。
  - 几何诊断提示：典型整层参考值 16 < 目标 192；该值不是不可达证明，继续执行指数救援。
  - 失败托盘互借诊断：未合并（no_target_or_single_plan）。
托盘类型 MH423C（销售订单号：PAID16280FC02S）处理完成：总托盘 1，指数达标 0，未达标 1，平均缺口 176.00，最大缺口 176.00，失败托盘互借修复成功 0。
  - KPI：near/mid/deep=0/0/1，救回率=0.00%，pair效率=0.00%。
  - 耗时拆解：packing=0.00s，main_topup=0.00s，retry=0.00s，failed_pool=0.00s，repack=0.00s，total=0.02s。
正在处理托盘类型：MH423C，销售订单号：PAID16290FC02S
  - 该分组不适合列式（多非满柱）→ 回退 beam + 配方优先。
  - 配方优先[fast]：规划 0 实例，实装成功 0，配方路径不可用 → 采用基线方案。
  - 指数诊断：箱子 6 个，总指数 14，目标 192，理论最多达标托盘 0 个，剩余指数 14。
  - 几何诊断：典型整层堆叠单盘参考上限 14/192。 当前目标可能受托盘高度/箱型组合限制。
  - 几何诊断提示：典型整层参考值 14 < 目标 192；该值不是不可达证明，继续执行指数救援。
  - 失败托盘互借诊断：未合并（no_target_or_single_plan）。
托盘类型 MH423C（销售订单号：PAID16290FC02S）处理完成：总托盘 1，指数达标 0，未达标 1，平均缺口 178.00，最大缺口 178.00，失败托盘互借修复成功 0。
  - KPI：near/mid/deep=0/0/1，救回率=0.00%，pair效率=0.00%。
  - 耗时拆解：packing=0.01s，main_topup=0.00s，retry=0.00s，failed_pool=0.00s，repack=0.00s，total=0.05s。
正在处理托盘类型：MH423C，销售订单号：PEG146296CN01S
  - 主算法：全局列式装箱 + 柱级组合优化（GCP）。
  - 失败托盘互借诊断：未合并（no_target_or_single_plan）。
托盘类型 MH423C（销售订单号：PEG146296CN01S）处理完成：总托盘 1，指数达标 0，未达标 1，平均缺口 68.00，最大缺口 68.00，失败托盘互借修复成功 0。
  - KPI：near/mid/deep=0/0/1，救回率=0.00%，pair效率=0.00%。
  - 耗时拆解：packing=0.31s，main_topup=0.00s，retry=0.00s，failed_pool=0.00s，repack=0.00s，total=0.31s。
正在处理托盘类型：MH423C，销售订单号：PAID16295BN01S
  - 主算法：全局列式装箱 + 柱级组合优化（GCP）。
  - 失败托盘互借诊断：未合并（aborted_no_improvement_possible）。
托盘类型 MH423C（销售订单号：PAID16295BN01S）处理完成：总托盘 2，指数达标 0，未达标 2，平均缺口 96.75，最大缺口 163.50，失败托盘互借修复成功 0。
  - KPI：near/mid/deep=0/0/2，救回率=0.00%，pair效率=0.00%。
  - 耗时拆解：packing=2.19s，main_topup=0.00s，retry=0.00s，failed_pool=0.00s，repack=1.50s，total=3.69s。
正在处理托盘类型：MH423C，销售订单号：PAID16296DN01S
  - 主算法：全局列式装箱 + 柱级组合优化（GCP）。
  - 失败托盘互借诊断：未合并（no_target_or_single_plan）。
托盘类型 MH423C（销售订单号：PAID16296DN01S）处理完成：总托盘 1，指数达标 0，未达标 1，平均缺口 132.50，最大缺口 132.50，失败托盘互借修复成功 0。
  - KPI：near/mid/deep=0/0/1，救回率=0.00%，pair效率=0.00%。
  - 耗时拆解：packing=1.26s，main_topup=0.00s，retry=0.00s，failed_pool=0.00s，repack=0.00s，total=1.26s。
正在处理托盘类型：MH423C，销售订单号：PAID16296DN01S__SPLITREST__
  - 该分组不适合列式（多非满柱）→ 回退 beam + 配方优先。
  - 配方优先[fast]：规划 0 实例，实装成功 0，配方路径不可用 → 采用基线方案。
  - 指数诊断：箱子 3 个，总指数 6，目标 192，理论最多达标托盘 0 个，剩余指数 6。
  - 几何诊断：典型整层堆叠单盘参考上限 6/192。 当前目标可能受托盘高度/箱型组合限制。
  - 几何诊断提示：典型整层参考值 6 < 目标 192；该值不是不可达证明，继续执行指数救援。
  - 失败托盘互借诊断：未合并（no_target_or_single_plan）。
托盘类型 MH423C（销售订单号：PAID16296DN01S__SPLITREST__）处理完成：总托盘 1，指数达标 0，未达标 1，平均缺口 186.00，最大缺口 186.00，失败托盘互借修复成功 0。
  - KPI：near/mid/deep=0/0/1，救回率=0.00%，pair效率=0.00%。
  - 耗时拆解：packing=0.00s，main_topup=0.00s，retry=0.00s，failed_pool=0.00s，repack=0.00s，total=0.01s。
正在处理托盘类型：MH423C，销售订单号：LAID16305EN01S
  - 该分组不适合列式（多非满柱）→ 回退 beam + 配方优先。
  - 配方优先[fast]：规划 0 实例，实装成功 0，配方路径不可用 → 采用基线方案。
  - 指数诊断：箱子 27 个，总指数 81.5，目标 192，理论最多达标托盘 0 个，剩余指数 81.5。
  - 几何诊断：典型整层堆叠单盘参考上限 63/192。 当前目标可能受托盘高度/箱型组合限制。
  - 几何诊断提示：典型整层参考值 63 < 目标 192；该值不是不可达证明，继续执行指数救援。
  - 失败托盘互借诊断：未合并（aborted_no_improvement_possible）。
托盘类型 MH423C（销售订单号：LAID16305EN01S）处理完成：总托盘 2，指数达标 0，未达标 2，平均缺口 151.25，最大缺口 162.00，失败托盘互借修复成功 0。
  - KPI：near/mid/deep=0/0/2，救回率=0.00%，pair效率=0.00%。
  - 耗时拆解：packing=0.22s，main_topup=0.00s，retry=0.00s，failed_pool=0.00s，repack=0.16s，total=0.38s。
正在处理托盘类型：MH423C，销售订单号：PAID16295EL05S
  - 该分组不适合列式（多非满柱）→ 回退 beam + 配方优先。
  - 配方优先[fast]：规划 0 实例，实装成功 0，配方路径不可用 → 采用基线方案。
  - 指数诊断：箱子 1 个，总指数 2，目标 192，理论最多达标托盘 0 个，剩余指数 2。
  - 几何诊断：典型整层堆叠单盘参考上限 2/192。 当前目标可能受托盘高度/箱型组合限制。
  - 几何诊断提示：典型整层参考值 2 < 目标 192；该值不是不可达证明，继续执行指数救援。
  - 失败托盘互借诊断：未合并（no_target_or_single_plan）。
托盘类型 MH423C（销售订单号：PAID16295EL05S）处理完成：总托盘 1，指数达标 0，未达标 1，平均缺口 190.00，最大缺口 190.00，失败托盘互借修复成功 0。
  - KPI：near/mid/deep=0/0/1，救回率=0.00%，pair效率=0.00%。
  - 耗时拆解：packing=0.00s，main_topup=0.00s，retry=0.00s，failed_pool=0.00s，repack=0.00s，total=0.00s。
正在处理托盘类型：MH423C，销售订单号：PAID16290FL03S
  - 该分组不适合列式（多非满柱）→ 回退 beam + 配方优先。
  - 配方优先[fast]：规划 0 实例，实装成功 0，配方路径不可用 → 采用基线方案。
  - 指数诊断：箱子 3 个，总指数 6，目标 192，理论最多达标托盘 0 个，剩余指数 6。
  - 几何诊断：典型整层堆叠单盘参考上限 6/192。 当前目标可能受托盘高度/箱型组合限制。
  - 几何诊断提示：典型整层参考值 6 < 目标 192；该值不是不可达证明，继续执行指数救援。
  - 失败托盘互借诊断：未合并（no_target_or_single_plan）。
托盘类型 MH423C（销售订单号：PAID16290FL03S）处理完成：总托盘 1，指数达标 0，未达标 1，平均缺口 186.00，最大缺口 186.00，失败托盘互借修复成功 0。
  - KPI：near/mid/deep=0/0/1，救回率=0.00%，pair效率=0.00%。
  - 耗时拆解：packing=0.00s，main_topup=0.00s，retry=0.00s，failed_pool=0.00s，repack=0.00s，total=0.01s。
正在处理托盘类型：MH423C，销售订单号：PAID16306DN01S
  - 主算法：全局列式装箱 + 柱级组合优化（GCP）。
  - 失败托盘互借诊断：未合并（no_target_or_single_plan）。
托盘类型 MH423C（销售订单号：PAID16306DN01S）处理完成：总托盘 1，指数达标 0，未达标 1，平均缺口 170.00，最大缺口 170.00，失败托盘互借修复成功 0。
  - KPI：near/mid/deep=0/0/1，救回率=0.00%，pair效率=0.00%。
  - 耗时拆解：packing=0.10s，main_topup=0.00s，retry=0.00s，failed_pool=0.00s，repack=0.00s，total=0.10s。
正在处理托盘类型：MH423C，销售订单号：PAID16306DN01S__SPLITREST__
  - 该分组不适合列式（多非满柱）→ 回退 beam + 配方优先。
  - 配方优先[fast]：规划 0 实例，实装成功 0，配方路径不可用 → 采用基线方案。
  - 指数诊断：箱子 2 个，总指数 1，目标 192，理论最多达标托盘 0 个，剩余指数 1。
  - 几何诊断：典型整层堆叠单盘参考上限 1/192。 当前目标可能受托盘高度/箱型组合限制。
  - 几何诊断提示：典型整层参考值 1 < 目标 192；该值不是不可达证明，继续执行指数救援。
  - 失败托盘互借诊断：未合并（no_target_or_single_plan）。
托盘类型 MH423C（销售订单号：PAID16306DN01S__SPLITREST__）处理完成：总托盘 1，指数达标 0，未达标 1，平均缺口 191.00，最大缺口 191.00，失败托盘互借修复成功 0。
  - KPI：near/mid/deep=0/0/1，救回率=0.00%，pair效率=0.00%。
  - 耗时拆解：packing=0.00s，main_topup=0.00s，retry=0.00s，failed_pool=0.00s，repack=0.00s，total=0.01s。
正在处理托盘类型：MH423C，销售订单号：LAMY16305FN01S
  - 主算法：全局列式装箱 + 柱级组合优化（GCP）。
  - 失败托盘互借诊断：未合并（aborted_no_improvement_possible）。
托盘类型 MH423C（销售订单号：LAMY16305FN01S）处理完成：总托盘 2，指数达标 0，未达标 2，平均缺口 131.25，最大缺口 190.00，失败托盘互借修复成功 0。
  - KPI：near/mid/deep=0/0/2，救回率=0.00%，pair效率=0.00%。
  - 耗时拆解：packing=1.35s，main_topup=0.00s，retry=0.00s，failed_pool=0.00s，repack=1.07s，total=2.42s。
正在处理托盘类型：MH423C，销售订单号：LAMY16305FN01S__SPLITREST__
  - 该分组不适合列式（多非满柱）→ 回退 beam + 配方优先。
  - 配方优先[fast]：规划 0 实例，实装成功 0，配方路径不可用 → 采用基线方案。
  - 指数诊断：箱子 1 个，总指数 6，目标 192，理论最多达标托盘 0 个，剩余指数 6。
  - 几何诊断：典型整层堆叠单盘参考上限 6/192。 当前目标可能受托盘高度/箱型组合限制。
  - 几何诊断提示：典型整层参考值 6 < 目标 192；该值不是不可达证明，继续执行指数救援。
  - 失败托盘互借诊断：未合并（no_target_or_single_plan）。
托盘类型 MH423C（销售订单号：LAMY16305FN01S__SPLITREST__）处理完成：总托盘 1，指数达标 0，未达标 1，平均缺口 186.00，最大缺口 186.00，失败托盘互借修复成功 0。
  - KPI：near/mid/deep=0/0/1，救回率=0.00%，pair效率=0.00%。
  - 耗时拆解：packing=0.00s，main_topup=0.00s，retry=0.00s，failed_pool=0.00s，repack=0.00s，total=0.00s。
正在处理托盘类型：MH423C，销售订单号：PAID16300FN01S
  - 该分组不适合列式（多非满柱）→ 回退 beam + 配方优先。
  - 配方优先[fast]：规划 0 实例，实装成功 0，配方路径不可用 → 采用基线方案。
  - 指数诊断：箱子 8 个，总指数 19，目标 192，理论最多达标托盘 0 个，剩余指数 19。
  - 几何诊断：典型整层堆叠单盘参考上限 19/192。 当前目标可能受托盘高度/箱型组合限制。
  - 几何诊断提示：典型整层参考值 19 < 目标 192；该值不是不可达证明，继续执行指数救援。
  - 失败托盘互借诊断：未合并（no_target_or_single_plan）。
托盘类型 MH423C（销售订单号：PAID16300FN01S）处理完成：总托盘 1，指数达标 0，未达标 1，平均缺口 173.00，最大缺口 173.00，失败托盘互借修复成功 0。
  - KPI：near/mid/deep=0/0/1，救回率=0.00%，pair效率=0.00%。
  - 耗时拆解：packing=0.01s，main_topup=0.00s，retry=0.00s，failed_pool=0.00s，repack=0.00s，total=0.05s。
正在处理托盘类型：MH423C，销售订单号：PAID16295BD02S
  - 主算法：全局列式装箱 + 柱级组合优化（GCP）。
  - 失败托盘互借诊断：未合并（no_target_or_single_plan）。
托盘类型 MH423C（销售订单号：PAID16295BD02S）处理完成：总托盘 1，指数达标 0，未达标 1，平均缺口 156.00，最大缺口 156.00，失败托盘互借修复成功 0。
  - KPI：near/mid/deep=0/0/1，救回率=0.00%，pair效率=0.00%。
  - 耗时拆解：packing=0.07s，main_topup=0.00s，retry=0.00s，failed_pool=0.00s，repack=0.00s，total=0.07s。
正在处理托盘类型：MH423C，销售订单号：LFEG16300IN02S
  - 主算法：全局列式装箱 + 柱级组合优化（GCP）。
  - GCP 盘数远超理论（CP-SAT 装不满）→ 回退 baseline beam + 配方优先。
  - 配方优先[fast]：规划 0 实例，实装成功 0，配方路径不可用 → 采用基线方案。
  - 指数诊断：箱子 86 个，总指数 148.5，目标 192，理论最多达标托盘 0 个，剩余指数 148.5。
  - 几何诊断：典型整层堆叠单盘参考上限 116/192。 当前目标可能受托盘高度/箱型组合限制。
  - 几何诊断提示：典型整层参考值 116 < 目标 192；该值不是不可达证明，继续执行指数救援。
  - 失败托盘互借诊断：未合并（aborted_no_improvement_possible）。
托盘类型 MH423C（销售订单号：LFEG16300IN02S）处理完成：总托盘 2，指数达标 0，未达标 2，平均缺口 117.75，最大缺口 186.50，失败托盘互借修复成功 0。
  - KPI：near/mid/deep=0/0/2，救回率=0.00%，pair效率=0.00%。
  - 耗时拆解：packing=1.30s，main_topup=0.03s，retry=0.00s，failed_pool=0.00s，repack=2.53s，total=11.40s。
正在处理托盘类型：MH423C，销售订单号：LFEG16300IN02S__SPLITREST__
  - 该分组不适合列式（多非满柱）→ 回退 beam + 配方优先。
  - 配方优先[fast]：规划 0 实例，实装成功 0，配方路径不可用 → 采用基线方案。
  - 指数诊断：箱子 2 个，总指数 4，目标 192，理论最多达标托盘 0 个，剩余指数 4。
  - 几何诊断：典型整层堆叠单盘参考上限 4/192。 当前目标可能受托盘高度/箱型组合限制。
  - 几何诊断提示：典型整层参考值 4 < 目标 192；该值不是不可达证明，继续执行指数救援。
  - 失败托盘互借诊断：未合并（no_target_or_single_plan）。
托盘类型 MH423C（销售订单号：LFEG16300IN02S__SPLITREST__）处理完成：总托盘 1，指数达标 0，未达标 1，平均缺口 188.00，最大缺口 188.00，失败托盘互借修复成功 0。
  - KPI：near/mid/deep=0/0/1，救回率=0.00%，pair效率=0.00%。
  - 耗时拆解：packing=0.00s，main_topup=0.00s，retry=0.00s，failed_pool=0.00s，repack=0.00s，total=0.01s。
正在处理托盘类型：MH423C，销售订单号：LAID16305BN01S
  - 主算法：全局列式装箱 + 柱级组合优化（GCP）。
  - 失败托盘互借诊断：未合并（aborted_no_improvement_possible）。
托盘类型 MH423C（销售订单号：LAID16305BN01S）处理完成：总托盘 2，指数达标 0，未达标 2，平均缺口 131.50，最大缺口 188.00，失败托盘互借修复成功 0。
  - KPI：near/mid/deep=0/0/2，救回率=0.00%，pair效率=0.00%。
  - 耗时拆解：packing=0.81s，main_topup=0.00s，retry=0.00s，failed_pool=0.00s，repack=0.68s，total=1.49s。
正在处理托盘类型：MH423C，销售订单号：LFEG16310IN03S
  - 主算法：全局列式装箱 + 柱级组合优化（GCP）。
  - 失败托盘互借诊断：未合并（no_target_or_single_plan）。
托盘类型 MH423C（销售订单号：LFEG16310IN03S）处理完成：总托盘 1，指数达标 0，未达标 1，平均缺口 159.00，最大缺口 159.00，失败托盘互借修复成功 0。
  - KPI：near/mid/deep=0/0/1，救回率=0.00%，pair效率=0.00%。
  - 耗时拆解：packing=0.04s，main_topup=0.00s，retry=0.00s，failed_pool=0.00s，repack=0.00s，total=0.04s。
正在处理托盘类型：MH423C，销售订单号：LFEG16300IN01S
  - 该分组不适合列式（多非满柱）→ 回退 beam + 配方优先。
  - 配方优先[fast]：规划 0 实例，实装成功 0，配方路径不可用 → 采用基线方案。
  - 指数诊断：箱子 18 个，总指数 29.5，目标 192，理论最多达标托盘 0 个，剩余指数 29.5。
  - 几何诊断：典型整层堆叠单盘参考上限 28.5/192。 当前目标可能受托盘高度/箱型组合限制。
  - 几何诊断提示：典型整层参考值 28.5 < 目标 192；该值不是不可达证明，继续执行指数救援。
  - 失败托盘互借诊断：未合并（no_target_or_single_plan）。
托盘类型 MH423C（销售订单号：LFEG16300IN01S）处理完成：总托盘 1，指数达标 0，未达标 1，平均缺口 162.50，最大缺口 162.50，失败托盘互借修复成功 0。
  - KPI：near/mid/deep=0/0/1，救回率=0.00%，pair效率=0.00%。
  - 耗时拆解：packing=0.10s，main_topup=0.00s，retry=0.00s，failed_pool=0.00s，repack=0.00s，total=0.10s。
正在处理托盘类型：MH423C，销售订单号：LFEG16300IN03S
  - 主算法：全局列式装箱 + 柱级组合优化（GCP）。
  - 失败托盘互借诊断：未合并（no_target_or_single_plan）。
托盘类型 MH423C（销售订单号：LFEG16300IN03S）处理完成：总托盘 1，指数达标 0，未达标 1，平均缺口 82.00，最大缺口 82.00，失败托盘互借修复成功 0。
  - KPI：near/mid/deep=0/0/1，救回率=0.00%，pair效率=0.00%。
  - 耗时拆解：packing=0.94s，main_topup=0.00s，retry=0.00s，failed_pool=0.00s，repack=0.00s，total=0.94s。
正在处理托盘类型：MH423C，销售订单号：LFEG16300IN03S__SPLITREST__
  - 该分组不适合列式（多非满柱）→ 回退 beam + 配方优先。
  - 配方优先[fast]：规划 0 实例，实装成功 0，配方路径不可用 → 采用基线方案。
  - 指数诊断：箱子 2 个，总指数 4，目标 192，理论最多达标托盘 0 个，剩余指数 4。
  - 几何诊断：典型整层堆叠单盘参考上限 4/192。 当前目标可能受托盘高度/箱型组合限制。
  - 几何诊断提示：典型整层参考值 4 < 目标 192；该值不是不可达证明，继续执行指数救援。
  - 失败托盘互借诊断：未合并（no_target_or_single_plan）。
托盘类型 MH423C（销售订单号：LFEG16300IN03S__SPLITREST__）处理完成：总托盘 1，指数达标 0，未达标 1，平均缺口 188.00，最大缺口 188.00，失败托盘互借修复成功 0。
  - KPI：near/mid/deep=0/0/1，救回率=0.00%，pair效率=0.00%。
  - 耗时拆解：packing=0.00s，main_topup=0.00s，retry=0.00s，failed_pool=0.00s，repack=0.00s，total=0.00s。
正在处理托盘类型：MH423C，销售订单号：LAID16305BN03S
  - 主算法：全局列式装箱 + 柱级组合优化（GCP）。
  - 失败托盘互借诊断：未合并（no_target_or_single_plan）。
托盘类型 MH423C（销售订单号：LAID16305BN03S）处理完成：总托盘 1，指数达标 0，未达标 1，平均缺口 116.00，最大缺口 116.00，失败托盘互借修复成功 0。
  - KPI：near/mid/deep=0/0/1，救回率=0.00%，pair效率=0.00%。
  - 耗时拆解：packing=0.39s，main_topup=0.00s，retry=0.00s，failed_pool=0.00s，repack=0.00s，total=0.39s。
正在处理托盘类型：MH423C，销售订单号：LAID16305BN03S__SPLITREST__
  - 该分组不适合列式（多非满柱）→ 回退 beam + 配方优先。
  - 托盘 MH423C-LAID16305BN03S__SPLITREST__-1 未找到可行装箱方案，启用剩余箱子守恒兜底。
  - 配方优先[fast]：规划 0 实例，实装成功 0，配方路径不可用 → 采用基线方案。
  - 指数诊断：箱子 5 个，总指数 2.5，目标 192，理论最多达标托盘 0 个，剩余指数 2.5。
  - 几何诊断：典型整层堆叠单盘参考上限 2.5/192。 当前目标可能受托盘高度/箱型组合限制。
  - 几何诊断提示：典型整层参考值 2.5 < 目标 192；该值不是不可达证明，继续执行指数救援。
  - 失败托盘互借诊断：未合并（aborted_no_improvement_possible）。
托盘类型 MH423C（销售订单号：LAID16305BN03S__SPLITREST__）处理完成：总托盘 2，指数达标 0，未达标 2，平均缺口 190.75，最大缺口 191.50，失败托盘互借修复成功 0。
  - KPI：near/mid/deep=0/0/2，救回率=0.00%，pair效率=0.00%。
  - 耗时拆解：packing=0.01s，main_topup=0.00s，retry=0.00s，failed_pool=0.00s，repack=0.04s，total=0.09s。
正在处理托盘类型：MH423C，销售订单号：PEG166300LN01S
  - 主算法：全局列式装箱 + 柱级组合优化（GCP）。
  - 失败托盘互借诊断：未合并（no_target_or_single_plan）。
托盘类型 MH423C（销售订单号：PEG166300LN01S）处理完成：总托盘 1，指数达标 0，未达标 1，平均缺口 64.00，最大缺口 64.00，失败托盘互借修复成功 0。
  - KPI：near/mid/deep=0/0/1，救回率=0.00%，pair效率=0.00%。
  - 耗时拆解：packing=0.32s，main_topup=0.00s，retry=0.00s，failed_pool=0.00s，repack=0.00s，total=0.32s。
正在处理托盘类型：MH423C，销售订单号：PAID163008N01S
  - 该分组不适合列式（多非满柱）→ 回退 beam + 配方优先。
  - 配方优先[fast]：规划 0 实例，实装成功 0，配方路径不可用 → 采用基线方案。
  - 指数诊断：箱子 1 个，总指数 1，目标 192，理论最多达标托盘 0 个，剩余指数 1。
  - 几何诊断：典型整层堆叠单盘参考上限 1/192。 当前目标可能受托盘高度/箱型组合限制。
  - 几何诊断提示：典型整层参考值 1 < 目标 192；该值不是不可达证明，继续执行指数救援。
  - 失败托盘互借诊断：未合并（no_target_or_single_plan）。
托盘类型 MH423C（销售订单号：PAID163008N01S）处理完成：总托盘 1，指数达标 0，未达标 1，平均缺口 191.00，最大缺口 191.00，失败托盘互借修复成功 0。
  - KPI：near/mid/deep=0/0/1，救回率=0.00%，pair效率=0.00%。
  - 耗时拆解：packing=0.00s，main_topup=0.00s，retry=0.00s，failed_pool=0.00s，repack=0.00s，total=0.00s。
正在处理托盘类型：MH423C，销售订单号：PAIN26290BN01S
  - 该分组不适合列式（多非满柱）→ 回退 beam + 配方优先。
  - 托盘 MH423C-PAIN26290BN01S-1 未找到可行装箱方案，启用剩余箱子守恒兜底。
  - 配方优先[fast]：规划 0 实例，实装成功 0，配方路径不可用 → 采用基线方案。
  - 指数诊断：箱子 5 个，总指数 2.5，目标 192，理论最多达标托盘 0 个，剩余指数 2.5。
  - 几何诊断：典型整层堆叠单盘参考上限 2.5/192。 当前目标可能受托盘高度/箱型组合限制。
  - 几何诊断提示：典型整层参考值 2.5 < 目标 192；该值不是不可达证明，继续执行指数救援。
  - 失败盘装满压实：合并/吸收 1 次（纯减盘数）。
  - 失败托盘互借诊断：未合并（aborted_no_improvement_possible）。
托盘类型 MH423C（销售订单号：PAIN26290BN01S）处理完成：总托盘 1，指数达标 0，未达标 1，平均缺口 189.50，最大缺口 189.50，失败托盘互借修复成功 0。
  - KPI：near/mid/deep=0/0/1，救回率=0.00%，pair效率=0.00%。
  - 耗时拆解：packing=0.01s，main_topup=0.00s，retry=0.00s，failed_pool=0.00s，repack=0.02s，total=0.06s。
正在处理托盘类型：MH423C，销售订单号：PAID162308N01S
  - 该分组不适合列式（多非满柱）→ 回退 beam + 配方优先。
  - 配方优先[fast]：规划 0 实例，实装成功 0，配方路径不可用 → 采用基线方案。
  - 指数诊断：箱子 1 个，总指数 2，目标 192，理论最多达标托盘 0 个，剩余指数 2。
  - 几何诊断：典型整层堆叠单盘参考上限 2/192。 当前目标可能受托盘高度/箱型组合限制。
  - 几何诊断提示：典型整层参考值 2 < 目标 192；该值不是不可达证明，继续执行指数救援。
  - 失败托盘互借诊断：未合并（no_target_or_single_plan）。
托盘类型 MH423C（销售订单号：PAID162308N01S）处理完成：总托盘 1，指数达标 0，未达标 1，平均缺口 190.00，最大缺口 190.00，失败托盘互借修复成功 0。
  - KPI：near/mid/deep=0/0/1，救回率=0.00%，pair效率=0.00%。
  - 耗时拆解：packing=0.00s，main_topup=0.00s，retry=0.00s，failed_pool=0.00s，repack=0.00s，total=0.00s。
正在处理托盘类型：MH423C，销售订单号：PEG106290LN01S
  - 主算法：全局列式装箱 + 柱级组合优化（GCP）。
  - 失败托盘互借诊断：未合并（no_target_or_single_plan）。
托盘类型 MH423C（销售订单号：PEG106290LN01S）处理完成：总托盘 1，指数达标 0，未达标 1，平均缺口 179.00，最大缺口 179.00，失败托盘互借修复成功 0。
  - KPI：near/mid/deep=0/0/1，救回率=0.00%，pair效率=0.00%。
  - 耗时拆解：packing=0.04s，main_topup=0.00s，retry=0.00s，failed_pool=0.00s，repack=0.00s，total=0.04s。
正在处理托盘类型：MH423C，销售订单号：LAID16306DN03S
  - 该分组不适合列式（多非满柱）→ 回退 beam + 配方优先。
  - 配方优先[fast]：规划 0 实例，实装成功 0，配方路径不可用 → 采用基线方案。
  - 指数诊断：箱子 9 个，总指数 9，目标 192，理论最多达标托盘 0 个，剩余指数 9。
  - 几何诊断：典型整层堆叠单盘参考上限 9/192。 当前目标可能受托盘高度/箱型组合限制。
  - 几何诊断提示：典型整层参考值 9 < 目标 192；该值不是不可达证明，继续执行指数救援。
  - 失败托盘互借诊断：未合并（no_target_or_single_plan）。
托盘类型 MH423C（销售订单号：LAID16306DN03S）处理完成：总托盘 1，指数达标 0，未达标 1，平均缺口 183.00，最大缺口 183.00，失败托盘互借修复成功 0。
  - KPI：near/mid/deep=0/0/1，救回率=0.00%，pair效率=0.00%。
  - 耗时拆解：packing=0.01s，main_topup=0.00s，retry=0.00s，failed_pool=0.00s，repack=0.00s，total=0.06s。
正在处理托盘类型：MH423C，销售订单号：PAID16305EC01S
  - 该分组不适合列式（多非满柱）→ 回退 beam + 配方优先。
  - 配方优先[fast]：规划 0 实例，实装成功 0，配方路径不可用 → 采用基线方案。
  - 指数诊断：箱子 2 个，总指数 2，目标 192，理论最多达标托盘 0 个，剩余指数 2。
  - 几何诊断：典型整层堆叠单盘参考上限 2/192。 当前目标可能受托盘高度/箱型组合限制。
  - 几何诊断提示：典型整层参考值 2 < 目标 192；该值不是不可达证明，继续执行指数救援。
  - 失败托盘互借诊断：未合并（no_target_or_single_plan）。
托盘类型 MH423C（销售订单号：PAID16305EC01S）处理完成：总托盘 1，指数达标 0，未达标 1，平均缺口 190.00，最大缺口 190.00，失败托盘互借修复成功 0。
  - KPI：near/mid/deep=0/0/1，救回率=0.00%，pair效率=0.00%。
  - 耗时拆解：packing=0.00s，main_topup=0.00s，retry=0.00s，failed_pool=0.00s，repack=0.00s，total=0.00s。
正在处理托盘类型：MH423C，销售订单号：LAID16306DN02S
  - 该分组不适合列式（多非满柱）→ 回退 beam + 配方优先。
  - 配方优先[fast]：规划 0 实例，实装成功 0，配方路径不可用 → 采用基线方案。
  - 指数诊断：箱子 36 个，总指数 44，目标 192，理论最多达标托盘 0 个，剩余指数 44。
  - 几何诊断：典型整层堆叠单盘参考上限 44/192。 当前目标可能受托盘高度/箱型组合限制。
  - 几何诊断提示：典型整层参考值 44 < 目标 192；该值不是不可达证明，继续执行指数救援。
  - 失败托盘互借诊断：未合并（no_target_or_single_plan）。
托盘类型 MH423C（销售订单号：LAID16306DN02S）处理完成：总托盘 1，指数达标 0，未达标 1，平均缺口 148.00，最大缺口 148.00，失败托盘互借修复成功 0。
  - KPI：near/mid/deep=0/0/1，救回率=0.00%，pair效率=0.00%。
  - 耗时拆解：packing=0.83s，main_topup=0.00s，retry=0.00s，failed_pool=0.00s，repack=0.00s，total=0.83s。
正在处理托盘类型：MH423C，销售订单号：LFEG16316AN01S
  - 主算法：全局列式装箱 + 柱级组合优化（GCP）。
  - 失败托盘互借诊断：未合并（no_target_or_single_plan）。
托盘类型 MH423C（销售订单号：LFEG16316AN01S）处理完成：总托盘 1，指数达标 0，未达标 1，平均缺口 178.00，最大缺口 178.00，失败托盘互借修复成功 0。
  - KPI：near/mid/deep=0/0/1，救回率=0.00%，pair效率=0.00%。
  - 耗时拆解：packing=0.01s，main_topup=0.00s，retry=0.00s，failed_pool=0.00s，repack=0.00s，total=0.01s。
正在处理托盘类型：MH423C，销售订单号：PAIN26310GN01S
  - 主算法：全局列式装箱 + 柱级组合优化（GCP）。
  - GCP 盘数远超理论（CP-SAT 装不满）→ 回退 baseline beam + 配方优先。
  - 配方优先[fast]：规划 0 实例，实装成功 0，配方路径不可用 → 采用基线方案。
  - 指数诊断：箱子 4 个，总指数 16，目标 192，理论最多达标托盘 0 个，剩余指数 16。
  - 几何诊断：典型整层堆叠单盘参考上限 16/192。 当前目标可能受托盘高度/箱型组合限制。
  - 几何诊断提示：典型整层参考值 16 < 目标 192；该值不是不可达证明，继续执行指数救援。
  - 失败托盘互借诊断：未合并（no_target_or_single_plan）。
托盘类型 MH423C（销售订单号：PAIN26310GN01S）处理完成：总托盘 1，指数达标 0，未达标 1，平均缺口 176.00，最大缺口 176.00，失败托盘互借修复成功 0。
  - KPI：near/mid/deep=0/0/1，救回率=0.00%，pair效率=0.00%。
  - 耗时拆解：packing=0.00s，main_topup=0.00s，retry=0.00s，failed_pool=0.00s，repack=0.00s，total=0.03s。
正在处理托盘类型：MH423C，销售订单号：PAIN26290MZ07S
  - 主算法：全局列式装箱 + 柱级组合优化（GCP）。
  - 失败托盘互借诊断：未合并（no_target_or_single_plan）。
托盘类型 MH423C（销售订单号：PAIN26290MZ07S）处理完成：总托盘 1，指数达标 0，未达标 1，平均缺口 22.00，最大缺口 22.00，失败托盘互借修复成功 0。
  - KPI：near/mid/deep=0/1/0，救回率=0.00%，pair效率=0.00%。
  - 耗时拆解：packing=2.86s，main_topup=0.00s，retry=0.00s，failed_pool=0.00s，repack=0.00s，total=2.86s。
正在处理托盘类型：MH423C，销售订单号：PAID16295EN06S
  - 该分组不适合列式（多非满柱）→ 回退 beam + 配方优先。
  - 配方优先[fast]：规划 0 实例，实装成功 0，配方路径不可用 → 采用基线方案。
  - 指数诊断：箱子 1 个，总指数 1，目标 192，理论最多达标托盘 0 个，剩余指数 1。
  - 几何诊断：典型整层堆叠单盘参考上限 1/192。 当前目标可能受托盘高度/箱型组合限制。
  - 几何诊断提示：典型整层参考值 1 < 目标 192；该值不是不可达证明，继续执行指数救援。
  - 失败托盘互借诊断：未合并（no_target_or_single_plan）。
托盘类型 MH423C（销售订单号：PAID16295EN06S）处理完成：总托盘 1，指数达标 0，未达标 1，平均缺口 191.00，最大缺口 191.00，失败托盘互借修复成功 0。
  - KPI：near/mid/deep=0/0/1，救回率=0.00%，pair效率=0.00%。
  - 耗时拆解：packing=0.00s，main_topup=0.00s，retry=0.00s，failed_pool=0.00s，repack=0.00s，total=0.00s。
正在处理托盘类型：MH423C，销售订单号：PAIN26296EN01S
  - 主算法：全局列式装箱 + 柱级组合优化（GCP）。
  - 失败托盘互借诊断：未合并（no_target_or_single_plan）。
托盘类型 MH423C（销售订单号：PAIN26296EN01S）处理完成：总托盘 1，指数达标 0，未达标 1，平均缺口 31.00，最大缺口 31.00，失败托盘互借修复成功 0。
  - KPI：near/mid/deep=0/0/1，救回率=0.00%，pair效率=0.00%。
  - 耗时拆解：packing=0.42s，main_topup=0.00s，retry=0.00s，failed_pool=0.00s，repack=0.00s，total=0.42s。
正在处理托盘类型：MH423C，销售订单号：LFEG16316AN02S
  - 该分组不适合列式（多非满柱）→ 回退 beam + 配方优先。
  - 配方优先[fast]：规划 0 实例，实装成功 0，配方路径不可用 → 采用基线方案。
  - 指数诊断：箱子 3 个，总指数 6，目标 192，理论最多达标托盘 0 个，剩余指数 6。
  - 几何诊断：典型整层堆叠单盘参考上限 6/192。 当前目标可能受托盘高度/箱型组合限制。
  - 几何诊断提示：典型整层参考值 6 < 目标 192；该值不是不可达证明，继续执行指数救援。
  - 失败托盘互借诊断：未合并（no_target_or_single_plan）。
托盘类型 MH423C（销售订单号：LFEG16316AN02S）处理完成：总托盘 1，指数达标 0，未达标 1，平均缺口 186.00，最大缺口 186.00，失败托盘互借修复成功 0。
  - KPI：near/mid/deep=0/0/1，救回率=0.00%，pair效率=0.00%。
  - 耗时拆解：packing=0.00s，main_topup=0.00s，retry=0.00s，failed_pool=0.00s，repack=0.00s，total=0.01s。
正在处理托盘类型：MH423C，销售订单号：PAIN26310MN01S
  - 该分组不适合列式（多非满柱）→ 回退 beam + 配方优先。
  - 配方优先[fast]：规划 0 实例，实装成功 0，配方路径不可用 → 采用基线方案。
  - 指数诊断：箱子 7 个，总指数 76，目标 192，理论最多达标托盘 0 个，剩余指数 76。
  - 几何诊断：典型整层堆叠单盘参考上限 60/192。 当前目标可能受托盘高度/箱型组合限制。
  - 几何诊断提示：典型整层参考值 60 < 目标 192；该值不是不可达证明，继续执行指数救援。
  - 失败托盘互借诊断：未合并（no_target_or_single_plan）。
托盘类型 MH423C（销售订单号：PAIN26310MN01S）处理完成：总托盘 1，指数达标 0，未达标 1，平均缺口 116.00，最大缺口 116.00，失败托盘互借修复成功 0。
  - KPI：near/mid/deep=0/0/1，救回率=0.00%，pair效率=0.00%。
  - 耗时拆解：packing=0.00s，main_topup=0.00s，retry=0.00s，failed_pool=0.00s，repack=0.00s，total=0.00s。
正在处理托盘类型：MH423C，销售订单号：LAID16315EN01S
  - 该分组不适合列式（多非满柱）→ 回退 beam + 配方优先。
  - 配方优先[fast]：规划 0 实例，实装成功 0，配方路径不可用 → 采用基线方案。
  - 指数诊断：箱子 4 个，总指数 20，目标 192，理论最多达标托盘 0 个，剩余指数 20。
  - 几何诊断：典型整层堆叠单盘参考上限 20/192。 当前目标可能受托盘高度/箱型组合限制。
  - 几何诊断提示：典型整层参考值 20 < 目标 192；该值不是不可达证明，继续执行指数救援。
  - 失败托盘互借诊断：未合并（no_target_or_single_plan）。
托盘类型 MH423C（销售订单号：LAID16315EN01S）处理完成：总托盘 1，指数达标 0，未达标 1，平均缺口 172.00，最大缺口 172.00，失败托盘互借修复成功 0。
  - KPI：near/mid/deep=0/0/1，救回率=0.00%，pair效率=0.00%。
  - 耗时拆解：packing=0.01s，main_topup=0.00s，retry=0.00s，failed_pool=0.00s，repack=0.00s，total=0.01s。
正在处理托盘类型：MH423C，销售订单号：PAIN26316EN01S
  - 主算法：全局列式装箱 + 柱级组合优化（GCP）。
  - 失败托盘互借诊断：未合并（no_target_or_single_plan）。
托盘类型 MH423C（销售订单号：PAIN26316EN01S）处理完成：总托盘 1，指数达标 0，未达标 1，平均缺口 140.00，最大缺口 140.00，失败托盘互借修复成功 0。
  - KPI：near/mid/deep=0/0/1，救回率=0.00%，pair效率=0.00%。
  - 耗时拆解：packing=0.04s，main_topup=0.00s，retry=0.00s，failed_pool=0.00s，repack=0.00s，total=0.04s。
正在处理托盘类型：MH423C，销售订单号：LAID16315EN02S
  - 主算法：全局列式装箱 + 柱级组合优化（GCP）。
  - 失败托盘互借诊断：未合并（no_target_or_single_plan）。
托盘类型 MH423C（销售订单号：LAID16315EN02S）处理完成：总托盘 1，指数达标 0，未达标 1，平均缺口 148.00，最大缺口 148.00，失败托盘互借修复成功 0。
  - KPI：near/mid/deep=0/0/1，救回率=0.00%，pair效率=0.00%。
  - 耗时拆解：packing=0.01s，main_topup=0.00s，retry=0.00s，failed_pool=0.00s，repack=0.00s，total=0.01s。
正在处理托盘类型：MH423C，销售订单号：PAIN26296EC02S
  - 主算法：全局列式装箱 + 柱级组合优化（GCP）。
  - 失败托盘互借诊断：未合并（no_target_or_single_plan）。
托盘类型 MH423C（销售订单号：PAIN26296EC02S）处理完成：总托盘 1，指数达标 0，未达标 1，平均缺口 130.00，最大缺口 130.00，失败托盘互借修复成功 0。
  - KPI：near/mid/deep=0/0/1，救回率=0.00%，pair效率=0.00%。
  - 耗时拆解：packing=0.16s，main_topup=0.00s，retry=0.00s，failed_pool=0.00s，repack=0.00s，total=0.16s。
正在处理托盘类型：MH423C，销售订单号：PAIN26310MZ05S
  - 主算法：全局列式装箱 + 柱级组合优化（GCP）。
  - 失败托盘互借诊断：未合并（no_target_or_single_plan）。
托盘类型 MH423C（销售订单号：PAIN26310MZ05S）处理完成：总托盘 1，指数达标 0，未达标 1，平均缺口 86.00，最大缺口 86.00，失败托盘互借修复成功 0。
  - KPI：near/mid/deep=0/0/1，救回率=0.00%，pair效率=0.00%。
  - 耗时拆解：packing=1.41s，main_topup=0.00s，retry=0.00s，failed_pool=0.00s，repack=0.00s，total=1.41s。
正在处理托盘类型：MH423C，销售订单号：PEG086300LN01S
  - 主算法：全局列式装箱 + 柱级组合优化（GCP）。
  - 失败托盘互借诊断：未合并（no_target_or_single_plan）。
托盘类型 MH423C（销售订单号：PEG086300LN01S）处理完成：总托盘 1，指数达标 0，未达标 1，平均缺口 124.00，最大缺口 124.00，失败托盘互借修复成功 0。
  - KPI：near/mid/deep=0/0/1，救回率=0.00%，pair效率=0.00%。
  - 耗时拆解：packing=0.08s，main_topup=0.00s，retry=0.00s，failed_pool=0.00s，repack=0.00s，total=0.08s。
正在处理托盘类型：MH423C，销售订单号：PEG086300LN01S__SPLITREST__
  - 该分组不适合列式（多非满柱）→ 回退 beam + 配方优先。
  - 配方优先[fast]：规划 0 实例，实装成功 0，配方路径不可用 → 采用基线方案。
  - 指数诊断：箱子 1 个，总指数 1，目标 192，理论最多达标托盘 0 个，剩余指数 1。
  - 几何诊断：典型整层堆叠单盘参考上限 1/192。 当前目标可能受托盘高度/箱型组合限制。
  - 几何诊断提示：典型整层参考值 1 < 目标 192；该值不是不可达证明，继续执行指数救援。
  - 失败托盘互借诊断：未合并（no_target_or_single_plan）。
托盘类型 MH423C（销售订单号：PEG086300LN01S__SPLITREST__）处理完成：总托盘 1，指数达标 0，未达标 1，平均缺口 191.00，最大缺口 191.00，失败托盘互借修复成功 0。
  - KPI：near/mid/deep=0/0/1，救回率=0.00%，pair效率=0.00%。
  - 耗时拆解：packing=0.00s，main_topup=0.00s，retry=0.00s，failed_pool=0.00s，repack=0.00s，total=0.00s。
正在处理托盘类型：MH423C，销售订单号：LAID16315EN03S
  - 该分组不适合列式（多非满柱）→ 回退 beam + 配方优先。
  - 配方优先[fast]：规划 0 实例，实装成功 0，配方路径不可用 → 采用基线方案。
  - 指数诊断：箱子 5 个，总指数 40，目标 192，理论最多达标托盘 0 个，剩余指数 40。
  - 几何诊断：典型整层堆叠单盘参考上限 40/192。 当前目标可能受托盘高度/箱型组合限制。
  - 几何诊断提示：典型整层参考值 40 < 目标 192；该值不是不可达证明，继续执行指数救援。
  - 失败托盘互借诊断：未合并（no_target_or_single_plan）。
托盘类型 MH423C（销售订单号：LAID16315EN03S）处理完成：总托盘 1，指数达标 0，未达标 1，平均缺口 152.00，最大缺口 152.00，失败托盘互借修复成功 0。
  - KPI：near/mid/deep=0/0/1，救回率=0.00%，pair效率=0.00%。
  - 耗时拆解：packing=0.01s，main_topup=0.00s，retry=0.00s，failed_pool=0.00s，repack=0.00s，total=0.01s。
正在处理托盘类型：MH423C，销售订单号：LAID16316DN03S
  - 主算法：全局列式装箱 + 柱级组合优化（GCP）。
  - 失败托盘互借诊断：未合并（no_target_or_single_plan）。
托盘类型 MH423C（销售订单号：LAID16316DN03S）处理完成：总托盘 1，指数达标 0，未达标 1，平均缺口 144.00，最大缺口 144.00，失败托盘互借修复成功 0。
  - KPI：near/mid/deep=0/0/1，救回率=0.00%，pair效率=0.00%。
  - 耗时拆解：packing=0.04s，main_topup=0.00s，retry=0.00s，failed_pool=0.00s，repack=0.00s，total=0.04s。
正在处理托盘类型：MH423C，销售订单号：LAID16316DN01S
  - 主算法：全局列式装箱 + 柱级组合优化（GCP）。
  - 失败托盘互借诊断：未合并（no_target_or_single_plan）。
托盘类型 MH423C（销售订单号：LAID16316DN01S）处理完成：总托盘 1，指数达标 0，未达标 1，平均缺口 120.00，最大缺口 120.00，失败托盘互借修复成功 0。
  - KPI：near/mid/deep=0/0/1，救回率=0.00%，pair效率=0.00%。
  - 耗时拆解：packing=0.09s，main_topup=0.00s，retry=0.00s，failed_pool=0.00s，repack=0.00s，total=0.10s。
正在处理托盘类型：MH423C，销售订单号：LAID16316DN02S
  - 主算法：全局列式装箱 + 柱级组合优化（GCP）。
  - 失败托盘互借诊断：未合并（no_target_or_single_plan）。
托盘类型 MH423C（销售订单号：LAID16316DN02S）处理完成：总托盘 1，指数达标 0，未达标 1，平均缺口 168.00，最大缺口 168.00，失败托盘互借修复成功 0。
  - KPI：near/mid/deep=0/0/1，救回率=0.00%，pair效率=0.00%。
  - 耗时拆解：packing=0.01s，main_topup=0.00s，retry=0.00s，failed_pool=0.00s，repack=0.00s，total=0.01s。
正在处理托盘类型：MH423C，销售订单号：PAIN26310GC02S
  - 主算法：全局列式装箱 + 柱级组合优化（GCP）。
  - 失败托盘互借诊断：未合并（no_target_or_single_plan）。
托盘类型 MH423C（销售订单号：PAIN26310GC02S）处理完成：总托盘 1，指数达标 0，未达标 1，平均缺口 138.00，最大缺口 138.00，失败托盘互借修复成功 0。
  - KPI：near/mid/deep=0/0/1，救回率=0.00%，pair效率=0.00%。
  - 耗时拆解：packing=0.13s，main_topup=0.00s，retry=0.00s，failed_pool=0.00s，repack=0.00s，total=0.13s。
  - 失败盘装满压实：合并/吸收 1 次（纯减盘数）。
  - 跨子组装满压实（MH423C / PAID16290FN01S）：合并 1 次（纯减盘数）。
  - 失败盘装满压实：合并/吸收 1 次（纯减盘数）。
  - 跨子组装满压实（MH423C / PAID16296DN01S）：合并 1 次（纯减盘数）。
  - 失败盘装满压实：合并/吸收 1 次（纯减盘数）。
  - 跨子组装满压实（MH423C / PAID16306DN01S）：合并 1 次（纯减盘数）。
  - 失败盘装满压实：合并/吸收 1 次（纯减盘数）。
  - 跨子组装满压实（MH423C / LAMY16305FN01S）：合并 1 次（纯减盘数）。
  - 失败盘装满压实：合并/吸收 1 次（纯减盘数）。
  - 跨子组装满压实（MH423C / LFEG16300IN02S）：合并 1 次（纯减盘数）。
  - 失败盘装满压实：合并/吸收 1 次（纯减盘数）。
  - 跨子组装满压实（MH423C / LFEG16300IN03S）：合并 1 次（纯减盘数）。
  - 失败盘装满压实：合并/吸收 1 次（纯减盘数）。
  - 跨子组装满压实（MH423C / LAID16305BN03S）：合并 1 次（纯减盘数）。
  - 失败盘装满压实：合并/吸收 1 次（纯减盘数）。
  - 跨子组装满压实（MH423C / PEG086300LN01S）：合并 1 次（纯减盘数）。
========================================
统计汇总：总托盘 74，指数达标 0，未达标 74，未知 0，平均缺口 144.04，最大缺口 191.50，失败托盘互借修复成功 0
KPI汇总：near/mid/deep=0/2/72，pair尝试=0，pair改进=0，pair效率=0.00%
耗时汇总：packing=20.83s，main_topup=0.05s，retry=0.00s，repack=7.94s，end_to_end=45.10s
========================================
[WCS-装] SUCCESS 产品码 0 个，DB 更新达标 0 行；FAILED 盘 74 个保持未达标。
[WCS-装] 本轮结束；等待下一次「新插入」再开算。
[WCS-装] 本轮无达标托盘，跳过 success 目录写入。
[WCS-装] 未达标方案已保存：D:\research_code\final\zhuang\packing-workspace\output\fail\packing_plan_20260724_120105.json
[WCS-装] 无达标托盘，跳过 wcs_plan / wcs_plan_map 写入。
[WCS-装] 已跳过接口 2 推送（仅本地保存）。
[UI-RESULT] D:\research_code\final\zhuang\packing-workspace\output\fail\packing_plan_20260724_120105.json
[WCS-装] 等待数据库新插入（有新 product_code 才开算）…
============================================================
[WCS-拉] 20260724_120422：拉取接口 1 …
[WCS-拉] 原始响应已保存：D:\research_code\final\zhuang\packing-workspace\input\raw\20260724_120422.json
[WCS-拉] 已剔除 case_type≠MH423C 的品类 113 条（类型：['MH113', 'WR246']），保留 1425 条。
[WCS-DB] product_code 已存在、跳过 1424 条
[WCS-拉] 落库完成：候选 1425 条，新插入 1 条（新行 up_to_standard=0）。
[WCS-拉] 有新插入 → 唤醒装箱线程。
[WCS] 已加载 BMS 参考表：D:\research_code\final\zhuang\packing-workspace\data\selected_5000_boxes_9_1_concentrated_3orders.xlsx
============================================================
[WCS-装] 20260724_120426：未达标行 1502 条，开始装箱 …
[WCS-装] 展开为 1502 个箱子。
数据预处理和箱子分组完成（按托盘类型+销售订单号）。
----------------------------------------
  - 组内子聚类：11 个混合订单拆出规则子集走 GCP、杂箱走 baseline。
正在处理托盘类型：MH423C，销售订单号：PAID16280FN01S
  - 该分组不适合列式（多非满柱）→ 回退 beam + 配方优先。
  - 配方优先[fast]：规划 0 实例，实装成功 0，配方路径不可用 → 采用基线方案。
  - 指数诊断：箱子 1 个，总指数 4，目标 192，理论最多达标托盘 0 个，剩余指数 4。
  - 几何诊断：典型整层堆叠单盘参考上限 4/192。 当前目标可能受托盘高度/箱型组合限制。
  - 几何诊断提示：典型整层参考值 4 < 目标 192；该值不是不可达证明，继续执行指数救援。
  - 失败托盘互借诊断：未合并（no_target_or_single_plan）。
托盘类型 MH423C（销售订单号：PAID16280FN01S）处理完成：总托盘 1，指数达标 0，未达标 1，平均缺口 188.00，最大缺口 188.00，失败托盘互借修复成功 0。
  - KPI：near/mid/deep=0/0/1，救回率=0.00%，pair效率=0.00%。
  - 耗时拆解：packing=0.00s，main_topup=0.00s，retry=0.00s，failed_pool=0.00s，repack=0.00s，total=0.00s。
正在处理托盘类型：MH423C，销售订单号：LFEG16290IN01S
  - 该分组不适合列式（多非满柱）→ 回退 beam + 配方优先。
  - 托盘 MH423C-LFEG16290IN01S-1 未找到可行装箱方案，启用剩余箱子守恒兜底。
  - 配方优先[fast]：规划 0 实例，实装成功 0，配方路径不可用 → 采用基线方案。
  - 指数诊断：箱子 9 个，总指数 17，目标 192，理论最多达标托盘 0 个，剩余指数 17。
  - 几何诊断：典型整层堆叠单盘参考上限 12/192。 当前目标可能受托盘高度/箱型组合限制。
  - 几何诊断提示：典型整层参考值 12 < 目标 192；该值不是不可达证明，继续执行指数救援。
  - 失败盘装满压实：合并/吸收 2 次（纯减盘数）。
  - 失败托盘互借诊断：未合并（aborted_no_improvement_possible）。
托盘类型 MH423C（销售订单号：LFEG16290IN01S）处理完成：总托盘 2，指数达标 0，未达标 2，平均缺口 183.50，最大缺口 187.00，失败托盘互借修复成功 0。
  - KPI：near/mid/deep=0/0/2，救回率=0.00%，pair效率=0.00%。
  - 耗时拆解：packing=0.02s，main_topup=0.00s，retry=0.00s，failed_pool=0.00s，repack=0.18s，total=0.29s。
正在处理托盘类型：MH423C，销售订单号：LFEG16290IN02S
  - 该分组不适合列式（多非满柱）→ 回退 beam + 配方优先。
  - 配方优先[fast]：规划 0 实例，实装成功 0，配方路径不可用 → 采用基线方案。
  - 指数诊断：箱子 33 个，总指数 33.5，目标 192，理论最多达标托盘 0 个，剩余指数 33.5。
  - 几何诊断：典型整层堆叠单盘参考上限 28.5/192。 当前目标可能受托盘高度/箱型组合限制。
  - 几何诊断提示：典型整层参考值 28.5 < 目标 192；该值不是不可达证明，继续执行指数救援。
  - 失败托盘互借诊断：未合并（no_target_or_single_plan）。
托盘类型 MH423C（销售订单号：LFEG16290IN02S）处理完成：总托盘 1，指数达标 0，未达标 1，平均缺口 158.50，最大缺口 158.50，失败托盘互借修复成功 0。
  - KPI：near/mid/deep=0/0/1，救回率=0.00%，pair效率=0.00%。
  - 耗时拆解：packing=0.28s，main_topup=0.00s，retry=0.00s，failed_pool=0.00s，repack=0.00s，total=0.28s。
正在处理托盘类型：MH423C，销售订单号：LAID16306DN01S
  - 该分组不适合列式（多非满柱）→ 回退 beam + 配方优先。
  - 配方优先[fast]：规划 0 实例，实装成功 0，配方路径不可用 → 采用基线方案。
  - 指数诊断：箱子 50 个，总指数 88，目标 192，理论最多达标托盘 0 个，剩余指数 88。
  - 几何诊断：典型整层堆叠单盘参考上限 65/192。 当前目标可能受托盘高度/箱型组合限制。
  - 几何诊断提示：典型整层参考值 65 < 目标 192；该值不是不可达证明，继续执行指数救援。
  - 失败托盘互借诊断：未合并（aborted_no_improvement_possible）。
托盘类型 MH423C（销售订单号：LAID16306DN01S）处理完成：总托盘 2，指数达标 0，未达标 2，平均缺口 148.00，最大缺口 182.00，失败托盘互借修复成功 0。
  - KPI：near/mid/deep=0/0/2，救回率=0.00%，pair效率=0.00%。
  - 耗时拆解：packing=0.25s，main_topup=0.01s，retry=0.00s，failed_pool=0.00s，repack=0.53s，total=1.49s。
正在处理托盘类型：MH423C，销售订单号：LAID16296DN01S
  - 主算法：全局列式装箱 + 柱级组合优化（GCP）。
  - 失败托盘互借诊断：未合并（no_target_or_single_plan）。
托盘类型 MH423C（销售订单号：LAID16296DN01S）处理完成：总托盘 1，指数达标 0，未达标 1，平均缺口 151.50，最大缺口 151.50，失败托盘互借修复成功 0。
  - KPI：near/mid/deep=0/0/1，救回率=0.00%，pair效率=0.00%。
  - 耗时拆解：packing=0.09s，main_topup=0.00s，retry=0.00s，failed_pool=0.00s，repack=0.00s，total=0.09s。
正在处理托盘类型：MH423C，销售订单号：LAID16296DN01S__SPLITREST__
  - 该分组不适合列式（多非满柱）→ 回退 beam + 配方优先。
  - 配方优先[fast]：规划 0 实例，实装成功 0，配方路径不可用 → 采用基线方案。
  - 指数诊断：箱子 4 个，总指数 8，目标 192，理论最多达标托盘 0 个，剩余指数 8。
  - 几何诊断：典型整层堆叠单盘参考上限 8/192。 当前目标可能受托盘高度/箱型组合限制。
  - 几何诊断提示：典型整层参考值 8 < 目标 192；该值不是不可达证明，继续执行指数救援。
  - 失败托盘互借诊断：未合并（no_target_or_single_plan）。
托盘类型 MH423C（销售订单号：LAID16296DN01S__SPLITREST__）处理完成：总托盘 1，指数达标 0，未达标 1，平均缺口 184.00，最大缺口 184.00，失败托盘互借修复成功 0。
  - KPI：near/mid/deep=0/0/1，救回率=0.00%，pair效率=0.00%。
  - 耗时拆解：packing=0.00s，main_topup=0.00s，retry=0.00s，failed_pool=0.00s，repack=0.00s，total=0.02s。
正在处理托盘类型：MH423C，销售订单号：LAID16296DN02S
  - 主算法：全局列式装箱 + 柱级组合优化（GCP）。
  - GCP 盘数远超理论（CP-SAT 装不满）→ 回退 baseline beam + 配方优先。
  - 托盘 MH423C-LAID16296DN02S-2 未找到可行装箱方案，启用剩余箱子守恒兜底。
  - 配方优先[fast]：规划 0 实例，实装成功 0，配方路径不可用 → 采用基线方案。
  - 指数诊断：箱子 49 个，总指数 164.5，目标 192，理论最多达标托盘 0 个，剩余指数 164.5。
  - 几何诊断：典型整层堆叠单盘参考上限 97/192。 当前目标可能受托盘高度/箱型组合限制。
  - 几何诊断提示：典型整层参考值 97 < 目标 192；该值不是不可达证明，继续执行指数救援。
  - 失败托盘互借诊断：未合并（aborted_no_improvement_possible）。
托盘类型 MH423C（销售订单号：LAID16296DN02S）处理完成：总托盘 4，指数达标 0，未达标 4，平均缺口 150.88，最大缺口 191.00，失败托盘互借修复成功 0。
  - KPI：near/mid/deep=0/0/4，救回率=0.00%，pair效率=0.00%。
  - 耗时拆解：packing=0.32s，main_topup=0.01s，retry=0.00s，failed_pool=0.00s，repack=0.93s，total=2.61s。
正在处理托盘类型：MH423C，销售订单号：LAID16296DN03S
  - 主算法：全局列式装箱 + 柱级组合优化（GCP）。
  - 失败托盘互借诊断：未合并（no_target_or_single_plan）。
托盘类型 MH423C（销售订单号：LAID16296DN03S）处理完成：总托盘 1，指数达标 0，未达标 1，平均缺口 89.00，最大缺口 89.00，失败托盘互借修复成功 0。
  - KPI：near/mid/deep=0/0/1，救回率=0.00%，pair效率=0.00%。
  - 耗时拆解：packing=0.74s，main_topup=0.00s，retry=0.00s，failed_pool=0.00s，repack=0.00s，total=0.74s。
正在处理托盘类型：MH423C，销售订单号：LFEG16290IN03S
  - 该分组不适合列式（多非满柱）→ 回退 beam + 配方优先。
  - 配方优先[fast]：规划 0 实例，实装成功 0，配方路径不可用 → 采用基线方案。
  - 指数诊断：箱子 37 个，总指数 69，目标 192，理论最多达标托盘 0 个，剩余指数 69。
  - 几何诊断：典型整层堆叠单盘参考上限 51/192。 当前目标可能受托盘高度/箱型组合限制。
  - 几何诊断提示：典型整层参考值 51 < 目标 192；该值不是不可达证明，继续执行指数救援。
  - 失败托盘互借诊断：未合并（aborted_no_improvement_possible）。
托盘类型 MH423C（销售订单号：LFEG16290IN03S）处理完成：总托盘 2，指数达标 0，未达标 2，平均缺口 157.50，最大缺口 189.00，失败托盘互借修复成功 0。
  - KPI：near/mid/deep=0/0/2，救回率=0.00%，pair效率=0.00%。
  - 耗时拆解：packing=0.20s，main_topup=0.00s，retry=0.00s，failed_pool=0.00s，repack=0.34s，total=1.03s。
正在处理托盘类型：MH423C，销售订单号：LFEG16310IN02S
  - 该分组不适合列式（多非满柱）→ 回退 beam + 配方优先。
  - 配方优先[fast]：规划 0 实例，实装成功 0，配方路径不可用 → 采用基线方案。
  - 指数诊断：箱子 15 个，总指数 35，目标 192，理论最多达标托盘 0 个，剩余指数 35。
  - 几何诊断：典型整层堆叠单盘参考上限 29/192。 当前目标可能受托盘高度/箱型组合限制。
  - 几何诊断提示：典型整层参考值 29 < 目标 192；该值不是不可达证明，继续执行指数救援。
  - 失败托盘互借诊断：未合并（no_target_or_single_plan）。
托盘类型 MH423C（销售订单号：LFEG16310IN02S）处理完成：总托盘 1，指数达标 0，未达标 1，平均缺口 157.00，最大缺口 157.00，失败托盘互借修复成功 0。
  - KPI：near/mid/deep=0/0/1，救回率=0.00%，pair效率=0.00%。
  - 耗时拆解：packing=0.08s，main_topup=0.00s，retry=0.00s，failed_pool=0.00s，repack=0.00s，total=0.08s。
正在处理托盘类型：MH423C，销售订单号：LFEG16310IN01S
  - 该分组不适合列式（多非满柱）→ 回退 beam + 配方优先。
  - 配方优先[fast]：规划 0 实例，实装成功 0，配方路径不可用 → 采用基线方案。
  - 指数诊断：箱子 17 个，总指数 36，目标 192，理论最多达标托盘 0 个，剩余指数 36。
  - 几何诊断：典型整层堆叠单盘参考上限 30/192。 当前目标可能受托盘高度/箱型组合限制。
  - 几何诊断提示：典型整层参考值 30 < 目标 192；该值不是不可达证明，继续执行指数救援。
  - 失败托盘互借诊断：未合并（no_target_or_single_plan）。
托盘类型 MH423C（销售订单号：LFEG16310IN01S）处理完成：总托盘 1，指数达标 0，未达标 1，平均缺口 156.00，最大缺口 156.00，失败托盘互借修复成功 0。
  - KPI：near/mid/deep=0/0/1，救回率=0.00%，pair效率=0.00%。
  - 耗时拆解：packing=0.09s，main_topup=0.00s，retry=0.00s，failed_pool=0.00s，repack=0.00s，total=0.09s。
正在处理托盘类型：MH423C，销售订单号：PAID16290FN01S
  - 主算法：全局列式装箱 + 柱级组合优化（GCP）。
  - 失败托盘互借诊断：未合并（no_target_or_single_plan）。
托盘类型 MH423C（销售订单号：PAID16290FN01S）处理完成：总托盘 1，指数达标 0，未达标 1，平均缺口 161.00，最大缺口 161.00，失败托盘互借修复成功 0。
  - KPI：near/mid/deep=0/0/1，救回率=0.00%，pair效率=0.00%。
  - 耗时拆解：packing=0.03s，main_topup=0.00s，retry=0.00s，failed_pool=0.00s，repack=0.00s，total=0.03s。
正在处理托盘类型：MH423C，销售订单号：PAID16290FN01S__SPLITREST__
  - 该分组不适合列式（多非满柱）→ 回退 beam + 配方优先。
  - 配方优先[fast]：规划 0 实例，实装成功 0，配方路径不可用 → 采用基线方案。
  - 指数诊断：箱子 1 个，总指数 0.5，目标 192，理论最多达标托盘 0 个，剩余指数 0.5。
  - 几何诊断：典型整层堆叠单盘参考上限 0.5/192。 当前目标可能受托盘高度/箱型组合限制。
  - 几何诊断提示：典型整层参考值 0.5 < 目标 192；该值不是不可达证明，继续执行指数救援。
  - 失败托盘互借诊断：未合并（no_target_or_single_plan）。
托盘类型 MH423C（销售订单号：PAID16290FN01S__SPLITREST__）处理完成：总托盘 1，指数达标 0，未达标 1，平均缺口 191.50，最大缺口 191.50，失败托盘互借修复成功 0。
  - KPI：near/mid/deep=0/0/1，救回率=0.00%，pair效率=0.00%。
  - 耗时拆解：packing=0.00s，main_topup=0.00s，retry=0.00s，failed_pool=0.00s，repack=0.00s，total=0.00s。
正在处理托盘类型：MH423C，销售订单号：PAIN26290BC02S
  - 主算法：全局列式装箱 + 柱级组合优化（GCP）。
  - 失败托盘互借诊断：未合并（no_target_or_single_plan）。
托盘类型 MH423C（销售订单号：PAIN26290BC02S）处理完成：总托盘 1，指数达标 0，未达标 1，平均缺口 84.00，最大缺口 84.00，失败托盘互借修复成功 0。
  - KPI：near/mid/deep=0/0/1，救回率=0.00%，pair效率=0.00%。
  - 耗时拆解：packing=1.36s，main_topup=0.00s，retry=0.00s，failed_pool=0.00s，repack=0.00s，total=1.36s。
正在处理托盘类型：MH423C，销售订单号：PAIN26286EN01S
  - 该分组不适合列式（多非满柱）→ 回退 beam + 配方优先。
  - 配方优先[fast]：规划 0 实例，实装成功 0，配方路径不可用 → 采用基线方案。
  - 指数诊断：箱子 1 个，总指数 2，目标 192，理论最多达标托盘 0 个，剩余指数 2。
  - 几何诊断：典型整层堆叠单盘参考上限 2/192。 当前目标可能受托盘高度/箱型组合限制。
  - 几何诊断提示：典型整层参考值 2 < 目标 192；该值不是不可达证明，继续执行指数救援。
  - 失败托盘互借诊断：未合并（no_target_or_single_plan）。
托盘类型 MH423C（销售订单号：PAIN26286EN01S）处理完成：总托盘 1，指数达标 0，未达标 1，平均缺口 190.00，最大缺口 190.00，失败托盘互借修复成功 0。
  - KPI：near/mid/deep=0/0/1，救回率=0.00%，pair效率=0.00%。
  - 耗时拆解：packing=0.00s，main_topup=0.00s，retry=0.00s，failed_pool=0.00s，repack=0.00s，total=0.00s。
正在处理托盘类型：MH423C，销售订单号：LAID16296DN03S__CASEGROUP__1
  - 主算法：全局列式装箱 + 柱级组合优化（GCP）。
  - 失败托盘互借诊断：未合并（no_target_or_single_plan）。
托盘类型 MH423C（销售订单号：LAID16296DN03S__CASEGROUP__1）处理完成：总托盘 1，指数达标 0，未达标 1，平均缺口 90.00，最大缺口 90.00，失败托盘互借修复成功 0。
  - KPI：near/mid/deep=0/0/1，救回率=0.00%，pair效率=0.00%。
  - 耗时拆解：packing=0.38s，main_topup=0.00s，retry=0.00s，failed_pool=0.00s，repack=0.00s，total=0.38s。
正在处理托盘类型：MH423C，销售订单号：LAID16296DN03S__CASEGROUP__1__SPLITREST__
  - 该分组不适合列式（多非满柱）→ 回退 beam + 配方优先。
  - 配方优先[fast]：规划 0 实例，实装成功 0，配方路径不可用 → 采用基线方案。
  - 指数诊断：箱子 4 个，总指数 2，目标 192，理论最多达标托盘 0 个，剩余指数 2。
  - 几何诊断：典型整层堆叠单盘参考上限 2/192。 当前目标可能受托盘高度/箱型组合限制。
  - 几何诊断提示：典型整层参考值 2 < 目标 192；该值不是不可达证明，继续执行指数救援。
  - 失败托盘互借诊断：未合并（no_target_or_single_plan）。
托盘类型 MH423C（销售订单号：LAID16296DN03S__CASEGROUP__1__SPLITREST__）处理完成：总托盘 1，指数达标 0，未达标 1，平均缺口 190.00，最大缺口 190.00，失败托盘互借修复成功 0。
  - KPI：near/mid/deep=0/0/1，救回率=0.00%，pair效率=0.00%。
  - 耗时拆解：packing=0.00s，main_topup=0.00s，retry=0.00s，failed_pool=0.00s，repack=0.00s，total=0.02s。
正在处理托盘类型：MH423C，销售订单号：LAMY16315FN01S
  - 主算法：全局列式装箱 + 柱级组合优化（GCP）。
  - 失败托盘互借诊断：未合并（no_target_or_single_plan）。
托盘类型 MH423C（销售订单号：LAMY16315FN01S）处理完成：总托盘 1，指数达标 0，未达标 1，平均缺口 21.00，最大缺口 21.00，失败托盘互借修复成功 0。
  - KPI：near/mid/deep=0/1/0，救回率=0.00%，pair效率=0.00%。
  - 耗时拆解：packing=1.05s，main_topup=0.00s，retry=0.00s，failed_pool=0.00s，repack=0.00s，total=1.05s。
正在处理托盘类型：MH423C，销售订单号：LAMY16315FN01S__SPLITREST__
  - 该分组不适合列式（多非满柱）→ 回退 beam + 配方优先。
  - 配方优先[fast]：规划 0 实例，实装成功 0，配方路径不可用 → 采用基线方案。
  - 指数诊断：箱子 1 个，总指数 0.5，目标 192，理论最多达标托盘 0 个，剩余指数 0.5。
  - 几何诊断：典型整层堆叠单盘参考上限 0.5/192。 当前目标可能受托盘高度/箱型组合限制。
  - 几何诊断提示：典型整层参考值 0.5 < 目标 192；该值不是不可达证明，继续执行指数救援。
  - 失败托盘互借诊断：未合并（no_target_or_single_plan）。
托盘类型 MH423C（销售订单号：LAMY16315FN01S__SPLITREST__）处理完成：总托盘 1，指数达标 0，未达标 1，平均缺口 191.50，最大缺口 191.50，失败托盘互借修复成功 0。
  - KPI：near/mid/deep=0/0/1，救回率=0.00%，pair效率=0.00%。
  - 耗时拆解：packing=0.00s，main_topup=0.00s，retry=0.00s，failed_pool=0.00s，repack=0.00s，total=0.00s。
正在处理托盘类型：MH423C，销售订单号：LAID16305BN02S
  - 主算法：全局列式装箱 + 柱级组合优化（GCP）。
  - 失败托盘互借诊断：未合并（no_target_or_single_plan）。
托盘类型 MH423C（销售订单号：LAID16305BN02S）处理完成：总托盘 1，指数达标 0，未达标 1，平均缺口 128.50，最大缺口 128.50，失败托盘互借修复成功 0。
  - KPI：near/mid/deep=0/0/1，救回率=0.00%，pair效率=0.00%。
  - 耗时拆解：packing=0.47s，main_topup=0.00s，retry=0.00s，failed_pool=0.00s，repack=0.00s，total=0.47s。
正在处理托盘类型：MH423C，销售订单号：PAID16280FC02S
  - 主算法：全局列式装箱 + 柱级组合优化（GCP）。
  - GCP 盘数远超理论（CP-SAT 装不满）→ 回退 baseline beam + 配方优先。
  - 配方优先[fast]：规划 0 实例，实装成功 0，配方路径不可用 → 采用基线方案。
  - 指数诊断：箱子 4 个，总指数 16，目标 192，理论最多达标托盘 0 个，剩余指数 16。
  - 几何诊断：典型整层堆叠单盘参考上限 16/192。 当前目标可能受托盘高度/箱型组合限制。
  - 几何诊断提示：典型整层参考值 16 < 目标 192；该值不是不可达证明，继续执行指数救援。
  - 失败托盘互借诊断：未合并（no_target_or_single_plan）。
托盘类型 MH423C（销售订单号：PAID16280FC02S）处理完成：总托盘 1，指数达标 0，未达标 1，平均缺口 176.00，最大缺口 176.00，失败托盘互借修复成功 0。
  - KPI：near/mid/deep=0/0/1，救回率=0.00%，pair效率=0.00%。
  - 耗时拆解：packing=0.00s，main_topup=0.00s，retry=0.00s，failed_pool=0.00s，repack=0.00s，total=0.03s。
正在处理托盘类型：MH423C，销售订单号：PAID16290FC02S
  - 该分组不适合列式（多非满柱）→ 回退 beam + 配方优先。
  - 配方优先[fast]：规划 0 实例，实装成功 0，配方路径不可用 → 采用基线方案。
  - 指数诊断：箱子 6 个，总指数 14，目标 192，理论最多达标托盘 0 个，剩余指数 14。
  - 几何诊断：典型整层堆叠单盘参考上限 14/192。 当前目标可能受托盘高度/箱型组合限制。
  - 几何诊断提示：典型整层参考值 14 < 目标 192；该值不是不可达证明，继续执行指数救援。
  - 失败托盘互借诊断：未合并（no_target_or_single_plan）。
托盘类型 MH423C（销售订单号：PAID16290FC02S）处理完成：总托盘 1，指数达标 0，未达标 1，平均缺口 178.00，最大缺口 178.00，失败托盘互借修复成功 0。
  - KPI：near/mid/deep=0/0/1，救回率=0.00%，pair效率=0.00%。
  - 耗时拆解：packing=0.01s，main_topup=0.00s，retry=0.00s，failed_pool=0.00s，repack=0.00s，total=0.05s。
正在处理托盘类型：MH423C，销售订单号：PEG146296CN01S
  - 主算法：全局列式装箱 + 柱级组合优化（GCP）。
  - 失败托盘互借诊断：未合并（no_target_or_single_plan）。
托盘类型 MH423C（销售订单号：PEG146296CN01S）处理完成：总托盘 1，指数达标 0，未达标 1，平均缺口 68.00，最大缺口 68.00，失败托盘互借修复成功 0。
  - KPI：near/mid/deep=0/0/1，救回率=0.00%，pair效率=0.00%。
  - 耗时拆解：packing=0.31s，main_topup=0.00s，retry=0.00s，failed_pool=0.00s，repack=0.00s，total=0.31s。
正在处理托盘类型：MH423C，销售订单号：PAID16295BN01S
  - 主算法：全局列式装箱 + 柱级组合优化（GCP）。
  - 失败托盘互借诊断：未合并（aborted_no_improvement_possible）。
托盘类型 MH423C（销售订单号：PAID16295BN01S）处理完成：总托盘 2，指数达标 0，未达标 2，平均缺口 96.75，最大缺口 163.50，失败托盘互借修复成功 0。
  - KPI：near/mid/deep=0/0/2，救回率=0.00%，pair效率=0.00%。
  - 耗时拆解：packing=2.15s，main_topup=0.00s，retry=0.00s，failed_pool=0.00s，repack=1.49s，total=3.64s。
正在处理托盘类型：MH423C，销售订单号：PAID16296DN01S
  - 主算法：全局列式装箱 + 柱级组合优化（GCP）。
  - 失败托盘互借诊断：未合并（no_target_or_single_plan）。
托盘类型 MH423C（销售订单号：PAID16296DN01S）处理完成：总托盘 1，指数达标 0，未达标 1，平均缺口 132.50，最大缺口 132.50，失败托盘互借修复成功 0。
  - KPI：near/mid/deep=0/0/1，救回率=0.00%，pair效率=0.00%。
  - 耗时拆解：packing=1.28s，main_topup=0.00s，retry=0.00s，failed_pool=0.00s，repack=0.00s，total=1.28s。
正在处理托盘类型：MH423C，销售订单号：PAID16296DN01S__SPLITREST__
  - 该分组不适合列式（多非满柱）→ 回退 beam + 配方优先。
  - 配方优先[fast]：规划 0 实例，实装成功 0，配方路径不可用 → 采用基线方案。
  - 指数诊断：箱子 3 个，总指数 6，目标 192，理论最多达标托盘 0 个，剩余指数 6。
  - 几何诊断：典型整层堆叠单盘参考上限 6/192。 当前目标可能受托盘高度/箱型组合限制。
  - 几何诊断提示：典型整层参考值 6 < 目标 192；该值不是不可达证明，继续执行指数救援。
  - 失败托盘互借诊断：未合并（no_target_or_single_plan）。
托盘类型 MH423C（销售订单号：PAID16296DN01S__SPLITREST__）处理完成：总托盘 1，指数达标 0，未达标 1，平均缺口 186.00，最大缺口 186.00，失败托盘互借修复成功 0。
  - KPI：near/mid/deep=0/0/1，救回率=0.00%，pair效率=0.00%。
  - 耗时拆解：packing=0.00s，main_topup=0.00s，retry=0.00s，failed_pool=0.00s，repack=0.00s，total=0.01s。
正在处理托盘类型：MH423C，销售订单号：LAID16305EN01S
  - 该分组不适合列式（多非满柱）→ 回退 beam + 配方优先。
  - 配方优先[fast]：规划 0 实例，实装成功 0，配方路径不可用 → 采用基线方案。
  - 指数诊断：箱子 27 个，总指数 81.5，目标 192，理论最多达标托盘 0 个，剩余指数 81.5。
  - 几何诊断：典型整层堆叠单盘参考上限 63/192。 当前目标可能受托盘高度/箱型组合限制。
  - 几何诊断提示：典型整层参考值 63 < 目标 192；该值不是不可达证明，继续执行指数救援。
  - 失败托盘互借诊断：未合并（aborted_no_improvement_possible）。
托盘类型 MH423C（销售订单号：LAID16305EN01S）处理完成：总托盘 2，指数达标 0，未达标 2，平均缺口 151.25，最大缺口 162.00，失败托盘互借修复成功 0。
  - KPI：near/mid/deep=0/0/2，救回率=0.00%，pair效率=0.00%。
  - 耗时拆解：packing=0.22s，main_topup=0.00s，retry=0.00s，failed_pool=0.00s，repack=0.17s，total=0.39s。
正在处理托盘类型：MH423C，销售订单号：PAID16295EL05S
  - 该分组不适合列式（多非满柱）→ 回退 beam + 配方优先。
  - 配方优先[fast]：规划 0 实例，实装成功 0，配方路径不可用 → 采用基线方案。
  - 指数诊断：箱子 1 个，总指数 2，目标 192，理论最多达标托盘 0 个，剩余指数 2。
  - 几何诊断：典型整层堆叠单盘参考上限 2/192。 当前目标可能受托盘高度/箱型组合限制。
  - 几何诊断提示：典型整层参考值 2 < 目标 192；该值不是不可达证明，继续执行指数救援。
  - 失败托盘互借诊断：未合并（no_target_or_single_plan）。
托盘类型 MH423C（销售订单号：PAID16295EL05S）处理完成：总托盘 1，指数达标 0，未达标 1，平均缺口 190.00，最大缺口 190.00，失败托盘互借修复成功 0。
  - KPI：near/mid/deep=0/0/1，救回率=0.00%，pair效率=0.00%。
  - 耗时拆解：packing=0.00s，main_topup=0.00s，retry=0.00s，failed_pool=0.00s，repack=0.00s，total=0.00s。
正在处理托盘类型：MH423C，销售订单号：PAID16290FL03S
  - 该分组不适合列式（多非满柱）→ 回退 beam + 配方优先。
  - 配方优先[fast]：规划 0 实例，实装成功 0，配方路径不可用 → 采用基线方案。
  - 指数诊断：箱子 3 个，总指数 6，目标 192，理论最多达标托盘 0 个，剩余指数 6。
  - 几何诊断：典型整层堆叠单盘参考上限 6/192。 当前目标可能受托盘高度/箱型组合限制。
  - 几何诊断提示：典型整层参考值 6 < 目标 192；该值不是不可达证明，继续执行指数救援。
  - 失败托盘互借诊断：未合并（no_target_or_single_plan）。
托盘类型 MH423C（销售订单号：PAID16290FL03S）处理完成：总托盘 1，指数达标 0，未达标 1，平均缺口 186.00，最大缺口 186.00，失败托盘互借修复成功 0。
  - KPI：near/mid/deep=0/0/1，救回率=0.00%，pair效率=0.00%。
  - 耗时拆解：packing=0.00s，main_topup=0.00s，retry=0.00s，failed_pool=0.00s，repack=0.00s，total=0.01s。
正在处理托盘类型：MH423C，销售订单号：PAID16306DN01S
  - 主算法：全局列式装箱 + 柱级组合优化（GCP）。
  - 失败托盘互借诊断：未合并（no_target_or_single_plan）。
托盘类型 MH423C（销售订单号：PAID16306DN01S）处理完成：总托盘 1，指数达标 0，未达标 1，平均缺口 170.00，最大缺口 170.00，失败托盘互借修复成功 0。
  - KPI：near/mid/deep=0/0/1，救回率=0.00%，pair效率=0.00%。
  - 耗时拆解：packing=0.10s，main_topup=0.00s，retry=0.00s，failed_pool=0.00s，repack=0.00s，total=0.10s。
正在处理托盘类型：MH423C，销售订单号：PAID16306DN01S__SPLITREST__
  - 该分组不适合列式（多非满柱）→ 回退 beam + 配方优先。
  - 配方优先[fast]：规划 0 实例，实装成功 0，配方路径不可用 → 采用基线方案。
  - 指数诊断：箱子 2 个，总指数 1，目标 192，理论最多达标托盘 0 个，剩余指数 1。
  - 几何诊断：典型整层堆叠单盘参考上限 1/192。 当前目标可能受托盘高度/箱型组合限制。
  - 几何诊断提示：典型整层参考值 1 < 目标 192；该值不是不可达证明，继续执行指数救援。
  - 失败托盘互借诊断：未合并（no_target_or_single_plan）。
托盘类型 MH423C（销售订单号：PAID16306DN01S__SPLITREST__）处理完成：总托盘 1，指数达标 0，未达标 1，平均缺口 191.00，最大缺口 191.00，失败托盘互借修复成功 0。
  - KPI：near/mid/deep=0/0/1，救回率=0.00%，pair效率=0.00%。
  - 耗时拆解：packing=0.00s，main_topup=0.00s，retry=0.00s，failed_pool=0.00s，repack=0.00s，total=0.01s。
正在处理托盘类型：MH423C，销售订单号：LAMY16305FN01S
  - 主算法：全局列式装箱 + 柱级组合优化（GCP）。
  - 失败托盘互借诊断：未合并（aborted_no_improvement_possible）。
托盘类型 MH423C（销售订单号：LAMY16305FN01S）处理完成：总托盘 2，指数达标 0，未达标 2，平均缺口 131.25，最大缺口 190.00，失败托盘互借修复成功 0。
  - KPI：near/mid/deep=0/0/2，救回率=0.00%，pair效率=0.00%。
  - 耗时拆解：packing=1.37s，main_topup=0.00s，retry=0.00s，failed_pool=0.00s，repack=1.09s，total=2.46s。
正在处理托盘类型：MH423C，销售订单号：LAMY16305FN01S__SPLITREST__
  - 该分组不适合列式（多非满柱）→ 回退 beam + 配方优先。
  - 配方优先[fast]：规划 0 实例，实装成功 0，配方路径不可用 → 采用基线方案。
  - 指数诊断：箱子 1 个，总指数 6，目标 192，理论最多达标托盘 0 个，剩余指数 6。
  - 几何诊断：典型整层堆叠单盘参考上限 6/192。 当前目标可能受托盘高度/箱型组合限制。
  - 几何诊断提示：典型整层参考值 6 < 目标 192；该值不是不可达证明，继续执行指数救援。
  - 失败托盘互借诊断：未合并（no_target_or_single_plan）。
托盘类型 MH423C（销售订单号：LAMY16305FN01S__SPLITREST__）处理完成：总托盘 1，指数达标 0，未达标 1，平均缺口 186.00，最大缺口 186.00，失败托盘互借修复成功 0。
  - KPI：near/mid/deep=0/0/1，救回率=0.00%，pair效率=0.00%。
  - 耗时拆解：packing=0.00s，main_topup=0.00s，retry=0.00s，failed_pool=0.00s，repack=0.00s，total=0.00s。
正在处理托盘类型：MH423C，销售订单号：PAID16300FN01S
  - 该分组不适合列式（多非满柱）→ 回退 beam + 配方优先。
  - 配方优先[fast]：规划 0 实例，实装成功 0，配方路径不可用 → 采用基线方案。
  - 指数诊断：箱子 8 个，总指数 19，目标 192，理论最多达标托盘 0 个，剩余指数 19。
  - 几何诊断：典型整层堆叠单盘参考上限 19/192。 当前目标可能受托盘高度/箱型组合限制。
  - 几何诊断提示：典型整层参考值 19 < 目标 192；该值不是不可达证明，继续执行指数救援。
  - 失败托盘互借诊断：未合并（no_target_or_single_plan）。
托盘类型 MH423C（销售订单号：PAID16300FN01S）处理完成：总托盘 1，指数达标 0，未达标 1，平均缺口 173.00，最大缺口 173.00，失败托盘互借修复成功 0。
  - KPI：near/mid/deep=0/0/1，救回率=0.00%，pair效率=0.00%。
  - 耗时拆解：packing=0.01s，main_topup=0.00s，retry=0.00s，failed_pool=0.00s，repack=0.00s，total=0.05s。
正在处理托盘类型：MH423C，销售订单号：PAID16295BD02S
  - 主算法：全局列式装箱 + 柱级组合优化（GCP）。
  - 失败托盘互借诊断：未合并（no_target_or_single_plan）。
托盘类型 MH423C（销售订单号：PAID16295BD02S）处理完成：总托盘 1，指数达标 0，未达标 1，平均缺口 156.00，最大缺口 156.00，失败托盘互借修复成功 0。
  - KPI：near/mid/deep=0/0/1，救回率=0.00%，pair效率=0.00%。
  - 耗时拆解：packing=0.07s，main_topup=0.00s，retry=0.00s，failed_pool=0.00s，repack=0.00s，total=0.07s。
正在处理托盘类型：MH423C，销售订单号：LFEG16300IN02S
  - 主算法：全局列式装箱 + 柱级组合优化（GCP）。
  - GCP 盘数远超理论（CP-SAT 装不满）→ 回退 baseline beam + 配方优先。
  - 配方优先[fast]：规划 0 实例，实装成功 0，配方路径不可用 → 采用基线方案。
  - 指数诊断：箱子 86 个，总指数 148.5，目标 192，理论最多达标托盘 0 个，剩余指数 148.5。
  - 几何诊断：典型整层堆叠单盘参考上限 116/192。 当前目标可能受托盘高度/箱型组合限制。
  - 几何诊断提示：典型整层参考值 116 < 目标 192；该值不是不可达证明，继续执行指数救援。
  - 失败托盘互借诊断：未合并（aborted_no_improvement_possible）。
托盘类型 MH423C（销售订单号：LFEG16300IN02S）处理完成：总托盘 2，指数达标 0，未达标 2，平均缺口 117.75，最大缺口 186.50，失败托盘互借修复成功 0。
  - KPI：near/mid/deep=0/0/2，救回率=0.00%，pair效率=0.00%。
  - 耗时拆解：packing=1.32s，main_topup=0.03s，retry=0.00s，failed_pool=0.00s，repack=2.61s，total=11.59s。
正在处理托盘类型：MH423C，销售订单号：LFEG16300IN02S__SPLITREST__
  - 该分组不适合列式（多非满柱）→ 回退 beam + 配方优先。
  - 配方优先[fast]：规划 0 实例，实装成功 0，配方路径不可用 → 采用基线方案。
  - 指数诊断：箱子 2 个，总指数 4，目标 192，理论最多达标托盘 0 个，剩余指数 4。
  - 几何诊断：典型整层堆叠单盘参考上限 4/192。 当前目标可能受托盘高度/箱型组合限制。
  - 几何诊断提示：典型整层参考值 4 < 目标 192；该值不是不可达证明，继续执行指数救援。
  - 失败托盘互借诊断：未合并（no_target_or_single_plan）。
托盘类型 MH423C（销售订单号：LFEG16300IN02S__SPLITREST__）处理完成：总托盘 1，指数达标 0，未达标 1，平均缺口 188.00，最大缺口 188.00，失败托盘互借修复成功 0。
  - KPI：near/mid/deep=0/0/1，救回率=0.00%，pair效率=0.00%。
  - 耗时拆解：packing=0.00s，main_topup=0.00s，retry=0.00s，failed_pool=0.00s，repack=0.00s，total=0.01s。
正在处理托盘类型：MH423C，销售订单号：LAID16305BN01S
  - 主算法：全局列式装箱 + 柱级组合优化（GCP）。
  - 失败托盘互借诊断：未合并（aborted_no_improvement_possible）。
托盘类型 MH423C（销售订单号：LAID16305BN01S）处理完成：总托盘 2，指数达标 0，未达标 2，平均缺口 131.50，最大缺口 188.00，失败托盘互借修复成功 0。
  - KPI：near/mid/deep=0/0/2，救回率=0.00%，pair效率=0.00%。
  - 耗时拆解：packing=0.80s，main_topup=0.00s，retry=0.00s，failed_pool=0.00s，repack=0.68s，total=1.47s。
正在处理托盘类型：MH423C，销售订单号：LFEG16310IN03S
  - 主算法：全局列式装箱 + 柱级组合优化（GCP）。
  - 失败托盘互借诊断：未合并（no_target_or_single_plan）。
托盘类型 MH423C（销售订单号：LFEG16310IN03S）处理完成：总托盘 1，指数达标 0，未达标 1，平均缺口 159.00，最大缺口 159.00，失败托盘互借修复成功 0。
  - KPI：near/mid/deep=0/0/1，救回率=0.00%，pair效率=0.00%。
  - 耗时拆解：packing=0.03s，main_topup=0.00s，retry=0.00s，failed_pool=0.00s，repack=0.00s，total=0.03s。
正在处理托盘类型：MH423C，销售订单号：LFEG16300IN01S
  - 该分组不适合列式（多非满柱）→ 回退 beam + 配方优先。
  - 配方优先[fast]：规划 0 实例，实装成功 0，配方路径不可用 → 采用基线方案。
  - 指数诊断：箱子 18 个，总指数 29.5，目标 192，理论最多达标托盘 0 个，剩余指数 29.5。
  - 几何诊断：典型整层堆叠单盘参考上限 28.5/192。 当前目标可能受托盘高度/箱型组合限制。
  - 几何诊断提示：典型整层参考值 28.5 < 目标 192；该值不是不可达证明，继续执行指数救援。
  - 失败托盘互借诊断：未合并（no_target_or_single_plan）。
托盘类型 MH423C（销售订单号：LFEG16300IN01S）处理完成：总托盘 1，指数达标 0，未达标 1，平均缺口 162.50，最大缺口 162.50，失败托盘互借修复成功 0。
  - KPI：near/mid/deep=0/0/1，救回率=0.00%，pair效率=0.00%。
  - 耗时拆解：packing=0.10s，main_topup=0.00s，retry=0.00s，failed_pool=0.00s，repack=0.00s，total=0.10s。
正在处理托盘类型：MH423C，销售订单号：LFEG16300IN03S
  - 主算法：全局列式装箱 + 柱级组合优化（GCP）。
  - 失败托盘互借诊断：未合并（no_target_or_single_plan）。
托盘类型 MH423C（销售订单号：LFEG16300IN03S）处理完成：总托盘 1，指数达标 0，未达标 1，平均缺口 82.00，最大缺口 82.00，失败托盘互借修复成功 0。
  - KPI：near/mid/deep=0/0/1，救回率=0.00%，pair效率=0.00%。
  - 耗时拆解：packing=0.98s，main_topup=0.00s，retry=0.00s，failed_pool=0.00s，repack=0.00s，total=0.98s。
正在处理托盘类型：MH423C，销售订单号：LFEG16300IN03S__SPLITREST__
  - 该分组不适合列式（多非满柱）→ 回退 beam + 配方优先。
  - 配方优先[fast]：规划 0 实例，实装成功 0，配方路径不可用 → 采用基线方案。
  - 指数诊断：箱子 2 个，总指数 4，目标 192，理论最多达标托盘 0 个，剩余指数 4。
  - 几何诊断：典型整层堆叠单盘参考上限 4/192。 当前目标可能受托盘高度/箱型组合限制。
  - 几何诊断提示：典型整层参考值 4 < 目标 192；该值不是不可达证明，继续执行指数救援。
  - 失败托盘互借诊断：未合并（no_target_or_single_plan）。
托盘类型 MH423C（销售订单号：LFEG16300IN03S__SPLITREST__）处理完成：总托盘 1，指数达标 0，未达标 1，平均缺口 188.00，最大缺口 188.00，失败托盘互借修复成功 0。
  - KPI：near/mid/deep=0/0/1，救回率=0.00%，pair效率=0.00%。
  - 耗时拆解：packing=0.00s，main_topup=0.00s，retry=0.00s，failed_pool=0.00s，repack=0.00s，total=0.01s。
正在处理托盘类型：MH423C，销售订单号：LAID16305BN03S
  - 主算法：全局列式装箱 + 柱级组合优化（GCP）。
  - 失败托盘互借诊断：未合并（no_target_or_single_plan）。
托盘类型 MH423C（销售订单号：LAID16305BN03S）处理完成：总托盘 1，指数达标 0，未达标 1，平均缺口 116.00，最大缺口 116.00，失败托盘互借修复成功 0。
  - KPI：near/mid/deep=0/0/1，救回率=0.00%，pair效率=0.00%。
  - 耗时拆解：packing=0.37s，main_topup=0.00s，retry=0.00s，failed_pool=0.00s，repack=0.00s，total=0.37s。
正在处理托盘类型：MH423C，销售订单号：LAID16305BN03S__SPLITREST__
  - 该分组不适合列式（多非满柱）→ 回退 beam + 配方优先。
  - 托盘 MH423C-LAID16305BN03S__SPLITREST__-1 未找到可行装箱方案，启用剩余箱子守恒兜底。
  - 配方优先[fast]：规划 0 实例，实装成功 0，配方路径不可用 → 采用基线方案。
  - 指数诊断：箱子 5 个，总指数 2.5，目标 192，理论最多达标托盘 0 个，剩余指数 2.5。
  - 几何诊断：典型整层堆叠单盘参考上限 2.5/192。 当前目标可能受托盘高度/箱型组合限制。
  - 几何诊断提示：典型整层参考值 2.5 < 目标 192；该值不是不可达证明，继续执行指数救援。
  - 失败托盘互借诊断：未合并（aborted_no_improvement_possible）。
托盘类型 MH423C（销售订单号：LAID16305BN03S__SPLITREST__）处理完成：总托盘 2，指数达标 0，未达标 2，平均缺口 190.75，最大缺口 191.50，失败托盘互借修复成功 0。
  - KPI：near/mid/deep=0/0/2，救回率=0.00%，pair效率=0.00%。
  - 耗时拆解：packing=0.01s，main_topup=0.00s，retry=0.00s，failed_pool=0.00s，repack=0.04s，total=0.08s。
正在处理托盘类型：MH423C，销售订单号：PEG166300LN01S
  - 主算法：全局列式装箱 + 柱级组合优化（GCP）。
  - 失败托盘互借诊断：未合并（no_target_or_single_plan）。
托盘类型 MH423C（销售订单号：PEG166300LN01S）处理完成：总托盘 1，指数达标 0，未达标 1，平均缺口 64.00，最大缺口 64.00，失败托盘互借修复成功 0。
  - KPI：near/mid/deep=0/0/1，救回率=0.00%，pair效率=0.00%。
  - 耗时拆解：packing=0.33s，main_topup=0.00s，retry=0.00s，failed_pool=0.00s，repack=0.00s，total=0.33s。
正在处理托盘类型：MH423C，销售订单号：PAID163008N01S
  - 该分组不适合列式（多非满柱）→ 回退 beam + 配方优先。
  - 配方优先[fast]：规划 0 实例，实装成功 0，配方路径不可用 → 采用基线方案。
  - 指数诊断：箱子 1 个，总指数 1，目标 192，理论最多达标托盘 0 个，剩余指数 1。
  - 几何诊断：典型整层堆叠单盘参考上限 1/192。 当前目标可能受托盘高度/箱型组合限制。
  - 几何诊断提示：典型整层参考值 1 < 目标 192；该值不是不可达证明，继续执行指数救援。
  - 失败托盘互借诊断：未合并（no_target_or_single_plan）。
托盘类型 MH423C（销售订单号：PAID163008N01S）处理完成：总托盘 1，指数达标 0，未达标 1，平均缺口 191.00，最大缺口 191.00，失败托盘互借修复成功 0。
  - KPI：near/mid/deep=0/0/1，救回率=0.00%，pair效率=0.00%。
  - 耗时拆解：packing=0.00s，main_topup=0.00s，retry=0.00s，failed_pool=0.00s，repack=0.00s，total=0.00s。
正在处理托盘类型：MH423C，销售订单号：PAIN26290BN01S
  - 该分组不适合列式（多非满柱）→ 回退 beam + 配方优先。
  - 托盘 MH423C-PAIN26290BN01S-1 未找到可行装箱方案，启用剩余箱子守恒兜底。
  - 配方优先[fast]：规划 0 实例，实装成功 0，配方路径不可用 → 采用基线方案。
  - 指数诊断：箱子 5 个，总指数 2.5，目标 192，理论最多达标托盘 0 个，剩余指数 2.5。
  - 几何诊断：典型整层堆叠单盘参考上限 2.5/192。 当前目标可能受托盘高度/箱型组合限制。
  - 几何诊断提示：典型整层参考值 2.5 < 目标 192；该值不是不可达证明，继续执行指数救援。
  - 失败盘装满压实：合并/吸收 1 次（纯减盘数）。
  - 失败托盘互借诊断：未合并（aborted_no_improvement_possible）。
托盘类型 MH423C（销售订单号：PAIN26290BN01S）处理完成：总托盘 1，指数达标 0，未达标 1，平均缺口 189.50，最大缺口 189.50，失败托盘互借修复成功 0。
  - KPI：near/mid/deep=0/0/1，救回率=0.00%，pair效率=0.00%。
  - 耗时拆解：packing=0.01s，main_topup=0.00s，retry=0.00s，failed_pool=0.00s，repack=0.04s，total=0.07s。
正在处理托盘类型：MH423C，销售订单号：PAID162308N01S
  - 该分组不适合列式（多非满柱）→ 回退 beam + 配方优先。
  - 配方优先[fast]：规划 0 实例，实装成功 0，配方路径不可用 → 采用基线方案。
  - 指数诊断：箱子 1 个，总指数 2，目标 192，理论最多达标托盘 0 个，剩余指数 2。
  - 几何诊断：典型整层堆叠单盘参考上限 2/192。 当前目标可能受托盘高度/箱型组合限制。
  - 几何诊断提示：典型整层参考值 2 < 目标 192；该值不是不可达证明，继续执行指数救援。
  - 失败托盘互借诊断：未合并（no_target_or_single_plan）。
托盘类型 MH423C（销售订单号：PAID162308N01S）处理完成：总托盘 1，指数达标 0，未达标 1，平均缺口 190.00，最大缺口 190.00，失败托盘互借修复成功 0。
  - KPI：near/mid/deep=0/0/1，救回率=0.00%，pair效率=0.00%。
  - 耗时拆解：packing=0.00s，main_topup=0.00s，retry=0.00s，failed_pool=0.00s，repack=0.00s，total=0.00s。
正在处理托盘类型：MH423C，销售订单号：PEG106290LN01S
  - 主算法：全局列式装箱 + 柱级组合优化（GCP）。
  - 失败托盘互借诊断：未合并（no_target_or_single_plan）。
托盘类型 MH423C（销售订单号：PEG106290LN01S）处理完成：总托盘 1，指数达标 0，未达标 1，平均缺口 179.00，最大缺口 179.00，失败托盘互借修复成功 0。
  - KPI：near/mid/deep=0/0/1，救回率=0.00%，pair效率=0.00%。
  - 耗时拆解：packing=0.04s，main_topup=0.00s，retry=0.00s，failed_pool=0.00s，repack=0.00s，total=0.04s。
正在处理托盘类型：MH423C，销售订单号：LAID16306DN03S
  - 该分组不适合列式（多非满柱）→ 回退 beam + 配方优先。
  - 配方优先[fast]：规划 0 实例，实装成功 0，配方路径不可用 → 采用基线方案。
  - 指数诊断：箱子 9 个，总指数 9，目标 192，理论最多达标托盘 0 个，剩余指数 9。
  - 几何诊断：典型整层堆叠单盘参考上限 9/192。 当前目标可能受托盘高度/箱型组合限制。
  - 几何诊断提示：典型整层参考值 9 < 目标 192；该值不是不可达证明，继续执行指数救援。
  - 失败托盘互借诊断：未合并（no_target_or_single_plan）。
托盘类型 MH423C（销售订单号：LAID16306DN03S）处理完成：总托盘 1，指数达标 0，未达标 1，平均缺口 183.00，最大缺口 183.00，失败托盘互借修复成功 0。
  - KPI：near/mid/deep=0/0/1，救回率=0.00%，pair效率=0.00%。
  - 耗时拆解：packing=0.01s，main_topup=0.00s，retry=0.00s，failed_pool=0.00s，repack=0.00s，total=0.06s。
正在处理托盘类型：MH423C，销售订单号：PAID16305EC01S
  - 该分组不适合列式（多非满柱）→ 回退 beam + 配方优先。
  - 配方优先[fast]：规划 0 实例，实装成功 0，配方路径不可用 → 采用基线方案。
  - 指数诊断：箱子 2 个，总指数 2，目标 192，理论最多达标托盘 0 个，剩余指数 2。
  - 几何诊断：典型整层堆叠单盘参考上限 2/192。 当前目标可能受托盘高度/箱型组合限制。
  - 几何诊断提示：典型整层参考值 2 < 目标 192；该值不是不可达证明，继续执行指数救援。
  - 失败托盘互借诊断：未合并（no_target_or_single_plan）。
托盘类型 MH423C（销售订单号：PAID16305EC01S）处理完成：总托盘 1，指数达标 0，未达标 1，平均缺口 190.00，最大缺口 190.00，失败托盘互借修复成功 0。
  - KPI：near/mid/deep=0/0/1，救回率=0.00%，pair效率=0.00%。
  - 耗时拆解：packing=0.00s，main_topup=0.00s，retry=0.00s，failed_pool=0.00s，repack=0.00s，total=0.00s。
正在处理托盘类型：MH423C，销售订单号：LAID16306DN02S
  - 该分组不适合列式（多非满柱）→ 回退 beam + 配方优先。
  - 配方优先[fast]：规划 0 实例，实装成功 0，配方路径不可用 → 采用基线方案。
  - 指数诊断：箱子 36 个，总指数 44，目标 192，理论最多达标托盘 0 个，剩余指数 44。
  - 几何诊断：典型整层堆叠单盘参考上限 44/192。 当前目标可能受托盘高度/箱型组合限制。
  - 几何诊断提示：典型整层参考值 44 < 目标 192；该值不是不可达证明，继续执行指数救援。
  - 失败托盘互借诊断：未合并（no_target_or_single_plan）。
托盘类型 MH423C（销售订单号：LAID16306DN02S）处理完成：总托盘 1，指数达标 0，未达标 1，平均缺口 148.00，最大缺口 148.00，失败托盘互借修复成功 0。
  - KPI：near/mid/deep=0/0/1，救回率=0.00%，pair效率=0.00%。
  - 耗时拆解：packing=0.83s，main_topup=0.00s，retry=0.00s，failed_pool=0.00s，repack=0.00s，total=0.83s。
正在处理托盘类型：MH423C，销售订单号：LFEG16316AN01S
  - 主算法：全局列式装箱 + 柱级组合优化（GCP）。
  - 失败托盘互借诊断：未合并（no_target_or_single_plan）。
托盘类型 MH423C（销售订单号：LFEG16316AN01S）处理完成：总托盘 1，指数达标 0，未达标 1，平均缺口 178.00，最大缺口 178.00，失败托盘互借修复成功 0。
  - KPI：near/mid/deep=0/0/1，救回率=0.00%，pair效率=0.00%。
  - 耗时拆解：packing=0.01s，main_topup=0.00s，retry=0.00s，failed_pool=0.00s，repack=0.00s，total=0.01s。
正在处理托盘类型：MH423C，销售订单号：PAIN26310GN01S
  - 主算法：全局列式装箱 + 柱级组合优化（GCP）。
  - GCP 盘数远超理论（CP-SAT 装不满）→ 回退 baseline beam + 配方优先。
  - 配方优先[fast]：规划 0 实例，实装成功 0，配方路径不可用 → 采用基线方案。
  - 指数诊断：箱子 4 个，总指数 16，目标 192，理论最多达标托盘 0 个，剩余指数 16。
  - 几何诊断：典型整层堆叠单盘参考上限 16/192。 当前目标可能受托盘高度/箱型组合限制。
  - 几何诊断提示：典型整层参考值 16 < 目标 192；该值不是不可达证明，继续执行指数救援。
  - 失败托盘互借诊断：未合并（no_target_or_single_plan）。
托盘类型 MH423C（销售订单号：PAIN26310GN01S）处理完成：总托盘 1，指数达标 0，未达标 1，平均缺口 176.00，最大缺口 176.00，失败托盘互借修复成功 0。
  - KPI：near/mid/deep=0/0/1，救回率=0.00%，pair效率=0.00%。
  - 耗时拆解：packing=0.00s，main_topup=0.00s，retry=0.00s，failed_pool=0.00s，repack=0.00s，total=0.03s。
正在处理托盘类型：MH423C，销售订单号：PAIN26290MZ07S
  - 主算法：全局列式装箱 + 柱级组合优化（GCP）。
  - 失败托盘互借诊断：未合并（no_target_or_single_plan）。
托盘类型 MH423C（销售订单号：PAIN26290MZ07S）处理完成：总托盘 1，指数达标 0，未达标 1，平均缺口 22.00，最大缺口 22.00，失败托盘互借修复成功 0。
  - KPI：near/mid/deep=0/1/0，救回率=0.00%，pair效率=0.00%。
  - 耗时拆解：packing=2.80s，main_topup=0.00s，retry=0.00s，failed_pool=0.00s，repack=0.00s，total=2.80s。
正在处理托盘类型：MH423C，销售订单号：PAID16295EN06S
  - 该分组不适合列式（多非满柱）→ 回退 beam + 配方优先。
  - 配方优先[fast]：规划 0 实例，实装成功 0，配方路径不可用 → 采用基线方案。
  - 指数诊断：箱子 1 个，总指数 1，目标 192，理论最多达标托盘 0 个，剩余指数 1。
  - 几何诊断：典型整层堆叠单盘参考上限 1/192。 当前目标可能受托盘高度/箱型组合限制。
  - 几何诊断提示：典型整层参考值 1 < 目标 192；该值不是不可达证明，继续执行指数救援。
  - 失败托盘互借诊断：未合并（no_target_or_single_plan）。
托盘类型 MH423C（销售订单号：PAID16295EN06S）处理完成：总托盘 1，指数达标 0，未达标 1，平均缺口 191.00，最大缺口 191.00，失败托盘互借修复成功 0。
  - KPI：near/mid/deep=0/0/1，救回率=0.00%，pair效率=0.00%。
  - 耗时拆解：packing=0.00s，main_topup=0.00s，retry=0.00s，failed_pool=0.00s，repack=0.00s，total=0.00s。
正在处理托盘类型：MH423C，销售订单号：PAIN26296EN01S
  - 主算法：全局列式装箱 + 柱级组合优化（GCP）。
  - 失败托盘互借诊断：未合并（no_target_or_single_plan）。
托盘类型 MH423C（销售订单号：PAIN26296EN01S）处理完成：总托盘 1，指数达标 0，未达标 1，平均缺口 31.00，最大缺口 31.00，失败托盘互借修复成功 0。
  - KPI：near/mid/deep=0/0/1，救回率=0.00%，pair效率=0.00%。
  - 耗时拆解：packing=0.42s，main_topup=0.00s，retry=0.00s，failed_pool=0.00s，repack=0.00s，total=0.42s。
正在处理托盘类型：MH423C，销售订单号：LFEG16316AN02S
  - 该分组不适合列式（多非满柱）→ 回退 beam + 配方优先。
  - 配方优先[fast]：规划 0 实例，实装成功 0，配方路径不可用 → 采用基线方案。
  - 指数诊断：箱子 3 个，总指数 6，目标 192，理论最多达标托盘 0 个，剩余指数 6。
  - 几何诊断：典型整层堆叠单盘参考上限 6/192。 当前目标可能受托盘高度/箱型组合限制。
  - 几何诊断提示：典型整层参考值 6 < 目标 192；该值不是不可达证明，继续执行指数救援。
  - 失败托盘互借诊断：未合并（no_target_or_single_plan）。
托盘类型 MH423C（销售订单号：LFEG16316AN02S）处理完成：总托盘 1，指数达标 0，未达标 1，平均缺口 186.00，最大缺口 186.00，失败托盘互借修复成功 0。
  - KPI：near/mid/deep=0/0/1，救回率=0.00%，pair效率=0.00%。
  - 耗时拆解：packing=0.00s，main_topup=0.00s，retry=0.00s，failed_pool=0.00s，repack=0.00s，total=0.01s。
正在处理托盘类型：MH423C，销售订单号：PAIN26310MN01S
  - 该分组不适合列式（多非满柱）→ 回退 beam + 配方优先。
  - 配方优先[fast]：规划 0 实例，实装成功 0，配方路径不可用 → 采用基线方案。
  - 指数诊断：箱子 7 个，总指数 76，目标 192，理论最多达标托盘 0 个，剩余指数 76。
  - 几何诊断：典型整层堆叠单盘参考上限 60/192。 当前目标可能受托盘高度/箱型组合限制。
  - 几何诊断提示：典型整层参考值 60 < 目标 192；该值不是不可达证明，继续执行指数救援。
  - 失败托盘互借诊断：未合并（no_target_or_single_plan）。
托盘类型 MH423C（销售订单号：PAIN26310MN01S）处理完成：总托盘 1，指数达标 0，未达标 1，平均缺口 116.00，最大缺口 116.00，失败托盘互借修复成功 0。
  - KPI：near/mid/deep=0/0/1，救回率=0.00%，pair效率=0.00%。
  - 耗时拆解：packing=0.00s，main_topup=0.00s，retry=0.00s，failed_pool=0.00s，repack=0.00s，total=0.00s。
正在处理托盘类型：MH423C，销售订单号：LAID16315EN01S
  - 该分组不适合列式（多非满柱）→ 回退 beam + 配方优先。
  - 配方优先[fast]：规划 0 实例，实装成功 0，配方路径不可用 → 采用基线方案。
  - 指数诊断：箱子 4 个，总指数 20，目标 192，理论最多达标托盘 0 个，剩余指数 20。
  - 几何诊断：典型整层堆叠单盘参考上限 20/192。 当前目标可能受托盘高度/箱型组合限制。
  - 几何诊断提示：典型整层参考值 20 < 目标 192；该值不是不可达证明，继续执行指数救援。
  - 失败托盘互借诊断：未合并（no_target_or_single_plan）。
托盘类型 MH423C（销售订单号：LAID16315EN01S）处理完成：总托盘 1，指数达标 0，未达标 1，平均缺口 172.00，最大缺口 172.00，失败托盘互借修复成功 0。
  - KPI：near/mid/deep=0/0/1，救回率=0.00%，pair效率=0.00%。
  - 耗时拆解：packing=0.01s，main_topup=0.00s，retry=0.00s，failed_pool=0.00s，repack=0.00s，total=0.01s。
正在处理托盘类型：MH423C，销售订单号：PAIN26316EN01S
  - 主算法：全局列式装箱 + 柱级组合优化（GCP）。
  - 失败托盘互借诊断：未合并（no_target_or_single_plan）。
托盘类型 MH423C（销售订单号：PAIN26316EN01S）处理完成：总托盘 1，指数达标 0，未达标 1，平均缺口 140.00，最大缺口 140.00，失败托盘互借修复成功 0。
  - KPI：near/mid/deep=0/0/1，救回率=0.00%，pair效率=0.00%。
  - 耗时拆解：packing=0.04s，main_topup=0.00s，retry=0.00s，failed_pool=0.00s，repack=0.00s，total=0.04s。
正在处理托盘类型：MH423C，销售订单号：LAID16315EN02S
  - 主算法：全局列式装箱 + 柱级组合优化（GCP）。
  - 失败托盘互借诊断：未合并（no_target_or_single_plan）。
托盘类型 MH423C（销售订单号：LAID16315EN02S）处理完成：总托盘 1，指数达标 0，未达标 1，平均缺口 148.00，最大缺口 148.00，失败托盘互借修复成功 0。
  - KPI：near/mid/deep=0/0/1，救回率=0.00%，pair效率=0.00%。
  - 耗时拆解：packing=0.01s，main_topup=0.00s，retry=0.00s，failed_pool=0.00s，repack=0.00s，total=0.01s。
正在处理托盘类型：MH423C，销售订单号：PAIN26296EC02S
  - 主算法：全局列式装箱 + 柱级组合优化（GCP）。
  - 失败托盘互借诊断：未合并（no_target_or_single_plan）。
托盘类型 MH423C（销售订单号：PAIN26296EC02S）处理完成：总托盘 1，指数达标 0，未达标 1，平均缺口 130.00，最大缺口 130.00，失败托盘互借修复成功 0。
  - KPI：near/mid/deep=0/0/1，救回率=0.00%，pair效率=0.00%。
  - 耗时拆解：packing=0.20s，main_topup=0.00s，retry=0.00s，failed_pool=0.00s，repack=0.00s，total=0.20s。
正在处理托盘类型：MH423C，销售订单号：PAIN26310MZ05S
  - 主算法：全局列式装箱 + 柱级组合优化（GCP）。
  - 失败托盘互借诊断：未合并（no_target_or_single_plan）。
托盘类型 MH423C（销售订单号：PAIN26310MZ05S）处理完成：总托盘 1，指数达标 0，未达标 1，平均缺口 86.00，最大缺口 86.00，失败托盘互借修复成功 0。
  - KPI：near/mid/deep=0/0/1，救回率=0.00%，pair效率=0.00%。
  - 耗时拆解：packing=1.43s，main_topup=0.00s，retry=0.00s，failed_pool=0.00s，repack=0.00s，total=1.43s。
正在处理托盘类型：MH423C，销售订单号：PEG086300LN01S
  - 主算法：全局列式装箱 + 柱级组合优化（GCP）。
  - 失败托盘互借诊断：未合并（no_target_or_single_plan）。
托盘类型 MH423C（销售订单号：PEG086300LN01S）处理完成：总托盘 1，指数达标 0，未达标 1，平均缺口 124.00，最大缺口 124.00，失败托盘互借修复成功 0。
  - KPI：near/mid/deep=0/0/1，救回率=0.00%，pair效率=0.00%。
  - 耗时拆解：packing=0.08s，main_topup=0.00s，retry=0.00s，failed_pool=0.00s，repack=0.00s，total=0.08s。
正在处理托盘类型：MH423C，销售订单号：PEG086300LN01S__SPLITREST__
  - 该分组不适合列式（多非满柱）→ 回退 beam + 配方优先。
  - 配方优先[fast]：规划 0 实例，实装成功 0，配方路径不可用 → 采用基线方案。
  - 指数诊断：箱子 2 个，总指数 2，目标 192，理论最多达标托盘 0 个，剩余指数 2。
  - 几何诊断：典型整层堆叠单盘参考上限 2/192。 当前目标可能受托盘高度/箱型组合限制。
  - 几何诊断提示：典型整层参考值 2 < 目标 192；该值不是不可达证明，继续执行指数救援。
  - 失败托盘互借诊断：未合并（no_target_or_single_plan）。
托盘类型 MH423C（销售订单号：PEG086300LN01S__SPLITREST__）处理完成：总托盘 1，指数达标 0，未达标 1，平均缺口 190.00，最大缺口 190.00，失败托盘互借修复成功 0。
  - KPI：near/mid/deep=0/0/1，救回率=0.00%，pair效率=0.00%。
  - 耗时拆解：packing=0.00s，main_topup=0.00s，retry=0.00s，failed_pool=0.00s，repack=0.00s，total=0.00s。
正在处理托盘类型：MH423C，销售订单号：LAID16315EN03S
  - 该分组不适合列式（多非满柱）→ 回退 beam + 配方优先。
  - 配方优先[fast]：规划 0 实例，实装成功 0，配方路径不可用 → 采用基线方案。
  - 指数诊断：箱子 5 个，总指数 40，目标 192，理论最多达标托盘 0 个，剩余指数 40。
  - 几何诊断：典型整层堆叠单盘参考上限 40/192。 当前目标可能受托盘高度/箱型组合限制。
  - 几何诊断提示：典型整层参考值 40 < 目标 192；该值不是不可达证明，继续执行指数救援。
  - 失败托盘互借诊断：未合并（no_target_or_single_plan）。
托盘类型 MH423C（销售订单号：LAID16315EN03S）处理完成：总托盘 1，指数达标 0，未达标 1，平均缺口 152.00，最大缺口 152.00，失败托盘互借修复成功 0。
  - KPI：near/mid/deep=0/0/1，救回率=0.00%，pair效率=0.00%。
  - 耗时拆解：packing=0.01s，main_topup=0.00s，retry=0.00s，failed_pool=0.00s，repack=0.00s，total=0.01s。
正在处理托盘类型：MH423C，销售订单号：LAID16316DN03S
  - 主算法：全局列式装箱 + 柱级组合优化（GCP）。
  - 失败托盘互借诊断：未合并（no_target_or_single_plan）。
托盘类型 MH423C（销售订单号：LAID16316DN03S）处理完成：总托盘 1，指数达标 0，未达标 1，平均缺口 144.00，最大缺口 144.00，失败托盘互借修复成功 0。
  - KPI：near/mid/deep=0/0/1，救回率=0.00%，pair效率=0.00%。
  - 耗时拆解：packing=0.04s，main_topup=0.00s，retry=0.00s，failed_pool=0.00s，repack=0.00s，total=0.04s。
正在处理托盘类型：MH423C，销售订单号：LAID16316DN01S
  - 主算法：全局列式装箱 + 柱级组合优化（GCP）。
  - 失败托盘互借诊断：未合并（no_target_or_single_plan）。
托盘类型 MH423C（销售订单号：LAID16316DN01S）处理完成：总托盘 1，指数达标 0，未达标 1，平均缺口 120.00，最大缺口 120.00，失败托盘互借修复成功 0。
  - KPI：near/mid/deep=0/0/1，救回率=0.00%，pair效率=0.00%。
  - 耗时拆解：packing=0.09s，main_topup=0.00s，retry=0.00s，failed_pool=0.00s，repack=0.00s，total=0.09s。
正在处理托盘类型：MH423C，销售订单号：LAID16316DN02S
  - 主算法：全局列式装箱 + 柱级组合优化（GCP）。
  - 失败托盘互借诊断：未合并（no_target_or_single_plan）。
托盘类型 MH423C（销售订单号：LAID16316DN02S）处理完成：总托盘 1，指数达标 0，未达标 1，平均缺口 168.00，最大缺口 168.00，失败托盘互借修复成功 0。
  - KPI：near/mid/deep=0/0/1，救回率=0.00%，pair效率=0.00%。
  - 耗时拆解：packing=0.01s，main_topup=0.00s，retry=0.00s，failed_pool=0.00s，repack=0.00s，total=0.01s。
正在处理托盘类型：MH423C，销售订单号：PAIN26310GC02S
  - 主算法：全局列式装箱 + 柱级组合优化（GCP）。
  - 失败托盘互借诊断：未合并（no_target_or_single_plan）。
托盘类型 MH423C（销售订单号：PAIN26310GC02S）处理完成：总托盘 1，指数达标 0，未达标 1，平均缺口 138.00，最大缺口 138.00，失败托盘互借修复成功 0。
  - KPI：near/mid/deep=0/0/1，救回率=0.00%，pair效率=0.00%。
  - 耗时拆解：packing=0.14s，main_topup=0.00s，retry=0.00s，failed_pool=0.00s，repack=0.00s，total=0.14s。
  - 失败盘装满压实：合并/吸收 1 次（纯减盘数）。
  - 跨子组装满压实（MH423C / PAID16290FN01S）：合并 1 次（纯减盘数）。
  - 失败盘装满压实：合并/吸收 1 次（纯减盘数）。
  - 跨子组装满压实（MH423C / PAID16296DN01S）：合并 1 次（纯减盘数）。
  - 失败盘装满压实：合并/吸收 1 次（纯减盘数）。
  - 跨子组装满压实（MH423C / PAID16306DN01S）：合并 1 次（纯减盘数）。
  - 失败盘装满压实：合并/吸收 1 次（纯减盘数）。
  - 跨子组装满压实（MH423C / LAMY16305FN01S）：合并 1 次（纯减盘数）。
  - 失败盘装满压实：合并/吸收 1 次（纯减盘数）。
  - 跨子组装满压实（MH423C / LFEG16300IN02S）：合并 1 次（纯减盘数）。
  - 失败盘装满压实：合并/吸收 1 次（纯减盘数）。
  - 跨子组装满压实（MH423C / LFEG16300IN03S）：合并 1 次（纯减盘数）。
  - 失败盘装满压实：合并/吸收 1 次（纯减盘数）。
  - 跨子组装满压实（MH423C / LAID16305BN03S）：合并 1 次（纯减盘数）。
  - 失败盘装满压实：合并/吸收 1 次（纯减盘数）。
  - 跨子组装满压实（MH423C / PEG086300LN01S）：合并 1 次（纯减盘数）。
========================================
统计汇总：总托盘 75，指数达标 0，未达标 75，未知 0，平均缺口 144.67，最大缺口 191.50，失败托盘互借修复成功 0
KPI汇总：near/mid/deep=0/2/73，pair尝试=0，pair改进=0，pair效率=0.00%
耗时汇总：packing=21.00s，main_topup=0.06s，retry=0.00s，repack=8.09s，end_to_end=45.51s
========================================
[WCS-装] SUCCESS 产品码 0 个，DB 更新达标 0 行；FAILED 盘 75 个保持未达标。
[WCS-装] 本轮结束；等待下一次「新插入」再开算。
[WCS-装] 本轮无达标托盘，跳过 success 目录写入。
[WCS-装] 未达标方案已保存：D:\research_code\final\zhuang\packing-workspace\output\fail\packing_plan_20260724_120426.json
[WCS-装] 无达标托盘，跳过 wcs_plan / wcs_plan_map 写入。
[WCS-装] 已跳过接口 2 推送（仅本地保存）。
[UI-RESULT] D:\research_code\final\zhuang\packing-workspace\output\fail\packing_plan_20260724_120426.json
[WCS-装] 等待数据库新插入（有新 product_code 才开算）…
============================================================
[WCS-拉] 20260724_120743：拉取接口 1 …
[WCS-拉] 原始响应已保存：D:\research_code\final\zhuang\packing-workspace\input\raw\20260724_120743.json
[WCS-拉] 已剔除 case_type≠MH423C 的品类 113 条（类型：['MH113', 'WR246']），保留 1428 条。
[WCS-DB] product_code 已存在、跳过 1425 条
[WCS-拉] 落库完成：候选 1428 条，新插入 3 条（新行 up_to_standard=0）。
[WCS-拉] 有新插入 → 唤醒装箱线程。
[WCS] 已加载 BMS 参考表：D:\research_code\final\zhuang\packing-workspace\data\selected_5000_boxes_9_1_concentrated_3orders.xlsx
============================================================
[WCS-装] 20260724_120747：未达标行 1505 条，开始装箱 …
[WCS-装] 展开为 1505 个箱子。
数据预处理和箱子分组完成（按托盘类型+销售订单号）。
----------------------------------------
  - 组内子聚类：11 个混合订单拆出规则子集走 GCP、杂箱走 baseline。
正在处理托盘类型：MH423C，销售订单号：PAID16280FN01S
  - 该分组不适合列式（多非满柱）→ 回退 beam + 配方优先。
  - 配方优先[fast]：规划 0 实例，实装成功 0，配方路径不可用 → 采用基线方案。
  - 指数诊断：箱子 1 个，总指数 4，目标 192，理论最多达标托盘 0 个，剩余指数 4。
  - 几何诊断：典型整层堆叠单盘参考上限 4/192。 当前目标可能受托盘高度/箱型组合限制。
  - 几何诊断提示：典型整层参考值 4 < 目标 192；该值不是不可达证明，继续执行指数救援。
  - 失败托盘互借诊断：未合并（no_target_or_single_plan）。
托盘类型 MH423C（销售订单号：PAID16280FN01S）处理完成：总托盘 1，指数达标 0，未达标 1，平均缺口 188.00，最大缺口 188.00，失败托盘互借修复成功 0。
  - KPI：near/mid/deep=0/0/1，救回率=0.00%，pair效率=0.00%。
  - 耗时拆解：packing=0.00s，main_topup=0.00s，retry=0.00s，failed_pool=0.00s，repack=0.00s，total=0.00s。
正在处理托盘类型：MH423C，销售订单号：LFEG16290IN01S
  - 该分组不适合列式（多非满柱）→ 回退 beam + 配方优先。
  - 托盘 MH423C-LFEG16290IN01S-1 未找到可行装箱方案，启用剩余箱子守恒兜底。
  - 配方优先[fast]：规划 0 实例，实装成功 0，配方路径不可用 → 采用基线方案。
  - 指数诊断：箱子 9 个，总指数 17，目标 192，理论最多达标托盘 0 个，剩余指数 17。
  - 几何诊断：典型整层堆叠单盘参考上限 12/192。 当前目标可能受托盘高度/箱型组合限制。
  - 几何诊断提示：典型整层参考值 12 < 目标 192；该值不是不可达证明，继续执行指数救援。
  - 失败盘装满压实：合并/吸收 2 次（纯减盘数）。
  - 失败托盘互借诊断：未合并（aborted_no_improvement_possible）。
托盘类型 MH423C（销售订单号：LFEG16290IN01S）处理完成：总托盘 2，指数达标 0，未达标 2，平均缺口 183.50，最大缺口 187.00，失败托盘互借修复成功 0。
  - KPI：near/mid/deep=0/0/2，救回率=0.00%，pair效率=0.00%。
  - 耗时拆解：packing=0.03s，main_topup=0.00s，retry=0.00s，failed_pool=0.00s，repack=0.18s，total=0.28s。
正在处理托盘类型：MH423C，销售订单号：LFEG16290IN02S
  - 该分组不适合列式（多非满柱）→ 回退 beam + 配方优先。
  - 配方优先[fast]：规划 0 实例，实装成功 0，配方路径不可用 → 采用基线方案。
  - 指数诊断：箱子 33 个，总指数 33.5，目标 192，理论最多达标托盘 0 个，剩余指数 33.5。
  - 几何诊断：典型整层堆叠单盘参考上限 28.5/192。 当前目标可能受托盘高度/箱型组合限制。
  - 几何诊断提示：典型整层参考值 28.5 < 目标 192；该值不是不可达证明，继续执行指数救援。
  - 失败托盘互借诊断：未合并（no_target_or_single_plan）。
托盘类型 MH423C（销售订单号：LFEG16290IN02S）处理完成：总托盘 1，指数达标 0，未达标 1，平均缺口 158.50，最大缺口 158.50，失败托盘互借修复成功 0。
  - KPI：near/mid/deep=0/0/1，救回率=0.00%，pair效率=0.00%。
  - 耗时拆解：packing=0.28s，main_topup=0.00s，retry=0.00s，failed_pool=0.00s，repack=0.00s，total=0.28s。
正在处理托盘类型：MH423C，销售订单号：LAID16306DN01S
  - 该分组不适合列式（多非满柱）→ 回退 beam + 配方优先。
  - 配方优先[fast]：规划 0 实例，实装成功 0，配方路径不可用 → 采用基线方案。
  - 指数诊断：箱子 50 个，总指数 88，目标 192，理论最多达标托盘 0 个，剩余指数 88。
  - 几何诊断：典型整层堆叠单盘参考上限 65/192。 当前目标可能受托盘高度/箱型组合限制。
  - 几何诊断提示：典型整层参考值 65 < 目标 192；该值不是不可达证明，继续执行指数救援。
  - 失败托盘互借诊断：未合并（aborted_no_improvement_possible）。
托盘类型 MH423C（销售订单号：LAID16306DN01S）处理完成：总托盘 2，指数达标 0，未达标 2，平均缺口 148.00，最大缺口 182.00，失败托盘互借修复成功 0。
  - KPI：near/mid/deep=0/0/2，救回率=0.00%，pair效率=0.00%。
  - 耗时拆解：packing=0.25s，main_topup=0.01s，retry=0.00s，failed_pool=0.00s，repack=0.57s，total=1.57s。
正在处理托盘类型：MH423C，销售订单号：LAID16296DN01S
  - 主算法：全局列式装箱 + 柱级组合优化（GCP）。
  - 失败托盘互借诊断：未合并（no_target_or_single_plan）。
托盘类型 MH423C（销售订单号：LAID16296DN01S）处理完成：总托盘 1，指数达标 0，未达标 1，平均缺口 151.50，最大缺口 151.50，失败托盘互借修复成功 0。
  - KPI：near/mid/deep=0/0/1，救回率=0.00%，pair效率=0.00%。
  - 耗时拆解：packing=0.08s，main_topup=0.00s，retry=0.00s，failed_pool=0.00s，repack=0.00s，total=0.08s。
正在处理托盘类型：MH423C，销售订单号：LAID16296DN01S__SPLITREST__
  - 该分组不适合列式（多非满柱）→ 回退 beam + 配方优先。
  - 配方优先[fast]：规划 0 实例，实装成功 0，配方路径不可用 → 采用基线方案。
  - 指数诊断：箱子 4 个，总指数 8，目标 192，理论最多达标托盘 0 个，剩余指数 8。
  - 几何诊断：典型整层堆叠单盘参考上限 8/192。 当前目标可能受托盘高度/箱型组合限制。
  - 几何诊断提示：典型整层参考值 8 < 目标 192；该值不是不可达证明，继续执行指数救援。
  - 失败托盘互借诊断：未合并（no_target_or_single_plan）。
托盘类型 MH423C（销售订单号：LAID16296DN01S__SPLITREST__）处理完成：总托盘 1，指数达标 0，未达标 1，平均缺口 184.00，最大缺口 184.00，失败托盘互借修复成功 0。
  - KPI：near/mid/deep=0/0/1，救回率=0.00%，pair效率=0.00%。
  - 耗时拆解：packing=0.00s，main_topup=0.00s，retry=0.00s，failed_pool=0.00s，repack=0.00s，total=0.02s。
正在处理托盘类型：MH423C，销售订单号：LAID16296DN02S
  - 主算法：全局列式装箱 + 柱级组合优化（GCP）。
  - GCP 盘数远超理论（CP-SAT 装不满）→ 回退 baseline beam + 配方优先。
  - 托盘 MH423C-LAID16296DN02S-2 未找到可行装箱方案，启用剩余箱子守恒兜底。
  - 配方优先[fast]：规划 0 实例，实装成功 0，配方路径不可用 → 采用基线方案。
  - 指数诊断：箱子 49 个，总指数 164.5，目标 192，理论最多达标托盘 0 个，剩余指数 164.5。
  - 几何诊断：典型整层堆叠单盘参考上限 97/192。 当前目标可能受托盘高度/箱型组合限制。
  - 几何诊断提示：典型整层参考值 97 < 目标 192；该值不是不可达证明，继续执行指数救援。
  - 失败托盘互借诊断：未合并（aborted_no_improvement_possible）。
托盘类型 MH423C（销售订单号：LAID16296DN02S）处理完成：总托盘 4，指数达标 0，未达标 4，平均缺口 150.88，最大缺口 191.00，失败托盘互借修复成功 0。
  - KPI：near/mid/deep=0/0/4，救回率=0.00%，pair效率=0.00%。
  - 耗时拆解：packing=0.34s，main_topup=0.01s，retry=0.00s，failed_pool=0.00s，repack=0.96s，total=2.78s。
正在处理托盘类型：MH423C，销售订单号：LAID16296DN03S
  - 主算法：全局列式装箱 + 柱级组合优化（GCP）。
  - 失败托盘互借诊断：未合并（no_target_or_single_plan）。
托盘类型 MH423C（销售订单号：LAID16296DN03S）处理完成：总托盘 1，指数达标 0，未达标 1，平均缺口 89.00，最大缺口 89.00，失败托盘互借修复成功 0。
  - KPI：near/mid/deep=0/0/1，救回率=0.00%，pair效率=0.00%。
  - 耗时拆解：packing=0.76s，main_topup=0.00s，retry=0.00s，failed_pool=0.00s，repack=0.00s，total=0.76s。
正在处理托盘类型：MH423C，销售订单号：LFEG16290IN03S
  - 该分组不适合列式（多非满柱）→ 回退 beam + 配方优先。
  - 配方优先[fast]：规划 0 实例，实装成功 0，配方路径不可用 → 采用基线方案。
  - 指数诊断：箱子 37 个，总指数 69，目标 192，理论最多达标托盘 0 个，剩余指数 69。
  - 几何诊断：典型整层堆叠单盘参考上限 51/192。 当前目标可能受托盘高度/箱型组合限制。
  - 几何诊断提示：典型整层参考值 51 < 目标 192；该值不是不可达证明，继续执行指数救援。
  - 失败托盘互借诊断：未合并（aborted_no_improvement_possible）。
托盘类型 MH423C（销售订单号：LFEG16290IN03S）处理完成：总托盘 2，指数达标 0，未达标 2，平均缺口 157.50，最大缺口 189.00，失败托盘互借修复成功 0。
  - KPI：near/mid/deep=0/0/2，救回率=0.00%，pair效率=0.00%。
  - 耗时拆解：packing=0.18s，main_topup=0.00s，retry=0.00s，failed_pool=0.00s，repack=0.34s，total=0.99s。
正在处理托盘类型：MH423C，销售订单号：LFEG16310IN02S
  - 该分组不适合列式（多非满柱）→ 回退 beam + 配方优先。
  - 配方优先[fast]：规划 0 实例，实装成功 0，配方路径不可用 → 采用基线方案。
  - 指数诊断：箱子 15 个，总指数 35，目标 192，理论最多达标托盘 0 个，剩余指数 35。
  - 几何诊断：典型整层堆叠单盘参考上限 29/192。 当前目标可能受托盘高度/箱型组合限制。
  - 几何诊断提示：典型整层参考值 29 < 目标 192；该值不是不可达证明，继续执行指数救援。
  - 失败托盘互借诊断：未合并（no_target_or_single_plan）。
托盘类型 MH423C（销售订单号：LFEG16310IN02S）处理完成：总托盘 1，指数达标 0，未达标 1，平均缺口 157.00，最大缺口 157.00，失败托盘互借修复成功 0。
  - KPI：near/mid/deep=0/0/1，救回率=0.00%，pair效率=0.00%。
  - 耗时拆解：packing=0.07s，main_topup=0.00s，retry=0.00s，failed_pool=0.00s，repack=0.00s，total=0.07s。
正在处理托盘类型：MH423C，销售订单号：LFEG16310IN01S
  - 该分组不适合列式（多非满柱）→ 回退 beam + 配方优先。
  - 配方优先[fast]：规划 0 实例，实装成功 0，配方路径不可用 → 采用基线方案。
  - 指数诊断：箱子 17 个，总指数 36，目标 192，理论最多达标托盘 0 个，剩余指数 36。
  - 几何诊断：典型整层堆叠单盘参考上限 30/192。 当前目标可能受托盘高度/箱型组合限制。
  - 几何诊断提示：典型整层参考值 30 < 目标 192；该值不是不可达证明，继续执行指数救援。
  - 失败托盘互借诊断：未合并（no_target_or_single_plan）。
托盘类型 MH423C（销售订单号：LFEG16310IN01S）处理完成：总托盘 1，指数达标 0，未达标 1，平均缺口 156.00，最大缺口 156.00，失败托盘互借修复成功 0。
  - KPI：near/mid/deep=0/0/1，救回率=0.00%，pair效率=0.00%。
  - 耗时拆解：packing=0.09s，main_topup=0.00s，retry=0.00s，failed_pool=0.00s，repack=0.00s，total=0.09s。
正在处理托盘类型：MH423C，销售订单号：PAID16290FN01S
  - 主算法：全局列式装箱 + 柱级组合优化（GCP）。
  - 失败托盘互借诊断：未合并（no_target_or_single_plan）。
托盘类型 MH423C（销售订单号：PAID16290FN01S）处理完成：总托盘 1，指数达标 0，未达标 1，平均缺口 161.00，最大缺口 161.00，失败托盘互借修复成功 0。
  - KPI：near/mid/deep=0/0/1，救回率=0.00%，pair效率=0.00%。
  - 耗时拆解：packing=0.03s，main_topup=0.00s，retry=0.00s，failed_pool=0.00s，repack=0.00s，total=0.03s。
正在处理托盘类型：MH423C，销售订单号：PAID16290FN01S__SPLITREST__
  - 该分组不适合列式（多非满柱）→ 回退 beam + 配方优先。
  - 配方优先[fast]：规划 0 实例，实装成功 0，配方路径不可用 → 采用基线方案。
  - 指数诊断：箱子 1 个，总指数 0.5，目标 192，理论最多达标托盘 0 个，剩余指数 0.5。
  - 几何诊断：典型整层堆叠单盘参考上限 0.5/192。 当前目标可能受托盘高度/箱型组合限制。
  - 几何诊断提示：典型整层参考值 0.5 < 目标 192；该值不是不可达证明，继续执行指数救援。
  - 失败托盘互借诊断：未合并（no_target_or_single_plan）。
托盘类型 MH423C（销售订单号：PAID16290FN01S__SPLITREST__）处理完成：总托盘 1，指数达标 0，未达标 1，平均缺口 191.50，最大缺口 191.50，失败托盘互借修复成功 0。
  - KPI：near/mid/deep=0/0/1，救回率=0.00%，pair效率=0.00%。
  - 耗时拆解：packing=0.00s，main_topup=0.00s，retry=0.00s，failed_pool=0.00s，repack=0.00s，total=0.00s。
正在处理托盘类型：MH423C，销售订单号：PAIN26290BC02S
  - 主算法：全局列式装箱 + 柱级组合优化（GCP）。
  - 失败托盘互借诊断：未合并（no_target_or_single_plan）。
托盘类型 MH423C（销售订单号：PAIN26290BC02S）处理完成：总托盘 1，指数达标 0，未达标 1，平均缺口 84.00，最大缺口 84.00，失败托盘互借修复成功 0。
  - KPI：near/mid/deep=0/0/1，救回率=0.00%，pair效率=0.00%。
  - 耗时拆解：packing=1.35s，main_topup=0.00s，retry=0.00s，failed_pool=0.00s，repack=0.00s，total=1.35s。
正在处理托盘类型：MH423C，销售订单号：PAIN26286EN01S
  - 该分组不适合列式（多非满柱）→ 回退 beam + 配方优先。
  - 配方优先[fast]：规划 0 实例，实装成功 0，配方路径不可用 → 采用基线方案。
  - 指数诊断：箱子 1 个，总指数 2，目标 192，理论最多达标托盘 0 个，剩余指数 2。
  - 几何诊断：典型整层堆叠单盘参考上限 2/192。 当前目标可能受托盘高度/箱型组合限制。
  - 几何诊断提示：典型整层参考值 2 < 目标 192；该值不是不可达证明，继续执行指数救援。
  - 失败托盘互借诊断：未合并（no_target_or_single_plan）。
托盘类型 MH423C（销售订单号：PAIN26286EN01S）处理完成：总托盘 1，指数达标 0，未达标 1，平均缺口 190.00，最大缺口 190.00，失败托盘互借修复成功 0。
  - KPI：near/mid/deep=0/0/1，救回率=0.00%，pair效率=0.00%。
  - 耗时拆解：packing=0.00s，main_topup=0.00s，retry=0.00s，failed_pool=0.00s，repack=0.00s，total=0.00s。
正在处理托盘类型：MH423C，销售订单号：LAID16296DN03S__CASEGROUP__1
  - 主算法：全局列式装箱 + 柱级组合优化（GCP）。
  - 失败托盘互借诊断：未合并（no_target_or_single_plan）。
托盘类型 MH423C（销售订单号：LAID16296DN03S__CASEGROUP__1）处理完成：总托盘 1，指数达标 0，未达标 1，平均缺口 90.00，最大缺口 90.00，失败托盘互借修复成功 0。
  - KPI：near/mid/deep=0/0/1，救回率=0.00%，pair效率=0.00%。
  - 耗时拆解：packing=0.38s，main_topup=0.00s，retry=0.00s，failed_pool=0.00s，repack=0.00s，total=0.38s。
正在处理托盘类型：MH423C，销售订单号：LAID16296DN03S__CASEGROUP__1__SPLITREST__
  - 该分组不适合列式（多非满柱）→ 回退 beam + 配方优先。
  - 配方优先[fast]：规划 0 实例，实装成功 0，配方路径不可用 → 采用基线方案。
  - 指数诊断：箱子 4 个，总指数 2，目标 192，理论最多达标托盘 0 个，剩余指数 2。
  - 几何诊断：典型整层堆叠单盘参考上限 2/192。 当前目标可能受托盘高度/箱型组合限制。
  - 几何诊断提示：典型整层参考值 2 < 目标 192；该值不是不可达证明，继续执行指数救援。
  - 失败托盘互借诊断：未合并（no_target_or_single_plan）。
托盘类型 MH423C（销售订单号：LAID16296DN03S__CASEGROUP__1__SPLITREST__）处理完成：总托盘 1，指数达标 0，未达标 1，平均缺口 190.00，最大缺口 190.00，失败托盘互借修复成功 0。
  - KPI：near/mid/deep=0/0/1，救回率=0.00%，pair效率=0.00%。
  - 耗时拆解：packing=0.00s，main_topup=0.00s，retry=0.00s，failed_pool=0.00s，repack=0.00s，total=0.02s。
正在处理托盘类型：MH423C，销售订单号：LAMY16315FN01S
  - 主算法：全局列式装箱 + 柱级组合优化（GCP）。
  - 失败托盘互借诊断：未合并（no_target_or_single_plan）。
托盘类型 MH423C（销售订单号：LAMY16315FN01S）处理完成：总托盘 1，指数达标 0，未达标 1，平均缺口 21.00，最大缺口 21.00，失败托盘互借修复成功 0。
  - KPI：near/mid/deep=0/1/0，救回率=0.00%，pair效率=0.00%。
  - 耗时拆解：packing=0.93s，main_topup=0.00s，retry=0.00s，failed_pool=0.00s，repack=0.00s，total=0.93s。
正在处理托盘类型：MH423C，销售订单号：LAMY16315FN01S__SPLITREST__
  - 该分组不适合列式（多非满柱）→ 回退 beam + 配方优先。
  - 配方优先[fast]：规划 0 实例，实装成功 0，配方路径不可用 → 采用基线方案。
  - 指数诊断：箱子 1 个，总指数 0.5，目标 192，理论最多达标托盘 0 个，剩余指数 0.5。
  - 几何诊断：典型整层堆叠单盘参考上限 0.5/192。 当前目标可能受托盘高度/箱型组合限制。
  - 几何诊断提示：典型整层参考值 0.5 < 目标 192；该值不是不可达证明，继续执行指数救援。
  - 失败托盘互借诊断：未合并（no_target_or_single_plan）。
托盘类型 MH423C（销售订单号：LAMY16315FN01S__SPLITREST__）处理完成：总托盘 1，指数达标 0，未达标 1，平均缺口 191.50，最大缺口 191.50，失败托盘互借修复成功 0。
  - KPI：near/mid/deep=0/0/1，救回率=0.00%，pair效率=0.00%。
  - 耗时拆解：packing=0.00s，main_topup=0.00s，retry=0.00s，failed_pool=0.00s，repack=0.00s，total=0.00s。
正在处理托盘类型：MH423C，销售订单号：LAID16305BN02S
  - 主算法：全局列式装箱 + 柱级组合优化（GCP）。
  - 失败托盘互借诊断：未合并（no_target_or_single_plan）。
托盘类型 MH423C（销售订单号：LAID16305BN02S）处理完成：总托盘 1，指数达标 0，未达标 1，平均缺口 128.50，最大缺口 128.50，失败托盘互借修复成功 0。
  - KPI：near/mid/deep=0/0/1，救回率=0.00%，pair效率=0.00%。
  - 耗时拆解：packing=0.47s，main_topup=0.00s，retry=0.00s，failed_pool=0.00s，repack=0.00s，total=0.47s。
正在处理托盘类型：MH423C，销售订单号：PAID16280FC02S
  - 主算法：全局列式装箱 + 柱级组合优化（GCP）。
  - GCP 盘数远超理论（CP-SAT 装不满）→ 回退 baseline beam + 配方优先。
  - 配方优先[fast]：规划 0 实例，实装成功 0，配方路径不可用 → 采用基线方案。
  - 指数诊断：箱子 4 个，总指数 16，目标 192，理论最多达标托盘 0 个，剩余指数 16。
  - 几何诊断：典型整层堆叠单盘参考上限 16/192。 当前目标可能受托盘高度/箱型组合限制。
  - 几何诊断提示：典型整层参考值 16 < 目标 192；该值不是不可达证明，继续执行指数救援。
  - 失败托盘互借诊断：未合并（no_target_or_single_plan）。
托盘类型 MH423C（销售订单号：PAID16280FC02S）处理完成：总托盘 1，指数达标 0，未达标 1，平均缺口 176.00，最大缺口 176.00，失败托盘互借修复成功 0。
  - KPI：near/mid/deep=0/0/1，救回率=0.00%，pair效率=0.00%。
  - 耗时拆解：packing=0.00s，main_topup=0.00s，retry=0.00s，failed_pool=0.00s，repack=0.00s，total=0.02s。
正在处理托盘类型：MH423C，销售订单号：PAID16290FC02S
  - 该分组不适合列式（多非满柱）→ 回退 beam + 配方优先。
  - 配方优先[fast]：规划 0 实例，实装成功 0，配方路径不可用 → 采用基线方案。
  - 指数诊断：箱子 6 个，总指数 14，目标 192，理论最多达标托盘 0 个，剩余指数 14。
  - 几何诊断：典型整层堆叠单盘参考上限 14/192。 当前目标可能受托盘高度/箱型组合限制。
  - 几何诊断提示：典型整层参考值 14 < 目标 192；该值不是不可达证明，继续执行指数救援。
  - 失败托盘互借诊断：未合并（no_target_or_single_plan）。
托盘类型 MH423C（销售订单号：PAID16290FC02S）处理完成：总托盘 1，指数达标 0，未达标 1，平均缺口 178.00，最大缺口 178.00，失败托盘互借修复成功 0。
  - KPI：near/mid/deep=0/0/1，救回率=0.00%，pair效率=0.00%。
  - 耗时拆解：packing=0.01s，main_topup=0.00s，retry=0.00s，failed_pool=0.00s，repack=0.00s，total=0.04s。
正在处理托盘类型：MH423C，销售订单号：PEG146296CN01S
  - 主算法：全局列式装箱 + 柱级组合优化（GCP）。
  - 失败托盘互借诊断：未合并（no_target_or_single_plan）。
托盘类型 MH423C（销售订单号：PEG146296CN01S）处理完成：总托盘 1，指数达标 0，未达标 1，平均缺口 68.00，最大缺口 68.00，失败托盘互借修复成功 0。
  - KPI：near/mid/deep=0/0/1，救回率=0.00%，pair效率=0.00%。
  - 耗时拆解：packing=0.30s，main_topup=0.00s，retry=0.00s，failed_pool=0.00s，repack=0.00s，total=0.30s。
正在处理托盘类型：MH423C，销售订单号：PAID16295BN01S
  - 主算法：全局列式装箱 + 柱级组合优化（GCP）。
  - 失败托盘互借诊断：未合并（aborted_no_improvement_possible）。
托盘类型 MH423C（销售订单号：PAID16295BN01S）处理完成：总托盘 2，指数达标 0，未达标 2，平均缺口 96.75，最大缺口 163.50，失败托盘互借修复成功 0。
  - KPI：near/mid/deep=0/0/2，救回率=0.00%，pair效率=0.00%。
  - 耗时拆解：packing=2.13s，main_topup=0.00s，retry=0.00s，failed_pool=0.00s，repack=1.56s，total=3.69s。
正在处理托盘类型：MH423C，销售订单号：PAID16296DN01S
  - 主算法：全局列式装箱 + 柱级组合优化（GCP）。
  - 失败托盘互借诊断：未合并（no_target_or_single_plan）。
托盘类型 MH423C（销售订单号：PAID16296DN01S）处理完成：总托盘 1，指数达标 0，未达标 1，平均缺口 132.50，最大缺口 132.50，失败托盘互借修复成功 0。
  - KPI：near/mid/deep=0/0/1，救回率=0.00%，pair效率=0.00%。
  - 耗时拆解：packing=1.30s，main_topup=0.00s，retry=0.00s，failed_pool=0.00s，repack=0.00s，total=1.30s。
正在处理托盘类型：MH423C，销售订单号：PAID16296DN01S__SPLITREST__
  - 该分组不适合列式（多非满柱）→ 回退 beam + 配方优先。
  - 配方优先[fast]：规划 0 实例，实装成功 0，配方路径不可用 → 采用基线方案。
  - 指数诊断：箱子 3 个，总指数 6，目标 192，理论最多达标托盘 0 个，剩余指数 6。
  - 几何诊断：典型整层堆叠单盘参考上限 6/192。 当前目标可能受托盘高度/箱型组合限制。
  - 几何诊断提示：典型整层参考值 6 < 目标 192；该值不是不可达证明，继续执行指数救援。
  - 失败托盘互借诊断：未合并（no_target_or_single_plan）。
托盘类型 MH423C（销售订单号：PAID16296DN01S__SPLITREST__）处理完成：总托盘 1，指数达标 0，未达标 1，平均缺口 186.00，最大缺口 186.00，失败托盘互借修复成功 0。
  - KPI：near/mid/deep=0/0/1，救回率=0.00%，pair效率=0.00%。
  - 耗时拆解：packing=0.00s，main_topup=0.00s，retry=0.00s，failed_pool=0.00s，repack=0.00s，total=0.01s。
正在处理托盘类型：MH423C，销售订单号：LAID16305EN01S
  - 该分组不适合列式（多非满柱）→ 回退 beam + 配方优先。
  - 配方优先[fast]：规划 0 实例，实装成功 0，配方路径不可用 → 采用基线方案。
  - 指数诊断：箱子 27 个，总指数 81.5，目标 192，理论最多达标托盘 0 个，剩余指数 81.5。
  - 几何诊断：典型整层堆叠单盘参考上限 63/192。 当前目标可能受托盘高度/箱型组合限制。
  - 几何诊断提示：典型整层参考值 63 < 目标 192；该值不是不可达证明，继续执行指数救援。
  - 失败托盘互借诊断：未合并（aborted_no_improvement_possible）。
托盘类型 MH423C（销售订单号：LAID16305EN01S）处理完成：总托盘 2，指数达标 0，未达标 2，平均缺口 151.25，最大缺口 162.00，失败托盘互借修复成功 0。
  - KPI：near/mid/deep=0/0/2，救回率=0.00%，pair效率=0.00%。
  - 耗时拆解：packing=0.24s，main_topup=0.00s，retry=0.00s，failed_pool=0.00s，repack=0.18s，total=0.42s。
正在处理托盘类型：MH423C，销售订单号：PAID16295EL05S
  - 该分组不适合列式（多非满柱）→ 回退 beam + 配方优先。
  - 配方优先[fast]：规划 0 实例，实装成功 0，配方路径不可用 → 采用基线方案。
  - 指数诊断：箱子 1 个，总指数 2，目标 192，理论最多达标托盘 0 个，剩余指数 2。
  - 几何诊断：典型整层堆叠单盘参考上限 2/192。 当前目标可能受托盘高度/箱型组合限制。
  - 几何诊断提示：典型整层参考值 2 < 目标 192；该值不是不可达证明，继续执行指数救援。
  - 失败托盘互借诊断：未合并（no_target_or_single_plan）。
托盘类型 MH423C（销售订单号：PAID16295EL05S）处理完成：总托盘 1，指数达标 0，未达标 1，平均缺口 190.00，最大缺口 190.00，失败托盘互借修复成功 0。
  - KPI：near/mid/deep=0/0/1，救回率=0.00%，pair效率=0.00%。
  - 耗时拆解：packing=0.00s，main_topup=0.00s，retry=0.00s，failed_pool=0.00s，repack=0.00s，total=0.00s。
正在处理托盘类型：MH423C，销售订单号：PAID16290FL03S
  - 该分组不适合列式（多非满柱）→ 回退 beam + 配方优先。
  - 配方优先[fast]：规划 0 实例，实装成功 0，配方路径不可用 → 采用基线方案。
  - 指数诊断：箱子 3 个，总指数 6，目标 192，理论最多达标托盘 0 个，剩余指数 6。
  - 几何诊断：典型整层堆叠单盘参考上限 6/192。 当前目标可能受托盘高度/箱型组合限制。
  - 几何诊断提示：典型整层参考值 6 < 目标 192；该值不是不可达证明，继续执行指数救援。
  - 失败托盘互借诊断：未合并（no_target_or_single_plan）。
托盘类型 MH423C（销售订单号：PAID16290FL03S）处理完成：总托盘 1，指数达标 0，未达标 1，平均缺口 186.00，最大缺口 186.00，失败托盘互借修复成功 0。
  - KPI：near/mid/deep=0/0/1，救回率=0.00%，pair效率=0.00%。
  - 耗时拆解：packing=0.00s，main_topup=0.00s，retry=0.00s，failed_pool=0.00s，repack=0.00s，total=0.01s。
正在处理托盘类型：MH423C，销售订单号：PAID16306DN01S
  - 主算法：全局列式装箱 + 柱级组合优化（GCP）。
  - 失败托盘互借诊断：未合并（no_target_or_single_plan）。
托盘类型 MH423C（销售订单号：PAID16306DN01S）处理完成：总托盘 1，指数达标 0，未达标 1，平均缺口 170.00，最大缺口 170.00，失败托盘互借修复成功 0。
  - KPI：near/mid/deep=0/0/1，救回率=0.00%，pair效率=0.00%。
  - 耗时拆解：packing=0.10s，main_topup=0.00s，retry=0.00s，failed_pool=0.00s，repack=0.00s，total=0.10s。
正在处理托盘类型：MH423C，销售订单号：PAID16306DN01S__SPLITREST__
  - 该分组不适合列式（多非满柱）→ 回退 beam + 配方优先。
  - 配方优先[fast]：规划 0 实例，实装成功 0，配方路径不可用 → 采用基线方案。
  - 指数诊断：箱子 2 个，总指数 1，目标 192，理论最多达标托盘 0 个，剩余指数 1。
  - 几何诊断：典型整层堆叠单盘参考上限 1/192。 当前目标可能受托盘高度/箱型组合限制。
  - 几何诊断提示：典型整层参考值 1 < 目标 192；该值不是不可达证明，继续执行指数救援。
  - 失败托盘互借诊断：未合并（no_target_or_single_plan）。
托盘类型 MH423C（销售订单号：PAID16306DN01S__SPLITREST__）处理完成：总托盘 1，指数达标 0，未达标 1，平均缺口 191.00，最大缺口 191.00，失败托盘互借修复成功 0。
  - KPI：near/mid/deep=0/0/1，救回率=0.00%，pair效率=0.00%。
  - 耗时拆解：packing=0.00s，main_topup=0.00s，retry=0.00s，failed_pool=0.00s，repack=0.00s，total=0.00s。
正在处理托盘类型：MH423C，销售订单号：LAMY16305FN01S
  - 主算法：全局列式装箱 + 柱级组合优化（GCP）。
  - 失败托盘互借诊断：未合并（aborted_no_improvement_possible）。
托盘类型 MH423C（销售订单号：LAMY16305FN01S）处理完成：总托盘 2，指数达标 0，未达标 2，平均缺口 131.25，最大缺口 190.00，失败托盘互借修复成功 0。
  - KPI：near/mid/deep=0/0/2，救回率=0.00%，pair效率=0.00%。
  - 耗时拆解：packing=1.43s，main_topup=0.00s，retry=0.00s，failed_pool=0.00s，repack=1.15s，total=2.58s。
正在处理托盘类型：MH423C，销售订单号：LAMY16305FN01S__SPLITREST__
  - 该分组不适合列式（多非满柱）→ 回退 beam + 配方优先。
  - 配方优先[fast]：规划 0 实例，实装成功 0，配方路径不可用 → 采用基线方案。
  - 指数诊断：箱子 1 个，总指数 6，目标 192，理论最多达标托盘 0 个，剩余指数 6。
  - 几何诊断：典型整层堆叠单盘参考上限 6/192。 当前目标可能受托盘高度/箱型组合限制。
  - 几何诊断提示：典型整层参考值 6 < 目标 192；该值不是不可达证明，继续执行指数救援。
  - 失败托盘互借诊断：未合并（no_target_or_single_plan）。
托盘类型 MH423C（销售订单号：LAMY16305FN01S__SPLITREST__）处理完成：总托盘 1，指数达标 0，未达标 1，平均缺口 186.00，最大缺口 186.00，失败托盘互借修复成功 0。
  - KPI：near/mid/deep=0/0/1，救回率=0.00%，pair效率=0.00%。
  - 耗时拆解：packing=0.00s，main_topup=0.00s，retry=0.00s，failed_pool=0.00s，repack=0.00s，total=0.00s。
正在处理托盘类型：MH423C，销售订单号：PAID16300FN01S
  - 该分组不适合列式（多非满柱）→ 回退 beam + 配方优先。
  - 配方优先[fast]：规划 0 实例，实装成功 0，配方路径不可用 → 采用基线方案。
  - 指数诊断：箱子 8 个，总指数 19，目标 192，理论最多达标托盘 0 个，剩余指数 19。
  - 几何诊断：典型整层堆叠单盘参考上限 19/192。 当前目标可能受托盘高度/箱型组合限制。
  - 几何诊断提示：典型整层参考值 19 < 目标 192；该值不是不可达证明，继续执行指数救援。
  - 失败托盘互借诊断：未合并（no_target_or_single_plan）。
托盘类型 MH423C（销售订单号：PAID16300FN01S）处理完成：总托盘 1，指数达标 0，未达标 1，平均缺口 173.00，最大缺口 173.00，失败托盘互借修复成功 0。
  - KPI：near/mid/deep=0/0/1，救回率=0.00%，pair效率=0.00%。
  - 耗时拆解：packing=0.01s，main_topup=0.00s，retry=0.00s，failed_pool=0.00s，repack=0.00s，total=0.05s。
正在处理托盘类型：MH423C，销售订单号：PAID16295BD02S
  - 主算法：全局列式装箱 + 柱级组合优化（GCP）。
  - 失败托盘互借诊断：未合并（no_target_or_single_plan）。
托盘类型 MH423C（销售订单号：PAID16295BD02S）处理完成：总托盘 1，指数达标 0，未达标 1，平均缺口 156.00，最大缺口 156.00，失败托盘互借修复成功 0。
  - KPI：near/mid/deep=0/0/1，救回率=0.00%，pair效率=0.00%。
  - 耗时拆解：packing=0.07s，main_topup=0.00s，retry=0.00s，failed_pool=0.00s，repack=0.00s，total=0.07s。
正在处理托盘类型：MH423C，销售订单号：LFEG16300IN02S
  - 主算法：全局列式装箱 + 柱级组合优化（GCP）。
  - GCP 盘数远超理论（CP-SAT 装不满）→ 回退 baseline beam + 配方优先。
  - 配方优先[fast]：规划 0 实例，实装成功 0，配方路径不可用 → 采用基线方案。
  - 指数诊断：箱子 87 个，总指数 152.5，目标 192，理论最多达标托盘 0 个，剩余指数 152.5。
  - 几何诊断：典型整层堆叠单盘参考上限 116/192。 当前目标可能受托盘高度/箱型组合限制。
  - 几何诊断提示：典型整层参考值 116 < 目标 192；该值不是不可达证明，继续执行指数救援。
  - 失败托盘互借诊断：未合并（aborted_no_improvement_possible）。
托盘类型 MH423C（销售订单号：LFEG16300IN02S）处理完成：总托盘 2，指数达标 0，未达标 2，平均缺口 115.75，最大缺口 186.50，失败托盘互借修复成功 0。
  - KPI：near/mid/deep=0/0/2，救回率=0.00%，pair效率=0.00%。
  - 耗时拆解：packing=1.41s，main_topup=0.03s，retry=0.00s，failed_pool=0.00s，repack=2.67s，total=11.94s。
正在处理托盘类型：MH423C，销售订单号：LFEG16300IN02S__SPLITREST__
  - 该分组不适合列式（多非满柱）→ 回退 beam + 配方优先。
  - 配方优先[fast]：规划 0 实例，实装成功 0，配方路径不可用 → 采用基线方案。
  - 指数诊断：箱子 2 个，总指数 4，目标 192，理论最多达标托盘 0 个，剩余指数 4。
  - 几何诊断：典型整层堆叠单盘参考上限 4/192。 当前目标可能受托盘高度/箱型组合限制。
  - 几何诊断提示：典型整层参考值 4 < 目标 192；该值不是不可达证明，继续执行指数救援。
  - 失败托盘互借诊断：未合并（no_target_or_single_plan）。
托盘类型 MH423C（销售订单号：LFEG16300IN02S__SPLITREST__）处理完成：总托盘 1，指数达标 0，未达标 1，平均缺口 188.00，最大缺口 188.00，失败托盘互借修复成功 0。
  - KPI：near/mid/deep=0/0/1，救回率=0.00%，pair效率=0.00%。
  - 耗时拆解：packing=0.00s，main_topup=0.00s，retry=0.00s，failed_pool=0.00s，repack=0.00s，total=0.00s。
正在处理托盘类型：MH423C，销售订单号：LAID16305BN01S
  - 主算法：全局列式装箱 + 柱级组合优化（GCP）。
  - 失败托盘互借诊断：未合并（aborted_no_improvement_possible）。
托盘类型 MH423C（销售订单号：LAID16305BN01S）处理完成：总托盘 2，指数达标 0，未达标 2，平均缺口 131.50，最大缺口 188.00，失败托盘互借修复成功 0。
  - KPI：near/mid/deep=0/0/2，救回率=0.00%，pair效率=0.00%。
  - 耗时拆解：packing=0.76s，main_topup=0.00s，retry=0.00s，failed_pool=0.00s，repack=0.64s，total=1.41s。
正在处理托盘类型：MH423C，销售订单号：LFEG16310IN03S
  - 主算法：全局列式装箱 + 柱级组合优化（GCP）。
  - 失败托盘互借诊断：未合并（no_target_or_single_plan）。
托盘类型 MH423C（销售订单号：LFEG16310IN03S）处理完成：总托盘 1，指数达标 0，未达标 1，平均缺口 159.00，最大缺口 159.00，失败托盘互借修复成功 0。
  - KPI：near/mid/deep=0/0/1，救回率=0.00%，pair效率=0.00%。
  - 耗时拆解：packing=0.03s，main_topup=0.00s，retry=0.00s，failed_pool=0.00s，repack=0.00s，total=0.03s。
正在处理托盘类型：MH423C，销售订单号：LFEG16300IN01S
  - 该分组不适合列式（多非满柱）→ 回退 beam + 配方优先。
  - 配方优先[fast]：规划 0 实例，实装成功 0，配方路径不可用 → 采用基线方案。
  - 指数诊断：箱子 18 个，总指数 29.5，目标 192，理论最多达标托盘 0 个，剩余指数 29.5。
  - 几何诊断：典型整层堆叠单盘参考上限 28.5/192。 当前目标可能受托盘高度/箱型组合限制。
  - 几何诊断提示：典型整层参考值 28.5 < 目标 192；该值不是不可达证明，继续执行指数救援。
  - 失败托盘互借诊断：未合并（no_target_or_single_plan）。
托盘类型 MH423C（销售订单号：LFEG16300IN01S）处理完成：总托盘 1，指数达标 0，未达标 1，平均缺口 162.50，最大缺口 162.50，失败托盘互借修复成功 0。
  - KPI：near/mid/deep=0/0/1，救回率=0.00%，pair效率=0.00%。
  - 耗时拆解：packing=0.10s，main_topup=0.00s，retry=0.00s，failed_pool=0.00s，repack=0.00s，total=0.10s。
正在处理托盘类型：MH423C，销售订单号：LFEG16300IN03S
  - 主算法：全局列式装箱 + 柱级组合优化（GCP）。
  - 失败托盘互借诊断：未合并（no_target_or_single_plan）。
托盘类型 MH423C（销售订单号：LFEG16300IN03S）处理完成：总托盘 1，指数达标 0，未达标 1，平均缺口 82.00，最大缺口 82.00，失败托盘互借修复成功 0。
  - KPI：near/mid/deep=0/0/1，救回率=0.00%，pair效率=0.00%。
  - 耗时拆解：packing=0.93s，main_topup=0.00s，retry=0.00s，failed_pool=0.00s，repack=0.00s，total=0.93s。
正在处理托盘类型：MH423C，销售订单号：LFEG16300IN03S__SPLITREST__
  - 该分组不适合列式（多非满柱）→ 回退 beam + 配方优先。
  - 配方优先[fast]：规划 0 实例，实装成功 0，配方路径不可用 → 采用基线方案。
  - 指数诊断：箱子 2 个，总指数 4，目标 192，理论最多达标托盘 0 个，剩余指数 4。
  - 几何诊断：典型整层堆叠单盘参考上限 4/192。 当前目标可能受托盘高度/箱型组合限制。
  - 几何诊断提示：典型整层参考值 4 < 目标 192；该值不是不可达证明，继续执行指数救援。
  - 失败托盘互借诊断：未合并（no_target_or_single_plan）。
托盘类型 MH423C（销售订单号：LFEG16300IN03S__SPLITREST__）处理完成：总托盘 1，指数达标 0，未达标 1，平均缺口 188.00，最大缺口 188.00，失败托盘互借修复成功 0。
  - KPI：near/mid/deep=0/0/1，救回率=0.00%，pair效率=0.00%。
  - 耗时拆解：packing=0.00s，main_topup=0.00s，retry=0.00s，failed_pool=0.00s，repack=0.00s，total=0.00s。
正在处理托盘类型：MH423C，销售订单号：LAID16305BN03S
  - 主算法：全局列式装箱 + 柱级组合优化（GCP）。
  - 失败托盘互借诊断：未合并（no_target_or_single_plan）。
托盘类型 MH423C（销售订单号：LAID16305BN03S）处理完成：总托盘 1，指数达标 0，未达标 1，平均缺口 116.00，最大缺口 116.00，失败托盘互借修复成功 0。
  - KPI：near/mid/deep=0/0/1，救回率=0.00%，pair效率=0.00%。
  - 耗时拆解：packing=0.36s，main_topup=0.00s，retry=0.00s，failed_pool=0.00s，repack=0.00s，total=0.36s。
正在处理托盘类型：MH423C，销售订单号：LAID16305BN03S__SPLITREST__
  - 该分组不适合列式（多非满柱）→ 回退 beam + 配方优先。
  - 托盘 MH423C-LAID16305BN03S__SPLITREST__-1 未找到可行装箱方案，启用剩余箱子守恒兜底。
  - 配方优先[fast]：规划 0 实例，实装成功 0，配方路径不可用 → 采用基线方案。
  - 指数诊断：箱子 5 个，总指数 2.5，目标 192，理论最多达标托盘 0 个，剩余指数 2.5。
  - 几何诊断：典型整层堆叠单盘参考上限 2.5/192。 当前目标可能受托盘高度/箱型组合限制。
  - 几何诊断提示：典型整层参考值 2.5 < 目标 192；该值不是不可达证明，继续执行指数救援。
  - 失败托盘互借诊断：未合并（aborted_no_improvement_possible）。
托盘类型 MH423C（销售订单号：LAID16305BN03S__SPLITREST__）处理完成：总托盘 2，指数达标 0，未达标 2，平均缺口 190.75，最大缺口 191.50，失败托盘互借修复成功 0。
  - KPI：near/mid/deep=0/0/2，救回率=0.00%，pair效率=0.00%。
  - 耗时拆解：packing=0.01s，main_topup=0.00s，retry=0.00s，failed_pool=0.00s，repack=0.04s，total=0.08s。
正在处理托盘类型：MH423C，销售订单号：PEG166300LN01S
  - 主算法：全局列式装箱 + 柱级组合优化（GCP）。
  - 失败托盘互借诊断：未合并（no_target_or_single_plan）。
托盘类型 MH423C（销售订单号：PEG166300LN01S）处理完成：总托盘 1，指数达标 0，未达标 1，平均缺口 64.00，最大缺口 64.00，失败托盘互借修复成功 0。
  - KPI：near/mid/deep=0/0/1，救回率=0.00%，pair效率=0.00%。
  - 耗时拆解：packing=0.32s，main_topup=0.00s，retry=0.00s，failed_pool=0.00s，repack=0.00s，total=0.32s。
正在处理托盘类型：MH423C，销售订单号：PAID163008N01S
  - 该分组不适合列式（多非满柱）→ 回退 beam + 配方优先。
  - 配方优先[fast]：规划 0 实例，实装成功 0，配方路径不可用 → 采用基线方案。
  - 指数诊断：箱子 1 个，总指数 1，目标 192，理论最多达标托盘 0 个，剩余指数 1。
  - 几何诊断：典型整层堆叠单盘参考上限 1/192。 当前目标可能受托盘高度/箱型组合限制。
  - 几何诊断提示：典型整层参考值 1 < 目标 192；该值不是不可达证明，继续执行指数救援。
  - 失败托盘互借诊断：未合并（no_target_or_single_plan）。
托盘类型 MH423C（销售订单号：PAID163008N01S）处理完成：总托盘 1，指数达标 0，未达标 1，平均缺口 191.00，最大缺口 191.00，失败托盘互借修复成功 0。
  - KPI：near/mid/deep=0/0/1，救回率=0.00%，pair效率=0.00%。
  - 耗时拆解：packing=0.00s，main_topup=0.00s，retry=0.00s，failed_pool=0.00s，repack=0.00s，total=0.00s。
正在处理托盘类型：MH423C，销售订单号：PAIN26290BN01S
  - 该分组不适合列式（多非满柱）→ 回退 beam + 配方优先。
  - 托盘 MH423C-PAIN26290BN01S-1 未找到可行装箱方案，启用剩余箱子守恒兜底。
  - 配方优先[fast]：规划 0 实例，实装成功 0，配方路径不可用 → 采用基线方案。
  - 指数诊断：箱子 5 个，总指数 2.5，目标 192，理论最多达标托盘 0 个，剩余指数 2.5。
  - 几何诊断：典型整层堆叠单盘参考上限 2.5/192。 当前目标可能受托盘高度/箱型组合限制。
  - 几何诊断提示：典型整层参考值 2.5 < 目标 192；该值不是不可达证明，继续执行指数救援。
  - 失败盘装满压实：合并/吸收 1 次（纯减盘数）。
  - 失败托盘互借诊断：未合并（aborted_no_improvement_possible）。
托盘类型 MH423C（销售订单号：PAIN26290BN01S）处理完成：总托盘 1，指数达标 0，未达标 1，平均缺口 189.50，最大缺口 189.50，失败托盘互借修复成功 0。
  - KPI：near/mid/deep=0/0/1，救回率=0.00%，pair效率=0.00%。
  - 耗时拆解：packing=0.01s，main_topup=0.00s，retry=0.00s，failed_pool=0.00s，repack=0.03s，total=0.07s。
正在处理托盘类型：MH423C，销售订单号：PAID162308N01S
  - 该分组不适合列式（多非满柱）→ 回退 beam + 配方优先。
  - 配方优先[fast]：规划 0 实例，实装成功 0，配方路径不可用 → 采用基线方案。
  - 指数诊断：箱子 1 个，总指数 2，目标 192，理论最多达标托盘 0 个，剩余指数 2。
  - 几何诊断：典型整层堆叠单盘参考上限 2/192。 当前目标可能受托盘高度/箱型组合限制。
  - 几何诊断提示：典型整层参考值 2 < 目标 192；该值不是不可达证明，继续执行指数救援。
  - 失败托盘互借诊断：未合并（no_target_or_single_plan）。
托盘类型 MH423C（销售订单号：PAID162308N01S）处理完成：总托盘 1，指数达标 0，未达标 1，平均缺口 190.00，最大缺口 190.00，失败托盘互借修复成功 0。
  - KPI：near/mid/deep=0/0/1，救回率=0.00%，pair效率=0.00%。
  - 耗时拆解：packing=0.00s，main_topup=0.00s，retry=0.00s，failed_pool=0.00s，repack=0.00s，total=0.00s。
正在处理托盘类型：MH423C，销售订单号：PEG106290LN01S
  - 主算法：全局列式装箱 + 柱级组合优化（GCP）。
  - 失败托盘互借诊断：未合并（no_target_or_single_plan）。
托盘类型 MH423C（销售订单号：PEG106290LN01S）处理完成：总托盘 1，指数达标 0，未达标 1，平均缺口 179.00，最大缺口 179.00，失败托盘互借修复成功 0。
  - KPI：near/mid/deep=0/0/1，救回率=0.00%，pair效率=0.00%。
  - 耗时拆解：packing=0.04s，main_topup=0.00s，retry=0.00s，failed_pool=0.00s，repack=0.00s，total=0.04s。
正在处理托盘类型：MH423C，销售订单号：LAID16306DN03S
  - 该分组不适合列式（多非满柱）→ 回退 beam + 配方优先。
  - 配方优先[fast]：规划 0 实例，实装成功 0，配方路径不可用 → 采用基线方案。
  - 指数诊断：箱子 9 个，总指数 9，目标 192，理论最多达标托盘 0 个，剩余指数 9。
  - 几何诊断：典型整层堆叠单盘参考上限 9/192。 当前目标可能受托盘高度/箱型组合限制。
  - 几何诊断提示：典型整层参考值 9 < 目标 192；该值不是不可达证明，继续执行指数救援。
  - 失败托盘互借诊断：未合并（no_target_or_single_plan）。
托盘类型 MH423C（销售订单号：LAID16306DN03S）处理完成：总托盘 1，指数达标 0，未达标 1，平均缺口 183.00，最大缺口 183.00，失败托盘互借修复成功 0。
  - KPI：near/mid/deep=0/0/1，救回率=0.00%，pair效率=0.00%。
  - 耗时拆解：packing=0.01s，main_topup=0.00s，retry=0.00s，failed_pool=0.00s，repack=0.00s，total=0.06s。
正在处理托盘类型：MH423C，销售订单号：PAID16305EC01S
  - 该分组不适合列式（多非满柱）→ 回退 beam + 配方优先。
  - 配方优先[fast]：规划 0 实例，实装成功 0，配方路径不可用 → 采用基线方案。
  - 指数诊断：箱子 2 个，总指数 2，目标 192，理论最多达标托盘 0 个，剩余指数 2。
  - 几何诊断：典型整层堆叠单盘参考上限 2/192。 当前目标可能受托盘高度/箱型组合限制。
  - 几何诊断提示：典型整层参考值 2 < 目标 192；该值不是不可达证明，继续执行指数救援。
  - 失败托盘互借诊断：未合并（no_target_or_single_plan）。
托盘类型 MH423C（销售订单号：PAID16305EC01S）处理完成：总托盘 1，指数达标 0，未达标 1，平均缺口 190.00，最大缺口 190.00，失败托盘互借修复成功 0。
  - KPI：near/mid/deep=0/0/1，救回率=0.00%，pair效率=0.00%。
  - 耗时拆解：packing=0.00s，main_topup=0.00s，retry=0.00s，failed_pool=0.00s，repack=0.00s，total=0.01s。
正在处理托盘类型：MH423C，销售订单号：LAID16306DN02S
  - 该分组不适合列式（多非满柱）→ 回退 beam + 配方优先。
  - 配方优先[fast]：规划 0 实例，实装成功 0，配方路径不可用 → 采用基线方案。
  - 指数诊断：箱子 36 个，总指数 44，目标 192，理论最多达标托盘 0 个，剩余指数 44。
  - 几何诊断：典型整层堆叠单盘参考上限 44/192。 当前目标可能受托盘高度/箱型组合限制。
  - 几何诊断提示：典型整层参考值 44 < 目标 192；该值不是不可达证明，继续执行指数救援。
  - 失败托盘互借诊断：未合并（no_target_or_single_plan）。
托盘类型 MH423C（销售订单号：LAID16306DN02S）处理完成：总托盘 1，指数达标 0，未达标 1，平均缺口 148.00，最大缺口 148.00，失败托盘互借修复成功 0。
  - KPI：near/mid/deep=0/0/1，救回率=0.00%，pair效率=0.00%。
  - 耗时拆解：packing=0.84s，main_topup=0.00s，retry=0.00s，failed_pool=0.00s，repack=0.00s，total=0.84s。
正在处理托盘类型：MH423C，销售订单号：LFEG16316AN01S
  - 主算法：全局列式装箱 + 柱级组合优化（GCP）。
  - 失败托盘互借诊断：未合并（no_target_or_single_plan）。
托盘类型 MH423C（销售订单号：LFEG16316AN01S）处理完成：总托盘 1，指数达标 0，未达标 1，平均缺口 178.00，最大缺口 178.00，失败托盘互借修复成功 0。
  - KPI：near/mid/deep=0/0/1，救回率=0.00%，pair效率=0.00%。
  - 耗时拆解：packing=0.01s，main_topup=0.00s，retry=0.00s，failed_pool=0.00s，repack=0.00s，total=0.01s。
正在处理托盘类型：MH423C，销售订单号：PAIN26310GN01S
  - 主算法：全局列式装箱 + 柱级组合优化（GCP）。
  - GCP 盘数远超理论（CP-SAT 装不满）→ 回退 baseline beam + 配方优先。
  - 配方优先[fast]：规划 0 实例，实装成功 0，配方路径不可用 → 采用基线方案。
  - 指数诊断：箱子 4 个，总指数 16，目标 192，理论最多达标托盘 0 个，剩余指数 16。
  - 几何诊断：典型整层堆叠单盘参考上限 16/192。 当前目标可能受托盘高度/箱型组合限制。
  - 几何诊断提示：典型整层参考值 16 < 目标 192；该值不是不可达证明，继续执行指数救援。
  - 失败托盘互借诊断：未合并（no_target_or_single_plan）。
托盘类型 MH423C（销售订单号：PAIN26310GN01S）处理完成：总托盘 1，指数达标 0，未达标 1，平均缺口 176.00，最大缺口 176.00，失败托盘互借修复成功 0。
  - KPI：near/mid/deep=0/0/1，救回率=0.00%，pair效率=0.00%。
  - 耗时拆解：packing=0.00s，main_topup=0.00s，retry=0.00s，failed_pool=0.00s，repack=0.00s，total=0.02s。
正在处理托盘类型：MH423C，销售订单号：PAIN26290MZ07S
  - 主算法：全局列式装箱 + 柱级组合优化（GCP）。
  - 失败托盘互借诊断：未合并（no_target_or_single_plan）。
托盘类型 MH423C（销售订单号：PAIN26290MZ07S）处理完成：总托盘 1，指数达标 0，未达标 1，平均缺口 22.00，最大缺口 22.00，失败托盘互借修复成功 0。
  - KPI：near/mid/deep=0/1/0，救回率=0.00%，pair效率=0.00%。
  - 耗时拆解：packing=2.87s，main_topup=0.00s，retry=0.00s，failed_pool=0.00s，repack=0.00s，total=2.87s。
正在处理托盘类型：MH423C，销售订单号：PAID16295EN06S
  - 该分组不适合列式（多非满柱）→ 回退 beam + 配方优先。
  - 配方优先[fast]：规划 0 实例，实装成功 0，配方路径不可用 → 采用基线方案。
  - 指数诊断：箱子 1 个，总指数 1，目标 192，理论最多达标托盘 0 个，剩余指数 1。
  - 几何诊断：典型整层堆叠单盘参考上限 1/192。 当前目标可能受托盘高度/箱型组合限制。
  - 几何诊断提示：典型整层参考值 1 < 目标 192；该值不是不可达证明，继续执行指数救援。
  - 失败托盘互借诊断：未合并（no_target_or_single_plan）。
托盘类型 MH423C（销售订单号：PAID16295EN06S）处理完成：总托盘 1，指数达标 0，未达标 1，平均缺口 191.00，最大缺口 191.00，失败托盘互借修复成功 0。
  - KPI：near/mid/deep=0/0/1，救回率=0.00%，pair效率=0.00%。
  - 耗时拆解：packing=0.00s，main_topup=0.00s，retry=0.00s，failed_pool=0.00s，repack=0.00s，total=0.00s。
正在处理托盘类型：MH423C，销售订单号：PAIN26296EN01S
  - 主算法：全局列式装箱 + 柱级组合优化（GCP）。
  - 失败托盘互借诊断：未合并（no_target_or_single_plan）。
托盘类型 MH423C（销售订单号：PAIN26296EN01S）处理完成：总托盘 1，指数达标 0，未达标 1，平均缺口 31.00，最大缺口 31.00，失败托盘互借修复成功 0。
  - KPI：near/mid/deep=0/0/1，救回率=0.00%，pair效率=0.00%。
  - 耗时拆解：packing=0.43s，main_topup=0.00s，retry=0.00s，failed_pool=0.00s，repack=0.00s，total=0.43s。
正在处理托盘类型：MH423C，销售订单号：LFEG16316AN02S
  - 该分组不适合列式（多非满柱）→ 回退 beam + 配方优先。
  - 配方优先[fast]：规划 0 实例，实装成功 0，配方路径不可用 → 采用基线方案。
  - 指数诊断：箱子 3 个，总指数 6，目标 192，理论最多达标托盘 0 个，剩余指数 6。
  - 几何诊断：典型整层堆叠单盘参考上限 6/192。 当前目标可能受托盘高度/箱型组合限制。
  - 几何诊断提示：典型整层参考值 6 < 目标 192；该值不是不可达证明，继续执行指数救援。
  - 失败托盘互借诊断：未合并（no_target_or_single_plan）。
托盘类型 MH423C（销售订单号：LFEG16316AN02S）处理完成：总托盘 1，指数达标 0，未达标 1，平均缺口 186.00，最大缺口 186.00，失败托盘互借修复成功 0。
  - KPI：near/mid/deep=0/0/1，救回率=0.00%，pair效率=0.00%。
  - 耗时拆解：packing=0.00s，main_topup=0.00s，retry=0.00s，failed_pool=0.00s，repack=0.00s，total=0.01s。
正在处理托盘类型：MH423C，销售订单号：PAIN26310MN01S
  - 该分组不适合列式（多非满柱）→ 回退 beam + 配方优先。
  - 配方优先[fast]：规划 0 实例，实装成功 0，配方路径不可用 → 采用基线方案。
  - 指数诊断：箱子 7 个，总指数 76，目标 192，理论最多达标托盘 0 个，剩余指数 76。
  - 几何诊断：典型整层堆叠单盘参考上限 60/192。 当前目标可能受托盘高度/箱型组合限制。
  - 几何诊断提示：典型整层参考值 60 < 目标 192；该值不是不可达证明，继续执行指数救援。
  - 失败托盘互借诊断：未合并（no_target_or_single_plan）。
托盘类型 MH423C（销售订单号：PAIN26310MN01S）处理完成：总托盘 1，指数达标 0，未达标 1，平均缺口 116.00，最大缺口 116.00，失败托盘互借修复成功 0。
  - KPI：near/mid/deep=0/0/1，救回率=0.00%，pair效率=0.00%。
  - 耗时拆解：packing=0.00s，main_topup=0.00s，retry=0.00s，failed_pool=0.00s，repack=0.00s，total=0.00s。
正在处理托盘类型：MH423C，销售订单号：LAID16315EN01S
  - 该分组不适合列式（多非满柱）→ 回退 beam + 配方优先。
  - 配方优先[fast]：规划 0 实例，实装成功 0，配方路径不可用 → 采用基线方案。
  - 指数诊断：箱子 4 个，总指数 20，目标 192，理论最多达标托盘 0 个，剩余指数 20。
  - 几何诊断：典型整层堆叠单盘参考上限 20/192。 当前目标可能受托盘高度/箱型组合限制。
  - 几何诊断提示：典型整层参考值 20 < 目标 192；该值不是不可达证明，继续执行指数救援。
  - 失败托盘互借诊断：未合并（no_target_or_single_plan）。
托盘类型 MH423C（销售订单号：LAID16315EN01S）处理完成：总托盘 1，指数达标 0，未达标 1，平均缺口 172.00，最大缺口 172.00，失败托盘互借修复成功 0。
  - KPI：near/mid/deep=0/0/1，救回率=0.00%，pair效率=0.00%。
  - 耗时拆解：packing=0.01s，main_topup=0.00s，retry=0.00s，failed_pool=0.00s，repack=0.00s，total=0.01s。
正在处理托盘类型：MH423C，销售订单号：PAIN26316EN01S
  - 主算法：全局列式装箱 + 柱级组合优化（GCP）。
  - 失败托盘互借诊断：未合并（no_target_or_single_plan）。
托盘类型 MH423C（销售订单号：PAIN26316EN01S）处理完成：总托盘 1，指数达标 0，未达标 1，平均缺口 140.00，最大缺口 140.00，失败托盘互借修复成功 0。
  - KPI：near/mid/deep=0/0/1，救回率=0.00%，pair效率=0.00%。
  - 耗时拆解：packing=0.04s，main_topup=0.00s，retry=0.00s，failed_pool=0.00s，repack=0.00s，total=0.04s。
正在处理托盘类型：MH423C，销售订单号：LAID16315EN02S
  - 主算法：全局列式装箱 + 柱级组合优化（GCP）。
  - 失败托盘互借诊断：未合并（no_target_or_single_plan）。
托盘类型 MH423C（销售订单号：LAID16315EN02S）处理完成：总托盘 1，指数达标 0，未达标 1，平均缺口 148.00，最大缺口 148.00，失败托盘互借修复成功 0。
  - KPI：near/mid/deep=0/0/1，救回率=0.00%，pair效率=0.00%。
  - 耗时拆解：packing=0.01s，main_topup=0.00s，retry=0.00s，failed_pool=0.00s，repack=0.00s，total=0.01s。
正在处理托盘类型：MH423C，销售订单号：PAIN26296EC02S
  - 主算法：全局列式装箱 + 柱级组合优化（GCP）。
  - 失败托盘互借诊断：未合并（no_target_or_single_plan）。
托盘类型 MH423C（销售订单号：PAIN26296EC02S）处理完成：总托盘 1，指数达标 0，未达标 1，平均缺口 130.00，最大缺口 130.00，失败托盘互借修复成功 0。
  - KPI：near/mid/deep=0/0/1，救回率=0.00%，pair效率=0.00%。
  - 耗时拆解：packing=0.17s，main_topup=0.00s，retry=0.00s，failed_pool=0.00s，repack=0.00s，total=0.17s。
正在处理托盘类型：MH423C，销售订单号：PAIN26310MZ05S
  - 主算法：全局列式装箱 + 柱级组合优化（GCP）。
  - 失败托盘互借诊断：未合并（no_target_or_single_plan）。
托盘类型 MH423C（销售订单号：PAIN26310MZ05S）处理完成：总托盘 1，指数达标 0，未达标 1，平均缺口 86.00，最大缺口 86.00，失败托盘互借修复成功 0。
  - KPI：near/mid/deep=0/0/1，救回率=0.00%，pair效率=0.00%。
  - 耗时拆解：packing=1.53s，main_topup=0.00s，retry=0.00s，failed_pool=0.00s，repack=0.00s，total=1.53s。
正在处理托盘类型：MH423C，销售订单号：PEG086300LN01S
  - 主算法：全局列式装箱 + 柱级组合优化（GCP）。
  - 失败托盘互借诊断：未合并（no_target_or_single_plan）。
托盘类型 MH423C（销售订单号：PEG086300LN01S）处理完成：总托盘 1，指数达标 0，未达标 1，平均缺口 124.00，最大缺口 124.00，失败托盘互借修复成功 0。
  - KPI：near/mid/deep=0/0/1，救回率=0.00%，pair效率=0.00%。
  - 耗时拆解：packing=0.08s，main_topup=0.00s，retry=0.00s，failed_pool=0.00s，repack=0.00s，total=0.08s。
正在处理托盘类型：MH423C，销售订单号：PEG086300LN01S__SPLITREST__
  - 该分组不适合列式（多非满柱）→ 回退 beam + 配方优先。
  - 配方优先[fast]：规划 0 实例，实装成功 0，配方路径不可用 → 采用基线方案。
  - 指数诊断：箱子 4 个，总指数 4，目标 192，理论最多达标托盘 0 个，剩余指数 4。
  - 几何诊断：典型整层堆叠单盘参考上限 4/192。 当前目标可能受托盘高度/箱型组合限制。
  - 几何诊断提示：典型整层参考值 4 < 目标 192；该值不是不可达证明，继续执行指数救援。
  - 失败托盘互借诊断：未合并（no_target_or_single_plan）。
托盘类型 MH423C（销售订单号：PEG086300LN01S__SPLITREST__）处理完成：总托盘 1，指数达标 0，未达标 1，平均缺口 188.00，最大缺口 188.00，失败托盘互借修复成功 0。
  - KPI：near/mid/deep=0/0/1，救回率=0.00%，pair效率=0.00%。
  - 耗时拆解：packing=0.00s，main_topup=0.00s，retry=0.00s，failed_pool=0.00s，repack=0.00s，total=0.02s。
正在处理托盘类型：MH423C，销售订单号：LAID16315EN03S
  - 该分组不适合列式（多非满柱）→ 回退 beam + 配方优先。
  - 配方优先[fast]：规划 0 实例，实装成功 0，配方路径不可用 → 采用基线方案。
  - 指数诊断：箱子 5 个，总指数 40，目标 192，理论最多达标托盘 0 个，剩余指数 40。
  - 几何诊断：典型整层堆叠单盘参考上限 40/192。 当前目标可能受托盘高度/箱型组合限制。
  - 几何诊断提示：典型整层参考值 40 < 目标 192；该值不是不可达证明，继续执行指数救援。
  - 失败托盘互借诊断：未合并（no_target_or_single_plan）。
托盘类型 MH423C（销售订单号：LAID16315EN03S）处理完成：总托盘 1，指数达标 0，未达标 1，平均缺口 152.00，最大缺口 152.00，失败托盘互借修复成功 0。
  - KPI：near/mid/deep=0/0/1，救回率=0.00%，pair效率=0.00%。
  - 耗时拆解：packing=0.01s，main_topup=0.00s，retry=0.00s，failed_pool=0.00s，repack=0.00s，total=0.01s。
正在处理托盘类型：MH423C，销售订单号：LAID16316DN03S
  - 主算法：全局列式装箱 + 柱级组合优化（GCP）。
  - 失败托盘互借诊断：未合并（no_target_or_single_plan）。
托盘类型 MH423C（销售订单号：LAID16316DN03S）处理完成：总托盘 1，指数达标 0，未达标 1，平均缺口 144.00，最大缺口 144.00，失败托盘互借修复成功 0。
  - KPI：near/mid/deep=0/0/1，救回率=0.00%，pair效率=0.00%。
  - 耗时拆解：packing=0.03s，main_topup=0.00s，retry=0.00s，failed_pool=0.00s，repack=0.00s，total=0.03s。
正在处理托盘类型：MH423C，销售订单号：LAID16316DN01S
  - 主算法：全局列式装箱 + 柱级组合优化（GCP）。
  - 失败托盘互借诊断：未合并（no_target_or_single_plan）。
托盘类型 MH423C（销售订单号：LAID16316DN01S）处理完成：总托盘 1，指数达标 0，未达标 1，平均缺口 120.00，最大缺口 120.00，失败托盘互借修复成功 0。
  - KPI：near/mid/deep=0/0/1，救回率=0.00%，pair效率=0.00%。
  - 耗时拆解：packing=0.10s，main_topup=0.00s，retry=0.00s，failed_pool=0.00s，repack=0.00s，total=0.10s。
正在处理托盘类型：MH423C，销售订单号：LAID16316DN02S
  - 主算法：全局列式装箱 + 柱级组合优化（GCP）。
  - 失败托盘互借诊断：未合并（no_target_or_single_plan）。
托盘类型 MH423C（销售订单号：LAID16316DN02S）处理完成：总托盘 1，指数达标 0，未达标 1，平均缺口 168.00，最大缺口 168.00，失败托盘互借修复成功 0。
  - KPI：near/mid/deep=0/0/1，救回率=0.00%，pair效率=0.00%。
  - 耗时拆解：packing=0.01s，main_topup=0.00s，retry=0.00s，failed_pool=0.00s，repack=0.00s，total=0.01s。
正在处理托盘类型：MH423C，销售订单号：PAIN26310GC02S
  - 主算法：全局列式装箱 + 柱级组合优化（GCP）。
  - 失败托盘互借诊断：未合并（no_target_or_single_plan）。
托盘类型 MH423C（销售订单号：PAIN26310GC02S）处理完成：总托盘 1，指数达标 0，未达标 1，平均缺口 138.00，最大缺口 138.00，失败托盘互借修复成功 0。
  - KPI：near/mid/deep=0/0/1，救回率=0.00%，pair效率=0.00%。
  - 耗时拆解：packing=0.14s，main_topup=0.00s，retry=0.00s，failed_pool=0.00s，repack=0.00s，total=0.14s。
  - 失败盘装满压实：合并/吸收 1 次（纯减盘数）。
  - 跨子组装满压实（MH423C / PAID16290FN01S）：合并 1 次（纯减盘数）。
  - 失败盘装满压实：合并/吸收 1 次（纯减盘数）。
  - 跨子组装满压实（MH423C / PAID16296DN01S）：合并 1 次（纯减盘数）。
  - 失败盘装满压实：合并/吸收 1 次（纯减盘数）。
  - 跨子组装满压实（MH423C / PAID16306DN01S）：合并 1 次（纯减盘数）。
  - 失败盘装满压实：合并/吸收 1 次（纯减盘数）。
  - 跨子组装满压实（MH423C / LAMY16305FN01S）：合并 1 次（纯减盘数）。
  - 失败盘装满压实：合并/吸收 1 次（纯减盘数）。
  - 跨子组装满压实（MH423C / LFEG16300IN02S）：合并 1 次（纯减盘数）。
  - 失败盘装满压实：合并/吸收 1 次（纯减盘数）。
  - 跨子组装满压实（MH423C / LFEG16300IN03S）：合并 1 次（纯减盘数）。
  - 失败盘装满压实：合并/吸收 1 次（纯减盘数）。
  - 跨子组装满压实（MH423C / LAID16305BN03S）：合并 1 次（纯减盘数）。
  - 失败盘装满压实：合并/吸收 1 次（纯减盘数）。
  - 跨子组装满压实（MH423C / PEG086300LN01S）：合并 1 次（纯减盘数）。
========================================
统计汇总：总托盘 75，指数达标 0，未达标 75，未知 0，平均缺口 144.59，最大缺口 191.50，失败托盘互借修复成功 0
KPI汇总：near/mid/deep=0/2/73，pair尝试=0，pair改进=0，pair效率=0.00%
耗时汇总：packing=21.11s，main_topup=0.05s，retry=0.00s，repack=8.34s，end_to_end=46.21s
========================================
[WCS-装] SUCCESS 产品码 0 个，DB 更新达标 0 行；FAILED 盘 75 个保持未达标。
[WCS-装] 本轮结束；等待下一次「新插入」再开算。
[WCS-装] 本轮无达标托盘，跳过 success 目录写入。
[WCS-装] 未达标方案已保存：D:\research_code\final\zhuang\packing-workspace\output\fail\packing_plan_20260724_120747.json
[WCS-装] 无达标托盘，跳过 wcs_plan / wcs_plan_map 写入。
[WCS-装] 已跳过接口 2 推送（仅本地保存）。
[UI-RESULT] D:\research_code\final\zhuang\packing-workspace\output\fail\packing_plan_20260724_120747.json
[WCS-装] 等待数据库新插入（有新 product_code 才开算）…
============================================================
[WCS-拉] 20260724_121103：拉取接口 1 …
[WCS-拉] 原始响应已保存：D:\research_code\final\zhuang\packing-workspace\input\raw\20260724_121103.json
[WCS-拉] 已剔除 case_type≠MH423C 的品类 113 条（类型：['MH113', 'WR246']），保留 1430 条。
[WCS-DB] product_code 已存在、跳过 1428 条
[WCS-拉] 落库完成：候选 1430 条，新插入 2 条（新行 up_to_standard=0）。
[WCS-拉] 有新插入 → 唤醒装箱线程。
[WCS] 已加载 BMS 参考表：D:\research_code\final\zhuang\packing-workspace\data\selected_5000_boxes_9_1_concentrated_3orders.xlsx
============================================================
[WCS-装] 20260724_121107：未达标行 1507 条，开始装箱 …
[WCS-装] 展开为 1507 个箱子。
数据预处理和箱子分组完成（按托盘类型+销售订单号）。
----------------------------------------
  - 组内子聚类：10 个混合订单拆出规则子集走 GCP、杂箱走 baseline。
正在处理托盘类型：MH423C，销售订单号：PAID16280FN01S
  - 该分组不适合列式（多非满柱）→ 回退 beam + 配方优先。
  - 配方优先[fast]：规划 0 实例，实装成功 0，配方路径不可用 → 采用基线方案。
  - 指数诊断：箱子 1 个，总指数 4，目标 192，理论最多达标托盘 0 个，剩余指数 4。
  - 几何诊断：典型整层堆叠单盘参考上限 4/192。 当前目标可能受托盘高度/箱型组合限制。
  - 几何诊断提示：典型整层参考值 4 < 目标 192；该值不是不可达证明，继续执行指数救援。
  - 失败托盘互借诊断：未合并（no_target_or_single_plan）。
托盘类型 MH423C（销售订单号：PAID16280FN01S）处理完成：总托盘 1，指数达标 0，未达标 1，平均缺口 188.00，最大缺口 188.00，失败托盘互借修复成功 0。
  - KPI：near/mid/deep=0/0/1，救回率=0.00%，pair效率=0.00%。
  - 耗时拆解：packing=0.00s，main_topup=0.00s，retry=0.00s，failed_pool=0.00s，repack=0.00s，total=0.00s。
正在处理托盘类型：MH423C，销售订单号：LFEG16290IN01S
  - 该分组不适合列式（多非满柱）→ 回退 beam + 配方优先。
  - 托盘 MH423C-LFEG16290IN01S-1 未找到可行装箱方案，启用剩余箱子守恒兜底。
  - 配方优先[fast]：规划 0 实例，实装成功 0，配方路径不可用 → 采用基线方案。
  - 指数诊断：箱子 9 个，总指数 17，目标 192，理论最多达标托盘 0 个，剩余指数 17。
  - 几何诊断：典型整层堆叠单盘参考上限 12/192。 当前目标可能受托盘高度/箱型组合限制。
  - 几何诊断提示：典型整层参考值 12 < 目标 192；该值不是不可达证明，继续执行指数救援。
  - 失败盘装满压实：合并/吸收 2 次（纯减盘数）。
  - 失败托盘互借诊断：未合并（aborted_no_improvement_possible）。
托盘类型 MH423C（销售订单号：LFEG16290IN01S）处理完成：总托盘 2，指数达标 0，未达标 2，平均缺口 183.50，最大缺口 187.00，失败托盘互借修复成功 0。
  - KPI：near/mid/deep=0/0/2，救回率=0.00%，pair效率=0.00%。
  - 耗时拆解：packing=0.02s，main_topup=0.00s，retry=0.00s，failed_pool=0.00s，repack=0.18s，total=0.29s。
正在处理托盘类型：MH423C，销售订单号：LFEG16290IN02S
  - 该分组不适合列式（多非满柱）→ 回退 beam + 配方优先。
  - 配方优先[fast]：规划 0 实例，实装成功 0，配方路径不可用 → 采用基线方案。
  - 指数诊断：箱子 33 个，总指数 33.5，目标 192，理论最多达标托盘 0 个，剩余指数 33.5。
  - 几何诊断：典型整层堆叠单盘参考上限 28.5/192。 当前目标可能受托盘高度/箱型组合限制。
  - 几何诊断提示：典型整层参考值 28.5 < 目标 192；该值不是不可达证明，继续执行指数救援。
  - 失败托盘互借诊断：未合并（no_target_or_single_plan）。
托盘类型 MH423C（销售订单号：LFEG16290IN02S）处理完成：总托盘 1，指数达标 0，未达标 1，平均缺口 158.50，最大缺口 158.50，失败托盘互借修复成功 0。
  - KPI：near/mid/deep=0/0/1，救回率=0.00%，pair效率=0.00%。
  - 耗时拆解：packing=0.28s，main_topup=0.00s，retry=0.00s，failed_pool=0.00s，repack=0.00s，total=0.28s。
正在处理托盘类型：MH423C，销售订单号：LAID16306DN01S
  - 该分组不适合列式（多非满柱）→ 回退 beam + 配方优先。
  - 配方优先[fast]：规划 0 实例，实装成功 0，配方路径不可用 → 采用基线方案。
  - 指数诊断：箱子 50 个，总指数 88，目标 192，理论最多达标托盘 0 个，剩余指数 88。
  - 几何诊断：典型整层堆叠单盘参考上限 65/192。 当前目标可能受托盘高度/箱型组合限制。
  - 几何诊断提示：典型整层参考值 65 < 目标 192；该值不是不可达证明，继续执行指数救援。
  - 失败托盘互借诊断：未合并（aborted_no_improvement_possible）。
托盘类型 MH423C（销售订单号：LAID16306DN01S）处理完成：总托盘 2，指数达标 0，未达标 2，平均缺口 148.00，最大缺口 182.00，失败托盘互借修复成功 0。
  - KPI：near/mid/deep=0/0/2，救回率=0.00%，pair效率=0.00%。
  - 耗时拆解：packing=0.25s，main_topup=0.01s，retry=0.00s，failed_pool=0.00s，repack=0.58s，total=1.58s。
正在处理托盘类型：MH423C，销售订单号：LAID16296DN01S
  - 主算法：全局列式装箱 + 柱级组合优化（GCP）。
  - 失败托盘互借诊断：未合并（no_target_or_single_plan）。
托盘类型 MH423C（销售订单号：LAID16296DN01S）处理完成：总托盘 1，指数达标 0，未达标 1，平均缺口 151.50，最大缺口 151.50，失败托盘互借修复成功 0。
  - KPI：near/mid/deep=0/0/1，救回率=0.00%，pair效率=0.00%。
  - 耗时拆解：packing=0.08s，main_topup=0.00s，retry=0.00s，failed_pool=0.00s，repack=0.00s，total=0.08s。
正在处理托盘类型：MH423C，销售订单号：LAID16296DN01S__SPLITREST__
  - 该分组不适合列式（多非满柱）→ 回退 beam + 配方优先。
  - 配方优先[fast]：规划 0 实例，实装成功 0，配方路径不可用 → 采用基线方案。
  - 指数诊断：箱子 4 个，总指数 8，目标 192，理论最多达标托盘 0 个，剩余指数 8。
  - 几何诊断：典型整层堆叠单盘参考上限 8/192。 当前目标可能受托盘高度/箱型组合限制。
  - 几何诊断提示：典型整层参考值 8 < 目标 192；该值不是不可达证明，继续执行指数救援。
  - 失败托盘互借诊断：未合并（no_target_or_single_plan）。
托盘类型 MH423C（销售订单号：LAID16296DN01S__SPLITREST__）处理完成：总托盘 1，指数达标 0，未达标 1，平均缺口 184.00，最大缺口 184.00，失败托盘互借修复成功 0。
  - KPI：near/mid/deep=0/0/1，救回率=0.00%，pair效率=0.00%。
  - 耗时拆解：packing=0.00s，main_topup=0.00s，retry=0.00s，failed_pool=0.00s，repack=0.00s，total=0.02s。
正在处理托盘类型：MH423C，销售订单号：LAID16296DN02S
  - 主算法：全局列式装箱 + 柱级组合优化（GCP）。
  - GCP 盘数远超理论（CP-SAT 装不满）→ 回退 baseline beam + 配方优先。
  - 托盘 MH423C-LAID16296DN02S-2 未找到可行装箱方案，启用剩余箱子守恒兜底。
  - 配方优先[fast]：规划 0 实例，实装成功 0，配方路径不可用 → 采用基线方案。
  - 指数诊断：箱子 49 个，总指数 164.5，目标 192，理论最多达标托盘 0 个，剩余指数 164.5。
  - 几何诊断：典型整层堆叠单盘参考上限 97/192。 当前目标可能受托盘高度/箱型组合限制。
  - 几何诊断提示：典型整层参考值 97 < 目标 192；该值不是不可达证明，继续执行指数救援。
  - 失败托盘互借诊断：未合并（aborted_no_improvement_possible）。
托盘类型 MH423C（销售订单号：LAID16296DN02S）处理完成：总托盘 4，指数达标 0，未达标 4，平均缺口 150.88，最大缺口 191.00，失败托盘互借修复成功 0。
  - KPI：near/mid/deep=0/0/4，救回率=0.00%，pair效率=0.00%。
  - 耗时拆解：packing=0.34s，main_topup=0.01s，retry=0.00s，failed_pool=0.00s，repack=0.92s，total=2.62s。
正在处理托盘类型：MH423C，销售订单号：LAID16296DN03S
  - 主算法：全局列式装箱 + 柱级组合优化（GCP）。
  - 失败托盘互借诊断：未合并（no_target_or_single_plan）。
托盘类型 MH423C（销售订单号：LAID16296DN03S）处理完成：总托盘 1，指数达标 0，未达标 1，平均缺口 89.00，最大缺口 89.00，失败托盘互借修复成功 0。
  - KPI：near/mid/deep=0/0/1，救回率=0.00%，pair效率=0.00%。
  - 耗时拆解：packing=0.74s，main_topup=0.00s，retry=0.00s，failed_pool=0.00s，repack=0.00s，total=0.74s。
正在处理托盘类型：MH423C，销售订单号：LFEG16290IN03S
  - 该分组不适合列式（多非满柱）→ 回退 beam + 配方优先。
  - 配方优先[fast]：规划 0 实例，实装成功 0，配方路径不可用 → 采用基线方案。
  - 指数诊断：箱子 37 个，总指数 69，目标 192，理论最多达标托盘 0 个，剩余指数 69。
  - 几何诊断：典型整层堆叠单盘参考上限 51/192。 当前目标可能受托盘高度/箱型组合限制。
  - 几何诊断提示：典型整层参考值 51 < 目标 192；该值不是不可达证明，继续执行指数救援。
  - 失败托盘互借诊断：未合并（aborted_no_improvement_possible）。
托盘类型 MH423C（销售订单号：LFEG16290IN03S）处理完成：总托盘 2，指数达标 0，未达标 2，平均缺口 157.50，最大缺口 189.00，失败托盘互借修复成功 0。
  - KPI：near/mid/deep=0/0/2，救回率=0.00%，pair效率=0.00%。
  - 耗时拆解：packing=0.21s，main_topup=0.00s，retry=0.00s，failed_pool=0.00s，repack=0.30s，total=0.98s。
正在处理托盘类型：MH423C，销售订单号：LFEG16310IN02S
  - 该分组不适合列式（多非满柱）→ 回退 beam + 配方优先。
  - 配方优先[fast]：规划 0 实例，实装成功 0，配方路径不可用 → 采用基线方案。
  - 指数诊断：箱子 15 个，总指数 35，目标 192，理论最多达标托盘 0 个，剩余指数 35。
  - 几何诊断：典型整层堆叠单盘参考上限 29/192。 当前目标可能受托盘高度/箱型组合限制。
  - 几何诊断提示：典型整层参考值 29 < 目标 192；该值不是不可达证明，继续执行指数救援。
  - 失败托盘互借诊断：未合并（no_target_or_single_plan）。
托盘类型 MH423C（销售订单号：LFEG16310IN02S）处理完成：总托盘 1，指数达标 0，未达标 1，平均缺口 157.00，最大缺口 157.00，失败托盘互借修复成功 0。
  - KPI：near/mid/deep=0/0/1，救回率=0.00%，pair效率=0.00%。
  - 耗时拆解：packing=0.07s，main_topup=0.00s，retry=0.00s，failed_pool=0.00s，repack=0.00s，total=0.08s。
正在处理托盘类型：MH423C，销售订单号：LFEG16310IN01S
  - 该分组不适合列式（多非满柱）→ 回退 beam + 配方优先。
  - 配方优先[fast]：规划 0 实例，实装成功 0，配方路径不可用 → 采用基线方案。
  - 指数诊断：箱子 17 个，总指数 36，目标 192，理论最多达标托盘 0 个，剩余指数 36。
  - 几何诊断：典型整层堆叠单盘参考上限 30/192。 当前目标可能受托盘高度/箱型组合限制。
  - 几何诊断提示：典型整层参考值 30 < 目标 192；该值不是不可达证明，继续执行指数救援。
  - 失败托盘互借诊断：未合并（no_target_or_single_plan）。
托盘类型 MH423C（销售订单号：LFEG16310IN01S）处理完成：总托盘 1，指数达标 0，未达标 1，平均缺口 156.00，最大缺口 156.00，失败托盘互借修复成功 0。
  - KPI：near/mid/deep=0/0/1，救回率=0.00%，pair效率=0.00%。
  - 耗时拆解：packing=0.09s，main_topup=0.00s，retry=0.00s，failed_pool=0.00s，repack=0.00s，total=0.09s。
正在处理托盘类型：MH423C，销售订单号：PAID16290FN01S
  - 主算法：全局列式装箱 + 柱级组合优化（GCP）。
  - 失败托盘互借诊断：未合并（no_target_or_single_plan）。
托盘类型 MH423C（销售订单号：PAID16290FN01S）处理完成：总托盘 1，指数达标 0，未达标 1，平均缺口 161.00，最大缺口 161.00，失败托盘互借修复成功 0。
  - KPI：near/mid/deep=0/0/1，救回率=0.00%，pair效率=0.00%。
  - 耗时拆解：packing=0.03s，main_topup=0.00s，retry=0.00s，failed_pool=0.00s，repack=0.00s，total=0.03s。
正在处理托盘类型：MH423C，销售订单号：PAID16290FN01S__SPLITREST__
  - 该分组不适合列式（多非满柱）→ 回退 beam + 配方优先。
  - 配方优先[fast]：规划 0 实例，实装成功 0，配方路径不可用 → 采用基线方案。
  - 指数诊断：箱子 1 个，总指数 0.5，目标 192，理论最多达标托盘 0 个，剩余指数 0.5。
  - 几何诊断：典型整层堆叠单盘参考上限 0.5/192。 当前目标可能受托盘高度/箱型组合限制。
  - 几何诊断提示：典型整层参考值 0.5 < 目标 192；该值不是不可达证明，继续执行指数救援。
  - 失败托盘互借诊断：未合并（no_target_or_single_plan）。
托盘类型 MH423C（销售订单号：PAID16290FN01S__SPLITREST__）处理完成：总托盘 1，指数达标 0，未达标 1，平均缺口 191.50，最大缺口 191.50，失败托盘互借修复成功 0。
  - KPI：near/mid/deep=0/0/1，救回率=0.00%，pair效率=0.00%。
  - 耗时拆解：packing=0.00s，main_topup=0.00s，retry=0.00s，failed_pool=0.00s，repack=0.00s，total=0.00s。
正在处理托盘类型：MH423C，销售订单号：PAIN26290BC02S
  - 主算法：全局列式装箱 + 柱级组合优化（GCP）。
  - 失败托盘互借诊断：未合并（no_target_or_single_plan）。
托盘类型 MH423C（销售订单号：PAIN26290BC02S）处理完成：总托盘 1，指数达标 0，未达标 1，平均缺口 84.00，最大缺口 84.00，失败托盘互借修复成功 0。
  - KPI：near/mid/deep=0/0/1，救回率=0.00%，pair效率=0.00%。
  - 耗时拆解：packing=1.26s，main_topup=0.00s，retry=0.00s，failed_pool=0.00s，repack=0.00s，total=1.26s。
正在处理托盘类型：MH423C，销售订单号：PAIN26286EN01S
  - 该分组不适合列式（多非满柱）→ 回退 beam + 配方优先。
  - 配方优先[fast]：规划 0 实例，实装成功 0，配方路径不可用 → 采用基线方案。
  - 指数诊断：箱子 1 个，总指数 2，目标 192，理论最多达标托盘 0 个，剩余指数 2。
  - 几何诊断：典型整层堆叠单盘参考上限 2/192。 当前目标可能受托盘高度/箱型组合限制。
  - 几何诊断提示：典型整层参考值 2 < 目标 192；该值不是不可达证明，继续执行指数救援。
  - 失败托盘互借诊断：未合并（no_target_or_single_plan）。
托盘类型 MH423C（销售订单号：PAIN26286EN01S）处理完成：总托盘 1，指数达标 0，未达标 1，平均缺口 190.00，最大缺口 190.00，失败托盘互借修复成功 0。
  - KPI：near/mid/deep=0/0/1，救回率=0.00%，pair效率=0.00%。
  - 耗时拆解：packing=0.00s，main_topup=0.00s，retry=0.00s，failed_pool=0.00s，repack=0.00s，total=0.00s。
正在处理托盘类型：MH423C，销售订单号：LAID16296DN03S__CASEGROUP__1
  - 主算法：全局列式装箱 + 柱级组合优化（GCP）。
  - 失败托盘互借诊断：未合并（no_target_or_single_plan）。
托盘类型 MH423C（销售订单号：LAID16296DN03S__CASEGROUP__1）处理完成：总托盘 1，指数达标 0，未达标 1，平均缺口 90.00，最大缺口 90.00，失败托盘互借修复成功 0。
  - KPI：near/mid/deep=0/0/1，救回率=0.00%，pair效率=0.00%。
  - 耗时拆解：packing=0.37s，main_topup=0.00s，retry=0.00s，failed_pool=0.00s，repack=0.00s，total=0.37s。
正在处理托盘类型：MH423C，销售订单号：LAID16296DN03S__CASEGROUP__1__SPLITREST__
  - 该分组不适合列式（多非满柱）→ 回退 beam + 配方优先。
  - 配方优先[fast]：规划 0 实例，实装成功 0，配方路径不可用 → 采用基线方案。
  - 指数诊断：箱子 4 个，总指数 2，目标 192，理论最多达标托盘 0 个，剩余指数 2。
  - 几何诊断：典型整层堆叠单盘参考上限 2/192。 当前目标可能受托盘高度/箱型组合限制。
  - 几何诊断提示：典型整层参考值 2 < 目标 192；该值不是不可达证明，继续执行指数救援。
  - 失败托盘互借诊断：未合并（no_target_or_single_plan）。
托盘类型 MH423C（销售订单号：LAID16296DN03S__CASEGROUP__1__SPLITREST__）处理完成：总托盘 1，指数达标 0，未达标 1，平均缺口 190.00，最大缺口 190.00，失败托盘互借修复成功 0。
  - KPI：near/mid/deep=0/0/1，救回率=0.00%，pair效率=0.00%。
  - 耗时拆解：packing=0.00s，main_topup=0.00s，retry=0.00s，failed_pool=0.00s，repack=0.00s，total=0.02s。
正在处理托盘类型：MH423C，销售订单号：LAMY16315FN01S
  - 主算法：全局列式装箱 + 柱级组合优化（GCP）。
  - 失败托盘互借诊断：未合并（no_target_or_single_plan）。
托盘类型 MH423C（销售订单号：LAMY16315FN01S）处理完成：总托盘 1，指数达标 0，未达标 1，平均缺口 21.00，最大缺口 21.00，失败托盘互借修复成功 0。
  - KPI：near/mid/deep=0/1/0，救回率=0.00%，pair效率=0.00%。
  - 耗时拆解：packing=0.93s，main_topup=0.00s，retry=0.00s，failed_pool=0.00s，repack=0.00s，total=0.93s。
正在处理托盘类型：MH423C，销售订单号：LAMY16315FN01S__SPLITREST__
  - 该分组不适合列式（多非满柱）→ 回退 beam + 配方优先。
  - 配方优先[fast]：规划 0 实例，实装成功 0，配方路径不可用 → 采用基线方案。
  - 指数诊断：箱子 1 个，总指数 0.5，目标 192，理论最多达标托盘 0 个，剩余指数 0.5。
  - 几何诊断：典型整层堆叠单盘参考上限 0.5/192。 当前目标可能受托盘高度/箱型组合限制。
  - 几何诊断提示：典型整层参考值 0.5 < 目标 192；该值不是不可达证明，继续执行指数救援。
  - 失败托盘互借诊断：未合并（no_target_or_single_plan）。
托盘类型 MH423C（销售订单号：LAMY16315FN01S__SPLITREST__）处理完成：总托盘 1，指数达标 0，未达标 1，平均缺口 191.50，最大缺口 191.50，失败托盘互借修复成功 0。
  - KPI：near/mid/deep=0/0/1，救回率=0.00%，pair效率=0.00%。
  - 耗时拆解：packing=0.00s，main_topup=0.00s，retry=0.00s，failed_pool=0.00s，repack=0.00s，total=0.00s。
正在处理托盘类型：MH423C，销售订单号：LAID16305BN02S
  - 主算法：全局列式装箱 + 柱级组合优化（GCP）。
  - 失败托盘互借诊断：未合并（no_target_or_single_plan）。
托盘类型 MH423C（销售订单号：LAID16305BN02S）处理完成：总托盘 1，指数达标 0，未达标 1，平均缺口 128.50，最大缺口 128.50，失败托盘互借修复成功 0。
  - KPI：near/mid/deep=0/0/1，救回率=0.00%，pair效率=0.00%。
  - 耗时拆解：packing=0.50s，main_topup=0.00s，retry=0.00s，failed_pool=0.00s，repack=0.00s，total=0.50s。
正在处理托盘类型：MH423C，销售订单号：PAID16280FC02S
  - 主算法：全局列式装箱 + 柱级组合优化（GCP）。
  - GCP 盘数远超理论（CP-SAT 装不满）→ 回退 baseline beam + 配方优先。
  - 配方优先[fast]：规划 0 实例，实装成功 0，配方路径不可用 → 采用基线方案。
  - 指数诊断：箱子 4 个，总指数 16，目标 192，理论最多达标托盘 0 个，剩余指数 16。
  - 几何诊断：典型整层堆叠单盘参考上限 16/192。 当前目标可能受托盘高度/箱型组合限制。
  - 几何诊断提示：典型整层参考值 16 < 目标 192；该值不是不可达证明，继续执行指数救援。
  - 失败托盘互借诊断：未合并（no_target_or_single_plan）。
托盘类型 MH423C（销售订单号：PAID16280FC02S）处理完成：总托盘 1，指数达标 0，未达标 1，平均缺口 176.00，最大缺口 176.00，失败托盘互借修复成功 0。
  - KPI：near/mid/deep=0/0/1，救回率=0.00%，pair效率=0.00%。
  - 耗时拆解：packing=0.00s，main_topup=0.00s，retry=0.00s，failed_pool=0.00s，repack=0.00s，total=0.02s。
正在处理托盘类型：MH423C，销售订单号：PAID16290FC02S
  - 该分组不适合列式（多非满柱）→ 回退 beam + 配方优先。
  - 配方优先[fast]：规划 0 实例，实装成功 0，配方路径不可用 → 采用基线方案。
  - 指数诊断：箱子 6 个，总指数 14，目标 192，理论最多达标托盘 0 个，剩余指数 14。
  - 几何诊断：典型整层堆叠单盘参考上限 14/192。 当前目标可能受托盘高度/箱型组合限制。
  - 几何诊断提示：典型整层参考值 14 < 目标 192；该值不是不可达证明，继续执行指数救援。
  - 失败托盘互借诊断：未合并（no_target_or_single_plan）。
托盘类型 MH423C（销售订单号：PAID16290FC02S）处理完成：总托盘 1，指数达标 0，未达标 1，平均缺口 178.00，最大缺口 178.00，失败托盘互借修复成功 0。
  - KPI：near/mid/deep=0/0/1，救回率=0.00%，pair效率=0.00%。
  - 耗时拆解：packing=0.01s，main_topup=0.00s，retry=0.00s，failed_pool=0.00s，repack=0.00s，total=0.05s。
正在处理托盘类型：MH423C，销售订单号：PEG146296CN01S
  - 主算法：全局列式装箱 + 柱级组合优化（GCP）。
  - 失败托盘互借诊断：未合并（no_target_or_single_plan）。
托盘类型 MH423C（销售订单号：PEG146296CN01S）处理完成：总托盘 1，指数达标 0，未达标 1，平均缺口 68.00，最大缺口 68.00，失败托盘互借修复成功 0。
  - KPI：near/mid/deep=0/0/1，救回率=0.00%，pair效率=0.00%。
  - 耗时拆解：packing=0.32s，main_topup=0.00s，retry=0.00s，failed_pool=0.00s，repack=0.00s，total=0.32s。
正在处理托盘类型：MH423C，销售订单号：PAID16295BN01S
  - 主算法：全局列式装箱 + 柱级组合优化（GCP）。
  - 失败托盘互借诊断：未合并（aborted_no_improvement_possible）。
托盘类型 MH423C（销售订单号：PAID16295BN01S）处理完成：总托盘 2，指数达标 0，未达标 2，平均缺口 96.75，最大缺口 163.50，失败托盘互借修复成功 0。
  - KPI：near/mid/deep=0/0/2，救回率=0.00%，pair效率=0.00%。
  - 耗时拆解：packing=2.28s，main_topup=0.00s，retry=0.00s，failed_pool=0.00s，repack=1.52s，total=3.80s。
正在处理托盘类型：MH423C，销售订单号：PAID16296DN01S
  - 主算法：全局列式装箱 + 柱级组合优化（GCP）。
  - 失败托盘互借诊断：未合并（no_target_or_single_plan）。
托盘类型 MH423C（销售订单号：PAID16296DN01S）处理完成：总托盘 1，指数达标 0，未达标 1，平均缺口 132.50，最大缺口 132.50，失败托盘互借修复成功 0。
  - KPI：near/mid/deep=0/0/1，救回率=0.00%，pair效率=0.00%。
  - 耗时拆解：packing=1.26s，main_topup=0.00s，retry=0.00s，failed_pool=0.00s，repack=0.00s，total=1.26s。
正在处理托盘类型：MH423C，销售订单号：PAID16296DN01S__SPLITREST__
  - 该分组不适合列式（多非满柱）→ 回退 beam + 配方优先。
  - 配方优先[fast]：规划 0 实例，实装成功 0，配方路径不可用 → 采用基线方案。
  - 指数诊断：箱子 3 个，总指数 6，目标 192，理论最多达标托盘 0 个，剩余指数 6。
  - 几何诊断：典型整层堆叠单盘参考上限 6/192。 当前目标可能受托盘高度/箱型组合限制。
  - 几何诊断提示：典型整层参考值 6 < 目标 192；该值不是不可达证明，继续执行指数救援。
  - 失败托盘互借诊断：未合并（no_target_or_single_plan）。
托盘类型 MH423C（销售订单号：PAID16296DN01S__SPLITREST__）处理完成：总托盘 1，指数达标 0，未达标 1，平均缺口 186.00，最大缺口 186.00，失败托盘互借修复成功 0。
  - KPI：near/mid/deep=0/0/1，救回率=0.00%，pair效率=0.00%。
  - 耗时拆解：packing=0.00s，main_topup=0.00s，retry=0.00s，failed_pool=0.00s，repack=0.00s，total=0.01s。
正在处理托盘类型：MH423C，销售订单号：LAID16305EN01S
  - 该分组不适合列式（多非满柱）→ 回退 beam + 配方优先。
  - 配方优先[fast]：规划 0 实例，实装成功 0，配方路径不可用 → 采用基线方案。
  - 指数诊断：箱子 27 个，总指数 81.5，目标 192，理论最多达标托盘 0 个，剩余指数 81.5。
  - 几何诊断：典型整层堆叠单盘参考上限 63/192。 当前目标可能受托盘高度/箱型组合限制。
  - 几何诊断提示：典型整层参考值 63 < 目标 192；该值不是不可达证明，继续执行指数救援。
  - 失败托盘互借诊断：未合并（aborted_no_improvement_possible）。
托盘类型 MH423C（销售订单号：LAID16305EN01S）处理完成：总托盘 2，指数达标 0，未达标 2，平均缺口 151.25，最大缺口 162.00，失败托盘互借修复成功 0。
  - KPI：near/mid/deep=0/0/2，救回率=0.00%，pair效率=0.00%。
  - 耗时拆解：packing=0.23s，main_topup=0.00s，retry=0.00s，failed_pool=0.00s，repack=0.17s，total=0.40s。
正在处理托盘类型：MH423C，销售订单号：PAID16295EL05S
  - 该分组不适合列式（多非满柱）→ 回退 beam + 配方优先。
  - 配方优先[fast]：规划 0 实例，实装成功 0，配方路径不可用 → 采用基线方案。
  - 指数诊断：箱子 1 个，总指数 2，目标 192，理论最多达标托盘 0 个，剩余指数 2。
  - 几何诊断：典型整层堆叠单盘参考上限 2/192。 当前目标可能受托盘高度/箱型组合限制。
  - 几何诊断提示：典型整层参考值 2 < 目标 192；该值不是不可达证明，继续执行指数救援。
  - 失败托盘互借诊断：未合并（no_target_or_single_plan）。
托盘类型 MH423C（销售订单号：PAID16295EL05S）处理完成：总托盘 1，指数达标 0，未达标 1，平均缺口 190.00，最大缺口 190.00，失败托盘互借修复成功 0。
  - KPI：near/mid/deep=0/0/1，救回率=0.00%，pair效率=0.00%。
  - 耗时拆解：packing=0.00s，main_topup=0.00s，retry=0.00s，failed_pool=0.00s，repack=0.00s，total=0.00s。
正在处理托盘类型：MH423C，销售订单号：PAID16290FL03S
  - 该分组不适合列式（多非满柱）→ 回退 beam + 配方优先。
  - 配方优先[fast]：规划 0 实例，实装成功 0，配方路径不可用 → 采用基线方案。
  - 指数诊断：箱子 3 个，总指数 6，目标 192，理论最多达标托盘 0 个，剩余指数 6。
  - 几何诊断：典型整层堆叠单盘参考上限 6/192。 当前目标可能受托盘高度/箱型组合限制。
  - 几何诊断提示：典型整层参考值 6 < 目标 192；该值不是不可达证明，继续执行指数救援。
  - 失败托盘互借诊断：未合并（no_target_or_single_plan）。
托盘类型 MH423C（销售订单号：PAID16290FL03S）处理完成：总托盘 1，指数达标 0，未达标 1，平均缺口 186.00，最大缺口 186.00，失败托盘互借修复成功 0。
  - KPI：near/mid/deep=0/0/1，救回率=0.00%，pair效率=0.00%。
  - 耗时拆解：packing=0.00s，main_topup=0.00s，retry=0.00s，failed_pool=0.00s，repack=0.00s，total=0.01s。
正在处理托盘类型：MH423C，销售订单号：PAID16306DN01S
  - 主算法：全局列式装箱 + 柱级组合优化（GCP）。
  - 失败托盘互借诊断：未合并（no_target_or_single_plan）。
托盘类型 MH423C（销售订单号：PAID16306DN01S）处理完成：总托盘 1，指数达标 0，未达标 1，平均缺口 170.00，最大缺口 170.00，失败托盘互借修复成功 0。
  - KPI：near/mid/deep=0/0/1，救回率=0.00%，pair效率=0.00%。
  - 耗时拆解：packing=0.09s，main_topup=0.00s，retry=0.00s，failed_pool=0.00s，repack=0.00s，total=0.09s。
正在处理托盘类型：MH423C，销售订单号：PAID16306DN01S__SPLITREST__
  - 该分组不适合列式（多非满柱）→ 回退 beam + 配方优先。
  - 配方优先[fast]：规划 0 实例，实装成功 0，配方路径不可用 → 采用基线方案。
  - 指数诊断：箱子 2 个，总指数 1，目标 192，理论最多达标托盘 0 个，剩余指数 1。
  - 几何诊断：典型整层堆叠单盘参考上限 1/192。 当前目标可能受托盘高度/箱型组合限制。
  - 几何诊断提示：典型整层参考值 1 < 目标 192；该值不是不可达证明，继续执行指数救援。
  - 失败托盘互借诊断：未合并（no_target_or_single_plan）。
托盘类型 MH423C（销售订单号：PAID16306DN01S__SPLITREST__）处理完成：总托盘 1，指数达标 0，未达标 1，平均缺口 191.00，最大缺口 191.00，失败托盘互借修复成功 0。
  - KPI：near/mid/deep=0/0/1，救回率=0.00%，pair效率=0.00%。
  - 耗时拆解：packing=0.00s，main_topup=0.00s，retry=0.00s，failed_pool=0.00s，repack=0.00s，total=0.00s。
正在处理托盘类型：MH423C，销售订单号：LAMY16305FN01S
  - 主算法：全局列式装箱 + 柱级组合优化（GCP）。
  - 失败托盘互借诊断：未合并（aborted_no_improvement_possible）。
托盘类型 MH423C（销售订单号：LAMY16305FN01S）处理完成：总托盘 2，指数达标 0，未达标 2，平均缺口 131.25，最大缺口 190.00，失败托盘互借修复成功 0。
  - KPI：near/mid/deep=0/0/2，救回率=0.00%，pair效率=0.00%。
  - 耗时拆解：packing=1.36s，main_topup=0.00s，retry=0.00s，failed_pool=0.00s，repack=1.06s，total=2.42s。
正在处理托盘类型：MH423C，销售订单号：LAMY16305FN01S__SPLITREST__
  - 该分组不适合列式（多非满柱）→ 回退 beam + 配方优先。
  - 配方优先[fast]：规划 0 实例，实装成功 0，配方路径不可用 → 采用基线方案。
  - 指数诊断：箱子 1 个，总指数 6，目标 192，理论最多达标托盘 0 个，剩余指数 6。
  - 几何诊断：典型整层堆叠单盘参考上限 6/192。 当前目标可能受托盘高度/箱型组合限制。
  - 几何诊断提示：典型整层参考值 6 < 目标 192；该值不是不可达证明，继续执行指数救援。
  - 失败托盘互借诊断：未合并（no_target_or_single_plan）。
托盘类型 MH423C（销售订单号：LAMY16305FN01S__SPLITREST__）处理完成：总托盘 1，指数达标 0，未达标 1，平均缺口 186.00，最大缺口 186.00，失败托盘互借修复成功 0。
  - KPI：near/mid/deep=0/0/1，救回率=0.00%，pair效率=0.00%。
  - 耗时拆解：packing=0.00s，main_topup=0.00s，retry=0.00s，failed_pool=0.00s，repack=0.00s，total=0.00s。
正在处理托盘类型：MH423C，销售订单号：PAID16300FN01S
  - 该分组不适合列式（多非满柱）→ 回退 beam + 配方优先。
  - 配方优先[fast]：规划 0 实例，实装成功 0，配方路径不可用 → 采用基线方案。
  - 指数诊断：箱子 8 个，总指数 19，目标 192，理论最多达标托盘 0 个，剩余指数 19。
  - 几何诊断：典型整层堆叠单盘参考上限 19/192。 当前目标可能受托盘高度/箱型组合限制。
  - 几何诊断提示：典型整层参考值 19 < 目标 192；该值不是不可达证明，继续执行指数救援。
  - 失败托盘互借诊断：未合并（no_target_or_single_plan）。
托盘类型 MH423C（销售订单号：PAID16300FN01S）处理完成：总托盘 1，指数达标 0，未达标 1，平均缺口 173.00，最大缺口 173.00，失败托盘互借修复成功 0。
  - KPI：near/mid/deep=0/0/1，救回率=0.00%，pair效率=0.00%。
  - 耗时拆解：packing=0.01s，main_topup=0.00s，retry=0.00s，failed_pool=0.00s，repack=0.00s，total=0.04s。
正在处理托盘类型：MH423C，销售订单号：PAID16295BD02S
  - 主算法：全局列式装箱 + 柱级组合优化（GCP）。
  - 失败托盘互借诊断：未合并（no_target_or_single_plan）。
托盘类型 MH423C（销售订单号：PAID16295BD02S）处理完成：总托盘 1，指数达标 0，未达标 1，平均缺口 156.00，最大缺口 156.00，失败托盘互借修复成功 0。
  - KPI：near/mid/deep=0/0/1，救回率=0.00%，pair效率=0.00%。
  - 耗时拆解：packing=0.07s，main_topup=0.00s，retry=0.00s，failed_pool=0.00s，repack=0.00s，total=0.07s。
正在处理托盘类型：MH423C，销售订单号：LFEG16300IN02S
  - 主算法：全局列式装箱 + 柱级组合优化（GCP）。
  - GCP 盘数远超理论（CP-SAT 装不满）→ 回退 baseline beam + 配方优先。
  - 配方优先[fast]：规划 0 实例，实装成功 0，配方路径不可用 → 采用基线方案。
  - 指数诊断：箱子 87 个，总指数 152.5，目标 192，理论最多达标托盘 0 个，剩余指数 152.5。
  - 几何诊断：典型整层堆叠单盘参考上限 116/192。 当前目标可能受托盘高度/箱型组合限制。
  - 几何诊断提示：典型整层参考值 116 < 目标 192；该值不是不可达证明，继续执行指数救援。
  - 失败托盘互借诊断：未合并（aborted_no_improvement_possible）。
托盘类型 MH423C（销售订单号：LFEG16300IN02S）处理完成：总托盘 2，指数达标 0，未达标 2，平均缺口 115.75，最大缺口 186.50，失败托盘互借修复成功 0。
  - KPI：near/mid/deep=0/0/2，救回率=0.00%，pair效率=0.00%。
  - 耗时拆解：packing=1.33s，main_topup=0.03s，retry=0.00s，failed_pool=0.00s，repack=2.52s，total=11.79s。
正在处理托盘类型：MH423C，销售订单号：LFEG16300IN02S__SPLITREST__
  - 该分组不适合列式（多非满柱）→ 回退 beam + 配方优先。
  - 配方优先[fast]：规划 0 实例，实装成功 0，配方路径不可用 → 采用基线方案。
  - 指数诊断：箱子 2 个，总指数 4，目标 192，理论最多达标托盘 0 个，剩余指数 4。
  - 几何诊断：典型整层堆叠单盘参考上限 4/192。 当前目标可能受托盘高度/箱型组合限制。
  - 几何诊断提示：典型整层参考值 4 < 目标 192；该值不是不可达证明，继续执行指数救援。
  - 失败托盘互借诊断：未合并（no_target_or_single_plan）。
托盘类型 MH423C（销售订单号：LFEG16300IN02S__SPLITREST__）处理完成：总托盘 1，指数达标 0，未达标 1，平均缺口 188.00，最大缺口 188.00，失败托盘互借修复成功 0。
  - KPI：near/mid/deep=0/0/1，救回率=0.00%，pair效率=0.00%。
  - 耗时拆解：packing=0.00s，main_topup=0.00s，retry=0.00s，failed_pool=0.00s，repack=0.00s，total=0.00s。
正在处理托盘类型：MH423C，销售订单号：LAID16305BN01S
  - 主算法：全局列式装箱 + 柱级组合优化（GCP）。
  - 失败托盘互借诊断：未合并（aborted_no_improvement_possible）。
托盘类型 MH423C（销售订单号：LAID16305BN01S）处理完成：总托盘 2，指数达标 0，未达标 2，平均缺口 131.50，最大缺口 188.00，失败托盘互借修复成功 0。
  - KPI：near/mid/deep=0/0/2，救回率=0.00%，pair效率=0.00%。
  - 耗时拆解：packing=0.77s，main_topup=0.00s，retry=0.00s，failed_pool=0.00s，repack=0.68s，total=1.44s。
正在处理托盘类型：MH423C，销售订单号：LFEG16310IN03S
  - 主算法：全局列式装箱 + 柱级组合优化（GCP）。
  - 失败托盘互借诊断：未合并（no_target_or_single_plan）。
托盘类型 MH423C（销售订单号：LFEG16310IN03S）处理完成：总托盘 1，指数达标 0，未达标 1，平均缺口 159.00，最大缺口 159.00，失败托盘互借修复成功 0。
  - KPI：near/mid/deep=0/0/1，救回率=0.00%，pair效率=0.00%。
  - 耗时拆解：packing=0.03s，main_topup=0.00s，retry=0.00s，failed_pool=0.00s，repack=0.00s，total=0.03s。
正在处理托盘类型：MH423C，销售订单号：LFEG16300IN01S
  - 该分组不适合列式（多非满柱）→ 回退 beam + 配方优先。
  - 配方优先[fast]：规划 0 实例，实装成功 0，配方路径不可用 → 采用基线方案。
  - 指数诊断：箱子 18 个，总指数 29.5，目标 192，理论最多达标托盘 0 个，剩余指数 29.5。
  - 几何诊断：典型整层堆叠单盘参考上限 28.5/192。 当前目标可能受托盘高度/箱型组合限制。
  - 几何诊断提示：典型整层参考值 28.5 < 目标 192；该值不是不可达证明，继续执行指数救援。
  - 失败托盘互借诊断：未合并（no_target_or_single_plan）。
托盘类型 MH423C（销售订单号：LFEG16300IN01S）处理完成：总托盘 1，指数达标 0，未达标 1，平均缺口 162.50，最大缺口 162.50，失败托盘互借修复成功 0。
  - KPI：near/mid/deep=0/0/1，救回率=0.00%，pair效率=0.00%。
  - 耗时拆解：packing=0.10s，main_topup=0.00s，retry=0.00s，failed_pool=0.00s，repack=0.00s，total=0.10s。
正在处理托盘类型：MH423C，销售订单号：LFEG16300IN03S
  - 主算法：全局列式装箱 + 柱级组合优化（GCP）。
  - 失败托盘互借诊断：未合并（no_target_or_single_plan）。
托盘类型 MH423C（销售订单号：LFEG16300IN03S）处理完成：总托盘 1，指数达标 0，未达标 1，平均缺口 82.00，最大缺口 82.00，失败托盘互借修复成功 0。
  - KPI：near/mid/deep=0/0/1，救回率=0.00%，pair效率=0.00%。
  - 耗时拆解：packing=0.91s，main_topup=0.00s，retry=0.00s，failed_pool=0.00s，repack=0.00s，total=0.91s。
正在处理托盘类型：MH423C，销售订单号：LFEG16300IN03S__SPLITREST__
  - 该分组不适合列式（多非满柱）→ 回退 beam + 配方优先。
  - 配方优先[fast]：规划 0 实例，实装成功 0，配方路径不可用 → 采用基线方案。
  - 指数诊断：箱子 2 个，总指数 4，目标 192，理论最多达标托盘 0 个，剩余指数 4。
  - 几何诊断：典型整层堆叠单盘参考上限 4/192。 当前目标可能受托盘高度/箱型组合限制。
  - 几何诊断提示：典型整层参考值 4 < 目标 192；该值不是不可达证明，继续执行指数救援。
  - 失败托盘互借诊断：未合并（no_target_or_single_plan）。
托盘类型 MH423C（销售订单号：LFEG16300IN03S__SPLITREST__）处理完成：总托盘 1，指数达标 0，未达标 1，平均缺口 188.00，最大缺口 188.00，失败托盘互借修复成功 0。
  - KPI：near/mid/deep=0/0/1，救回率=0.00%，pair效率=0.00%。
  - 耗时拆解：packing=0.00s，main_topup=0.00s，retry=0.00s，failed_pool=0.00s，repack=0.00s，total=0.00s。
正在处理托盘类型：MH423C，销售订单号：LAID16305BN03S
  - 主算法：全局列式装箱 + 柱级组合优化（GCP）。
  - 失败托盘互借诊断：未合并（no_target_or_single_plan）。
托盘类型 MH423C（销售订单号：LAID16305BN03S）处理完成：总托盘 1，指数达标 0，未达标 1，平均缺口 116.00，最大缺口 116.00，失败托盘互借修复成功 0。
  - KPI：near/mid/deep=0/0/1，救回率=0.00%，pair效率=0.00%。
  - 耗时拆解：packing=0.36s，main_topup=0.00s，retry=0.00s，failed_pool=0.00s，repack=0.00s，total=0.36s。
正在处理托盘类型：MH423C，销售订单号：LAID16305BN03S__SPLITREST__
  - 该分组不适合列式（多非满柱）→ 回退 beam + 配方优先。
  - 托盘 MH423C-LAID16305BN03S__SPLITREST__-1 未找到可行装箱方案，启用剩余箱子守恒兜底。
  - 配方优先[fast]：规划 0 实例，实装成功 0，配方路径不可用 → 采用基线方案。
  - 指数诊断：箱子 5 个，总指数 2.5，目标 192，理论最多达标托盘 0 个，剩余指数 2.5。
  - 几何诊断：典型整层堆叠单盘参考上限 2.5/192。 当前目标可能受托盘高度/箱型组合限制。
  - 几何诊断提示：典型整层参考值 2.5 < 目标 192；该值不是不可达证明，继续执行指数救援。
  - 失败托盘互借诊断：未合并（aborted_no_improvement_possible）。
托盘类型 MH423C（销售订单号：LAID16305BN03S__SPLITREST__）处理完成：总托盘 2，指数达标 0，未达标 2，平均缺口 190.75，最大缺口 191.50，失败托盘互借修复成功 0。
  - KPI：near/mid/deep=0/0/2，救回率=0.00%，pair效率=0.00%。
  - 耗时拆解：packing=0.01s，main_topup=0.00s，retry=0.00s，failed_pool=0.00s，repack=0.04s，total=0.08s。
正在处理托盘类型：MH423C，销售订单号：PEG166300LN01S
  - 主算法：全局列式装箱 + 柱级组合优化（GCP）。
  - 失败托盘互借诊断：未合并（no_target_or_single_plan）。
托盘类型 MH423C（销售订单号：PEG166300LN01S）处理完成：总托盘 1，指数达标 0，未达标 1，平均缺口 64.00，最大缺口 64.00，失败托盘互借修复成功 0。
  - KPI：near/mid/deep=0/0/1，救回率=0.00%，pair效率=0.00%。
  - 耗时拆解：packing=0.32s，main_topup=0.00s，retry=0.00s，failed_pool=0.00s，repack=0.00s，total=0.32s。
正在处理托盘类型：MH423C，销售订单号：PAID163008N01S
  - 该分组不适合列式（多非满柱）→ 回退 beam + 配方优先。
  - 配方优先[fast]：规划 0 实例，实装成功 0，配方路径不可用 → 采用基线方案。
  - 指数诊断：箱子 1 个，总指数 1，目标 192，理论最多达标托盘 0 个，剩余指数 1。
  - 几何诊断：典型整层堆叠单盘参考上限 1/192。 当前目标可能受托盘高度/箱型组合限制。
  - 几何诊断提示：典型整层参考值 1 < 目标 192；该值不是不可达证明，继续执行指数救援。
  - 失败托盘互借诊断：未合并（no_target_or_single_plan）。
托盘类型 MH423C（销售订单号：PAID163008N01S）处理完成：总托盘 1，指数达标 0，未达标 1，平均缺口 191.00，最大缺口 191.00，失败托盘互借修复成功 0。
  - KPI：near/mid/deep=0/0/1，救回率=0.00%，pair效率=0.00%。
  - 耗时拆解：packing=0.00s，main_topup=0.00s，retry=0.00s，failed_pool=0.00s，repack=0.00s，total=0.00s。
正在处理托盘类型：MH423C，销售订单号：PAIN26290BN01S
  - 该分组不适合列式（多非满柱）→ 回退 beam + 配方优先。
  - 托盘 MH423C-PAIN26290BN01S-1 未找到可行装箱方案，启用剩余箱子守恒兜底。
  - 配方优先[fast]：规划 0 实例，实装成功 0，配方路径不可用 → 采用基线方案。
  - 指数诊断：箱子 5 个，总指数 2.5，目标 192，理论最多达标托盘 0 个，剩余指数 2.5。
  - 几何诊断：典型整层堆叠单盘参考上限 2.5/192。 当前目标可能受托盘高度/箱型组合限制。
  - 几何诊断提示：典型整层参考值 2.5 < 目标 192；该值不是不可达证明，继续执行指数救援。
  - 失败盘装满压实：合并/吸收 1 次（纯减盘数）。
  - 失败托盘互借诊断：未合并（aborted_no_improvement_possible）。
托盘类型 MH423C（销售订单号：PAIN26290BN01S）处理完成：总托盘 1，指数达标 0，未达标 1，平均缺口 189.50，最大缺口 189.50，失败托盘互借修复成功 0。
  - KPI：near/mid/deep=0/0/1，救回率=0.00%，pair效率=0.00%。
  - 耗时拆解：packing=0.01s，main_topup=0.00s，retry=0.00s，failed_pool=0.00s，repack=0.04s，total=0.08s。
正在处理托盘类型：MH423C，销售订单号：PAID162308N01S
  - 该分组不适合列式（多非满柱）→ 回退 beam + 配方优先。
  - 配方优先[fast]：规划 0 实例，实装成功 0，配方路径不可用 → 采用基线方案。
  - 指数诊断：箱子 1 个，总指数 2，目标 192，理论最多达标托盘 0 个，剩余指数 2。
  - 几何诊断：典型整层堆叠单盘参考上限 2/192。 当前目标可能受托盘高度/箱型组合限制。
  - 几何诊断提示：典型整层参考值 2 < 目标 192；该值不是不可达证明，继续执行指数救援。
  - 失败托盘互借诊断：未合并（no_target_or_single_plan）。
托盘类型 MH423C（销售订单号：PAID162308N01S）处理完成：总托盘 1，指数达标 0，未达标 1，平均缺口 190.00，最大缺口 190.00，失败托盘互借修复成功 0。
  - KPI：near/mid/deep=0/0/1，救回率=0.00%，pair效率=0.00%。
  - 耗时拆解：packing=0.00s，main_topup=0.00s，retry=0.00s，failed_pool=0.00s，repack=0.00s，total=0.00s。
正在处理托盘类型：MH423C，销售订单号：PEG106290LN01S
  - 主算法：全局列式装箱 + 柱级组合优化（GCP）。
  - 失败托盘互借诊断：未合并（no_target_or_single_plan）。
托盘类型 MH423C（销售订单号：PEG106290LN01S）处理完成：总托盘 1，指数达标 0，未达标 1，平均缺口 179.00，最大缺口 179.00，失败托盘互借修复成功 0。
  - KPI：near/mid/deep=0/0/1，救回率=0.00%，pair效率=0.00%。
  - 耗时拆解：packing=0.04s，main_topup=0.00s，retry=0.00s，failed_pool=0.00s，repack=0.00s，total=0.04s。
正在处理托盘类型：MH423C，销售订单号：LAID16306DN03S
  - 该分组不适合列式（多非满柱）→ 回退 beam + 配方优先。
  - 配方优先[fast]：规划 0 实例，实装成功 0，配方路径不可用 → 采用基线方案。
  - 指数诊断：箱子 9 个，总指数 9，目标 192，理论最多达标托盘 0 个，剩余指数 9。
  - 几何诊断：典型整层堆叠单盘参考上限 9/192。 当前目标可能受托盘高度/箱型组合限制。
  - 几何诊断提示：典型整层参考值 9 < 目标 192；该值不是不可达证明，继续执行指数救援。
  - 失败托盘互借诊断：未合并（no_target_or_single_plan）。
托盘类型 MH423C（销售订单号：LAID16306DN03S）处理完成：总托盘 1，指数达标 0，未达标 1，平均缺口 183.00，最大缺口 183.00，失败托盘互借修复成功 0。
  - KPI：near/mid/deep=0/0/1，救回率=0.00%，pair效率=0.00%。
  - 耗时拆解：packing=0.01s，main_topup=0.00s，retry=0.00s，failed_pool=0.00s，repack=0.00s，total=0.06s。
正在处理托盘类型：MH423C，销售订单号：PAID16305EC01S
  - 该分组不适合列式（多非满柱）→ 回退 beam + 配方优先。
  - 配方优先[fast]：规划 0 实例，实装成功 0，配方路径不可用 → 采用基线方案。
  - 指数诊断：箱子 2 个，总指数 2，目标 192，理论最多达标托盘 0 个，剩余指数 2。
  - 几何诊断：典型整层堆叠单盘参考上限 2/192。 当前目标可能受托盘高度/箱型组合限制。
  - 几何诊断提示：典型整层参考值 2 < 目标 192；该值不是不可达证明，继续执行指数救援。
  - 失败托盘互借诊断：未合并（no_target_or_single_plan）。
托盘类型 MH423C（销售订单号：PAID16305EC01S）处理完成：总托盘 1，指数达标 0，未达标 1，平均缺口 190.00，最大缺口 190.00，失败托盘互借修复成功 0。
  - KPI：near/mid/deep=0/0/1，救回率=0.00%，pair效率=0.00%。
  - 耗时拆解：packing=0.00s，main_topup=0.00s，retry=0.00s，failed_pool=0.00s，repack=0.00s，total=0.00s。
正在处理托盘类型：MH423C，销售订单号：LAID16306DN02S
  - 该分组不适合列式（多非满柱）→ 回退 beam + 配方优先。
  - 配方优先[fast]：规划 0 实例，实装成功 0，配方路径不可用 → 采用基线方案。
  - 指数诊断：箱子 36 个，总指数 44，目标 192，理论最多达标托盘 0 个，剩余指数 44。
  - 几何诊断：典型整层堆叠单盘参考上限 44/192。 当前目标可能受托盘高度/箱型组合限制。
  - 几何诊断提示：典型整层参考值 44 < 目标 192；该值不是不可达证明，继续执行指数救援。
  - 失败托盘互借诊断：未合并（no_target_or_single_plan）。
托盘类型 MH423C（销售订单号：LAID16306DN02S）处理完成：总托盘 1，指数达标 0，未达标 1，平均缺口 148.00，最大缺口 148.00，失败托盘互借修复成功 0。
  - KPI：near/mid/deep=0/0/1，救回率=0.00%，pair效率=0.00%。
  - 耗时拆解：packing=0.81s，main_topup=0.00s，retry=0.00s，failed_pool=0.00s，repack=0.00s，total=0.81s。
正在处理托盘类型：MH423C，销售订单号：LFEG16316AN01S
  - 主算法：全局列式装箱 + 柱级组合优化（GCP）。
  - 失败托盘互借诊断：未合并（no_target_or_single_plan）。
托盘类型 MH423C（销售订单号：LFEG16316AN01S）处理完成：总托盘 1，指数达标 0，未达标 1，平均缺口 178.00，最大缺口 178.00，失败托盘互借修复成功 0。
  - KPI：near/mid/deep=0/0/1，救回率=0.00%，pair效率=0.00%。
  - 耗时拆解：packing=0.01s，main_topup=0.00s，retry=0.00s，failed_pool=0.00s，repack=0.00s，total=0.01s。
正在处理托盘类型：MH423C，销售订单号：PAIN26310GN01S
  - 主算法：全局列式装箱 + 柱级组合优化（GCP）。
  - GCP 盘数远超理论（CP-SAT 装不满）→ 回退 baseline beam + 配方优先。
  - 配方优先[fast]：规划 0 实例，实装成功 0，配方路径不可用 → 采用基线方案。
  - 指数诊断：箱子 4 个，总指数 16，目标 192，理论最多达标托盘 0 个，剩余指数 16。
  - 几何诊断：典型整层堆叠单盘参考上限 16/192。 当前目标可能受托盘高度/箱型组合限制。
  - 几何诊断提示：典型整层参考值 16 < 目标 192；该值不是不可达证明，继续执行指数救援。
  - 失败托盘互借诊断：未合并（no_target_or_single_plan）。
托盘类型 MH423C（销售订单号：PAIN26310GN01S）处理完成：总托盘 1，指数达标 0，未达标 1，平均缺口 176.00，最大缺口 176.00，失败托盘互借修复成功 0。
  - KPI：near/mid/deep=0/0/1，救回率=0.00%，pair效率=0.00%。
  - 耗时拆解：packing=0.00s，main_topup=0.00s，retry=0.00s，failed_pool=0.00s，repack=0.00s，total=0.02s。
正在处理托盘类型：MH423C，销售订单号：PAIN26290MZ07S
  - 主算法：全局列式装箱 + 柱级组合优化（GCP）。
  - 失败托盘互借诊断：未合并（no_target_or_single_plan）。
托盘类型 MH423C（销售订单号：PAIN26290MZ07S）处理完成：总托盘 1，指数达标 0，未达标 1，平均缺口 22.00，最大缺口 22.00，失败托盘互借修复成功 0。
  - KPI：near/mid/deep=0/1/0，救回率=0.00%，pair效率=0.00%。
  - 耗时拆解：packing=2.86s，main_topup=0.00s，retry=0.00s，failed_pool=0.00s，repack=0.00s，total=2.86s。
正在处理托盘类型：MH423C，销售订单号：PAID16295EN06S
  - 该分组不适合列式（多非满柱）→ 回退 beam + 配方优先。
  - 配方优先[fast]：规划 0 实例，实装成功 0，配方路径不可用 → 采用基线方案。
  - 指数诊断：箱子 1 个，总指数 1，目标 192，理论最多达标托盘 0 个，剩余指数 1。
  - 几何诊断：典型整层堆叠单盘参考上限 1/192。 当前目标可能受托盘高度/箱型组合限制。
  - 几何诊断提示：典型整层参考值 1 < 目标 192；该值不是不可达证明，继续执行指数救援。
  - 失败托盘互借诊断：未合并（no_target_or_single_plan）。
托盘类型 MH423C（销售订单号：PAID16295EN06S）处理完成：总托盘 1，指数达标 0，未达标 1，平均缺口 191.00，最大缺口 191.00，失败托盘互借修复成功 0。
  - KPI：near/mid/deep=0/0/1，救回率=0.00%，pair效率=0.00%。
  - 耗时拆解：packing=0.00s，main_topup=0.00s，retry=0.00s，failed_pool=0.00s，repack=0.00s，total=0.00s。
正在处理托盘类型：MH423C，销售订单号：PAIN26296EN01S
  - 主算法：全局列式装箱 + 柱级组合优化（GCP）。
  - 失败托盘互借诊断：未合并（no_target_or_single_plan）。
托盘类型 MH423C（销售订单号：PAIN26296EN01S）处理完成：总托盘 1，指数达标 0，未达标 1，平均缺口 31.00，最大缺口 31.00，失败托盘互借修复成功 0。
  - KPI：near/mid/deep=0/0/1，救回率=0.00%，pair效率=0.00%。
  - 耗时拆解：packing=0.42s，main_topup=0.00s，retry=0.00s，failed_pool=0.00s，repack=0.00s，total=0.42s。
正在处理托盘类型：MH423C，销售订单号：LFEG16316AN02S
  - 该分组不适合列式（多非满柱）→ 回退 beam + 配方优先。
  - 配方优先[fast]：规划 0 实例，实装成功 0，配方路径不可用 → 采用基线方案。
  - 指数诊断：箱子 3 个，总指数 6，目标 192，理论最多达标托盘 0 个，剩余指数 6。
  - 几何诊断：典型整层堆叠单盘参考上限 6/192。 当前目标可能受托盘高度/箱型组合限制。
  - 几何诊断提示：典型整层参考值 6 < 目标 192；该值不是不可达证明，继续执行指数救援。
  - 失败托盘互借诊断：未合并（no_target_or_single_plan）。
托盘类型 MH423C（销售订单号：LFEG16316AN02S）处理完成：总托盘 1，指数达标 0，未达标 1，平均缺口 186.00，最大缺口 186.00，失败托盘互借修复成功 0。
  - KPI：near/mid/deep=0/0/1，救回率=0.00%，pair效率=0.00%。
  - 耗时拆解：packing=0.00s，main_topup=0.00s，retry=0.00s，failed_pool=0.00s，repack=0.00s，total=0.01s。
正在处理托盘类型：MH423C，销售订单号：PAIN26310MN01S
  - 该分组不适合列式（多非满柱）→ 回退 beam + 配方优先。
  - 配方优先[fast]：规划 0 实例，实装成功 0，配方路径不可用 → 采用基线方案。
  - 指数诊断：箱子 7 个，总指数 76，目标 192，理论最多达标托盘 0 个，剩余指数 76。
  - 几何诊断：典型整层堆叠单盘参考上限 60/192。 当前目标可能受托盘高度/箱型组合限制。
  - 几何诊断提示：典型整层参考值 60 < 目标 192；该值不是不可达证明，继续执行指数救援。
  - 失败托盘互借诊断：未合并（no_target_or_single_plan）。
托盘类型 MH423C（销售订单号：PAIN26310MN01S）处理完成：总托盘 1，指数达标 0，未达标 1，平均缺口 116.00，最大缺口 116.00，失败托盘互借修复成功 0。
  - KPI：near/mid/deep=0/0/1，救回率=0.00%，pair效率=0.00%。
  - 耗时拆解：packing=0.00s，main_topup=0.00s，retry=0.00s，failed_pool=0.00s，repack=0.00s，total=0.00s。
正在处理托盘类型：MH423C，销售订单号：LAID16315EN01S
  - 该分组不适合列式（多非满柱）→ 回退 beam + 配方优先。
  - 配方优先[fast]：规划 0 实例，实装成功 0，配方路径不可用 → 采用基线方案。
  - 指数诊断：箱子 4 个，总指数 20，目标 192，理论最多达标托盘 0 个，剩余指数 20。
  - 几何诊断：典型整层堆叠单盘参考上限 20/192。 当前目标可能受托盘高度/箱型组合限制。
  - 几何诊断提示：典型整层参考值 20 < 目标 192；该值不是不可达证明，继续执行指数救援。
  - 失败托盘互借诊断：未合并（no_target_or_single_plan）。
托盘类型 MH423C（销售订单号：LAID16315EN01S）处理完成：总托盘 1，指数达标 0，未达标 1，平均缺口 172.00，最大缺口 172.00，失败托盘互借修复成功 0。
  - KPI：near/mid/deep=0/0/1，救回率=0.00%，pair效率=0.00%。
  - 耗时拆解：packing=0.01s，main_topup=0.00s，retry=0.00s，failed_pool=0.00s，repack=0.00s，total=0.01s。
正在处理托盘类型：MH423C，销售订单号：PAIN26316EN01S
  - 主算法：全局列式装箱 + 柱级组合优化（GCP）。
  - 失败托盘互借诊断：未合并（no_target_or_single_plan）。
托盘类型 MH423C（销售订单号：PAIN26316EN01S）处理完成：总托盘 1，指数达标 0，未达标 1，平均缺口 140.00，最大缺口 140.00，失败托盘互借修复成功 0。
  - KPI：near/mid/deep=0/0/1，救回率=0.00%，pair效率=0.00%。
  - 耗时拆解：packing=0.04s，main_topup=0.00s，retry=0.00s，failed_pool=0.00s，repack=0.00s，total=0.04s。
正在处理托盘类型：MH423C，销售订单号：LAID16315EN02S
  - 主算法：全局列式装箱 + 柱级组合优化（GCP）。
  - 失败托盘互借诊断：未合并（no_target_or_single_plan）。
托盘类型 MH423C（销售订单号：LAID16315EN02S）处理完成：总托盘 1，指数达标 0，未达标 1，平均缺口 148.00，最大缺口 148.00，失败托盘互借修复成功 0。
  - KPI：near/mid/deep=0/0/1，救回率=0.00%，pair效率=0.00%。
  - 耗时拆解：packing=0.01s，main_topup=0.00s，retry=0.00s，failed_pool=0.00s，repack=0.00s，total=0.01s。
正在处理托盘类型：MH423C，销售订单号：PAIN26296EC02S
  - 主算法：全局列式装箱 + 柱级组合优化（GCP）。
  - 失败托盘互借诊断：未合并（no_target_or_single_plan）。
托盘类型 MH423C（销售订单号：PAIN26296EC02S）处理完成：总托盘 1，指数达标 0，未达标 1，平均缺口 130.00，最大缺口 130.00，失败托盘互借修复成功 0。
  - KPI：near/mid/deep=0/0/1，救回率=0.00%，pair效率=0.00%。
  - 耗时拆解：packing=0.17s，main_topup=0.00s，retry=0.00s，failed_pool=0.00s，repack=0.00s，total=0.17s。
正在处理托盘类型：MH423C，销售订单号：PAIN26310MZ05S
  - 主算法：全局列式装箱 + 柱级组合优化（GCP）。
  - 失败托盘互借诊断：未合并（no_target_or_single_plan）。
托盘类型 MH423C（销售订单号：PAIN26310MZ05S）处理完成：总托盘 1，指数达标 0，未达标 1，平均缺口 86.00，最大缺口 86.00，失败托盘互借修复成功 0。
  - KPI：near/mid/deep=0/0/1，救回率=0.00%，pair效率=0.00%。
  - 耗时拆解：packing=1.43s，main_topup=0.00s，retry=0.00s，failed_pool=0.00s，repack=0.00s，total=1.43s。
正在处理托盘类型：MH423C，销售订单号：PEG086300LN01S
  - 主算法：全局列式装箱 + 柱级组合优化（GCP）。
  - 失败托盘互借诊断：未合并（no_target_or_single_plan）。
托盘类型 MH423C（销售订单号：PEG086300LN01S）处理完成：总托盘 1，指数达标 0，未达标 1，平均缺口 118.00，最大缺口 118.00，失败托盘互借修复成功 0。
  - KPI：near/mid/deep=0/0/1，救回率=0.00%，pair效率=0.00%。
  - 耗时拆解：packing=0.18s，main_topup=0.00s，retry=0.00s，failed_pool=0.00s，repack=0.00s，total=0.18s。
正在处理托盘类型：MH423C，销售订单号：LAID16315EN03S
  - 该分组不适合列式（多非满柱）→ 回退 beam + 配方优先。
  - 配方优先[fast]：规划 0 实例，实装成功 0，配方路径不可用 → 采用基线方案。
  - 指数诊断：箱子 5 个，总指数 40，目标 192，理论最多达标托盘 0 个，剩余指数 40。
  - 几何诊断：典型整层堆叠单盘参考上限 40/192。 当前目标可能受托盘高度/箱型组合限制。
  - 几何诊断提示：典型整层参考值 40 < 目标 192；该值不是不可达证明，继续执行指数救援。
  - 失败托盘互借诊断：未合并（no_target_or_single_plan）。
托盘类型 MH423C（销售订单号：LAID16315EN03S）处理完成：总托盘 1，指数达标 0，未达标 1，平均缺口 152.00，最大缺口 152.00，失败托盘互借修复成功 0。
  - KPI：near/mid/deep=0/0/1，救回率=0.00%，pair效率=0.00%。
  - 耗时拆解：packing=0.01s，main_topup=0.00s，retry=0.00s，failed_pool=0.00s，repack=0.00s，total=0.01s。
正在处理托盘类型：MH423C，销售订单号：LAID16316DN03S
  - 主算法：全局列式装箱 + 柱级组合优化（GCP）。
  - 失败托盘互借诊断：未合并（no_target_or_single_plan）。
托盘类型 MH423C（销售订单号：LAID16316DN03S）处理完成：总托盘 1，指数达标 0，未达标 1，平均缺口 144.00，最大缺口 144.00，失败托盘互借修复成功 0。
  - KPI：near/mid/deep=0/0/1，救回率=0.00%，pair效率=0.00%。
  - 耗时拆解：packing=0.04s，main_topup=0.00s，retry=0.00s，failed_pool=0.00s，repack=0.00s，total=0.04s。
正在处理托盘类型：MH423C，销售订单号：LAID16316DN01S
  - 主算法：全局列式装箱 + 柱级组合优化（GCP）。
  - 失败托盘互借诊断：未合并（no_target_or_single_plan）。
托盘类型 MH423C（销售订单号：LAID16316DN01S）处理完成：总托盘 1，指数达标 0，未达标 1，平均缺口 120.00，最大缺口 120.00，失败托盘互借修复成功 0。
  - KPI：near/mid/deep=0/0/1，救回率=0.00%，pair效率=0.00%。
  - 耗时拆解：packing=0.10s，main_topup=0.00s，retry=0.00s，failed_pool=0.00s，repack=0.00s，total=0.10s。
正在处理托盘类型：MH423C，销售订单号：LAID16316DN02S
  - 主算法：全局列式装箱 + 柱级组合优化（GCP）。
  - 失败托盘互借诊断：未合并（no_target_or_single_plan）。
托盘类型 MH423C（销售订单号：LAID16316DN02S）处理完成：总托盘 1，指数达标 0，未达标 1，平均缺口 168.00，最大缺口 168.00，失败托盘互借修复成功 0。
  - KPI：near/mid/deep=0/0/1，救回率=0.00%，pair效率=0.00%。
  - 耗时拆解：packing=0.01s，main_topup=0.00s，retry=0.00s，failed_pool=0.00s，repack=0.00s，total=0.01s。
正在处理托盘类型：MH423C，销售订单号：PAIN26310GC02S
  - 主算法：全局列式装箱 + 柱级组合优化（GCP）。
  - 失败托盘互借诊断：未合并（no_target_or_single_plan）。
托盘类型 MH423C（销售订单号：PAIN26310GC02S）处理完成：总托盘 1，指数达标 0，未达标 1，平均缺口 138.00，最大缺口 138.00，失败托盘互借修复成功 0。
  - KPI：near/mid/deep=0/0/1，救回率=0.00%，pair效率=0.00%。
  - 耗时拆解：packing=0.13s，main_topup=0.00s，retry=0.00s，failed_pool=0.00s，repack=0.00s，total=0.13s。
  - 失败盘装满压实：合并/吸收 1 次（纯减盘数）。
  - 跨子组装满压实（MH423C / PAID16290FN01S）：合并 1 次（纯减盘数）。
  - 失败盘装满压实：合并/吸收 1 次（纯减盘数）。
  - 跨子组装满压实（MH423C / PAID16296DN01S）：合并 1 次（纯减盘数）。
  - 失败盘装满压实：合并/吸收 1 次（纯减盘数）。
  - 跨子组装满压实（MH423C / PAID16306DN01S）：合并 1 次（纯减盘数）。
  - 失败盘装满压实：合并/吸收 1 次（纯减盘数）。
  - 跨子组装满压实（MH423C / LAMY16305FN01S）：合并 1 次（纯减盘数）。
  - 失败盘装满压实：合并/吸收 1 次（纯减盘数）。
  - 跨子组装满压实（MH423C / LFEG16300IN02S）：合并 1 次（纯减盘数）。
  - 失败盘装满压实：合并/吸收 1 次（纯减盘数）。
  - 跨子组装满压实（MH423C / LFEG16300IN03S）：合并 1 次（纯减盘数）。
  - 失败盘装满压实：合并/吸收 1 次（纯减盘数）。
  - 跨子组装满压实（MH423C / LAID16305BN03S）：合并 1 次（纯减盘数）。
========================================
统计汇总：总托盘 75，指数达标 0，未达标 75，未知 0，平均缺口 144.56，最大缺口 191.50，失败托盘互借修复成功 0
KPI汇总：near/mid/deep=0/2/73，pair尝试=0，pair改进=0，pair效率=0.00%
耗时汇总：packing=20.94s，main_topup=0.05s，retry=0.00s，repack=8.02s，end_to_end=45.59s
========================================
[WCS-装] SUCCESS 产品码 0 个，DB 更新达标 0 行；FAILED 盘 75 个保持未达标。
[WCS-装] 本轮结束；等待下一次「新插入」再开算。
[WCS-装] 本轮无达标托盘，跳过 success 目录写入。
[WCS-装] 未达标方案已保存：D:\research_code\final\zhuang\packing-workspace\output\fail\packing_plan_20260724_121107.json
[WCS-装] 无达标托盘，跳过 wcs_plan / wcs_plan_map 写入。
[WCS-装] 已跳过接口 2 推送（仅本地保存）。
[UI-RESULT] D:\research_code\final\zhuang\packing-workspace\output\fail\packing_plan_20260724_121107.json
[WCS-装] 等待数据库新插入（有新 product_code 才开算）…
============================================================
[WCS-拉] 20260724_121424：拉取接口 1 …
[WCS-拉] 原始响应已保存：D:\research_code\final\zhuang\packing-workspace\input\raw\20260724_121424.json
[WCS-拉] 已剔除 case_type≠MH423C 的品类 113 条（类型：['MH113', 'WR246']），保留 1430 条。
[WCS-DB] product_code 已存在、跳过 1430 条
[WCS-拉] 落库完成：候选 1430 条，新插入 0 条（新行 up_to_standard=0）。
[WCS-拉] 无新插入 → 不触发装箱。
============================================================
[WCS-拉] 20260724_121745：拉取接口 1 …
[WCS-拉] 原始响应已保存：D:\research_code\final\zhuang\packing-workspace\input\raw\20260724_121745.json
[WCS-拉] 已剔除 case_type≠MH423C 的品类 113 条（类型：['MH113', 'WR246']），保留 1430 条。
[WCS-DB] product_code 已存在、跳过 1430 条
[WCS-拉] 落库完成：候选 1430 条，新插入 0 条（新行 up_to_standard=0）。
[WCS-拉] 无新插入 → 不触发装箱。
============================================================
[WCS-拉] 20260724_122105：拉取接口 1 …
[WCS-拉] 原始响应已保存：D:\research_code\final\zhuang\packing-workspace\input\raw\20260724_122105.json
[WCS-拉] 已剔除 case_type≠MH423C 的品类 113 条（类型：['MH113', 'WR246']），保留 1430 条。
[WCS-DB] product_code 已存在、跳过 1430 条
[WCS-拉] 落库完成：候选 1430 条，新插入 0 条（新行 up_to_standard=0）。
[WCS-拉] 无新插入 → 不触发装箱。
============================================================
[WCS-拉] 20260724_122426：拉取接口 1 …
[WCS-拉] 原始响应已保存：D:\research_code\final\zhuang\packing-workspace\input\raw\20260724_122426.json
[WCS-拉] 已剔除 case_type≠MH423C 的品类 113 条（类型：['MH113', 'WR246']），保留 1430 条。
[WCS-DB] product_code 已存在、跳过 1430 条
[WCS-拉] 落库完成：候选 1430 条，新插入 0 条（新行 up_to_standard=0）。
[WCS-拉] 无新插入 → 不触发装箱。
============================================================
[WCS-拉] 20260724_122746：拉取接口 1 …
[WCS-拉] 原始响应已保存：D:\research_code\final\zhuang\packing-workspace\input\raw\20260724_122746.json
[WCS-拉] 已剔除 case_type≠MH423C 的品类 113 条（类型：['MH113', 'WR246']），保留 1430 条。
[WCS-DB] product_code 已存在、跳过 1430 条
[WCS-拉] 落库完成：候选 1430 条，新插入 0 条（新行 up_to_standard=0）。
[WCS-拉] 无新插入 → 不触发装箱。
============================================================
[WCS-拉] 20260724_123107：拉取接口 1 …
[WCS-拉] 原始响应已保存：D:\research_code\final\zhuang\packing-workspace\input\raw\20260724_123107.json
[WCS-拉] 已剔除 case_type≠MH423C 的品类 113 条（类型：['MH113', 'WR246']），保留 1430 条。
[WCS-DB] product_code 已存在、跳过 1430 条
[WCS-拉] 落库完成：候选 1430 条，新插入 0 条（新行 up_to_standard=0）。
[WCS-拉] 无新插入 → 不触发装箱。
============================================================
[WCS-拉] 20260724_123427：拉取接口 1 …
[WCS-拉] 原始响应已保存：D:\research_code\final\zhuang\packing-workspace\input\raw\20260724_123427.json
[WCS-拉] 已剔除 case_type≠MH423C 的品类 113 条（类型：['MH113', 'WR246']），保留 1430 条。
[WCS-DB] product_code 已存在、跳过 1430 条
[WCS-拉] 落库完成：候选 1430 条，新插入 0 条（新行 up_to_standard=0）。
[WCS-拉] 无新插入 → 不触发装箱。
============================================================
[WCS-拉] 20260724_123748：拉取接口 1 …
[WCS-拉] 原始响应已保存：D:\research_code\final\zhuang\packing-workspace\input\raw\20260724_123748.json
[WCS-拉] 已剔除 case_type≠MH423C 的品类 113 条（类型：['MH113', 'WR246']），保留 1430 条。
[WCS-DB] product_code 已存在、跳过 1430 条
[WCS-拉] 落库完成：候选 1430 条，新插入 0 条（新行 up_to_standard=0）。
[WCS-拉] 无新插入 → 不触发装箱。
============================================================
[WCS-拉] 20260724_124108：拉取接口 1 …
[WCS-拉] 原始响应已保存：D:\research_code\final\zhuang\packing-workspace\input\raw\20260724_124108.json
[WCS-拉] 已剔除 case_type≠MH423C 的品类 113 条（类型：['MH113', 'WR246']），保留 1430 条。
[WCS-DB] product_code 已存在、跳过 1430 条
[WCS-拉] 落库完成：候选 1430 条，新插入 0 条（新行 up_to_standard=0）。
[WCS-拉] 无新插入 → 不触发装箱。
============================================================
[WCS-拉] 20260724_124429：拉取接口 1 …
[WCS-拉] 原始响应已保存：D:\research_code\final\zhuang\packing-workspace\input\raw\20260724_124429.json
[WCS-拉] 已剔除 case_type≠MH423C 的品类 113 条（类型：['MH113', 'WR246']），保留 1430 条。
[WCS-DB] product_code 已存在、跳过 1430 条
[WCS-拉] 落库完成：候选 1430 条，新插入 0 条（新行 up_to_standard=0）。
[WCS-拉] 无新插入 → 不触发装箱。
============================================================
[WCS-拉] 20260724_124749：拉取接口 1 …
[WCS-拉] 原始响应已保存：D:\research_code\final\zhuang\packing-workspace\input\raw\20260724_124749.json
[WCS-拉] 已剔除 case_type≠MH423C 的品类 113 条（类型：['MH113', 'WR246']），保留 1430 条。
[WCS-DB] product_code 已存在、跳过 1430 条
[WCS-拉] 落库完成：候选 1430 条，新插入 0 条（新行 up_to_standard=0）。
[WCS-拉] 无新插入 → 不触发装箱。
============================================================
[WCS-拉] 20260724_125110：拉取接口 1 …
[WCS-拉] 原始响应已保存：D:\research_code\final\zhuang\packing-workspace\input\raw\20260724_125110.json
[WCS-拉] 已剔除 case_type≠MH423C 的品类 113 条（类型：['MH113', 'WR246']），保留 1430 条。
[WCS-DB] product_code 已存在、跳过 1430 条
[WCS-拉] 落库完成：候选 1430 条，新插入 0 条（新行 up_to_standard=0）。
[WCS-拉] 无新插入 → 不触发装箱。
============================================================
[WCS-拉] 20260724_125430：拉取接口 1 …
[WCS-拉] 原始响应已保存：D:\research_code\final\zhuang\packing-workspace\input\raw\20260724_125430.json
[WCS-拉] 已剔除 case_type≠MH423C 的品类 113 条（类型：['MH113', 'WR246']），保留 1430 条。
[WCS-DB] product_code 已存在、跳过 1430 条
[WCS-拉] 落库完成：候选 1430 条，新插入 0 条（新行 up_to_standard=0）。
[WCS-拉] 无新插入 → 不触发装箱。
============================================================
[WCS-拉] 20260724_125751：拉取接口 1 …
[WCS-拉] 原始响应已保存：D:\research_code\final\zhuang\packing-workspace\input\raw\20260724_125751.json
[WCS-拉] 已剔除 case_type≠MH423C 的品类 113 条（类型：['MH113', 'WR246']），保留 1433 条。
[WCS-DB] product_code 已存在、跳过 1430 条
[WCS-拉] 落库完成：候选 1433 条，新插入 3 条（新行 up_to_standard=0）。
[WCS-拉] 有新插入 → 唤醒装箱线程。
[WCS] 已加载 BMS 参考表：D:\research_code\final\zhuang\packing-workspace\data\selected_5000_boxes_9_1_concentrated_3orders.xlsx
============================================================
[WCS-装] 20260724_125755：未达标行 1510 条，开始装箱 …
[WCS-装] 展开为 1510 个箱子。
数据预处理和箱子分组完成（按托盘类型+销售订单号）。
----------------------------------------
  - 组内子聚类：10 个混合订单拆出规则子集走 GCP、杂箱走 baseline。
正在处理托盘类型：MH423C，销售订单号：PAID16280FN01S
  - 该分组不适合列式（多非满柱）→ 回退 beam + 配方优先。
  - 配方优先[fast]：规划 0 实例，实装成功 0，配方路径不可用 → 采用基线方案。
  - 指数诊断：箱子 1 个，总指数 4，目标 192，理论最多达标托盘 0 个，剩余指数 4。
  - 几何诊断：典型整层堆叠单盘参考上限 4/192。 当前目标可能受托盘高度/箱型组合限制。
  - 几何诊断提示：典型整层参考值 4 < 目标 192；该值不是不可达证明，继续执行指数救援。
  - 失败托盘互借诊断：未合并（no_target_or_single_plan）。
托盘类型 MH423C（销售订单号：PAID16280FN01S）处理完成：总托盘 1，指数达标 0，未达标 1，平均缺口 188.00，最大缺口 188.00，失败托盘互借修复成功 0。
  - KPI：near/mid/deep=0/0/1，救回率=0.00%，pair效率=0.00%。
  - 耗时拆解：packing=0.00s，main_topup=0.00s，retry=0.00s，failed_pool=0.00s，repack=0.00s，total=0.00s。
正在处理托盘类型：MH423C，销售订单号：LFEG16290IN01S
  - 该分组不适合列式（多非满柱）→ 回退 beam + 配方优先。
  - 托盘 MH423C-LFEG16290IN01S-1 未找到可行装箱方案，启用剩余箱子守恒兜底。
  - 配方优先[fast]：规划 0 实例，实装成功 0，配方路径不可用 → 采用基线方案。
  - 指数诊断：箱子 9 个，总指数 17，目标 192，理论最多达标托盘 0 个，剩余指数 17。
  - 几何诊断：典型整层堆叠单盘参考上限 12/192。 当前目标可能受托盘高度/箱型组合限制。
  - 几何诊断提示：典型整层参考值 12 < 目标 192；该值不是不可达证明，继续执行指数救援。
  - 失败盘装满压实：合并/吸收 2 次（纯减盘数）。
  - 失败托盘互借诊断：未合并（aborted_no_improvement_possible）。
托盘类型 MH423C（销售订单号：LFEG16290IN01S）处理完成：总托盘 2，指数达标 0，未达标 2，平均缺口 183.50，最大缺口 187.00，失败托盘互借修复成功 0。
  - KPI：near/mid/deep=0/0/2，救回率=0.00%，pair效率=0.00%。
  - 耗时拆解：packing=0.02s，main_topup=0.00s，retry=0.00s，failed_pool=0.00s，repack=0.17s，total=0.28s。
正在处理托盘类型：MH423C，销售订单号：LFEG16290IN02S
  - 该分组不适合列式（多非满柱）→ 回退 beam + 配方优先。
  - 配方优先[fast]：规划 0 实例，实装成功 0，配方路径不可用 → 采用基线方案。
  - 指数诊断：箱子 33 个，总指数 33.5，目标 192，理论最多达标托盘 0 个，剩余指数 33.5。
  - 几何诊断：典型整层堆叠单盘参考上限 28.5/192。 当前目标可能受托盘高度/箱型组合限制。
  - 几何诊断提示：典型整层参考值 28.5 < 目标 192；该值不是不可达证明，继续执行指数救援。
  - 失败托盘互借诊断：未合并（no_target_or_single_plan）。
托盘类型 MH423C（销售订单号：LFEG16290IN02S）处理完成：总托盘 1，指数达标 0，未达标 1，平均缺口 158.50，最大缺口 158.50，失败托盘互借修复成功 0。
  - KPI：near/mid/deep=0/0/1，救回率=0.00%，pair效率=0.00%。
  - 耗时拆解：packing=0.29s，main_topup=0.00s，retry=0.00s，failed_pool=0.00s，repack=0.00s，total=0.29s。
正在处理托盘类型：MH423C，销售订单号：LAID16306DN01S
  - 该分组不适合列式（多非满柱）→ 回退 beam + 配方优先。
  - 配方优先[fast]：规划 0 实例，实装成功 0，配方路径不可用 → 采用基线方案。
  - 指数诊断：箱子 50 个，总指数 88，目标 192，理论最多达标托盘 0 个，剩余指数 88。
  - 几何诊断：典型整层堆叠单盘参考上限 65/192。 当前目标可能受托盘高度/箱型组合限制。
  - 几何诊断提示：典型整层参考值 65 < 目标 192；该值不是不可达证明，继续执行指数救援。
  - 失败托盘互借诊断：未合并（aborted_no_improvement_possible）。
托盘类型 MH423C（销售订单号：LAID16306DN01S）处理完成：总托盘 2，指数达标 0，未达标 2，平均缺口 148.00，最大缺口 182.00，失败托盘互借修复成功 0。
  - KPI：near/mid/deep=0/0/2，救回率=0.00%，pair效率=0.00%。
  - 耗时拆解：packing=0.27s，main_topup=0.00s，retry=0.00s，failed_pool=0.00s，repack=0.57s，total=1.59s。
正在处理托盘类型：MH423C，销售订单号：LAID16296DN01S
  - 主算法：全局列式装箱 + 柱级组合优化（GCP）。
  - 失败托盘互借诊断：未合并（no_target_or_single_plan）。
托盘类型 MH423C（销售订单号：LAID16296DN01S）处理完成：总托盘 1，指数达标 0，未达标 1，平均缺口 151.50，最大缺口 151.50，失败托盘互借修复成功 0。
  - KPI：near/mid/deep=0/0/1，救回率=0.00%，pair效率=0.00%。
  - 耗时拆解：packing=0.08s，main_topup=0.00s，retry=0.00s，failed_pool=0.00s，repack=0.00s，total=0.08s。
正在处理托盘类型：MH423C，销售订单号：LAID16296DN01S__SPLITREST__
  - 该分组不适合列式（多非满柱）→ 回退 beam + 配方优先。
  - 配方优先[fast]：规划 0 实例，实装成功 0，配方路径不可用 → 采用基线方案。
  - 指数诊断：箱子 4 个，总指数 8，目标 192，理论最多达标托盘 0 个，剩余指数 8。
  - 几何诊断：典型整层堆叠单盘参考上限 8/192。 当前目标可能受托盘高度/箱型组合限制。
  - 几何诊断提示：典型整层参考值 8 < 目标 192；该值不是不可达证明，继续执行指数救援。
  - 失败托盘互借诊断：未合并（no_target_or_single_plan）。
托盘类型 MH423C（销售订单号：LAID16296DN01S__SPLITREST__）处理完成：总托盘 1，指数达标 0，未达标 1，平均缺口 184.00，最大缺口 184.00，失败托盘互借修复成功 0。
  - KPI：near/mid/deep=0/0/1，救回率=0.00%，pair效率=0.00%。
  - 耗时拆解：packing=0.00s，main_topup=0.00s，retry=0.00s，failed_pool=0.00s，repack=0.00s，total=0.02s。
正在处理托盘类型：MH423C，销售订单号：LAID16296DN02S
  - 主算法：全局列式装箱 + 柱级组合优化（GCP）。
  - GCP 盘数远超理论（CP-SAT 装不满）→ 回退 baseline beam + 配方优先。
  - 托盘 MH423C-LAID16296DN02S-2 未找到可行装箱方案，启用剩余箱子守恒兜底。
  - 配方优先[fast]：规划 0 实例，实装成功 0，配方路径不可用 → 采用基线方案。
  - 指数诊断：箱子 49 个，总指数 164.5，目标 192，理论最多达标托盘 0 个，剩余指数 164.5。
  - 几何诊断：典型整层堆叠单盘参考上限 97/192。 当前目标可能受托盘高度/箱型组合限制。
  - 几何诊断提示：典型整层参考值 97 < 目标 192；该值不是不可达证明，继续执行指数救援。
  - 失败托盘互借诊断：未合并（aborted_no_improvement_possible）。
托盘类型 MH423C（销售订单号：LAID16296DN02S）处理完成：总托盘 4，指数达标 0，未达标 4，平均缺口 150.88，最大缺口 191.00，失败托盘互借修复成功 0。
  - KPI：near/mid/deep=0/0/4，救回率=0.00%，pair效率=0.00%。
  - 耗时拆解：packing=0.38s，main_topup=0.01s，retry=0.00s，failed_pool=0.00s，repack=0.93s，total=2.70s。
正在处理托盘类型：MH423C，销售订单号：LAID16296DN03S
  - 主算法：全局列式装箱 + 柱级组合优化（GCP）。
  - 失败托盘互借诊断：未合并（no_target_or_single_plan）。
托盘类型 MH423C（销售订单号：LAID16296DN03S）处理完成：总托盘 1，指数达标 0，未达标 1，平均缺口 89.00，最大缺口 89.00，失败托盘互借修复成功 0。
  - KPI：near/mid/deep=0/0/1，救回率=0.00%，pair效率=0.00%。
  - 耗时拆解：packing=0.78s，main_topup=0.00s，retry=0.00s，failed_pool=0.00s，repack=0.00s，total=0.78s。
正在处理托盘类型：MH423C，销售订单号：LFEG16290IN03S
  - 该分组不适合列式（多非满柱）→ 回退 beam + 配方优先。
  - 配方优先[fast]：规划 0 实例，实装成功 0，配方路径不可用 → 采用基线方案。
  - 指数诊断：箱子 37 个，总指数 69，目标 192，理论最多达标托盘 0 个，剩余指数 69。
  - 几何诊断：典型整层堆叠单盘参考上限 51/192。 当前目标可能受托盘高度/箱型组合限制。
  - 几何诊断提示：典型整层参考值 51 < 目标 192；该值不是不可达证明，继续执行指数救援。
  - 失败托盘互借诊断：未合并（aborted_no_improvement_possible）。
托盘类型 MH423C（销售订单号：LFEG16290IN03S）处理完成：总托盘 2，指数达标 0，未达标 2，平均缺口 157.50，最大缺口 189.00，失败托盘互借修复成功 0。
  - KPI：near/mid/deep=0/0/2，救回率=0.00%，pair效率=0.00%。
  - 耗时拆解：packing=0.19s，main_topup=0.00s，retry=0.00s，failed_pool=0.00s，repack=0.31s，total=0.98s。
正在处理托盘类型：MH423C，销售订单号：LFEG16310IN02S
  - 该分组不适合列式（多非满柱）→ 回退 beam + 配方优先。
  - 配方优先[fast]：规划 0 实例，实装成功 0，配方路径不可用 → 采用基线方案。
  - 指数诊断：箱子 15 个，总指数 35，目标 192，理论最多达标托盘 0 个，剩余指数 35。
  - 几何诊断：典型整层堆叠单盘参考上限 29/192。 当前目标可能受托盘高度/箱型组合限制。
  - 几何诊断提示：典型整层参考值 29 < 目标 192；该值不是不可达证明，继续执行指数救援。
  - 失败托盘互借诊断：未合并（no_target_or_single_plan）。
托盘类型 MH423C（销售订单号：LFEG16310IN02S）处理完成：总托盘 1，指数达标 0，未达标 1，平均缺口 157.00，最大缺口 157.00，失败托盘互借修复成功 0。
  - KPI：near/mid/deep=0/0/1，救回率=0.00%，pair效率=0.00%。
  - 耗时拆解：packing=0.09s，main_topup=0.00s，retry=0.00s，failed_pool=0.00s，repack=0.00s，total=0.09s。
正在处理托盘类型：MH423C，销售订单号：LFEG16310IN01S
  - 该分组不适合列式（多非满柱）→ 回退 beam + 配方优先。
  - 配方优先[fast]：规划 0 实例，实装成功 0，配方路径不可用 → 采用基线方案。
  - 指数诊断：箱子 17 个，总指数 36，目标 192，理论最多达标托盘 0 个，剩余指数 36。
  - 几何诊断：典型整层堆叠单盘参考上限 30/192。 当前目标可能受托盘高度/箱型组合限制。
  - 几何诊断提示：典型整层参考值 30 < 目标 192；该值不是不可达证明，继续执行指数救援。
  - 失败托盘互借诊断：未合并（no_target_or_single_plan）。
托盘类型 MH423C（销售订单号：LFEG16310IN01S）处理完成：总托盘 1，指数达标 0，未达标 1，平均缺口 156.00，最大缺口 156.00，失败托盘互借修复成功 0。
  - KPI：near/mid/deep=0/0/1，救回率=0.00%，pair效率=0.00%。
  - 耗时拆解：packing=0.10s，main_topup=0.00s，retry=0.00s，failed_pool=0.00s，repack=0.00s，total=0.10s。
正在处理托盘类型：MH423C，销售订单号：PAID16290FN01S
  - 主算法：全局列式装箱 + 柱级组合优化（GCP）。
  - 失败托盘互借诊断：未合并（no_target_or_single_plan）。
托盘类型 MH423C（销售订单号：PAID16290FN01S）处理完成：总托盘 1，指数达标 0，未达标 1，平均缺口 161.00，最大缺口 161.00，失败托盘互借修复成功 0。
  - KPI：near/mid/deep=0/0/1，救回率=0.00%，pair效率=0.00%。
  - 耗时拆解：packing=0.03s，main_topup=0.00s，retry=0.00s，failed_pool=0.00s，repack=0.00s，total=0.03s。
正在处理托盘类型：MH423C，销售订单号：PAID16290FN01S__SPLITREST__
  - 该分组不适合列式（多非满柱）→ 回退 beam + 配方优先。
  - 配方优先[fast]：规划 0 实例，实装成功 0，配方路径不可用 → 采用基线方案。
  - 指数诊断：箱子 1 个，总指数 0.5，目标 192，理论最多达标托盘 0 个，剩余指数 0.5。
  - 几何诊断：典型整层堆叠单盘参考上限 0.5/192。 当前目标可能受托盘高度/箱型组合限制。
  - 几何诊断提示：典型整层参考值 0.5 < 目标 192；该值不是不可达证明，继续执行指数救援。
  - 失败托盘互借诊断：未合并（no_target_or_single_plan）。
托盘类型 MH423C（销售订单号：PAID16290FN01S__SPLITREST__）处理完成：总托盘 1，指数达标 0，未达标 1，平均缺口 191.50，最大缺口 191.50，失败托盘互借修复成功 0。
  - KPI：near/mid/deep=0/0/1，救回率=0.00%，pair效率=0.00%。
  - 耗时拆解：packing=0.00s，main_topup=0.00s，retry=0.00s，failed_pool=0.00s，repack=0.00s，total=0.00s。
正在处理托盘类型：MH423C，销售订单号：PAIN26290BC02S
  - 主算法：全局列式装箱 + 柱级组合优化（GCP）。
  - 失败托盘互借诊断：未合并（no_target_or_single_plan）。
托盘类型 MH423C（销售订单号：PAIN26290BC02S）处理完成：总托盘 1，指数达标 0，未达标 1，平均缺口 84.00，最大缺口 84.00，失败托盘互借修复成功 0。
  - KPI：near/mid/deep=0/0/1，救回率=0.00%，pair效率=0.00%。
  - 耗时拆解：packing=1.32s，main_topup=0.00s，retry=0.00s，failed_pool=0.00s，repack=0.00s，total=1.32s。
正在处理托盘类型：MH423C，销售订单号：PAIN26286EN01S
  - 该分组不适合列式（多非满柱）→ 回退 beam + 配方优先。
  - 配方优先[fast]：规划 0 实例，实装成功 0，配方路径不可用 → 采用基线方案。
  - 指数诊断：箱子 1 个，总指数 2，目标 192，理论最多达标托盘 0 个，剩余指数 2。
  - 几何诊断：典型整层堆叠单盘参考上限 2/192。 当前目标可能受托盘高度/箱型组合限制。
  - 几何诊断提示：典型整层参考值 2 < 目标 192；该值不是不可达证明，继续执行指数救援。
  - 失败托盘互借诊断：未合并（no_target_or_single_plan）。
托盘类型 MH423C（销售订单号：PAIN26286EN01S）处理完成：总托盘 1，指数达标 0，未达标 1，平均缺口 190.00，最大缺口 190.00，失败托盘互借修复成功 0。
  - KPI：near/mid/deep=0/0/1，救回率=0.00%，pair效率=0.00%。
  - 耗时拆解：packing=0.00s，main_topup=0.00s，retry=0.00s，failed_pool=0.00s，repack=0.00s，total=0.00s。
正在处理托盘类型：MH423C，销售订单号：LAID16296DN03S__CASEGROUP__1
  - 主算法：全局列式装箱 + 柱级组合优化（GCP）。
  - 失败托盘互借诊断：未合并（no_target_or_single_plan）。
托盘类型 MH423C（销售订单号：LAID16296DN03S__CASEGROUP__1）处理完成：总托盘 1，指数达标 0，未达标 1，平均缺口 90.00，最大缺口 90.00，失败托盘互借修复成功 0。
  - KPI：near/mid/deep=0/0/1，救回率=0.00%，pair效率=0.00%。
  - 耗时拆解：packing=0.38s，main_topup=0.00s，retry=0.00s，failed_pool=0.00s，repack=0.00s，total=0.38s。
正在处理托盘类型：MH423C，销售订单号：LAID16296DN03S__CASEGROUP__1__SPLITREST__
  - 该分组不适合列式（多非满柱）→ 回退 beam + 配方优先。
  - 配方优先[fast]：规划 0 实例，实装成功 0，配方路径不可用 → 采用基线方案。
  - 指数诊断：箱子 4 个，总指数 2，目标 192，理论最多达标托盘 0 个，剩余指数 2。
  - 几何诊断：典型整层堆叠单盘参考上限 2/192。 当前目标可能受托盘高度/箱型组合限制。
  - 几何诊断提示：典型整层参考值 2 < 目标 192；该值不是不可达证明，继续执行指数救援。
  - 失败托盘互借诊断：未合并（no_target_or_single_plan）。
托盘类型 MH423C（销售订单号：LAID16296DN03S__CASEGROUP__1__SPLITREST__）处理完成：总托盘 1，指数达标 0，未达标 1，平均缺口 190.00，最大缺口 190.00，失败托盘互借修复成功 0。
  - KPI：near/mid/deep=0/0/1，救回率=0.00%，pair效率=0.00%。
  - 耗时拆解：packing=0.00s，main_topup=0.00s，retry=0.00s，failed_pool=0.00s，repack=0.00s，total=0.02s。
正在处理托盘类型：MH423C，销售订单号：LAMY16315FN01S
  - 主算法：全局列式装箱 + 柱级组合优化（GCP）。
  - 失败托盘互借诊断：未合并（no_target_or_single_plan）。
托盘类型 MH423C（销售订单号：LAMY16315FN01S）处理完成：总托盘 1，指数达标 0，未达标 1，平均缺口 21.00，最大缺口 21.00，失败托盘互借修复成功 0。
  - KPI：near/mid/deep=0/1/0，救回率=0.00%，pair效率=0.00%。
  - 耗时拆解：packing=1.02s，main_topup=0.00s，retry=0.00s，failed_pool=0.00s，repack=0.00s，total=1.02s。
正在处理托盘类型：MH423C，销售订单号：LAMY16315FN01S__SPLITREST__
  - 该分组不适合列式（多非满柱）→ 回退 beam + 配方优先。
  - 配方优先[fast]：规划 0 实例，实装成功 0，配方路径不可用 → 采用基线方案。
  - 指数诊断：箱子 1 个，总指数 0.5，目标 192，理论最多达标托盘 0 个，剩余指数 0.5。
  - 几何诊断：典型整层堆叠单盘参考上限 0.5/192。 当前目标可能受托盘高度/箱型组合限制。
  - 几何诊断提示：典型整层参考值 0.5 < 目标 192；该值不是不可达证明，继续执行指数救援。
  - 失败托盘互借诊断：未合并（no_target_or_single_plan）。
托盘类型 MH423C（销售订单号：LAMY16315FN01S__SPLITREST__）处理完成：总托盘 1，指数达标 0，未达标 1，平均缺口 191.50，最大缺口 191.50，失败托盘互借修复成功 0。
  - KPI：near/mid/deep=0/0/1，救回率=0.00%，pair效率=0.00%。
  - 耗时拆解：packing=0.00s，main_topup=0.00s，retry=0.00s，failed_pool=0.00s，repack=0.00s，total=0.00s。
正在处理托盘类型：MH423C，销售订单号：LAID16305BN02S
  - 主算法：全局列式装箱 + 柱级组合优化（GCP）。
  - 失败托盘互借诊断：未合并（no_target_or_single_plan）。
托盘类型 MH423C（销售订单号：LAID16305BN02S）处理完成：总托盘 1，指数达标 0，未达标 1，平均缺口 128.50，最大缺口 128.50，失败托盘互借修复成功 0。
  - KPI：near/mid/deep=0/0/1，救回率=0.00%，pair效率=0.00%。
  - 耗时拆解：packing=0.51s，main_topup=0.00s，retry=0.00s，failed_pool=0.00s，repack=0.00s，total=0.51s。
正在处理托盘类型：MH423C，销售订单号：PAID16280FC02S
  - 主算法：全局列式装箱 + 柱级组合优化（GCP）。
  - GCP 盘数远超理论（CP-SAT 装不满）→ 回退 baseline beam + 配方优先。
  - 配方优先[fast]：规划 0 实例，实装成功 0，配方路径不可用 → 采用基线方案。
  - 指数诊断：箱子 4 个，总指数 16，目标 192，理论最多达标托盘 0 个，剩余指数 16。
  - 几何诊断：典型整层堆叠单盘参考上限 16/192。 当前目标可能受托盘高度/箱型组合限制。
  - 几何诊断提示：典型整层参考值 16 < 目标 192；该值不是不可达证明，继续执行指数救援。
  - 失败托盘互借诊断：未合并（no_target_or_single_plan）。
托盘类型 MH423C（销售订单号：PAID16280FC02S）处理完成：总托盘 1，指数达标 0，未达标 1，平均缺口 176.00，最大缺口 176.00，失败托盘互借修复成功 0。
  - KPI：near/mid/deep=0/0/1，救回率=0.00%，pair效率=0.00%。
  - 耗时拆解：packing=0.01s，main_topup=0.00s，retry=0.00s，failed_pool=0.00s，repack=0.00s，total=0.02s。
正在处理托盘类型：MH423C，销售订单号：PAID16290FC02S
  - 该分组不适合列式（多非满柱）→ 回退 beam + 配方优先。
  - 配方优先[fast]：规划 0 实例，实装成功 0，配方路径不可用 → 采用基线方案。
  - 指数诊断：箱子 6 个，总指数 14，目标 192，理论最多达标托盘 0 个，剩余指数 14。
  - 几何诊断：典型整层堆叠单盘参考上限 14/192。 当前目标可能受托盘高度/箱型组合限制。
  - 几何诊断提示：典型整层参考值 14 < 目标 192；该值不是不可达证明，继续执行指数救援。
  - 失败托盘互借诊断：未合并（no_target_or_single_plan）。
托盘类型 MH423C（销售订单号：PAID16290FC02S）处理完成：总托盘 1，指数达标 0，未达标 1，平均缺口 178.00，最大缺口 178.00，失败托盘互借修复成功 0。
  - KPI：near/mid/deep=0/0/1，救回率=0.00%，pair效率=0.00%。
  - 耗时拆解：packing=0.01s，main_topup=0.00s，retry=0.00s，failed_pool=0.00s，repack=0.00s，total=0.05s。
正在处理托盘类型：MH423C，销售订单号：PEG146296CN01S
  - 主算法：全局列式装箱 + 柱级组合优化（GCP）。
  - 失败托盘互借诊断：未合并（no_target_or_single_plan）。
托盘类型 MH423C（销售订单号：PEG146296CN01S）处理完成：总托盘 1，指数达标 0，未达标 1，平均缺口 68.00，最大缺口 68.00，失败托盘互借修复成功 0。
  - KPI：near/mid/deep=0/0/1，救回率=0.00%，pair效率=0.00%。
  - 耗时拆解：packing=0.32s，main_topup=0.00s，retry=0.00s，failed_pool=0.00s，repack=0.00s，total=0.32s。
正在处理托盘类型：MH423C，销售订单号：PAID16295BN01S
  - 主算法：全局列式装箱 + 柱级组合优化（GCP）。
  - 失败托盘互借诊断：未合并（aborted_no_improvement_possible）。
托盘类型 MH423C（销售订单号：PAID16295BN01S）处理完成：总托盘 2，指数达标 0，未达标 2，平均缺口 96.75，最大缺口 163.50，失败托盘互借修复成功 0。
  - KPI：near/mid/deep=0/0/2，救回率=0.00%，pair效率=0.00%。
  - 耗时拆解：packing=2.23s，main_topup=0.00s，retry=0.00s，failed_pool=0.00s，repack=1.53s，total=3.76s。
正在处理托盘类型：MH423C，销售订单号：PAID16296DN01S
  - 主算法：全局列式装箱 + 柱级组合优化（GCP）。
  - 失败托盘互借诊断：未合并（no_target_or_single_plan）。
托盘类型 MH423C（销售订单号：PAID16296DN01S）处理完成：总托盘 1，指数达标 0，未达标 1，平均缺口 132.50，最大缺口 132.50，失败托盘互借修复成功 0。
  - KPI：near/mid/deep=0/0/1，救回率=0.00%，pair效率=0.00%。
  - 耗时拆解：packing=1.27s，main_topup=0.00s，retry=0.00s，failed_pool=0.00s，repack=0.00s，total=1.27s。
正在处理托盘类型：MH423C，销售订单号：PAID16296DN01S__SPLITREST__
  - 该分组不适合列式（多非满柱）→ 回退 beam + 配方优先。
  - 配方优先[fast]：规划 0 实例，实装成功 0，配方路径不可用 → 采用基线方案。
  - 指数诊断：箱子 3 个，总指数 6，目标 192，理论最多达标托盘 0 个，剩余指数 6。
  - 几何诊断：典型整层堆叠单盘参考上限 6/192。 当前目标可能受托盘高度/箱型组合限制。
  - 几何诊断提示：典型整层参考值 6 < 目标 192；该值不是不可达证明，继续执行指数救援。
  - 失败托盘互借诊断：未合并（no_target_or_single_plan）。
托盘类型 MH423C（销售订单号：PAID16296DN01S__SPLITREST__）处理完成：总托盘 1，指数达标 0，未达标 1，平均缺口 186.00，最大缺口 186.00，失败托盘互借修复成功 0。
  - KPI：near/mid/deep=0/0/1，救回率=0.00%，pair效率=0.00%。
  - 耗时拆解：packing=0.00s，main_topup=0.00s，retry=0.00s，failed_pool=0.00s，repack=0.00s，total=0.01s。
正在处理托盘类型：MH423C，销售订单号：LAID16305EN01S
  - 该分组不适合列式（多非满柱）→ 回退 beam + 配方优先。
  - 配方优先[fast]：规划 0 实例，实装成功 0，配方路径不可用 → 采用基线方案。
  - 指数诊断：箱子 27 个，总指数 81.5，目标 192，理论最多达标托盘 0 个，剩余指数 81.5。
  - 几何诊断：典型整层堆叠单盘参考上限 63/192。 当前目标可能受托盘高度/箱型组合限制。
  - 几何诊断提示：典型整层参考值 63 < 目标 192；该值不是不可达证明，继续执行指数救援。
  - 失败托盘互借诊断：未合并（aborted_no_improvement_possible）。
托盘类型 MH423C（销售订单号：LAID16305EN01S）处理完成：总托盘 2，指数达标 0，未达标 2，平均缺口 151.25，最大缺口 162.00，失败托盘互借修复成功 0。
  - KPI：near/mid/deep=0/0/2，救回率=0.00%，pair效率=0.00%。
  - 耗时拆解：packing=0.24s，main_topup=0.00s，retry=0.00s，failed_pool=0.00s，repack=0.19s，total=0.43s。
正在处理托盘类型：MH423C，销售订单号：PAID16295EL05S
  - 该分组不适合列式（多非满柱）→ 回退 beam + 配方优先。
  - 配方优先[fast]：规划 0 实例，实装成功 0，配方路径不可用 → 采用基线方案。
  - 指数诊断：箱子 1 个，总指数 2，目标 192，理论最多达标托盘 0 个，剩余指数 2。
  - 几何诊断：典型整层堆叠单盘参考上限 2/192。 当前目标可能受托盘高度/箱型组合限制。
  - 几何诊断提示：典型整层参考值 2 < 目标 192；该值不是不可达证明，继续执行指数救援。
  - 失败托盘互借诊断：未合并（no_target_or_single_plan）。
托盘类型 MH423C（销售订单号：PAID16295EL05S）处理完成：总托盘 1，指数达标 0，未达标 1，平均缺口 190.00，最大缺口 190.00，失败托盘互借修复成功 0。
  - KPI：near/mid/deep=0/0/1，救回率=0.00%，pair效率=0.00%。
  - 耗时拆解：packing=0.00s，main_topup=0.00s，retry=0.00s，failed_pool=0.00s，repack=0.00s，total=0.00s。
正在处理托盘类型：MH423C，销售订单号：PAID16290FL03S
  - 该分组不适合列式（多非满柱）→ 回退 beam + 配方优先。
  - 配方优先[fast]：规划 0 实例，实装成功 0，配方路径不可用 → 采用基线方案。
  - 指数诊断：箱子 3 个，总指数 6，目标 192，理论最多达标托盘 0 个，剩余指数 6。
  - 几何诊断：典型整层堆叠单盘参考上限 6/192。 当前目标可能受托盘高度/箱型组合限制。
  - 几何诊断提示：典型整层参考值 6 < 目标 192；该值不是不可达证明，继续执行指数救援。
  - 失败托盘互借诊断：未合并（no_target_or_single_plan）。
托盘类型 MH423C（销售订单号：PAID16290FL03S）处理完成：总托盘 1，指数达标 0，未达标 1，平均缺口 186.00，最大缺口 186.00，失败托盘互借修复成功 0。
  - KPI：near/mid/deep=0/0/1，救回率=0.00%，pair效率=0.00%。
  - 耗时拆解：packing=0.00s，main_topup=0.00s，retry=0.00s，failed_pool=0.00s，repack=0.00s，total=0.01s。
正在处理托盘类型：MH423C，销售订单号：PAID16306DN01S
  - 主算法：全局列式装箱 + 柱级组合优化（GCP）。
  - 失败托盘互借诊断：未合并（no_target_or_single_plan）。
托盘类型 MH423C（销售订单号：PAID16306DN01S）处理完成：总托盘 1，指数达标 0，未达标 1，平均缺口 170.00，最大缺口 170.00，失败托盘互借修复成功 0。
  - KPI：near/mid/deep=0/0/1，救回率=0.00%，pair效率=0.00%。
  - 耗时拆解：packing=0.11s，main_topup=0.00s，retry=0.00s，failed_pool=0.00s，repack=0.00s，total=0.11s。
正在处理托盘类型：MH423C，销售订单号：PAID16306DN01S__SPLITREST__
  - 该分组不适合列式（多非满柱）→ 回退 beam + 配方优先。
  - 配方优先[fast]：规划 0 实例，实装成功 0，配方路径不可用 → 采用基线方案。
  - 指数诊断：箱子 2 个，总指数 1，目标 192，理论最多达标托盘 0 个，剩余指数 1。
  - 几何诊断：典型整层堆叠单盘参考上限 1/192。 当前目标可能受托盘高度/箱型组合限制。
  - 几何诊断提示：典型整层参考值 1 < 目标 192；该值不是不可达证明，继续执行指数救援。
  - 失败托盘互借诊断：未合并（no_target_or_single_plan）。
托盘类型 MH423C（销售订单号：PAID16306DN01S__SPLITREST__）处理完成：总托盘 1，指数达标 0，未达标 1，平均缺口 191.00，最大缺口 191.00，失败托盘互借修复成功 0。
  - KPI：near/mid/deep=0/0/1，救回率=0.00%，pair效率=0.00%。
  - 耗时拆解：packing=0.00s，main_topup=0.00s，retry=0.00s，failed_pool=0.00s，repack=0.00s，total=0.01s。
正在处理托盘类型：MH423C，销售订单号：LAMY16305FN01S
  - 主算法：全局列式装箱 + 柱级组合优化（GCP）。
  - 失败托盘互借诊断：未合并（aborted_no_improvement_possible）。
托盘类型 MH423C（销售订单号：LAMY16305FN01S）处理完成：总托盘 2，指数达标 0，未达标 2，平均缺口 131.25，最大缺口 190.00，失败托盘互借修复成功 0。
  - KPI：near/mid/deep=0/0/2，救回率=0.00%，pair效率=0.00%。
  - 耗时拆解：packing=1.34s，main_topup=0.00s，retry=0.00s，failed_pool=0.00s，repack=1.12s，total=2.46s。
正在处理托盘类型：MH423C，销售订单号：LAMY16305FN01S__SPLITREST__
  - 该分组不适合列式（多非满柱）→ 回退 beam + 配方优先。
  - 配方优先[fast]：规划 0 实例，实装成功 0，配方路径不可用 → 采用基线方案。
  - 指数诊断：箱子 1 个，总指数 6，目标 192，理论最多达标托盘 0 个，剩余指数 6。
  - 几何诊断：典型整层堆叠单盘参考上限 6/192。 当前目标可能受托盘高度/箱型组合限制。
  - 几何诊断提示：典型整层参考值 6 < 目标 192；该值不是不可达证明，继续执行指数救援。
  - 失败托盘互借诊断：未合并（no_target_or_single_plan）。
托盘类型 MH423C（销售订单号：LAMY16305FN01S__SPLITREST__）处理完成：总托盘 1，指数达标 0，未达标 1，平均缺口 186.00，最大缺口 186.00，失败托盘互借修复成功 0。
  - KPI：near/mid/deep=0/0/1，救回率=0.00%，pair效率=0.00%。
  - 耗时拆解：packing=0.00s，main_topup=0.00s，retry=0.00s，failed_pool=0.00s，repack=0.00s，total=0.00s。
正在处理托盘类型：MH423C，销售订单号：PAID16300FN01S
  - 该分组不适合列式（多非满柱）→ 回退 beam + 配方优先。
  - 配方优先[fast]：规划 0 实例，实装成功 0，配方路径不可用 → 采用基线方案。
  - 指数诊断：箱子 8 个，总指数 19，目标 192，理论最多达标托盘 0 个，剩余指数 19。
  - 几何诊断：典型整层堆叠单盘参考上限 19/192。 当前目标可能受托盘高度/箱型组合限制。
  - 几何诊断提示：典型整层参考值 19 < 目标 192；该值不是不可达证明，继续执行指数救援。
  - 失败托盘互借诊断：未合并（no_target_or_single_plan）。
托盘类型 MH423C（销售订单号：PAID16300FN01S）处理完成：总托盘 1，指数达标 0，未达标 1，平均缺口 173.00，最大缺口 173.00，失败托盘互借修复成功 0。
  - KPI：near/mid/deep=0/0/1，救回率=0.00%，pair效率=0.00%。
  - 耗时拆解：packing=0.01s，main_topup=0.00s，retry=0.00s，failed_pool=0.00s，repack=0.00s，total=0.05s。
正在处理托盘类型：MH423C，销售订单号：PAID16295BD02S
  - 主算法：全局列式装箱 + 柱级组合优化（GCP）。
  - 失败托盘互借诊断：未合并（no_target_or_single_plan）。
托盘类型 MH423C（销售订单号：PAID16295BD02S）处理完成：总托盘 1，指数达标 0，未达标 1，平均缺口 156.00，最大缺口 156.00，失败托盘互借修复成功 0。
  - KPI：near/mid/deep=0/0/1，救回率=0.00%，pair效率=0.00%。
  - 耗时拆解：packing=0.07s，main_topup=0.00s，retry=0.00s，failed_pool=0.00s，repack=0.00s，total=0.07s。
正在处理托盘类型：MH423C，销售订单号：LFEG16300IN02S
  - 主算法：全局列式装箱 + 柱级组合优化（GCP）。
  - GCP 盘数远超理论（CP-SAT 装不满）→ 回退 baseline beam + 配方优先。
  - 配方优先[fast]：规划 0 实例，实装成功 0，配方路径不可用 → 采用基线方案。
  - 指数诊断：箱子 87 个，总指数 152.5，目标 192，理论最多达标托盘 0 个，剩余指数 152.5。
  - 几何诊断：典型整层堆叠单盘参考上限 116/192。 当前目标可能受托盘高度/箱型组合限制。
  - 几何诊断提示：典型整层参考值 116 < 目标 192；该值不是不可达证明，继续执行指数救援。
  - 失败托盘互借诊断：未合并（aborted_no_improvement_possible）。
托盘类型 MH423C（销售订单号：LFEG16300IN02S）处理完成：总托盘 2，指数达标 0，未达标 2，平均缺口 115.75，最大缺口 186.50，失败托盘互借修复成功 0。
  - KPI：near/mid/deep=0/0/2，救回率=0.00%，pair效率=0.00%。
  - 耗时拆解：packing=1.34s，main_topup=0.03s，retry=0.00s，failed_pool=0.00s，repack=2.65s，total=11.91s。
正在处理托盘类型：MH423C，销售订单号：LFEG16300IN02S__SPLITREST__
  - 该分组不适合列式（多非满柱）→ 回退 beam + 配方优先。
  - 配方优先[fast]：规划 0 实例，实装成功 0，配方路径不可用 → 采用基线方案。
  - 指数诊断：箱子 2 个，总指数 4，目标 192，理论最多达标托盘 0 个，剩余指数 4。
  - 几何诊断：典型整层堆叠单盘参考上限 4/192。 当前目标可能受托盘高度/箱型组合限制。
  - 几何诊断提示：典型整层参考值 4 < 目标 192；该值不是不可达证明，继续执行指数救援。
  - 失败托盘互借诊断：未合并（no_target_or_single_plan）。
托盘类型 MH423C（销售订单号：LFEG16300IN02S__SPLITREST__）处理完成：总托盘 1，指数达标 0，未达标 1，平均缺口 188.00，最大缺口 188.00，失败托盘互借修复成功 0。
  - KPI：near/mid/deep=0/0/1，救回率=0.00%，pair效率=0.00%。
  - 耗时拆解：packing=0.00s，main_topup=0.00s，retry=0.00s，failed_pool=0.00s，repack=0.00s，total=0.00s。
正在处理托盘类型：MH423C，销售订单号：LAID16305BN01S
  - 主算法：全局列式装箱 + 柱级组合优化（GCP）。
  - 失败托盘互借诊断：未合并（aborted_no_improvement_possible）。
托盘类型 MH423C（销售订单号：LAID16305BN01S）处理完成：总托盘 2，指数达标 0，未达标 2，平均缺口 131.50，最大缺口 188.00，失败托盘互借修复成功 0。
  - KPI：near/mid/deep=0/0/2，救回率=0.00%，pair效率=0.00%。
  - 耗时拆解：packing=0.79s，main_topup=0.00s，retry=0.00s，failed_pool=0.00s，repack=0.66s，total=1.45s。
正在处理托盘类型：MH423C，销售订单号：LFEG16310IN03S
  - 主算法：全局列式装箱 + 柱级组合优化（GCP）。
  - 失败托盘互借诊断：未合并（no_target_or_single_plan）。
托盘类型 MH423C（销售订单号：LFEG16310IN03S）处理完成：总托盘 1，指数达标 0，未达标 1，平均缺口 159.00，最大缺口 159.00，失败托盘互借修复成功 0。
  - KPI：near/mid/deep=0/0/1，救回率=0.00%，pair效率=0.00%。
  - 耗时拆解：packing=0.04s，main_topup=0.00s，retry=0.00s，failed_pool=0.00s，repack=0.00s，total=0.04s。
正在处理托盘类型：MH423C，销售订单号：LFEG16300IN01S
  - 该分组不适合列式（多非满柱）→ 回退 beam + 配方优先。
  - 配方优先[fast]：规划 0 实例，实装成功 0，配方路径不可用 → 采用基线方案。
  - 指数诊断：箱子 18 个，总指数 29.5，目标 192，理论最多达标托盘 0 个，剩余指数 29.5。
  - 几何诊断：典型整层堆叠单盘参考上限 28.5/192。 当前目标可能受托盘高度/箱型组合限制。
  - 几何诊断提示：典型整层参考值 28.5 < 目标 192；该值不是不可达证明，继续执行指数救援。
  - 失败托盘互借诊断：未合并（no_target_or_single_plan）。
托盘类型 MH423C（销售订单号：LFEG16300IN01S）处理完成：总托盘 1，指数达标 0，未达标 1，平均缺口 162.50，最大缺口 162.50，失败托盘互借修复成功 0。
  - KPI：near/mid/deep=0/0/1，救回率=0.00%，pair效率=0.00%。
  - 耗时拆解：packing=0.11s，main_topup=0.00s，retry=0.00s，failed_pool=0.00s，repack=0.00s，total=0.11s。
正在处理托盘类型：MH423C，销售订单号：LFEG16300IN03S
  - 主算法：全局列式装箱 + 柱级组合优化（GCP）。
  - 失败托盘互借诊断：未合并（no_target_or_single_plan）。
托盘类型 MH423C（销售订单号：LFEG16300IN03S）处理完成：总托盘 1，指数达标 0，未达标 1，平均缺口 82.00，最大缺口 82.00，失败托盘互借修复成功 0。
  - KPI：near/mid/deep=0/0/1，救回率=0.00%，pair效率=0.00%。
  - 耗时拆解：packing=1.01s，main_topup=0.00s，retry=0.00s，failed_pool=0.00s，repack=0.00s，total=1.01s。
正在处理托盘类型：MH423C，销售订单号：LFEG16300IN03S__SPLITREST__
  - 该分组不适合列式（多非满柱）→ 回退 beam + 配方优先。
  - 配方优先[fast]：规划 0 实例，实装成功 0，配方路径不可用 → 采用基线方案。
  - 指数诊断：箱子 2 个，总指数 4，目标 192，理论最多达标托盘 0 个，剩余指数 4。
  - 几何诊断：典型整层堆叠单盘参考上限 4/192。 当前目标可能受托盘高度/箱型组合限制。
  - 几何诊断提示：典型整层参考值 4 < 目标 192；该值不是不可达证明，继续执行指数救援。
  - 失败托盘互借诊断：未合并（no_target_or_single_plan）。
托盘类型 MH423C（销售订单号：LFEG16300IN03S__SPLITREST__）处理完成：总托盘 1，指数达标 0，未达标 1，平均缺口 188.00，最大缺口 188.00，失败托盘互借修复成功 0。
  - KPI：near/mid/deep=0/0/1，救回率=0.00%，pair效率=0.00%。
  - 耗时拆解：packing=0.00s，main_topup=0.00s，retry=0.00s，failed_pool=0.00s，repack=0.00s，total=0.00s。
正在处理托盘类型：MH423C，销售订单号：LAID16305BN03S
  - 主算法：全局列式装箱 + 柱级组合优化（GCP）。
  - 失败托盘互借诊断：未合并（no_target_or_single_plan）。
托盘类型 MH423C（销售订单号：LAID16305BN03S）处理完成：总托盘 1，指数达标 0，未达标 1，平均缺口 116.00，最大缺口 116.00，失败托盘互借修复成功 0。
  - KPI：near/mid/deep=0/0/1，救回率=0.00%，pair效率=0.00%。
  - 耗时拆解：packing=0.37s，main_topup=0.00s，retry=0.00s，failed_pool=0.00s，repack=0.00s，total=0.37s。
正在处理托盘类型：MH423C，销售订单号：LAID16305BN03S__SPLITREST__
  - 该分组不适合列式（多非满柱）→ 回退 beam + 配方优先。
  - 托盘 MH423C-LAID16305BN03S__SPLITREST__-1 未找到可行装箱方案，启用剩余箱子守恒兜底。
  - 配方优先[fast]：规划 0 实例，实装成功 0，配方路径不可用 → 采用基线方案。
  - 指数诊断：箱子 5 个，总指数 2.5，目标 192，理论最多达标托盘 0 个，剩余指数 2.5。
  - 几何诊断：典型整层堆叠单盘参考上限 2.5/192。 当前目标可能受托盘高度/箱型组合限制。
  - 几何诊断提示：典型整层参考值 2.5 < 目标 192；该值不是不可达证明，继续执行指数救援。
  - 失败托盘互借诊断：未合并（aborted_no_improvement_possible）。
托盘类型 MH423C（销售订单号：LAID16305BN03S__SPLITREST__）处理完成：总托盘 2，指数达标 0，未达标 2，平均缺口 190.75，最大缺口 191.50，失败托盘互借修复成功 0。
  - KPI：near/mid/deep=0/0/2，救回率=0.00%，pair效率=0.00%。
  - 耗时拆解：packing=0.01s，main_topup=0.00s，retry=0.00s，failed_pool=0.00s，repack=0.04s，total=0.08s。
正在处理托盘类型：MH423C，销售订单号：PEG166300LN01S
  - 主算法：全局列式装箱 + 柱级组合优化（GCP）。
  - 失败托盘互借诊断：未合并（no_target_or_single_plan）。
托盘类型 MH423C（销售订单号：PEG166300LN01S）处理完成：总托盘 1，指数达标 0，未达标 1，平均缺口 64.00，最大缺口 64.00，失败托盘互借修复成功 0。
  - KPI：near/mid/deep=0/0/1，救回率=0.00%，pair效率=0.00%。
  - 耗时拆解：packing=0.33s，main_topup=0.00s，retry=0.00s，failed_pool=0.00s，repack=0.00s，total=0.33s。
正在处理托盘类型：MH423C，销售订单号：PAID163008N01S
  - 该分组不适合列式（多非满柱）→ 回退 beam + 配方优先。
  - 配方优先[fast]：规划 0 实例，实装成功 0，配方路径不可用 → 采用基线方案。
  - 指数诊断：箱子 1 个，总指数 1，目标 192，理论最多达标托盘 0 个，剩余指数 1。
  - 几何诊断：典型整层堆叠单盘参考上限 1/192。 当前目标可能受托盘高度/箱型组合限制。
  - 几何诊断提示：典型整层参考值 1 < 目标 192；该值不是不可达证明，继续执行指数救援。
  - 失败托盘互借诊断：未合并（no_target_or_single_plan）。
托盘类型 MH423C（销售订单号：PAID163008N01S）处理完成：总托盘 1，指数达标 0，未达标 1，平均缺口 191.00，最大缺口 191.00，失败托盘互借修复成功 0。
  - KPI：near/mid/deep=0/0/1，救回率=0.00%，pair效率=0.00%。
  - 耗时拆解：packing=0.00s，main_topup=0.00s，retry=0.00s，failed_pool=0.00s，repack=0.00s，total=0.00s。
正在处理托盘类型：MH423C，销售订单号：PAIN26290BN01S
  - 该分组不适合列式（多非满柱）→ 回退 beam + 配方优先。
  - 托盘 MH423C-PAIN26290BN01S-1 未找到可行装箱方案，启用剩余箱子守恒兜底。
  - 配方优先[fast]：规划 0 实例，实装成功 0，配方路径不可用 → 采用基线方案。
  - 指数诊断：箱子 5 个，总指数 2.5，目标 192，理论最多达标托盘 0 个，剩余指数 2.5。
  - 几何诊断：典型整层堆叠单盘参考上限 2.5/192。 当前目标可能受托盘高度/箱型组合限制。
  - 几何诊断提示：典型整层参考值 2.5 < 目标 192；该值不是不可达证明，继续执行指数救援。
  - 失败盘装满压实：合并/吸收 1 次（纯减盘数）。
  - 失败托盘互借诊断：未合并（aborted_no_improvement_possible）。
托盘类型 MH423C（销售订单号：PAIN26290BN01S）处理完成：总托盘 1，指数达标 0，未达标 1，平均缺口 189.50，最大缺口 189.50，失败托盘互借修复成功 0。
  - KPI：near/mid/deep=0/0/1，救回率=0.00%，pair效率=0.00%。
  - 耗时拆解：packing=0.01s，main_topup=0.00s，retry=0.00s，failed_pool=0.00s，repack=0.03s，total=0.07s。
正在处理托盘类型：MH423C，销售订单号：PAID162308N01S
  - 该分组不适合列式（多非满柱）→ 回退 beam + 配方优先。
  - 配方优先[fast]：规划 0 实例，实装成功 0，配方路径不可用 → 采用基线方案。
  - 指数诊断：箱子 1 个，总指数 2，目标 192，理论最多达标托盘 0 个，剩余指数 2。
  - 几何诊断：典型整层堆叠单盘参考上限 2/192。 当前目标可能受托盘高度/箱型组合限制。
  - 几何诊断提示：典型整层参考值 2 < 目标 192；该值不是不可达证明，继续执行指数救援。
  - 失败托盘互借诊断：未合并（no_target_or_single_plan）。
托盘类型 MH423C（销售订单号：PAID162308N01S）处理完成：总托盘 1，指数达标 0，未达标 1，平均缺口 190.00，最大缺口 190.00，失败托盘互借修复成功 0。
  - KPI：near/mid/deep=0/0/1，救回率=0.00%，pair效率=0.00%。
  - 耗时拆解：packing=0.00s，main_topup=0.00s，retry=0.00s，failed_pool=0.00s，repack=0.00s，total=0.00s。
正在处理托盘类型：MH423C，销售订单号：PEG106290LN01S
  - 主算法：全局列式装箱 + 柱级组合优化（GCP）。
  - 失败托盘互借诊断：未合并（no_target_or_single_plan）。
托盘类型 MH423C（销售订单号：PEG106290LN01S）处理完成：总托盘 1，指数达标 0，未达标 1，平均缺口 179.00，最大缺口 179.00，失败托盘互借修复成功 0。
  - KPI：near/mid/deep=0/0/1，救回率=0.00%，pair效率=0.00%。
  - 耗时拆解：packing=0.04s，main_topup=0.00s，retry=0.00s，failed_pool=0.00s，repack=0.00s，total=0.04s。
正在处理托盘类型：MH423C，销售订单号：LAID16306DN03S
  - 该分组不适合列式（多非满柱）→ 回退 beam + 配方优先。
  - 配方优先[fast]：规划 0 实例，实装成功 0，配方路径不可用 → 采用基线方案。
  - 指数诊断：箱子 9 个，总指数 9，目标 192，理论最多达标托盘 0 个，剩余指数 9。
  - 几何诊断：典型整层堆叠单盘参考上限 9/192。 当前目标可能受托盘高度/箱型组合限制。
  - 几何诊断提示：典型整层参考值 9 < 目标 192；该值不是不可达证明，继续执行指数救援。
  - 失败托盘互借诊断：未合并（no_target_or_single_plan）。
托盘类型 MH423C（销售订单号：LAID16306DN03S）处理完成：总托盘 1，指数达标 0，未达标 1，平均缺口 183.00，最大缺口 183.00，失败托盘互借修复成功 0。
  - KPI：near/mid/deep=0/0/1，救回率=0.00%，pair效率=0.00%。
  - 耗时拆解：packing=0.01s，main_topup=0.00s，retry=0.00s，failed_pool=0.00s，repack=0.00s，total=0.06s。
正在处理托盘类型：MH423C，销售订单号：PAID16305EC01S
  - 该分组不适合列式（多非满柱）→ 回退 beam + 配方优先。
  - 配方优先[fast]：规划 0 实例，实装成功 0，配方路径不可用 → 采用基线方案。
  - 指数诊断：箱子 2 个，总指数 2，目标 192，理论最多达标托盘 0 个，剩余指数 2。
  - 几何诊断：典型整层堆叠单盘参考上限 2/192。 当前目标可能受托盘高度/箱型组合限制。
  - 几何诊断提示：典型整层参考值 2 < 目标 192；该值不是不可达证明，继续执行指数救援。
  - 失败托盘互借诊断：未合并（no_target_or_single_plan）。
托盘类型 MH423C（销售订单号：PAID16305EC01S）处理完成：总托盘 1，指数达标 0，未达标 1，平均缺口 190.00，最大缺口 190.00，失败托盘互借修复成功 0。
  - KPI：near/mid/deep=0/0/1，救回率=0.00%，pair效率=0.00%。
  - 耗时拆解：packing=0.00s，main_topup=0.00s，retry=0.00s，failed_pool=0.00s，repack=0.00s，total=0.00s。
正在处理托盘类型：MH423C，销售订单号：LAID16306DN02S
  - 该分组不适合列式（多非满柱）→ 回退 beam + 配方优先。
  - 配方优先[fast]：规划 0 实例，实装成功 0，配方路径不可用 → 采用基线方案。
  - 指数诊断：箱子 36 个，总指数 44，目标 192，理论最多达标托盘 0 个，剩余指数 44。
  - 几何诊断：典型整层堆叠单盘参考上限 44/192。 当前目标可能受托盘高度/箱型组合限制。
  - 几何诊断提示：典型整层参考值 44 < 目标 192；该值不是不可达证明，继续执行指数救援。
  - 失败托盘互借诊断：未合并（no_target_or_single_plan）。
托盘类型 MH423C（销售订单号：LAID16306DN02S）处理完成：总托盘 1，指数达标 0，未达标 1，平均缺口 148.00，最大缺口 148.00，失败托盘互借修复成功 0。
  - KPI：near/mid/deep=0/0/1，救回率=0.00%，pair效率=0.00%。
  - 耗时拆解：packing=0.85s，main_topup=0.00s，retry=0.00s，failed_pool=0.00s，repack=0.00s，total=0.85s。
正在处理托盘类型：MH423C，销售订单号：LFEG16316AN01S
  - 主算法：全局列式装箱 + 柱级组合优化（GCP）。
  - 失败托盘互借诊断：未合并（no_target_or_single_plan）。
托盘类型 MH423C（销售订单号：LFEG16316AN01S）处理完成：总托盘 1，指数达标 0，未达标 1，平均缺口 178.00，最大缺口 178.00，失败托盘互借修复成功 0。
  - KPI：near/mid/deep=0/0/1，救回率=0.00%，pair效率=0.00%。
  - 耗时拆解：packing=0.01s，main_topup=0.00s，retry=0.00s，failed_pool=0.00s，repack=0.00s，total=0.01s。
正在处理托盘类型：MH423C，销售订单号：PAIN26310GN01S
  - 主算法：全局列式装箱 + 柱级组合优化（GCP）。
  - GCP 盘数远超理论（CP-SAT 装不满）→ 回退 baseline beam + 配方优先。
  - 配方优先[fast]：规划 0 实例，实装成功 0，配方路径不可用 → 采用基线方案。
  - 指数诊断：箱子 4 个，总指数 16，目标 192，理论最多达标托盘 0 个，剩余指数 16。
  - 几何诊断：典型整层堆叠单盘参考上限 16/192。 当前目标可能受托盘高度/箱型组合限制。
  - 几何诊断提示：典型整层参考值 16 < 目标 192；该值不是不可达证明，继续执行指数救援。
  - 失败托盘互借诊断：未合并（no_target_or_single_plan）。
托盘类型 MH423C（销售订单号：PAIN26310GN01S）处理完成：总托盘 1，指数达标 0，未达标 1，平均缺口 176.00，最大缺口 176.00，失败托盘互借修复成功 0。
  - KPI：near/mid/deep=0/0/1，救回率=0.00%，pair效率=0.00%。
  - 耗时拆解：packing=0.00s，main_topup=0.00s，retry=0.00s，failed_pool=0.00s，repack=0.00s，total=0.03s。
正在处理托盘类型：MH423C，销售订单号：PAIN26290MZ07S
  - 主算法：全局列式装箱 + 柱级组合优化（GCP）。
  - 失败托盘互借诊断：未合并（no_target_or_single_plan）。
托盘类型 MH423C（销售订单号：PAIN26290MZ07S）处理完成：总托盘 1，指数达标 0，未达标 1，平均缺口 22.00，最大缺口 22.00，失败托盘互借修复成功 0。
  - KPI：near/mid/deep=0/1/0，救回率=0.00%，pair效率=0.00%。
  - 耗时拆解：packing=2.78s，main_topup=0.00s，retry=0.00s，failed_pool=0.00s，repack=0.00s，total=2.78s。
正在处理托盘类型：MH423C，销售订单号：PAID16295EN06S
  - 该分组不适合列式（多非满柱）→ 回退 beam + 配方优先。
  - 配方优先[fast]：规划 0 实例，实装成功 0，配方路径不可用 → 采用基线方案。
  - 指数诊断：箱子 1 个，总指数 1，目标 192，理论最多达标托盘 0 个，剩余指数 1。
  - 几何诊断：典型整层堆叠单盘参考上限 1/192。 当前目标可能受托盘高度/箱型组合限制。
  - 几何诊断提示：典型整层参考值 1 < 目标 192；该值不是不可达证明，继续执行指数救援。
  - 失败托盘互借诊断：未合并（no_target_or_single_plan）。
托盘类型 MH423C（销售订单号：PAID16295EN06S）处理完成：总托盘 1，指数达标 0，未达标 1，平均缺口 191.00，最大缺口 191.00，失败托盘互借修复成功 0。
  - KPI：near/mid/deep=0/0/1，救回率=0.00%，pair效率=0.00%。
  - 耗时拆解：packing=0.00s，main_topup=0.00s，retry=0.00s，failed_pool=0.00s，repack=0.00s，total=0.00s。
正在处理托盘类型：MH423C，销售订单号：PAIN26296EN01S
  - 主算法：全局列式装箱 + 柱级组合优化（GCP）。
  - 失败托盘互借诊断：未合并（no_target_or_single_plan）。
托盘类型 MH423C（销售订单号：PAIN26296EN01S）处理完成：总托盘 1，指数达标 0，未达标 1，平均缺口 31.00，最大缺口 31.00，失败托盘互借修复成功 0。
  - KPI：near/mid/deep=0/0/1，救回率=0.00%，pair效率=0.00%。
  - 耗时拆解：packing=0.43s，main_topup=0.00s，retry=0.00s，failed_pool=0.00s，repack=0.00s，total=0.43s。
正在处理托盘类型：MH423C，销售订单号：LFEG16316AN02S
  - 该分组不适合列式（多非满柱）→ 回退 beam + 配方优先。
  - 配方优先[fast]：规划 0 实例，实装成功 0，配方路径不可用 → 采用基线方案。
  - 指数诊断：箱子 3 个，总指数 6，目标 192，理论最多达标托盘 0 个，剩余指数 6。
  - 几何诊断：典型整层堆叠单盘参考上限 6/192。 当前目标可能受托盘高度/箱型组合限制。
  - 几何诊断提示：典型整层参考值 6 < 目标 192；该值不是不可达证明，继续执行指数救援。
  - 失败托盘互借诊断：未合并（no_target_or_single_plan）。
托盘类型 MH423C（销售订单号：LFEG16316AN02S）处理完成：总托盘 1，指数达标 0，未达标 1，平均缺口 186.00，最大缺口 186.00，失败托盘互借修复成功 0。
  - KPI：near/mid/deep=0/0/1，救回率=0.00%，pair效率=0.00%。
  - 耗时拆解：packing=0.00s，main_topup=0.00s，retry=0.00s，failed_pool=0.00s，repack=0.00s，total=0.01s。
正在处理托盘类型：MH423C，销售订单号：PAIN26310MN01S
  - 该分组不适合列式（多非满柱）→ 回退 beam + 配方优先。
  - 配方优先[fast]：规划 0 实例，实装成功 0，配方路径不可用 → 采用基线方案。
  - 指数诊断：箱子 7 个，总指数 76，目标 192，理论最多达标托盘 0 个，剩余指数 76。
  - 几何诊断：典型整层堆叠单盘参考上限 60/192。 当前目标可能受托盘高度/箱型组合限制。
  - 几何诊断提示：典型整层参考值 60 < 目标 192；该值不是不可达证明，继续执行指数救援。
  - 失败托盘互借诊断：未合并（no_target_or_single_plan）。
托盘类型 MH423C（销售订单号：PAIN26310MN01S）处理完成：总托盘 1，指数达标 0，未达标 1，平均缺口 116.00，最大缺口 116.00，失败托盘互借修复成功 0。
  - KPI：near/mid/deep=0/0/1，救回率=0.00%，pair效率=0.00%。
  - 耗时拆解：packing=0.00s，main_topup=0.00s，retry=0.00s，failed_pool=0.00s，repack=0.00s，total=0.00s。
正在处理托盘类型：MH423C，销售订单号：LAID16315EN01S
  - 该分组不适合列式（多非满柱）→ 回退 beam + 配方优先。
  - 配方优先[fast]：规划 0 实例，实装成功 0，配方路径不可用 → 采用基线方案。
  - 指数诊断：箱子 4 个，总指数 20，目标 192，理论最多达标托盘 0 个，剩余指数 20。
  - 几何诊断：典型整层堆叠单盘参考上限 20/192。 当前目标可能受托盘高度/箱型组合限制。
  - 几何诊断提示：典型整层参考值 20 < 目标 192；该值不是不可达证明，继续执行指数救援。
  - 失败托盘互借诊断：未合并（no_target_or_single_plan）。
托盘类型 MH423C（销售订单号：LAID16315EN01S）处理完成：总托盘 1，指数达标 0，未达标 1，平均缺口 172.00，最大缺口 172.00，失败托盘互借修复成功 0。
  - KPI：near/mid/deep=0/0/1，救回率=0.00%，pair效率=0.00%。
  - 耗时拆解：packing=0.01s，main_topup=0.00s，retry=0.00s，failed_pool=0.00s，repack=0.00s，total=0.01s。
正在处理托盘类型：MH423C，销售订单号：PAIN26316EN01S
  - 主算法：全局列式装箱 + 柱级组合优化（GCP）。
  - 失败托盘互借诊断：未合并（no_target_or_single_plan）。
托盘类型 MH423C（销售订单号：PAIN26316EN01S）处理完成：总托盘 1，指数达标 0，未达标 1，平均缺口 140.00，最大缺口 140.00，失败托盘互借修复成功 0。
  - KPI：near/mid/deep=0/0/1，救回率=0.00%，pair效率=0.00%。
  - 耗时拆解：packing=0.04s，main_topup=0.00s，retry=0.00s，failed_pool=0.00s，repack=0.00s，total=0.04s。
正在处理托盘类型：MH423C，销售订单号：LAID16315EN02S
  - 主算法：全局列式装箱 + 柱级组合优化（GCP）。
  - 失败托盘互借诊断：未合并（no_target_or_single_plan）。
托盘类型 MH423C（销售订单号：LAID16315EN02S）处理完成：总托盘 1，指数达标 0，未达标 1，平均缺口 148.00，最大缺口 148.00，失败托盘互借修复成功 0。
  - KPI：near/mid/deep=0/0/1，救回率=0.00%，pair效率=0.00%。
  - 耗时拆解：packing=0.01s，main_topup=0.00s，retry=0.00s，failed_pool=0.00s，repack=0.00s，total=0.01s。
正在处理托盘类型：MH423C，销售订单号：PAIN26296EC02S
  - 主算法：全局列式装箱 + 柱级组合优化（GCP）。
  - 失败托盘互借诊断：未合并（no_target_or_single_plan）。
托盘类型 MH423C（销售订单号：PAIN26296EC02S）处理完成：总托盘 1，指数达标 0，未达标 1，平均缺口 130.00，最大缺口 130.00，失败托盘互借修复成功 0。
  - KPI：near/mid/deep=0/0/1，救回率=0.00%，pair效率=0.00%。
  - 耗时拆解：packing=0.19s，main_topup=0.00s，retry=0.00s，failed_pool=0.00s，repack=0.00s，total=0.19s。
正在处理托盘类型：MH423C，销售订单号：PAIN26310MZ05S
  - 主算法：全局列式装箱 + 柱级组合优化（GCP）。
  - 失败托盘互借诊断：未合并（no_target_or_single_plan）。
托盘类型 MH423C（销售订单号：PAIN26310MZ05S）处理完成：总托盘 1，指数达标 0，未达标 1，平均缺口 86.00，最大缺口 86.00，失败托盘互借修复成功 0。
  - KPI：near/mid/deep=0/0/1，救回率=0.00%，pair效率=0.00%。
  - 耗时拆解：packing=1.44s，main_topup=0.00s，retry=0.00s，failed_pool=0.00s，repack=0.00s，total=1.44s。
正在处理托盘类型：MH423C，销售订单号：PEG086300LN01S
  - 主算法：全局列式装箱 + 柱级组合优化（GCP）。
  - 失败托盘互借诊断：未合并（no_target_or_single_plan）。
托盘类型 MH423C（销售订单号：PEG086300LN01S）处理完成：总托盘 1，指数达标 0，未达标 1，平均缺口 115.00，最大缺口 115.00，失败托盘互借修复成功 0。
  - KPI：near/mid/deep=0/0/1，救回率=0.00%，pair效率=0.00%。
  - 耗时拆解：packing=0.23s，main_topup=0.00s，retry=0.00s，failed_pool=0.00s，repack=0.00s，total=0.23s。
正在处理托盘类型：MH423C，销售订单号：LAID16315EN03S
  - 该分组不适合列式（多非满柱）→ 回退 beam + 配方优先。
  - 配方优先[fast]：规划 0 实例，实装成功 0，配方路径不可用 → 采用基线方案。
  - 指数诊断：箱子 5 个，总指数 40，目标 192，理论最多达标托盘 0 个，剩余指数 40。
  - 几何诊断：典型整层堆叠单盘参考上限 40/192。 当前目标可能受托盘高度/箱型组合限制。
  - 几何诊断提示：典型整层参考值 40 < 目标 192；该值不是不可达证明，继续执行指数救援。
  - 失败托盘互借诊断：未合并（no_target_or_single_plan）。
托盘类型 MH423C（销售订单号：LAID16315EN03S）处理完成：总托盘 1，指数达标 0，未达标 1，平均缺口 152.00，最大缺口 152.00，失败托盘互借修复成功 0。
  - KPI：near/mid/deep=0/0/1，救回率=0.00%，pair效率=0.00%。
  - 耗时拆解：packing=0.01s，main_topup=0.00s，retry=0.00s，failed_pool=0.00s，repack=0.00s，total=0.01s。
正在处理托盘类型：MH423C，销售订单号：LAID16316DN03S
  - 主算法：全局列式装箱 + 柱级组合优化（GCP）。
  - 失败托盘互借诊断：未合并（no_target_or_single_plan）。
托盘类型 MH423C（销售订单号：LAID16316DN03S）处理完成：总托盘 1，指数达标 0，未达标 1，平均缺口 144.00，最大缺口 144.00，失败托盘互借修复成功 0。
  - KPI：near/mid/deep=0/0/1，救回率=0.00%，pair效率=0.00%。
  - 耗时拆解：packing=0.04s，main_topup=0.00s，retry=0.00s，failed_pool=0.00s，repack=0.00s，total=0.04s。
正在处理托盘类型：MH423C，销售订单号：LAID16316DN01S
  - 主算法：全局列式装箱 + 柱级组合优化（GCP）。
  - 失败托盘互借诊断：未合并（no_target_or_single_plan）。
托盘类型 MH423C（销售订单号：LAID16316DN01S）处理完成：总托盘 1，指数达标 0，未达标 1，平均缺口 120.00，最大缺口 120.00，失败托盘互借修复成功 0。
  - KPI：near/mid/deep=0/0/1，救回率=0.00%，pair效率=0.00%。
  - 耗时拆解：packing=0.10s，main_topup=0.00s，retry=0.00s，failed_pool=0.00s，repack=0.00s，total=0.10s。
正在处理托盘类型：MH423C，销售订单号：LAID16316DN02S
  - 主算法：全局列式装箱 + 柱级组合优化（GCP）。
  - 失败托盘互借诊断：未合并（no_target_or_single_plan）。
托盘类型 MH423C（销售订单号：LAID16316DN02S）处理完成：总托盘 1，指数达标 0，未达标 1，平均缺口 168.00，最大缺口 168.00，失败托盘互借修复成功 0。
  - KPI：near/mid/deep=0/0/1，救回率=0.00%，pair效率=0.00%。
  - 耗时拆解：packing=0.01s，main_topup=0.00s，retry=0.00s，failed_pool=0.00s，repack=0.00s，total=0.01s。
正在处理托盘类型：MH423C，销售订单号：PAIN26310GC02S
  - 主算法：全局列式装箱 + 柱级组合优化（GCP）。
  - 失败托盘互借诊断：未合并（no_target_or_single_plan）。
托盘类型 MH423C（销售订单号：PAIN26310GC02S）处理完成：总托盘 1，指数达标 0，未达标 1，平均缺口 138.00，最大缺口 138.00，失败托盘互借修复成功 0。
  - KPI：near/mid/deep=0/0/1，救回率=0.00%，pair效率=0.00%。
  - 耗时拆解：packing=0.14s，main_topup=0.00s，retry=0.00s，failed_pool=0.00s，repack=0.00s，total=0.14s。
  - 失败盘装满压实：合并/吸收 1 次（纯减盘数）。
  - 跨子组装满压实（MH423C / PAID16290FN01S）：合并 1 次（纯减盘数）。
  - 失败盘装满压实：合并/吸收 1 次（纯减盘数）。
  - 跨子组装满压实（MH423C / PAID16296DN01S）：合并 1 次（纯减盘数）。
  - 失败盘装满压实：合并/吸收 1 次（纯减盘数）。
  - 跨子组装满压实（MH423C / PAID16306DN01S）：合并 1 次（纯减盘数）。
  - 失败盘装满压实：合并/吸收 1 次（纯减盘数）。
  - 跨子组装满压实（MH423C / LAMY16305FN01S）：合并 1 次（纯减盘数）。
  - 失败盘装满压实：合并/吸收 1 次（纯减盘数）。
  - 跨子组装满压实（MH423C / LFEG16300IN02S）：合并 1 次（纯减盘数）。
  - 失败盘装满压实：合并/吸收 1 次（纯减盘数）。
  - 跨子组装满压实（MH423C / LFEG16300IN03S）：合并 1 次（纯减盘数）。
  - 失败盘装满压实：合并/吸收 1 次（纯减盘数）。
  - 跨子组装满压实（MH423C / LAID16305BN03S）：合并 1 次（纯减盘数）。
========================================
统计汇总：总托盘 75，指数达标 0，未达标 75，未知 0，平均缺口 144.52，最大缺口 191.50，失败托盘互借修复成功 0
KPI汇总：near/mid/deep=0/2/73，pair尝试=0，pair改进=0，pair效率=0.00%
耗时汇总：packing=21.41s，main_topup=0.05s，retry=0.00s，repack=8.21s，end_to_end=46.37s
========================================
[WCS-装] SUCCESS 产品码 0 个，DB 更新达标 0 行；FAILED 盘 75 个保持未达标。
[WCS-装] 本轮结束；等待下一次「新插入」再开算。
[WCS-装] 本轮无达标托盘，跳过 success 目录写入。
[WCS-装] 未达标方案已保存：D:\research_code\final\zhuang\packing-workspace\output\fail\packing_plan_20260724_125755.json
[WCS-装] 无达标托盘，跳过 wcs_plan / wcs_plan_map 写入。
[WCS-装] 已跳过接口 2 推送（仅本地保存）。
[UI-RESULT] D:\research_code\final\zhuang\packing-workspace\output\fail\packing_plan_20260724_125755.json
[WCS-装] 等待数据库新插入（有新 product_code 才开算）…
============================================================
[WCS-拉] 20260724_130112：拉取接口 1 …
[WCS-拉] 原始响应已保存：D:\research_code\final\zhuang\packing-workspace\input\raw\20260724_130112.json
[WCS-拉] 已剔除 case_type≠MH423C 的品类 113 条（类型：['MH113', 'WR246']），保留 1454 条。
[WCS-DB] product_code 已存在、跳过 1433 条
[WCS-拉] 落库完成：候选 1454 条，新插入 21 条（新行 up_to_standard=0）。
[WCS-拉] 有新插入 → 唤醒装箱线程。
[WCS] 已加载 BMS 参考表：D:\research_code\final\zhuang\packing-workspace\data\selected_5000_boxes_9_1_concentrated_3orders.xlsx
============================================================
[WCS-装] 20260724_130116：未达标行 1531 条，开始装箱 …
[WCS-装] 展开为 1531 个箱子。
数据预处理和箱子分组完成（按托盘类型+销售订单号）。
----------------------------------------
  - 组内子聚类：11 个混合订单拆出规则子集走 GCP、杂箱走 baseline。
正在处理托盘类型：MH423C，销售订单号：PAID16280FN01S
  - 该分组不适合列式（多非满柱）→ 回退 beam + 配方优先。
  - 配方优先[fast]：规划 0 实例，实装成功 0，配方路径不可用 → 采用基线方案。
  - 指数诊断：箱子 1 个，总指数 4，目标 192，理论最多达标托盘 0 个，剩余指数 4。
  - 几何诊断：典型整层堆叠单盘参考上限 4/192。 当前目标可能受托盘高度/箱型组合限制。
  - 几何诊断提示：典型整层参考值 4 < 目标 192；该值不是不可达证明，继续执行指数救援。
  - 失败托盘互借诊断：未合并（no_target_or_single_plan）。
托盘类型 MH423C（销售订单号：PAID16280FN01S）处理完成：总托盘 1，指数达标 0，未达标 1，平均缺口 188.00，最大缺口 188.00，失败托盘互借修复成功 0。
  - KPI：near/mid/deep=0/0/1，救回率=0.00%，pair效率=0.00%。
  - 耗时拆解：packing=0.00s，main_topup=0.00s，retry=0.00s，failed_pool=0.00s，repack=0.00s，total=0.00s。
正在处理托盘类型：MH423C，销售订单号：LFEG16290IN01S
  - 该分组不适合列式（多非满柱）→ 回退 beam + 配方优先。
  - 托盘 MH423C-LFEG16290IN01S-1 未找到可行装箱方案，启用剩余箱子守恒兜底。
  - 配方优先[fast]：规划 0 实例，实装成功 0，配方路径不可用 → 采用基线方案。
  - 指数诊断：箱子 9 个，总指数 17，目标 192，理论最多达标托盘 0 个，剩余指数 17。
  - 几何诊断：典型整层堆叠单盘参考上限 12/192。 当前目标可能受托盘高度/箱型组合限制。
  - 几何诊断提示：典型整层参考值 12 < 目标 192；该值不是不可达证明，继续执行指数救援。
  - 失败盘装满压实：合并/吸收 3 次（纯减盘数）。
  - 失败托盘互借诊断：未合并（aborted_no_improvement_possible）。
托盘类型 MH423C（销售订单号：LFEG16290IN01S）处理完成：总托盘 1，指数达标 0，未达标 1，平均缺口 175.00，最大缺口 175.00，失败托盘互借修复成功 0。
  - KPI：near/mid/deep=0/0/1，救回率=0.00%，pair效率=0.00%。
  - 耗时拆解：packing=0.02s，main_topup=0.00s，retry=0.00s，failed_pool=0.00s，repack=0.17s，total=0.28s。
正在处理托盘类型：MH423C，销售订单号：LFEG16290IN02S
  - 该分组不适合列式（多非满柱）→ 回退 beam + 配方优先。
  - 配方优先[fast]：规划 0 实例，实装成功 0，配方路径不可用 → 采用基线方案。
  - 指数诊断：箱子 33 个，总指数 33.5，目标 192，理论最多达标托盘 0 个，剩余指数 33.5。
  - 几何诊断：典型整层堆叠单盘参考上限 28.5/192。 当前目标可能受托盘高度/箱型组合限制。
  - 几何诊断提示：典型整层参考值 28.5 < 目标 192；该值不是不可达证明，继续执行指数救援。
  - 失败托盘互借诊断：未合并（no_target_or_single_plan）。
托盘类型 MH423C（销售订单号：LFEG16290IN02S）处理完成：总托盘 1，指数达标 0，未达标 1，平均缺口 158.50，最大缺口 158.50，失败托盘互借修复成功 0。
  - KPI：near/mid/deep=0/0/1，救回率=0.00%，pair效率=0.00%。
  - 耗时拆解：packing=0.28s，main_topup=0.00s，retry=0.00s，failed_pool=0.00s，repack=0.00s，total=0.28s。
正在处理托盘类型：MH423C，销售订单号：LAID16306DN01S
  - 该分组不适合列式（多非满柱）→ 回退 beam + 配方优先。
  - 配方优先[fast]：规划 0 实例，实装成功 0，配方路径不可用 → 采用基线方案。
  - 指数诊断：箱子 50 个，总指数 88，目标 192，理论最多达标托盘 0 个，剩余指数 88。
  - 几何诊断：典型整层堆叠单盘参考上限 65/192。 当前目标可能受托盘高度/箱型组合限制。
  - 几何诊断提示：典型整层参考值 65 < 目标 192；该值不是不可达证明，继续执行指数救援。
  - 失败托盘互借诊断：未合并（aborted_no_improvement_possible）。
托盘类型 MH423C（销售订单号：LAID16306DN01S）处理完成：总托盘 2，指数达标 0，未达标 2，平均缺口 148.00，最大缺口 182.00，失败托盘互借修复成功 0。
  - KPI：near/mid/deep=0/0/2，救回率=0.00%，pair效率=0.00%。
  - 耗时拆解：packing=0.26s，main_topup=0.01s，retry=0.00s，failed_pool=0.00s，repack=0.56s，total=1.55s。
正在处理托盘类型：MH423C，销售订单号：LAID16296DN01S
  - 主算法：全局列式装箱 + 柱级组合优化（GCP）。
  - 失败托盘互借诊断：未合并（no_target_or_single_plan）。
托盘类型 MH423C（销售订单号：LAID16296DN01S）处理完成：总托盘 1，指数达标 0，未达标 1，平均缺口 151.50，最大缺口 151.50，失败托盘互借修复成功 0。
  - KPI：near/mid/deep=0/0/1，救回率=0.00%，pair效率=0.00%。
  - 耗时拆解：packing=0.08s，main_topup=0.00s，retry=0.00s，failed_pool=0.00s，repack=0.00s，total=0.08s。
正在处理托盘类型：MH423C，销售订单号：LAID16296DN01S__SPLITREST__
  - 该分组不适合列式（多非满柱）→ 回退 beam + 配方优先。
  - 配方优先[fast]：规划 0 实例，实装成功 0，配方路径不可用 → 采用基线方案。
  - 指数诊断：箱子 4 个，总指数 8，目标 192，理论最多达标托盘 0 个，剩余指数 8。
  - 几何诊断：典型整层堆叠单盘参考上限 8/192。 当前目标可能受托盘高度/箱型组合限制。
  - 几何诊断提示：典型整层参考值 8 < 目标 192；该值不是不可达证明，继续执行指数救援。
  - 失败托盘互借诊断：未合并（no_target_or_single_plan）。
托盘类型 MH423C（销售订单号：LAID16296DN01S__SPLITREST__）处理完成：总托盘 1，指数达标 0，未达标 1，平均缺口 184.00，最大缺口 184.00，失败托盘互借修复成功 0。
  - KPI：near/mid/deep=0/0/1，救回率=0.00%，pair效率=0.00%。
  - 耗时拆解：packing=0.00s，main_topup=0.00s，retry=0.00s，failed_pool=0.00s，repack=0.00s，total=0.02s。
正在处理托盘类型：MH423C，销售订单号：LAID16296DN02S
  - 主算法：全局列式装箱 + 柱级组合优化（GCP）。
  - GCP 盘数远超理论（CP-SAT 装不满）→ 回退 baseline beam + 配方优先。
  - 托盘 MH423C-LAID16296DN02S-2 未找到可行装箱方案，启用剩余箱子守恒兜底。
  - 配方优先[fast]：规划 0 实例，实装成功 0，配方路径不可用 → 采用基线方案。
  - 指数诊断：箱子 49 个，总指数 164.5，目标 192，理论最多达标托盘 0 个，剩余指数 164.5。
  - 几何诊断：典型整层堆叠单盘参考上限 97/192。 当前目标可能受托盘高度/箱型组合限制。
  - 几何诊断提示：典型整层参考值 97 < 目标 192；该值不是不可达证明，继续执行指数救援。
  - 失败托盘互借诊断：未合并（aborted_no_improvement_possible）。
托盘类型 MH423C（销售订单号：LAID16296DN02S）处理完成：总托盘 4，指数达标 0，未达标 4，平均缺口 150.88，最大缺口 191.00，失败托盘互借修复成功 0。
  - KPI：near/mid/deep=0/0/4，救回率=0.00%，pair效率=0.00%。
  - 耗时拆解：packing=0.35s，main_topup=0.01s，retry=0.00s，failed_pool=0.00s，repack=0.97s，total=2.75s。
正在处理托盘类型：MH423C，销售订单号：LAID16296DN03S
  - 主算法：全局列式装箱 + 柱级组合优化（GCP）。
  - 失败托盘互借诊断：未合并（no_target_or_single_plan）。
托盘类型 MH423C（销售订单号：LAID16296DN03S）处理完成：总托盘 1，指数达标 0，未达标 1，平均缺口 89.00，最大缺口 89.00，失败托盘互借修复成功 0。
  - KPI：near/mid/deep=0/0/1，救回率=0.00%，pair效率=0.00%。
  - 耗时拆解：packing=0.77s，main_topup=0.00s，retry=0.00s，failed_pool=0.00s，repack=0.00s，total=0.77s。
正在处理托盘类型：MH423C，销售订单号：LFEG16290IN03S
  - 该分组不适合列式（多非满柱）→ 回退 beam + 配方优先。
  - 配方优先[fast]：规划 0 实例，实装成功 0，配方路径不可用 → 采用基线方案。
  - 指数诊断：箱子 37 个，总指数 69，目标 192，理论最多达标托盘 0 个，剩余指数 69。
  - 几何诊断：典型整层堆叠单盘参考上限 51/192。 当前目标可能受托盘高度/箱型组合限制。
  - 几何诊断提示：典型整层参考值 51 < 目标 192；该值不是不可达证明，继续执行指数救援。
  - 失败托盘互借诊断：未合并（aborted_no_improvement_possible）。
托盘类型 MH423C（销售订单号：LFEG16290IN03S）处理完成：总托盘 2，指数达标 0，未达标 2，平均缺口 157.50，最大缺口 189.00，失败托盘互借修复成功 0。
  - KPI：near/mid/deep=0/0/2，救回率=0.00%，pair效率=0.00%。
  - 耗时拆解：packing=0.22s，main_topup=0.00s，retry=0.00s，failed_pool=0.00s，repack=0.33s，total=1.06s。
正在处理托盘类型：MH423C，销售订单号：LFEG16310IN02S
  - 该分组不适合列式（多非满柱）→ 回退 beam + 配方优先。
  - 配方优先[fast]：规划 0 实例，实装成功 0，配方路径不可用 → 采用基线方案。
  - 指数诊断：箱子 15 个，总指数 35，目标 192，理论最多达标托盘 0 个，剩余指数 35。
  - 几何诊断：典型整层堆叠单盘参考上限 29/192。 当前目标可能受托盘高度/箱型组合限制。
  - 几何诊断提示：典型整层参考值 29 < 目标 192；该值不是不可达证明，继续执行指数救援。
  - 失败托盘互借诊断：未合并（no_target_or_single_plan）。
托盘类型 MH423C（销售订单号：LFEG16310IN02S）处理完成：总托盘 1，指数达标 0，未达标 1，平均缺口 157.00，最大缺口 157.00，失败托盘互借修复成功 0。
  - KPI：near/mid/deep=0/0/1，救回率=0.00%，pair效率=0.00%。
  - 耗时拆解：packing=0.08s，main_topup=0.00s，retry=0.00s，failed_pool=0.00s，repack=0.00s，total=0.08s。
正在处理托盘类型：MH423C，销售订单号：LFEG16310IN01S
  - 该分组不适合列式（多非满柱）→ 回退 beam + 配方优先。
  - 配方优先[fast]：规划 0 实例，实装成功 0，配方路径不可用 → 采用基线方案。
  - 指数诊断：箱子 17 个，总指数 36，目标 192，理论最多达标托盘 0 个，剩余指数 36。
  - 几何诊断：典型整层堆叠单盘参考上限 30/192。 当前目标可能受托盘高度/箱型组合限制。
  - 几何诊断提示：典型整层参考值 30 < 目标 192；该值不是不可达证明，继续执行指数救援。
  - 失败托盘互借诊断：未合并（no_target_or_single_plan）。
托盘类型 MH423C（销售订单号：LFEG16310IN01S）处理完成：总托盘 1，指数达标 0，未达标 1，平均缺口 156.00，最大缺口 156.00，失败托盘互借修复成功 0。
  - KPI：near/mid/deep=0/0/1，救回率=0.00%，pair效率=0.00%。
  - 耗时拆解：packing=0.10s，main_topup=0.00s，retry=0.00s，failed_pool=0.00s，repack=0.00s，total=0.10s。
正在处理托盘类型：MH423C，销售订单号：PAID16290FN01S
  - 主算法：全局列式装箱 + 柱级组合优化（GCP）。
  - 失败托盘互借诊断：未合并（no_target_or_single_plan）。
托盘类型 MH423C（销售订单号：PAID16290FN01S）处理完成：总托盘 1，指数达标 0，未达标 1，平均缺口 161.00，最大缺口 161.00，失败托盘互借修复成功 0。
  - KPI：near/mid/deep=0/0/1，救回率=0.00%，pair效率=0.00%。
  - 耗时拆解：packing=0.03s，main_topup=0.00s，retry=0.00s，failed_pool=0.00s，repack=0.00s，total=0.03s。
正在处理托盘类型：MH423C，销售订单号：PAID16290FN01S__SPLITREST__
  - 该分组不适合列式（多非满柱）→ 回退 beam + 配方优先。
  - 配方优先[fast]：规划 0 实例，实装成功 0，配方路径不可用 → 采用基线方案。
  - 指数诊断：箱子 1 个，总指数 0.5，目标 192，理论最多达标托盘 0 个，剩余指数 0.5。
  - 几何诊断：典型整层堆叠单盘参考上限 0.5/192。 当前目标可能受托盘高度/箱型组合限制。
  - 几何诊断提示：典型整层参考值 0.5 < 目标 192；该值不是不可达证明，继续执行指数救援。
  - 失败托盘互借诊断：未合并（no_target_or_single_plan）。
托盘类型 MH423C（销售订单号：PAID16290FN01S__SPLITREST__）处理完成：总托盘 1，指数达标 0，未达标 1，平均缺口 191.50，最大缺口 191.50，失败托盘互借修复成功 0。
  - KPI：near/mid/deep=0/0/1，救回率=0.00%，pair效率=0.00%。
  - 耗时拆解：packing=0.00s，main_topup=0.00s，retry=0.00s，failed_pool=0.00s，repack=0.00s，total=0.00s。
正在处理托盘类型：MH423C，销售订单号：PAIN26290BC02S
  - 主算法：全局列式装箱 + 柱级组合优化（GCP）。
  - 失败托盘互借诊断：未合并（no_target_or_single_plan）。
托盘类型 MH423C（销售订单号：PAIN26290BC02S）处理完成：总托盘 1，指数达标 0，未达标 1，平均缺口 84.00，最大缺口 84.00，失败托盘互借修复成功 0。
  - KPI：near/mid/deep=0/0/1，救回率=0.00%，pair效率=0.00%。
  - 耗时拆解：packing=1.34s，main_topup=0.00s，retry=0.00s，failed_pool=0.00s，repack=0.00s，total=1.34s。
正在处理托盘类型：MH423C，销售订单号：PAIN26286EN01S
  - 该分组不适合列式（多非满柱）→ 回退 beam + 配方优先。
  - 配方优先[fast]：规划 0 实例，实装成功 0，配方路径不可用 → 采用基线方案。
  - 指数诊断：箱子 1 个，总指数 2，目标 192，理论最多达标托盘 0 个，剩余指数 2。
  - 几何诊断：典型整层堆叠单盘参考上限 2/192。 当前目标可能受托盘高度/箱型组合限制。
  - 几何诊断提示：典型整层参考值 2 < 目标 192；该值不是不可达证明，继续执行指数救援。
  - 失败托盘互借诊断：未合并（no_target_or_single_plan）。
托盘类型 MH423C（销售订单号：PAIN26286EN01S）处理完成：总托盘 1，指数达标 0，未达标 1，平均缺口 190.00，最大缺口 190.00，失败托盘互借修复成功 0。
  - KPI：near/mid/deep=0/0/1，救回率=0.00%，pair效率=0.00%。
  - 耗时拆解：packing=0.00s，main_topup=0.00s，retry=0.00s，failed_pool=0.00s，repack=0.00s，total=0.00s。
正在处理托盘类型：MH423C，销售订单号：LAID16296DN03S__CASEGROUP__1
  - 主算法：全局列式装箱 + 柱级组合优化（GCP）。
  - 失败托盘互借诊断：未合并（no_target_or_single_plan）。
托盘类型 MH423C（销售订单号：LAID16296DN03S__CASEGROUP__1）处理完成：总托盘 1，指数达标 0，未达标 1，平均缺口 90.00，最大缺口 90.00，失败托盘互借修复成功 0。
  - KPI：near/mid/deep=0/0/1，救回率=0.00%，pair效率=0.00%。
  - 耗时拆解：packing=0.38s，main_topup=0.00s，retry=0.00s，failed_pool=0.00s，repack=0.00s，total=0.38s。
正在处理托盘类型：MH423C，销售订单号：LAID16296DN03S__CASEGROUP__1__SPLITREST__
  - 该分组不适合列式（多非满柱）→ 回退 beam + 配方优先。
  - 配方优先[fast]：规划 0 实例，实装成功 0，配方路径不可用 → 采用基线方案。
  - 指数诊断：箱子 4 个，总指数 2，目标 192，理论最多达标托盘 0 个，剩余指数 2。
  - 几何诊断：典型整层堆叠单盘参考上限 2/192。 当前目标可能受托盘高度/箱型组合限制。
  - 几何诊断提示：典型整层参考值 2 < 目标 192；该值不是不可达证明，继续执行指数救援。
  - 失败托盘互借诊断：未合并（no_target_or_single_plan）。
托盘类型 MH423C（销售订单号：LAID16296DN03S__CASEGROUP__1__SPLITREST__）处理完成：总托盘 1，指数达标 0，未达标 1，平均缺口 190.00，最大缺口 190.00，失败托盘互借修复成功 0。
  - KPI：near/mid/deep=0/0/1，救回率=0.00%，pair效率=0.00%。
  - 耗时拆解：packing=0.00s，main_topup=0.00s，retry=0.00s，failed_pool=0.00s，repack=0.00s，total=0.02s。
正在处理托盘类型：MH423C，销售订单号：LAMY16315FN01S
  - 主算法：全局列式装箱 + 柱级组合优化（GCP）。
  - 失败托盘互借诊断：未合并（no_target_or_single_plan）。
托盘类型 MH423C（销售订单号：LAMY16315FN01S）处理完成：总托盘 1，指数达标 0，未达标 1，平均缺口 21.00，最大缺口 21.00，失败托盘互借修复成功 0。
  - KPI：near/mid/deep=0/1/0，救回率=0.00%，pair效率=0.00%。
  - 耗时拆解：packing=0.98s，main_topup=0.00s，retry=0.00s，failed_pool=0.00s，repack=0.00s，total=0.98s。
正在处理托盘类型：MH423C，销售订单号：LAMY16315FN01S__SPLITREST__
  - 该分组不适合列式（多非满柱）→ 回退 beam + 配方优先。
  - 配方优先[fast]：规划 0 实例，实装成功 0，配方路径不可用 → 采用基线方案。
  - 指数诊断：箱子 1 个，总指数 0.5，目标 192，理论最多达标托盘 0 个，剩余指数 0.5。
  - 几何诊断：典型整层堆叠单盘参考上限 0.5/192。 当前目标可能受托盘高度/箱型组合限制。
  - 几何诊断提示：典型整层参考值 0.5 < 目标 192；该值不是不可达证明，继续执行指数救援。
  - 失败托盘互借诊断：未合并（no_target_or_single_plan）。
托盘类型 MH423C（销售订单号：LAMY16315FN01S__SPLITREST__）处理完成：总托盘 1，指数达标 0，未达标 1，平均缺口 191.50，最大缺口 191.50，失败托盘互借修复成功 0。
  - KPI：near/mid/deep=0/0/1，救回率=0.00%，pair效率=0.00%。
  - 耗时拆解：packing=0.00s，main_topup=0.00s，retry=0.00s，failed_pool=0.00s，repack=0.00s，total=0.00s。
正在处理托盘类型：MH423C，销售订单号：LAID16305BN02S
  - 主算法：全局列式装箱 + 柱级组合优化（GCP）。
  - 失败托盘互借诊断：未合并（no_target_or_single_plan）。
托盘类型 MH423C（销售订单号：LAID16305BN02S）处理完成：总托盘 1，指数达标 0，未达标 1，平均缺口 128.50，最大缺口 128.50，失败托盘互借修复成功 0。
  - KPI：near/mid/deep=0/0/1，救回率=0.00%，pair效率=0.00%。
  - 耗时拆解：packing=0.51s，main_topup=0.00s，retry=0.00s，failed_pool=0.00s，repack=0.00s，total=0.51s。
正在处理托盘类型：MH423C，销售订单号：PAID16280FC02S
  - 主算法：全局列式装箱 + 柱级组合优化（GCP）。
  - GCP 盘数远超理论（CP-SAT 装不满）→ 回退 baseline beam + 配方优先。
  - 配方优先[fast]：规划 0 实例，实装成功 0，配方路径不可用 → 采用基线方案。
  - 指数诊断：箱子 4 个，总指数 16，目标 192，理论最多达标托盘 0 个，剩余指数 16。
  - 几何诊断：典型整层堆叠单盘参考上限 16/192。 当前目标可能受托盘高度/箱型组合限制。
  - 几何诊断提示：典型整层参考值 16 < 目标 192；该值不是不可达证明，继续执行指数救援。
  - 失败托盘互借诊断：未合并（no_target_or_single_plan）。
托盘类型 MH423C（销售订单号：PAID16280FC02S）处理完成：总托盘 1，指数达标 0，未达标 1，平均缺口 176.00，最大缺口 176.00，失败托盘互借修复成功 0。
  - KPI：near/mid/deep=0/0/1，救回率=0.00%，pair效率=0.00%。
  - 耗时拆解：packing=0.00s，main_topup=0.00s，retry=0.00s，failed_pool=0.00s，repack=0.00s，total=0.03s。
正在处理托盘类型：MH423C，销售订单号：PAID16290FC02S
  - 该分组不适合列式（多非满柱）→ 回退 beam + 配方优先。
  - 配方优先[fast]：规划 0 实例，实装成功 0，配方路径不可用 → 采用基线方案。
  - 指数诊断：箱子 6 个，总指数 14，目标 192，理论最多达标托盘 0 个，剩余指数 14。
  - 几何诊断：典型整层堆叠单盘参考上限 14/192。 当前目标可能受托盘高度/箱型组合限制。
  - 几何诊断提示：典型整层参考值 14 < 目标 192；该值不是不可达证明，继续执行指数救援。
  - 失败托盘互借诊断：未合并（no_target_or_single_plan）。
托盘类型 MH423C（销售订单号：PAID16290FC02S）处理完成：总托盘 1，指数达标 0，未达标 1，平均缺口 178.00，最大缺口 178.00，失败托盘互借修复成功 0。
  - KPI：near/mid/deep=0/0/1，救回率=0.00%，pair效率=0.00%。
  - 耗时拆解：packing=0.01s，main_topup=0.00s，retry=0.00s，failed_pool=0.00s，repack=0.00s，total=0.05s。
正在处理托盘类型：MH423C，销售订单号：PEG146296CN01S
  - 主算法：全局列式装箱 + 柱级组合优化（GCP）。
  - 失败托盘互借诊断：未合并（no_target_or_single_plan）。
托盘类型 MH423C（销售订单号：PEG146296CN01S）处理完成：总托盘 1，指数达标 0，未达标 1，平均缺口 68.00，最大缺口 68.00，失败托盘互借修复成功 0。
  - KPI：near/mid/deep=0/0/1，救回率=0.00%，pair效率=0.00%。
  - 耗时拆解：packing=0.33s，main_topup=0.00s，retry=0.00s，failed_pool=0.00s，repack=0.00s，total=0.33s。
正在处理托盘类型：MH423C，销售订单号：PAID16295BN01S
  - 主算法：全局列式装箱 + 柱级组合优化（GCP）。
  - 失败托盘互借诊断：未合并（aborted_no_improvement_possible）。
托盘类型 MH423C（销售订单号：PAID16295BN01S）处理完成：总托盘 2，指数达标 0，未达标 2，平均缺口 96.75，最大缺口 163.50，失败托盘互借修复成功 0。
  - KPI：near/mid/deep=0/0/2，救回率=0.00%，pair效率=0.00%。
  - 耗时拆解：packing=2.17s，main_topup=0.00s，retry=0.00s，failed_pool=0.00s，repack=1.54s，total=3.71s。
正在处理托盘类型：MH423C，销售订单号：PAID16296DN01S
  - 主算法：全局列式装箱 + 柱级组合优化（GCP）。
  - 失败托盘互借诊断：未合并（no_target_or_single_plan）。
托盘类型 MH423C（销售订单号：PAID16296DN01S）处理完成：总托盘 1，指数达标 0，未达标 1，平均缺口 132.50，最大缺口 132.50，失败托盘互借修复成功 0。
  - KPI：near/mid/deep=0/0/1，救回率=0.00%，pair效率=0.00%。
  - 耗时拆解：packing=1.28s，main_topup=0.00s，retry=0.00s，failed_pool=0.00s，repack=0.00s，total=1.28s。
正在处理托盘类型：MH423C，销售订单号：PAID16296DN01S__SPLITREST__
  - 该分组不适合列式（多非满柱）→ 回退 beam + 配方优先。
  - 配方优先[fast]：规划 0 实例，实装成功 0，配方路径不可用 → 采用基线方案。
  - 指数诊断：箱子 3 个，总指数 6，目标 192，理论最多达标托盘 0 个，剩余指数 6。
  - 几何诊断：典型整层堆叠单盘参考上限 6/192。 当前目标可能受托盘高度/箱型组合限制。
  - 几何诊断提示：典型整层参考值 6 < 目标 192；该值不是不可达证明，继续执行指数救援。
  - 失败托盘互借诊断：未合并（no_target_or_single_plan）。
托盘类型 MH423C（销售订单号：PAID16296DN01S__SPLITREST__）处理完成：总托盘 1，指数达标 0，未达标 1，平均缺口 186.00，最大缺口 186.00，失败托盘互借修复成功 0。
  - KPI：near/mid/deep=0/0/1，救回率=0.00%，pair效率=0.00%。
  - 耗时拆解：packing=0.00s，main_topup=0.00s，retry=0.00s，failed_pool=0.00s，repack=0.00s，total=0.01s。
正在处理托盘类型：MH423C，销售订单号：LAID16305EN01S
  - 该分组不适合列式（多非满柱）→ 回退 beam + 配方优先。
  - 配方优先[fast]：规划 0 实例，实装成功 0，配方路径不可用 → 采用基线方案。
  - 指数诊断：箱子 30 个，总指数 86.5，目标 192，理论最多达标托盘 0 个，剩余指数 86.5。
  - 几何诊断：典型整层堆叠单盘参考上限 67/192。 当前目标可能受托盘高度/箱型组合限制。
  - 几何诊断提示：典型整层参考值 67 < 目标 192；该值不是不可达证明，继续执行指数救援。
  - 失败托盘互借诊断：未合并（no_target_or_single_plan）。
托盘类型 MH423C（销售订单号：LAID16305EN01S）处理完成：总托盘 1，指数达标 0，未达标 1，平均缺口 105.50，最大缺口 105.50，失败托盘互借修复成功 0。
  - KPI：near/mid/deep=0/0/1，救回率=0.00%，pair效率=0.00%。
  - 耗时拆解：packing=0.11s，main_topup=0.00s，retry=0.00s，failed_pool=0.00s，repack=0.00s，total=0.39s。
正在处理托盘类型：MH423C，销售订单号：PAID16295EL05S
  - 该分组不适合列式（多非满柱）→ 回退 beam + 配方优先。
  - 配方优先[fast]：规划 0 实例，实装成功 0，配方路径不可用 → 采用基线方案。
  - 指数诊断：箱子 1 个，总指数 2，目标 192，理论最多达标托盘 0 个，剩余指数 2。
  - 几何诊断：典型整层堆叠单盘参考上限 2/192。 当前目标可能受托盘高度/箱型组合限制。
  - 几何诊断提示：典型整层参考值 2 < 目标 192；该值不是不可达证明，继续执行指数救援。
  - 失败托盘互借诊断：未合并（no_target_or_single_plan）。
托盘类型 MH423C（销售订单号：PAID16295EL05S）处理完成：总托盘 1，指数达标 0，未达标 1，平均缺口 190.00，最大缺口 190.00，失败托盘互借修复成功 0。
  - KPI：near/mid/deep=0/0/1，救回率=0.00%，pair效率=0.00%。
  - 耗时拆解：packing=0.00s，main_topup=0.00s，retry=0.00s，failed_pool=0.00s，repack=0.00s，total=0.00s。
正在处理托盘类型：MH423C，销售订单号：PAID16290FL03S
  - 该分组不适合列式（多非满柱）→ 回退 beam + 配方优先。
  - 配方优先[fast]：规划 0 实例，实装成功 0，配方路径不可用 → 采用基线方案。
  - 指数诊断：箱子 3 个，总指数 6，目标 192，理论最多达标托盘 0 个，剩余指数 6。
  - 几何诊断：典型整层堆叠单盘参考上限 6/192。 当前目标可能受托盘高度/箱型组合限制。
  - 几何诊断提示：典型整层参考值 6 < 目标 192；该值不是不可达证明，继续执行指数救援。
  - 失败托盘互借诊断：未合并（no_target_or_single_plan）。
托盘类型 MH423C（销售订单号：PAID16290FL03S）处理完成：总托盘 1，指数达标 0，未达标 1，平均缺口 186.00，最大缺口 186.00，失败托盘互借修复成功 0。
  - KPI：near/mid/deep=0/0/1，救回率=0.00%，pair效率=0.00%。
  - 耗时拆解：packing=0.00s，main_topup=0.00s，retry=0.00s，failed_pool=0.00s，repack=0.00s，total=0.01s。
正在处理托盘类型：MH423C，销售订单号：PAID16306DN01S
  - 主算法：全局列式装箱 + 柱级组合优化（GCP）。
  - 失败托盘互借诊断：未合并（no_target_or_single_plan）。
托盘类型 MH423C（销售订单号：PAID16306DN01S）处理完成：总托盘 1，指数达标 0，未达标 1，平均缺口 170.00，最大缺口 170.00，失败托盘互借修复成功 0。
  - KPI：near/mid/deep=0/0/1，救回率=0.00%，pair效率=0.00%。
  - 耗时拆解：packing=0.10s，main_topup=0.00s，retry=0.00s，failed_pool=0.00s，repack=0.00s，total=0.10s。
正在处理托盘类型：MH423C，销售订单号：PAID16306DN01S__SPLITREST__
  - 该分组不适合列式（多非满柱）→ 回退 beam + 配方优先。
  - 配方优先[fast]：规划 0 实例，实装成功 0，配方路径不可用 → 采用基线方案。
  - 指数诊断：箱子 2 个，总指数 1，目标 192，理论最多达标托盘 0 个，剩余指数 1。
  - 几何诊断：典型整层堆叠单盘参考上限 1/192。 当前目标可能受托盘高度/箱型组合限制。
  - 几何诊断提示：典型整层参考值 1 < 目标 192；该值不是不可达证明，继续执行指数救援。
  - 失败托盘互借诊断：未合并（no_target_or_single_plan）。
托盘类型 MH423C（销售订单号：PAID16306DN01S__SPLITREST__）处理完成：总托盘 1，指数达标 0，未达标 1，平均缺口 191.00，最大缺口 191.00，失败托盘互借修复成功 0。
  - KPI：near/mid/deep=0/0/1，救回率=0.00%，pair效率=0.00%。
  - 耗时拆解：packing=0.00s，main_topup=0.00s，retry=0.00s，failed_pool=0.00s，repack=0.00s，total=0.00s。
正在处理托盘类型：MH423C，销售订单号：LAMY16305FN01S
  - 主算法：全局列式装箱 + 柱级组合优化（GCP）。
  - GCP 盘数远超理论（CP-SAT 装不满）→ 回退 baseline beam + 配方优先。
  - 配方优先[fast]：规划 0 实例，实装成功 0，配方路径不可用 → 采用基线方案。
  - 指数诊断：箱子 65 个，总指数 123.5，目标 192，理论最多达标托盘 0 个，剩余指数 123.5。
  - 几何诊断：典型整层堆叠单盘参考上限 90/192。 当前目标可能受托盘高度/箱型组合限制。
  - 几何诊断提示：典型整层参考值 90 < 目标 192；该值不是不可达证明，继续执行指数救援。
  - 失败托盘互借诊断：未合并（aborted_no_improvement_possible）。
托盘类型 MH423C（销售订单号：LAMY16305FN01S）处理完成：总托盘 2，指数达标 0，未达标 2，平均缺口 130.25，最大缺口 188.00，失败托盘互借修复成功 0。
  - KPI：near/mid/deep=0/0/2，救回率=0.00%，pair效率=0.00%。
  - 耗时拆解：packing=0.68s，main_topup=0.01s，retry=0.00s，failed_pool=0.00s，repack=1.21s，total=5.42s。
正在处理托盘类型：MH423C，销售订单号：LAMY16305FN01S__SPLITREST__
  - 该分组不适合列式（多非满柱）→ 回退 beam + 配方优先。
  - 配方优先[fast]：规划 0 实例，实装成功 0，配方路径不可用 → 采用基线方案。
  - 指数诊断：箱子 1 个，总指数 6，目标 192，理论最多达标托盘 0 个，剩余指数 6。
  - 几何诊断：典型整层堆叠单盘参考上限 6/192。 当前目标可能受托盘高度/箱型组合限制。
  - 几何诊断提示：典型整层参考值 6 < 目标 192；该值不是不可达证明，继续执行指数救援。
  - 失败托盘互借诊断：未合并（no_target_or_single_plan）。
托盘类型 MH423C（销售订单号：LAMY16305FN01S__SPLITREST__）处理完成：总托盘 1，指数达标 0，未达标 1，平均缺口 186.00，最大缺口 186.00，失败托盘互借修复成功 0。
  - KPI：near/mid/deep=0/0/1，救回率=0.00%，pair效率=0.00%。
  - 耗时拆解：packing=0.00s，main_topup=0.00s，retry=0.00s，failed_pool=0.00s，repack=0.00s，total=0.00s。
正在处理托盘类型：MH423C，销售订单号：PAID16300FN01S
  - 该分组不适合列式（多非满柱）→ 回退 beam + 配方优先。
  - 配方优先[fast]：规划 0 实例，实装成功 0，配方路径不可用 → 采用基线方案。
  - 指数诊断：箱子 8 个，总指数 19，目标 192，理论最多达标托盘 0 个，剩余指数 19。
  - 几何诊断：典型整层堆叠单盘参考上限 19/192。 当前目标可能受托盘高度/箱型组合限制。
  - 几何诊断提示：典型整层参考值 19 < 目标 192；该值不是不可达证明，继续执行指数救援。
  - 失败托盘互借诊断：未合并（no_target_or_single_plan）。
托盘类型 MH423C（销售订单号：PAID16300FN01S）处理完成：总托盘 1，指数达标 0，未达标 1，平均缺口 173.00，最大缺口 173.00，失败托盘互借修复成功 0。
  - KPI：near/mid/deep=0/0/1，救回率=0.00%，pair效率=0.00%。
  - 耗时拆解：packing=0.01s，main_topup=0.00s，retry=0.00s，failed_pool=0.00s，repack=0.00s，total=0.05s。
正在处理托盘类型：MH423C，销售订单号：PAID16295BD02S
  - 主算法：全局列式装箱 + 柱级组合优化（GCP）。
  - 失败托盘互借诊断：未合并（no_target_or_single_plan）。
托盘类型 MH423C（销售订单号：PAID16295BD02S）处理完成：总托盘 1，指数达标 0，未达标 1，平均缺口 156.00，最大缺口 156.00，失败托盘互借修复成功 0。
  - KPI：near/mid/deep=0/0/1，救回率=0.00%，pair效率=0.00%。
  - 耗时拆解：packing=0.07s，main_topup=0.00s，retry=0.00s，failed_pool=0.00s，repack=0.00s，total=0.07s。
正在处理托盘类型：MH423C，销售订单号：LFEG16300IN02S
  - 主算法：全局列式装箱 + 柱级组合优化（GCP）。
  - GCP 盘数远超理论（CP-SAT 装不满）→ 回退 baseline beam + 配方优先。
  - 配方优先[fast]：规划 0 实例，实装成功 0，配方路径不可用 → 采用基线方案。
  - 指数诊断：箱子 87 个，总指数 152.5，目标 192，理论最多达标托盘 0 个，剩余指数 152.5。
  - 几何诊断：典型整层堆叠单盘参考上限 116/192。 当前目标可能受托盘高度/箱型组合限制。
  - 几何诊断提示：典型整层参考值 116 < 目标 192；该值不是不可达证明，继续执行指数救援。
  - 失败托盘互借诊断：未合并（aborted_no_improvement_possible）。
托盘类型 MH423C（销售订单号：LFEG16300IN02S）处理完成：总托盘 2，指数达标 0，未达标 2，平均缺口 115.75，最大缺口 186.50，失败托盘互借修复成功 0。
  - KPI：near/mid/deep=0/0/2，救回率=0.00%，pair效率=0.00%。
  - 耗时拆解：packing=1.39s，main_topup=0.03s，retry=0.00s，failed_pool=0.00s，repack=2.53s，total=11.91s。
正在处理托盘类型：MH423C，销售订单号：LFEG16300IN02S__SPLITREST__
  - 该分组不适合列式（多非满柱）→ 回退 beam + 配方优先。
  - 配方优先[fast]：规划 0 实例，实装成功 0，配方路径不可用 → 采用基线方案。
  - 指数诊断：箱子 2 个，总指数 4，目标 192，理论最多达标托盘 0 个，剩余指数 4。
  - 几何诊断：典型整层堆叠单盘参考上限 4/192。 当前目标可能受托盘高度/箱型组合限制。
  - 几何诊断提示：典型整层参考值 4 < 目标 192；该值不是不可达证明，继续执行指数救援。
  - 失败托盘互借诊断：未合并（no_target_or_single_plan）。
托盘类型 MH423C（销售订单号：LFEG16300IN02S__SPLITREST__）处理完成：总托盘 1，指数达标 0，未达标 1，平均缺口 188.00，最大缺口 188.00，失败托盘互借修复成功 0。
  - KPI：near/mid/deep=0/0/1，救回率=0.00%，pair效率=0.00%。
  - 耗时拆解：packing=0.00s，main_topup=0.00s，retry=0.00s，failed_pool=0.00s，repack=0.00s，total=0.00s。
正在处理托盘类型：MH423C，销售订单号：LAID16305BN01S
  - 主算法：全局列式装箱 + 柱级组合优化（GCP）。
  - 失败托盘互借诊断：未合并（aborted_no_improvement_possible）。
托盘类型 MH423C（销售订单号：LAID16305BN01S）处理完成：总托盘 2，指数达标 0，未达标 2，平均缺口 131.50，最大缺口 188.00，失败托盘互借修复成功 0。
  - KPI：near/mid/deep=0/0/2，救回率=0.00%，pair效率=0.00%。
  - 耗时拆解：packing=0.78s，main_topup=0.00s，retry=0.00s，failed_pool=0.00s，repack=0.69s，total=1.47s。
正在处理托盘类型：MH423C，销售订单号：LFEG16310IN03S
  - 主算法：全局列式装箱 + 柱级组合优化（GCP）。
  - 失败托盘互借诊断：未合并（no_target_or_single_plan）。
托盘类型 MH423C（销售订单号：LFEG16310IN03S）处理完成：总托盘 1，指数达标 0，未达标 1，平均缺口 159.00，最大缺口 159.00，失败托盘互借修复成功 0。
  - KPI：near/mid/deep=0/0/1，救回率=0.00%，pair效率=0.00%。
  - 耗时拆解：packing=0.03s，main_topup=0.00s，retry=0.00s，failed_pool=0.00s，repack=0.00s，total=0.03s。
正在处理托盘类型：MH423C，销售订单号：LFEG16300IN01S
  - 该分组不适合列式（多非满柱）→ 回退 beam + 配方优先。
  - 配方优先[fast]：规划 0 实例，实装成功 0，配方路径不可用 → 采用基线方案。
  - 指数诊断：箱子 18 个，总指数 29.5，目标 192，理论最多达标托盘 0 个，剩余指数 29.5。
  - 几何诊断：典型整层堆叠单盘参考上限 28.5/192。 当前目标可能受托盘高度/箱型组合限制。
  - 几何诊断提示：典型整层参考值 28.5 < 目标 192；该值不是不可达证明，继续执行指数救援。
  - 失败托盘互借诊断：未合并（no_target_or_single_plan）。
托盘类型 MH423C（销售订单号：LFEG16300IN01S）处理完成：总托盘 1，指数达标 0，未达标 1，平均缺口 162.50，最大缺口 162.50，失败托盘互借修复成功 0。
  - KPI：near/mid/deep=0/0/1，救回率=0.00%，pair效率=0.00%。
  - 耗时拆解：packing=0.10s，main_topup=0.00s，retry=0.00s，failed_pool=0.00s，repack=0.00s，total=0.10s。
正在处理托盘类型：MH423C，销售订单号：LFEG16300IN03S
  - 主算法：全局列式装箱 + 柱级组合优化（GCP）。
  - 失败托盘互借诊断：未合并（no_target_or_single_plan）。
托盘类型 MH423C（销售订单号：LFEG16300IN03S）处理完成：总托盘 1，指数达标 0，未达标 1，平均缺口 82.00，最大缺口 82.00，失败托盘互借修复成功 0。
  - KPI：near/mid/deep=0/0/1，救回率=0.00%，pair效率=0.00%。
  - 耗时拆解：packing=0.93s，main_topup=0.00s，retry=0.00s，failed_pool=0.00s，repack=0.00s，total=0.93s。
正在处理托盘类型：MH423C，销售订单号：LFEG16300IN03S__SPLITREST__
  - 该分组不适合列式（多非满柱）→ 回退 beam + 配方优先。
  - 配方优先[fast]：规划 0 实例，实装成功 0，配方路径不可用 → 采用基线方案。
  - 指数诊断：箱子 2 个，总指数 4，目标 192，理论最多达标托盘 0 个，剩余指数 4。
  - 几何诊断：典型整层堆叠单盘参考上限 4/192。 当前目标可能受托盘高度/箱型组合限制。
  - 几何诊断提示：典型整层参考值 4 < 目标 192；该值不是不可达证明，继续执行指数救援。
  - 失败托盘互借诊断：未合并（no_target_or_single_plan）。
托盘类型 MH423C（销售订单号：LFEG16300IN03S__SPLITREST__）处理完成：总托盘 1，指数达标 0，未达标 1，平均缺口 188.00，最大缺口 188.00，失败托盘互借修复成功 0。
  - KPI：near/mid/deep=0/0/1，救回率=0.00%，pair效率=0.00%。
  - 耗时拆解：packing=0.00s，main_topup=0.00s，retry=0.00s，failed_pool=0.00s，repack=0.00s，total=0.00s。
正在处理托盘类型：MH423C，销售订单号：LAID16305BN03S
  - 主算法：全局列式装箱 + 柱级组合优化（GCP）。
  - 失败托盘互借诊断：未合并（no_target_or_single_plan）。
托盘类型 MH423C（销售订单号：LAID16305BN03S）处理完成：总托盘 1，指数达标 0，未达标 1，平均缺口 116.00，最大缺口 116.00，失败托盘互借修复成功 0。
  - KPI：near/mid/deep=0/0/1，救回率=0.00%，pair效率=0.00%。
  - 耗时拆解：packing=0.35s，main_topup=0.00s，retry=0.00s，failed_pool=0.00s，repack=0.00s，total=0.35s。
正在处理托盘类型：MH423C，销售订单号：LAID16305BN03S__SPLITREST__
  - 该分组不适合列式（多非满柱）→ 回退 beam + 配方优先。
  - 托盘 MH423C-LAID16305BN03S__SPLITREST__-1 未找到可行装箱方案，启用剩余箱子守恒兜底。
  - 配方优先[fast]：规划 0 实例，实装成功 0，配方路径不可用 → 采用基线方案。
  - 指数诊断：箱子 5 个，总指数 2.5，目标 192，理论最多达标托盘 0 个，剩余指数 2.5。
  - 几何诊断：典型整层堆叠单盘参考上限 2.5/192。 当前目标可能受托盘高度/箱型组合限制。
  - 几何诊断提示：典型整层参考值 2.5 < 目标 192；该值不是不可达证明，继续执行指数救援。
  - 失败托盘互借诊断：未合并（aborted_no_improvement_possible）。
托盘类型 MH423C（销售订单号：LAID16305BN03S__SPLITREST__）处理完成：总托盘 2，指数达标 0，未达标 2，平均缺口 190.75，最大缺口 191.50，失败托盘互借修复成功 0。
  - KPI：near/mid/deep=0/0/2，救回率=0.00%，pair效率=0.00%。
  - 耗时拆解：packing=0.01s，main_topup=0.00s，retry=0.00s，failed_pool=0.00s，repack=0.04s，total=0.08s。
正在处理托盘类型：MH423C，销售订单号：PEG166300LN01S
  - 主算法：全局列式装箱 + 柱级组合优化（GCP）。
  - 失败托盘互借诊断：未合并（no_target_or_single_plan）。
托盘类型 MH423C（销售订单号：PEG166300LN01S）处理完成：总托盘 1，指数达标 0，未达标 1，平均缺口 64.00，最大缺口 64.00，失败托盘互借修复成功 0。
  - KPI：near/mid/deep=0/0/1，救回率=0.00%，pair效率=0.00%。
  - 耗时拆解：packing=0.31s，main_topup=0.00s，retry=0.00s，failed_pool=0.00s，repack=0.00s，total=0.31s。
正在处理托盘类型：MH423C，销售订单号：PAID163008N01S
  - 该分组不适合列式（多非满柱）→ 回退 beam + 配方优先。
  - 配方优先[fast]：规划 0 实例，实装成功 0，配方路径不可用 → 采用基线方案。
  - 指数诊断：箱子 1 个，总指数 1，目标 192，理论最多达标托盘 0 个，剩余指数 1。
  - 几何诊断：典型整层堆叠单盘参考上限 1/192。 当前目标可能受托盘高度/箱型组合限制。
  - 几何诊断提示：典型整层参考值 1 < 目标 192；该值不是不可达证明，继续执行指数救援。
  - 失败托盘互借诊断：未合并（no_target_or_single_plan）。
托盘类型 MH423C（销售订单号：PAID163008N01S）处理完成：总托盘 1，指数达标 0，未达标 1，平均缺口 191.00，最大缺口 191.00，失败托盘互借修复成功 0。
  - KPI：near/mid/deep=0/0/1，救回率=0.00%，pair效率=0.00%。
  - 耗时拆解：packing=0.00s，main_topup=0.00s，retry=0.00s，failed_pool=0.00s，repack=0.00s，total=0.00s。
正在处理托盘类型：MH423C，销售订单号：PAIN26290BN01S
  - 该分组不适合列式（多非满柱）→ 回退 beam + 配方优先。
  - 托盘 MH423C-PAIN26290BN01S-1 未找到可行装箱方案，启用剩余箱子守恒兜底。
  - 配方优先[fast]：规划 0 实例，实装成功 0，配方路径不可用 → 采用基线方案。
  - 指数诊断：箱子 5 个，总指数 2.5，目标 192，理论最多达标托盘 0 个，剩余指数 2.5。
  - 几何诊断：典型整层堆叠单盘参考上限 2.5/192。 当前目标可能受托盘高度/箱型组合限制。
  - 几何诊断提示：典型整层参考值 2.5 < 目标 192；该值不是不可达证明，继续执行指数救援。
  - 失败盘装满压实：合并/吸收 1 次（纯减盘数）。
  - 失败托盘互借诊断：未合并（aborted_no_improvement_possible）。
托盘类型 MH423C（销售订单号：PAIN26290BN01S）处理完成：总托盘 1，指数达标 0，未达标 1，平均缺口 189.50，最大缺口 189.50，失败托盘互借修复成功 0。
  - KPI：near/mid/deep=0/0/1，救回率=0.00%，pair效率=0.00%。
  - 耗时拆解：packing=0.01s，main_topup=0.00s，retry=0.00s，failed_pool=0.00s，repack=0.04s，total=0.08s。
正在处理托盘类型：MH423C，销售订单号：PAID162308N01S
  - 该分组不适合列式（多非满柱）→ 回退 beam + 配方优先。
  - 配方优先[fast]：规划 0 实例，实装成功 0，配方路径不可用 → 采用基线方案。
  - 指数诊断：箱子 1 个，总指数 2，目标 192，理论最多达标托盘 0 个，剩余指数 2。
  - 几何诊断：典型整层堆叠单盘参考上限 2/192。 当前目标可能受托盘高度/箱型组合限制。
  - 几何诊断提示：典型整层参考值 2 < 目标 192；该值不是不可达证明，继续执行指数救援。
  - 失败托盘互借诊断：未合并（no_target_or_single_plan）。
托盘类型 MH423C（销售订单号：PAID162308N01S）处理完成：总托盘 1，指数达标 0，未达标 1，平均缺口 190.00，最大缺口 190.00，失败托盘互借修复成功 0。
  - KPI：near/mid/deep=0/0/1，救回率=0.00%，pair效率=0.00%。
  - 耗时拆解：packing=0.00s，main_topup=0.00s，retry=0.00s，failed_pool=0.00s，repack=0.00s，total=0.00s。
正在处理托盘类型：MH423C，销售订单号：PEG106290LN01S
  - 主算法：全局列式装箱 + 柱级组合优化（GCP）。
  - 失败托盘互借诊断：未合并（no_target_or_single_plan）。
托盘类型 MH423C（销售订单号：PEG106290LN01S）处理完成：总托盘 1，指数达标 0，未达标 1，平均缺口 179.00，最大缺口 179.00，失败托盘互借修复成功 0。
  - KPI：near/mid/deep=0/0/1，救回率=0.00%，pair效率=0.00%。
  - 耗时拆解：packing=0.04s，main_topup=0.00s，retry=0.00s，failed_pool=0.00s，repack=0.00s，total=0.04s。
正在处理托盘类型：MH423C，销售订单号：LAID16306DN03S
  - 该分组不适合列式（多非满柱）→ 回退 beam + 配方优先。
  - 配方优先[fast]：规划 0 实例，实装成功 0，配方路径不可用 → 采用基线方案。
  - 指数诊断：箱子 9 个，总指数 9，目标 192，理论最多达标托盘 0 个，剩余指数 9。
  - 几何诊断：典型整层堆叠单盘参考上限 9/192。 当前目标可能受托盘高度/箱型组合限制。
  - 几何诊断提示：典型整层参考值 9 < 目标 192；该值不是不可达证明，继续执行指数救援。
  - 失败托盘互借诊断：未合并（no_target_or_single_plan）。
托盘类型 MH423C（销售订单号：LAID16306DN03S）处理完成：总托盘 1，指数达标 0，未达标 1，平均缺口 183.00，最大缺口 183.00，失败托盘互借修复成功 0。
  - KPI：near/mid/deep=0/0/1，救回率=0.00%，pair效率=0.00%。
  - 耗时拆解：packing=0.01s，main_topup=0.00s，retry=0.00s，failed_pool=0.00s，repack=0.00s，total=0.06s。
正在处理托盘类型：MH423C，销售订单号：PAID16305EC01S
  - 该分组不适合列式（多非满柱）→ 回退 beam + 配方优先。
  - 配方优先[fast]：规划 0 实例，实装成功 0，配方路径不可用 → 采用基线方案。
  - 指数诊断：箱子 2 个，总指数 2，目标 192，理论最多达标托盘 0 个，剩余指数 2。
  - 几何诊断：典型整层堆叠单盘参考上限 2/192。 当前目标可能受托盘高度/箱型组合限制。
  - 几何诊断提示：典型整层参考值 2 < 目标 192；该值不是不可达证明，继续执行指数救援。
  - 失败托盘互借诊断：未合并（no_target_or_single_plan）。
托盘类型 MH423C（销售订单号：PAID16305EC01S）处理完成：总托盘 1，指数达标 0，未达标 1，平均缺口 190.00，最大缺口 190.00，失败托盘互借修复成功 0。
  - KPI：near/mid/deep=0/0/1，救回率=0.00%，pair效率=0.00%。
  - 耗时拆解：packing=0.00s，main_topup=0.00s，retry=0.00s，failed_pool=0.00s，repack=0.00s，total=0.01s。
正在处理托盘类型：MH423C，销售订单号：LAID16306DN02S
  - 主算法：全局列式装箱 + 柱级组合优化（GCP）。
  - 失败托盘互借诊断：未合并（no_target_or_single_plan）。
托盘类型 MH423C（销售订单号：LAID16306DN02S）处理完成：总托盘 1，指数达标 0，未达标 1，平均缺口 148.00，最大缺口 148.00，失败托盘互借修复成功 0。
  - KPI：near/mid/deep=0/0/1，救回率=0.00%，pair效率=0.00%。
  - 耗时拆解：packing=0.53s，main_topup=0.00s，retry=0.00s，failed_pool=0.00s，repack=0.00s，total=0.53s。
正在处理托盘类型：MH423C，销售订单号：LAID16306DN02S__SPLITREST__
  - 该分组不适合列式（多非满柱）→ 回退 beam + 配方优先。
  - 配方优先[fast]：规划 0 实例，实装成功 0，配方路径不可用 → 采用基线方案。
  - 指数诊断：箱子 2 个，总指数 4，目标 192，理论最多达标托盘 0 个，剩余指数 4。
  - 几何诊断：典型整层堆叠单盘参考上限 4/192。 当前目标可能受托盘高度/箱型组合限制。
  - 几何诊断提示：典型整层参考值 4 < 目标 192；该值不是不可达证明，继续执行指数救援。
  - 失败托盘互借诊断：未合并（no_target_or_single_plan）。
托盘类型 MH423C（销售订单号：LAID16306DN02S__SPLITREST__）处理完成：总托盘 1，指数达标 0，未达标 1，平均缺口 188.00，最大缺口 188.00，失败托盘互借修复成功 0。
  - KPI：near/mid/deep=0/0/1，救回率=0.00%，pair效率=0.00%。
  - 耗时拆解：packing=0.00s，main_topup=0.00s，retry=0.00s，failed_pool=0.00s，repack=0.00s，total=0.00s。
正在处理托盘类型：MH423C，销售订单号：LFEG16316AN01S
  - 主算法：全局列式装箱 + 柱级组合优化（GCP）。
  - 失败托盘互借诊断：未合并（no_target_or_single_plan）。
托盘类型 MH423C（销售订单号：LFEG16316AN01S）处理完成：总托盘 1，指数达标 0，未达标 1，平均缺口 178.00，最大缺口 178.00，失败托盘互借修复成功 0。
  - KPI：near/mid/deep=0/0/1，救回率=0.00%，pair效率=0.00%。
  - 耗时拆解：packing=0.01s，main_topup=0.00s，retry=0.00s，failed_pool=0.00s，repack=0.00s，total=0.01s。
正在处理托盘类型：MH423C，销售订单号：PAIN26310GN01S
  - 主算法：全局列式装箱 + 柱级组合优化（GCP）。
  - GCP 盘数远超理论（CP-SAT 装不满）→ 回退 baseline beam + 配方优先。
  - 配方优先[fast]：规划 0 实例，实装成功 0，配方路径不可用 → 采用基线方案。
  - 指数诊断：箱子 4 个，总指数 16，目标 192，理论最多达标托盘 0 个，剩余指数 16。
  - 几何诊断：典型整层堆叠单盘参考上限 16/192。 当前目标可能受托盘高度/箱型组合限制。
  - 几何诊断提示：典型整层参考值 16 < 目标 192；该值不是不可达证明，继续执行指数救援。
  - 失败托盘互借诊断：未合并（no_target_or_single_plan）。
托盘类型 MH423C（销售订单号：PAIN26310GN01S）处理完成：总托盘 1，指数达标 0，未达标 1，平均缺口 176.00，最大缺口 176.00，失败托盘互借修复成功 0。
  - KPI：near/mid/deep=0/0/1，救回率=0.00%，pair效率=0.00%。
  - 耗时拆解：packing=0.00s，main_topup=0.00s，retry=0.00s，failed_pool=0.00s，repack=0.00s，total=0.03s。
正在处理托盘类型：MH423C，销售订单号：PAIN26290MZ07S
  - 主算法：全局列式装箱 + 柱级组合优化（GCP）。
  - 失败托盘互借诊断：未合并（no_target_or_single_plan）。
托盘类型 MH423C（销售订单号：PAIN26290MZ07S）处理完成：总托盘 1，指数达标 0，未达标 1，平均缺口 22.00，最大缺口 22.00，失败托盘互借修复成功 0。
  - KPI：near/mid/deep=0/1/0，救回率=0.00%，pair效率=0.00%。
  - 耗时拆解：packing=2.84s，main_topup=0.00s，retry=0.00s，failed_pool=0.00s，repack=0.00s，total=2.84s。
正在处理托盘类型：MH423C，销售订单号：PAID16295EN06S
  - 该分组不适合列式（多非满柱）→ 回退 beam + 配方优先。
  - 配方优先[fast]：规划 0 实例，实装成功 0，配方路径不可用 → 采用基线方案。
  - 指数诊断：箱子 1 个，总指数 1，目标 192，理论最多达标托盘 0 个，剩余指数 1。
  - 几何诊断：典型整层堆叠单盘参考上限 1/192。 当前目标可能受托盘高度/箱型组合限制。
  - 几何诊断提示：典型整层参考值 1 < 目标 192；该值不是不可达证明，继续执行指数救援。
  - 失败托盘互借诊断：未合并（no_target_or_single_plan）。
托盘类型 MH423C（销售订单号：PAID16295EN06S）处理完成：总托盘 1，指数达标 0，未达标 1，平均缺口 191.00，最大缺口 191.00，失败托盘互借修复成功 0。
  - KPI：near/mid/deep=0/0/1，救回率=0.00%，pair效率=0.00%。
  - 耗时拆解：packing=0.00s，main_topup=0.00s，retry=0.00s，failed_pool=0.00s，repack=0.00s，total=0.00s。
正在处理托盘类型：MH423C，销售订单号：PAIN26296EN01S
  - 主算法：全局列式装箱 + 柱级组合优化（GCP）。
  - 失败托盘互借诊断：未合并（no_target_or_single_plan）。
托盘类型 MH423C（销售订单号：PAIN26296EN01S）处理完成：总托盘 1，指数达标 0，未达标 1，平均缺口 31.00，最大缺口 31.00，失败托盘互借修复成功 0。
  - KPI：near/mid/deep=0/0/1，救回率=0.00%，pair效率=0.00%。
  - 耗时拆解：packing=0.44s，main_topup=0.00s，retry=0.00s，failed_pool=0.00s，repack=0.00s，total=0.44s。
正在处理托盘类型：MH423C，销售订单号：LFEG16316AN02S
  - 该分组不适合列式（多非满柱）→ 回退 beam + 配方优先。
  - 配方优先[fast]：规划 0 实例，实装成功 0，配方路径不可用 → 采用基线方案。
  - 指数诊断：箱子 3 个，总指数 6，目标 192，理论最多达标托盘 0 个，剩余指数 6。
  - 几何诊断：典型整层堆叠单盘参考上限 6/192。 当前目标可能受托盘高度/箱型组合限制。
  - 几何诊断提示：典型整层参考值 6 < 目标 192；该值不是不可达证明，继续执行指数救援。
  - 失败托盘互借诊断：未合并（no_target_or_single_plan）。
托盘类型 MH423C（销售订单号：LFEG16316AN02S）处理完成：总托盘 1，指数达标 0，未达标 1，平均缺口 186.00，最大缺口 186.00，失败托盘互借修复成功 0。
  - KPI：near/mid/deep=0/0/1，救回率=0.00%，pair效率=0.00%。
  - 耗时拆解：packing=0.00s，main_topup=0.00s，retry=0.00s，failed_pool=0.00s，repack=0.00s，total=0.01s。
正在处理托盘类型：MH423C，销售订单号：PAIN26310MN01S
  - 该分组不适合列式（多非满柱）→ 回退 beam + 配方优先。
  - 配方优先[fast]：规划 0 实例，实装成功 0，配方路径不可用 → 采用基线方案。
  - 指数诊断：箱子 7 个，总指数 76，目标 192，理论最多达标托盘 0 个，剩余指数 76。
  - 几何诊断：典型整层堆叠单盘参考上限 60/192。 当前目标可能受托盘高度/箱型组合限制。
  - 几何诊断提示：典型整层参考值 60 < 目标 192；该值不是不可达证明，继续执行指数救援。
  - 失败托盘互借诊断：未合并（no_target_or_single_plan）。
托盘类型 MH423C（销售订单号：PAIN26310MN01S）处理完成：总托盘 1，指数达标 0，未达标 1，平均缺口 116.00，最大缺口 116.00，失败托盘互借修复成功 0。
  - KPI：near/mid/deep=0/0/1，救回率=0.00%，pair效率=0.00%。
  - 耗时拆解：packing=0.00s，main_topup=0.00s，retry=0.00s，failed_pool=0.00s，repack=0.00s，total=0.00s。
正在处理托盘类型：MH423C，销售订单号：LAID16315EN01S
  - 该分组不适合列式（多非满柱）→ 回退 beam + 配方优先。
  - 配方优先[fast]：规划 0 实例，实装成功 0，配方路径不可用 → 采用基线方案。
  - 指数诊断：箱子 4 个，总指数 20，目标 192，理论最多达标托盘 0 个，剩余指数 20。
  - 几何诊断：典型整层堆叠单盘参考上限 20/192。 当前目标可能受托盘高度/箱型组合限制。
  - 几何诊断提示：典型整层参考值 20 < 目标 192；该值不是不可达证明，继续执行指数救援。
  - 失败托盘互借诊断：未合并（no_target_or_single_plan）。
托盘类型 MH423C（销售订单号：LAID16315EN01S）处理完成：总托盘 1，指数达标 0，未达标 1，平均缺口 172.00，最大缺口 172.00，失败托盘互借修复成功 0。
  - KPI：near/mid/deep=0/0/1，救回率=0.00%，pair效率=0.00%。
  - 耗时拆解：packing=0.01s，main_topup=0.00s，retry=0.00s，failed_pool=0.00s，repack=0.00s，total=0.01s。
正在处理托盘类型：MH423C，销售订单号：PAIN26316EN01S
  - 主算法：全局列式装箱 + 柱级组合优化（GCP）。
  - 失败托盘互借诊断：未合并（no_target_or_single_plan）。
托盘类型 MH423C（销售订单号：PAIN26316EN01S）处理完成：总托盘 1，指数达标 0，未达标 1，平均缺口 140.00，最大缺口 140.00，失败托盘互借修复成功 0。
  - KPI：near/mid/deep=0/0/1，救回率=0.00%，pair效率=0.00%。
  - 耗时拆解：packing=0.04s，main_topup=0.00s，retry=0.00s，failed_pool=0.00s，repack=0.00s，total=0.04s。
正在处理托盘类型：MH423C，销售订单号：LAID16315EN02S
  - 主算法：全局列式装箱 + 柱级组合优化（GCP）。
  - 失败托盘互借诊断：未合并（no_target_or_single_plan）。
托盘类型 MH423C（销售订单号：LAID16315EN02S）处理完成：总托盘 1，指数达标 0，未达标 1，平均缺口 148.00，最大缺口 148.00，失败托盘互借修复成功 0。
  - KPI：near/mid/deep=0/0/1，救回率=0.00%，pair效率=0.00%。
  - 耗时拆解：packing=0.01s，main_topup=0.00s，retry=0.00s，failed_pool=0.00s，repack=0.00s，total=0.01s。
正在处理托盘类型：MH423C，销售订单号：PAIN26296EC02S
  - 主算法：全局列式装箱 + 柱级组合优化（GCP）。
  - 失败托盘互借诊断：未合并（no_target_or_single_plan）。
托盘类型 MH423C（销售订单号：PAIN26296EC02S）处理完成：总托盘 1，指数达标 0，未达标 1，平均缺口 130.00，最大缺口 130.00，失败托盘互借修复成功 0。
  - KPI：near/mid/deep=0/0/1，救回率=0.00%，pair效率=0.00%。
  - 耗时拆解：packing=0.17s，main_topup=0.00s，retry=0.00s，failed_pool=0.00s，repack=0.00s，total=0.17s。
正在处理托盘类型：MH423C，销售订单号：PAIN26310MZ05S
  - 主算法：全局列式装箱 + 柱级组合优化（GCP）。
  - 失败托盘互借诊断：未合并（no_target_or_single_plan）。
托盘类型 MH423C（销售订单号：PAIN26310MZ05S）处理完成：总托盘 1，指数达标 0，未达标 1，平均缺口 86.00，最大缺口 86.00，失败托盘互借修复成功 0。
  - KPI：near/mid/deep=0/0/1，救回率=0.00%，pair效率=0.00%。
  - 耗时拆解：packing=1.48s，main_topup=0.00s，retry=0.00s，failed_pool=0.00s，repack=0.00s，total=1.48s。
正在处理托盘类型：MH423C，销售订单号：PEG086300LN01S
  - 主算法：全局列式装箱 + 柱级组合优化（GCP）。
  - GCP 盘数远超理论（CP-SAT 装不满）→ 回退 baseline beam + 配方优先。
  - 配方优先[fast]：规划 0 实例，实装成功 0，配方路径不可用 → 采用基线方案。
  - 指数诊断：箱子 39 个，总指数 90，目标 192，理论最多达标托盘 0 个，剩余指数 90。
  - 几何诊断：典型整层堆叠单盘参考上限 86/192。 当前目标可能受托盘高度/箱型组合限制。
  - 几何诊断提示：典型整层参考值 86 < 目标 192；该值不是不可达证明，继续执行指数救援。
  - 失败托盘互借诊断：未合并（aborted_no_improvement_possible）。
托盘类型 MH423C（销售订单号：PEG086300LN01S）处理完成：总托盘 2，指数达标 0，未达标 2，平均缺口 147.00，最大缺口 180.00，失败托盘互借修复成功 0。
  - KPI：near/mid/deep=0/0/2，救回率=0.00%，pair效率=0.00%。
  - 耗时拆解：packing=0.29s，main_topup=0.01s，retry=0.00s，failed_pool=0.00s，repack=0.51s，total=2.15s。
正在处理托盘类型：MH423C，销售订单号：LAID16315EN03S
  - 该分组不适合列式（多非满柱）→ 回退 beam + 配方优先。
  - 配方优先[fast]：规划 0 实例，实装成功 0，配方路径不可用 → 采用基线方案。
  - 指数诊断：箱子 5 个，总指数 40，目标 192，理论最多达标托盘 0 个，剩余指数 40。
  - 几何诊断：典型整层堆叠单盘参考上限 40/192。 当前目标可能受托盘高度/箱型组合限制。
  - 几何诊断提示：典型整层参考值 40 < 目标 192；该值不是不可达证明，继续执行指数救援。
  - 失败托盘互借诊断：未合并（no_target_or_single_plan）。
托盘类型 MH423C（销售订单号：LAID16315EN03S）处理完成：总托盘 1，指数达标 0，未达标 1，平均缺口 152.00，最大缺口 152.00，失败托盘互借修复成功 0。
  - KPI：near/mid/deep=0/0/1，救回率=0.00%，pair效率=0.00%。
  - 耗时拆解：packing=0.01s，main_topup=0.00s，retry=0.00s，failed_pool=0.00s，repack=0.00s，total=0.01s。
正在处理托盘类型：MH423C，销售订单号：LAID16316DN03S
  - 主算法：全局列式装箱 + 柱级组合优化（GCP）。
  - 失败托盘互借诊断：未合并（no_target_or_single_plan）。
托盘类型 MH423C（销售订单号：LAID16316DN03S）处理完成：总托盘 1，指数达标 0，未达标 1，平均缺口 144.00，最大缺口 144.00，失败托盘互借修复成功 0。
  - KPI：near/mid/deep=0/0/1，救回率=0.00%，pair效率=0.00%。
  - 耗时拆解：packing=0.04s，main_topup=0.00s，retry=0.00s，failed_pool=0.00s，repack=0.00s，total=0.04s。
正在处理托盘类型：MH423C，销售订单号：LAID16316DN01S
  - 主算法：全局列式装箱 + 柱级组合优化（GCP）。
  - 失败托盘互借诊断：未合并（no_target_or_single_plan）。
托盘类型 MH423C（销售订单号：LAID16316DN01S）处理完成：总托盘 1，指数达标 0，未达标 1，平均缺口 120.00，最大缺口 120.00，失败托盘互借修复成功 0。
  - KPI：near/mid/deep=0/0/1，救回率=0.00%，pair效率=0.00%。
  - 耗时拆解：packing=0.10s，main_topup=0.00s，retry=0.00s，failed_pool=0.00s，repack=0.00s，total=0.10s。
正在处理托盘类型：MH423C，销售订单号：LAID16316DN02S
  - 主算法：全局列式装箱 + 柱级组合优化（GCP）。
  - 失败托盘互借诊断：未合并（no_target_or_single_plan）。
托盘类型 MH423C（销售订单号：LAID16316DN02S）处理完成：总托盘 1，指数达标 0，未达标 1，平均缺口 168.00，最大缺口 168.00，失败托盘互借修复成功 0。
  - KPI：near/mid/deep=0/0/1，救回率=0.00%，pair效率=0.00%。
  - 耗时拆解：packing=0.01s，main_topup=0.00s，retry=0.00s，failed_pool=0.00s，repack=0.00s，total=0.01s。
正在处理托盘类型：MH423C，销售订单号：PAIN26310GC02S
  - 主算法：全局列式装箱 + 柱级组合优化（GCP）。
  - 失败托盘互借诊断：未合并（no_target_or_single_plan）。
托盘类型 MH423C（销售订单号：PAIN26310GC02S）处理完成：总托盘 1，指数达标 0，未达标 1，平均缺口 132.00，最大缺口 132.00，失败托盘互借修复成功 0。
  - KPI：near/mid/deep=0/0/1，救回率=0.00%，pair效率=0.00%。
  - 耗时拆解：packing=0.17s，main_topup=0.00s，retry=0.00s，failed_pool=0.00s，repack=0.00s，total=0.17s。
  - 失败盘装满压实：合并/吸收 1 次（纯减盘数）。
  - 跨子组装满压实（MH423C / PAID16290FN01S）：合并 1 次（纯减盘数）。
  - 失败盘装满压实：合并/吸收 1 次（纯减盘数）。
  - 跨子组装满压实（MH423C / PAID16296DN01S）：合并 1 次（纯减盘数）。
  - 失败盘装满压实：合并/吸收 1 次（纯减盘数）。
  - 跨子组装满压实（MH423C / PAID16306DN01S）：合并 1 次（纯减盘数）。
  - 失败盘装满压实：合并/吸收 1 次（纯减盘数）。
  - 跨子组装满压实（MH423C / LAMY16305FN01S）：合并 1 次（纯减盘数）。
  - 失败盘装满压实：合并/吸收 1 次（纯减盘数）。
  - 跨子组装满压实（MH423C / LFEG16300IN02S）：合并 1 次（纯减盘数）。
  - 失败盘装满压实：合并/吸收 1 次（纯减盘数）。
  - 跨子组装满压实（MH423C / LFEG16300IN03S）：合并 1 次（纯减盘数）。
  - 失败盘装满压实：合并/吸收 1 次（纯减盘数）。
  - 跨子组装满压实（MH423C / LAID16305BN03S）：合并 1 次（纯减盘数）。
  - 失败盘装满压实：合并/吸收 1 次（纯减盘数）。
  - 跨子组装满压实（MH423C / LAID16306DN02S）：合并 1 次（纯减盘数）。
========================================
统计汇总：总托盘 74，指数达标 0，未达标 74，未知 0，平均缺口 143.47，最大缺口 191.50，失败托盘互借修复成功 0
KPI汇总：near/mid/deep=0/2/72，pair尝试=0，pair改进=0，pair效率=0.00%
耗时汇总：packing=20.28s，main_topup=0.07s，retry=0.00s，repack=8.58s，end_to_end=51.13s
========================================
[WCS-装] SUCCESS 产品码 0 个，DB 更新达标 0 行；FAILED 盘 74 个保持未达标。
[WCS-装] 本轮结束；等待下一次「新插入」再开算。
[WCS-装] 本轮无达标托盘，跳过 success 目录写入。
[WCS-装] 未达标方案已保存：D:\research_code\final\zhuang\packing-workspace\output\fail\packing_plan_20260724_130116.json
[WCS-装] 无达标托盘，跳过 wcs_plan / wcs_plan_map 写入。
[WCS-装] 已跳过接口 2 推送（仅本地保存）。
[UI-RESULT] D:\research_code\final\zhuang\packing-workspace\output\fail\packing_plan_20260724_130116.json
[WCS-装] 等待数据库新插入（有新 product_code 才开算）…
============================================================
[WCS-拉] 20260724_130433：拉取接口 1 …
[WCS-拉] 原始响应已保存：D:\research_code\final\zhuang\packing-workspace\input\raw\20260724_130433.json
[WCS-拉] 已剔除 case_type≠MH423C 的品类 113 条（类型：['MH113', 'WR246']），保留 1456 条。
[WCS-DB] product_code 已存在、跳过 1454 条
[WCS-拉] 落库完成：候选 1456 条，新插入 2 条（新行 up_to_standard=0）。
[WCS-拉] 有新插入 → 唤醒装箱线程。
[WCS] 已加载 BMS 参考表：D:\research_code\final\zhuang\packing-workspace\data\selected_5000_boxes_9_1_concentrated_3orders.xlsx
============================================================
[WCS-装] 20260724_130436：未达标行 1533 条，开始装箱 …
[WCS-装] 展开为 1533 个箱子。
数据预处理和箱子分组完成（按托盘类型+销售订单号）。
----------------------------------------
  - 组内子聚类：11 个混合订单拆出规则子集走 GCP、杂箱走 baseline。
正在处理托盘类型：MH423C，销售订单号：PAID16280FN01S
  - 该分组不适合列式（多非满柱）→ 回退 beam + 配方优先。
  - 配方优先[fast]：规划 0 实例，实装成功 0，配方路径不可用 → 采用基线方案。
  - 指数诊断：箱子 1 个，总指数 4，目标 192，理论最多达标托盘 0 个，剩余指数 4。
  - 几何诊断：典型整层堆叠单盘参考上限 4/192。 当前目标可能受托盘高度/箱型组合限制。
  - 几何诊断提示：典型整层参考值 4 < 目标 192；该值不是不可达证明，继续执行指数救援。
  - 失败托盘互借诊断：未合并（no_target_or_single_plan）。
托盘类型 MH423C（销售订单号：PAID16280FN01S）处理完成：总托盘 1，指数达标 0，未达标 1，平均缺口 188.00，最大缺口 188.00，失败托盘互借修复成功 0。
  - KPI：near/mid/deep=0/0/1，救回率=0.00%，pair效率=0.00%。
  - 耗时拆解：packing=0.00s，main_topup=0.00s，retry=0.00s，failed_pool=0.00s，repack=0.00s，total=0.00s。
正在处理托盘类型：MH423C，销售订单号：LFEG16290IN01S
  - 该分组不适合列式（多非满柱）→ 回退 beam + 配方优先。
  - 托盘 MH423C-LFEG16290IN01S-1 未找到可行装箱方案，启用剩余箱子守恒兜底。
  - 配方优先[fast]：规划 0 实例，实装成功 0，配方路径不可用 → 采用基线方案。
  - 指数诊断：箱子 9 个，总指数 17，目标 192，理论最多达标托盘 0 个，剩余指数 17。
  - 几何诊断：典型整层堆叠单盘参考上限 12/192。 当前目标可能受托盘高度/箱型组合限制。
  - 几何诊断提示：典型整层参考值 12 < 目标 192；该值不是不可达证明，继续执行指数救援。
  - 失败盘装满压实：合并/吸收 2 次（纯减盘数）。
  - 失败托盘互借诊断：未合并（aborted_no_improvement_possible）。
托盘类型 MH423C（销售订单号：LFEG16290IN01S）处理完成：总托盘 2，指数达标 0，未达标 2，平均缺口 183.50，最大缺口 187.00，失败托盘互借修复成功 0。
  - KPI：near/mid/deep=0/0/2，救回率=0.00%，pair效率=0.00%。
  - 耗时拆解：packing=0.02s，main_topup=0.00s，retry=0.00s，failed_pool=0.00s，repack=0.18s，total=0.28s。
正在处理托盘类型：MH423C，销售订单号：LFEG16290IN02S
  - 该分组不适合列式（多非满柱）→ 回退 beam + 配方优先。
  - 配方优先[fast]：规划 0 实例，实装成功 0，配方路径不可用 → 采用基线方案。
  - 指数诊断：箱子 33 个，总指数 33.5，目标 192，理论最多达标托盘 0 个，剩余指数 33.5。
  - 几何诊断：典型整层堆叠单盘参考上限 28.5/192。 当前目标可能受托盘高度/箱型组合限制。
  - 几何诊断提示：典型整层参考值 28.5 < 目标 192；该值不是不可达证明，继续执行指数救援。
  - 失败托盘互借诊断：未合并（no_target_or_single_plan）。
托盘类型 MH423C（销售订单号：LFEG16290IN02S）处理完成：总托盘 1，指数达标 0，未达标 1，平均缺口 158.50，最大缺口 158.50，失败托盘互借修复成功 0。
  - KPI：near/mid/deep=0/0/1，救回率=0.00%，pair效率=0.00%。
  - 耗时拆解：packing=0.28s，main_topup=0.00s，retry=0.00s，failed_pool=0.00s，repack=0.00s，total=0.28s。
正在处理托盘类型：MH423C，销售订单号：LAID16306DN01S
  - 该分组不适合列式（多非满柱）→ 回退 beam + 配方优先。
  - 配方优先[fast]：规划 0 实例，实装成功 0，配方路径不可用 → 采用基线方案。
  - 指数诊断：箱子 50 个，总指数 88，目标 192，理论最多达标托盘 0 个，剩余指数 88。
  - 几何诊断：典型整层堆叠单盘参考上限 65/192。 当前目标可能受托盘高度/箱型组合限制。
  - 几何诊断提示：典型整层参考值 65 < 目标 192；该值不是不可达证明，继续执行指数救援。
  - 失败托盘互借诊断：未合并（aborted_no_improvement_possible）。
托盘类型 MH423C（销售订单号：LAID16306DN01S）处理完成：总托盘 2，指数达标 0，未达标 2，平均缺口 148.00，最大缺口 182.00，失败托盘互借修复成功 0。
  - KPI：near/mid/deep=0/0/2，救回率=0.00%，pair效率=0.00%。
  - 耗时拆解：packing=0.26s，main_topup=0.01s，retry=0.00s，failed_pool=0.00s，repack=0.55s，total=1.55s。
正在处理托盘类型：MH423C，销售订单号：LAID16296DN01S
  - 主算法：全局列式装箱 + 柱级组合优化（GCP）。
  - 失败托盘互借诊断：未合并（no_target_or_single_plan）。
托盘类型 MH423C（销售订单号：LAID16296DN01S）处理完成：总托盘 1，指数达标 0，未达标 1，平均缺口 151.50，最大缺口 151.50，失败托盘互借修复成功 0。
  - KPI：near/mid/deep=0/0/1，救回率=0.00%，pair效率=0.00%。
  - 耗时拆解：packing=0.08s，main_topup=0.00s，retry=0.00s，failed_pool=0.00s，repack=0.00s，total=0.08s。
正在处理托盘类型：MH423C，销售订单号：LAID16296DN01S__SPLITREST__
  - 该分组不适合列式（多非满柱）→ 回退 beam + 配方优先。
  - 配方优先[fast]：规划 0 实例，实装成功 0，配方路径不可用 → 采用基线方案。
  - 指数诊断：箱子 4 个，总指数 8，目标 192，理论最多达标托盘 0 个，剩余指数 8。
  - 几何诊断：典型整层堆叠单盘参考上限 8/192。 当前目标可能受托盘高度/箱型组合限制。
  - 几何诊断提示：典型整层参考值 8 < 目标 192；该值不是不可达证明，继续执行指数救援。
  - 失败托盘互借诊断：未合并（no_target_or_single_plan）。
托盘类型 MH423C（销售订单号：LAID16296DN01S__SPLITREST__）处理完成：总托盘 1，指数达标 0，未达标 1，平均缺口 184.00，最大缺口 184.00，失败托盘互借修复成功 0。
  - KPI：near/mid/deep=0/0/1，救回率=0.00%，pair效率=0.00%。
  - 耗时拆解：packing=0.00s，main_topup=0.00s，retry=0.00s，failed_pool=0.00s，repack=0.00s，total=0.02s。
正在处理托盘类型：MH423C，销售订单号：LAID16296DN02S
  - 主算法：全局列式装箱 + 柱级组合优化（GCP）。
  - GCP 盘数远超理论（CP-SAT 装不满）→ 回退 baseline beam + 配方优先。
  - 托盘 MH423C-LAID16296DN02S-2 未找到可行装箱方案，启用剩余箱子守恒兜底。
  - 配方优先[fast]：规划 0 实例，实装成功 0，配方路径不可用 → 采用基线方案。
  - 指数诊断：箱子 49 个，总指数 164.5，目标 192，理论最多达标托盘 0 个，剩余指数 164.5。
  - 几何诊断：典型整层堆叠单盘参考上限 97/192。 当前目标可能受托盘高度/箱型组合限制。
  - 几何诊断提示：典型整层参考值 97 < 目标 192；该值不是不可达证明，继续执行指数救援。
  - 失败托盘互借诊断：未合并（aborted_no_improvement_possible）。
托盘类型 MH423C（销售订单号：LAID16296DN02S）处理完成：总托盘 4，指数达标 0，未达标 4，平均缺口 150.88，最大缺口 191.00，失败托盘互借修复成功 0。
  - KPI：near/mid/deep=0/0/4，救回率=0.00%，pair效率=0.00%。
  - 耗时拆解：packing=0.36s，main_topup=0.01s，retry=0.00s，failed_pool=0.00s，repack=0.97s，total=2.72s。
正在处理托盘类型：MH423C，销售订单号：LAID16296DN03S
  - 主算法：全局列式装箱 + 柱级组合优化（GCP）。
  - 失败托盘互借诊断：未合并（no_target_or_single_plan）。
托盘类型 MH423C（销售订单号：LAID16296DN03S）处理完成：总托盘 1，指数达标 0，未达标 1，平均缺口 89.00，最大缺口 89.00，失败托盘互借修复成功 0。
  - KPI：near/mid/deep=0/0/1，救回率=0.00%，pair效率=0.00%。
  - 耗时拆解：packing=0.76s，main_topup=0.00s，retry=0.00s，failed_pool=0.00s，repack=0.00s，total=0.76s。
正在处理托盘类型：MH423C，销售订单号：LFEG16290IN03S
  - 该分组不适合列式（多非满柱）→ 回退 beam + 配方优先。
  - 配方优先[fast]：规划 0 实例，实装成功 0，配方路径不可用 → 采用基线方案。
  - 指数诊断：箱子 37 个，总指数 69，目标 192，理论最多达标托盘 0 个，剩余指数 69。
  - 几何诊断：典型整层堆叠单盘参考上限 51/192。 当前目标可能受托盘高度/箱型组合限制。
  - 几何诊断提示：典型整层参考值 51 < 目标 192；该值不是不可达证明，继续执行指数救援。
  - 失败托盘互借诊断：未合并（aborted_no_improvement_possible）。
托盘类型 MH423C（销售订单号：LFEG16290IN03S）处理完成：总托盘 2，指数达标 0，未达标 2，平均缺口 157.50，最大缺口 189.00，失败托盘互借修复成功 0。
  - KPI：near/mid/deep=0/0/2，救回率=0.00%，pair效率=0.00%。
  - 耗时拆解：packing=0.20s，main_topup=0.00s，retry=0.00s，failed_pool=0.00s，repack=0.35s，total=1.03s。
正在处理托盘类型：MH423C，销售订单号：LFEG16310IN02S
  - 该分组不适合列式（多非满柱）→ 回退 beam + 配方优先。
  - 配方优先[fast]：规划 0 实例，实装成功 0，配方路径不可用 → 采用基线方案。
  - 指数诊断：箱子 15 个，总指数 35，目标 192，理论最多达标托盘 0 个，剩余指数 35。
  - 几何诊断：典型整层堆叠单盘参考上限 29/192。 当前目标可能受托盘高度/箱型组合限制。
  - 几何诊断提示：典型整层参考值 29 < 目标 192；该值不是不可达证明，继续执行指数救援。
  - 失败托盘互借诊断：未合并（no_target_or_single_plan）。
托盘类型 MH423C（销售订单号：LFEG16310IN02S）处理完成：总托盘 1，指数达标 0，未达标 1，平均缺口 157.00，最大缺口 157.00，失败托盘互借修复成功 0。
  - KPI：near/mid/deep=0/0/1，救回率=0.00%，pair效率=0.00%。
  - 耗时拆解：packing=0.08s，main_topup=0.00s，retry=0.00s，failed_pool=0.00s，repack=0.00s，total=0.08s。
正在处理托盘类型：MH423C，销售订单号：LFEG16310IN01S
  - 该分组不适合列式（多非满柱）→ 回退 beam + 配方优先。
  - 配方优先[fast]：规划 0 实例，实装成功 0，配方路径不可用 → 采用基线方案。
  - 指数诊断：箱子 17 个，总指数 36，目标 192，理论最多达标托盘 0 个，剩余指数 36。
  - 几何诊断：典型整层堆叠单盘参考上限 30/192。 当前目标可能受托盘高度/箱型组合限制。
  - 几何诊断提示：典型整层参考值 30 < 目标 192；该值不是不可达证明，继续执行指数救援。
  - 失败托盘互借诊断：未合并（no_target_or_single_plan）。
托盘类型 MH423C（销售订单号：LFEG16310IN01S）处理完成：总托盘 1，指数达标 0，未达标 1，平均缺口 156.00，最大缺口 156.00，失败托盘互借修复成功 0。
  - KPI：near/mid/deep=0/0/1，救回率=0.00%，pair效率=0.00%。
  - 耗时拆解：packing=0.10s，main_topup=0.00s，retry=0.00s，failed_pool=0.00s，repack=0.00s，total=0.10s。
正在处理托盘类型：MH423C，销售订单号：PAID16290FN01S
  - 主算法：全局列式装箱 + 柱级组合优化（GCP）。
  - 失败托盘互借诊断：未合并（no_target_or_single_plan）。
托盘类型 MH423C（销售订单号：PAID16290FN01S）处理完成：总托盘 1，指数达标 0，未达标 1，平均缺口 161.00，最大缺口 161.00，失败托盘互借修复成功 0。
  - KPI：near/mid/deep=0/0/1，救回率=0.00%，pair效率=0.00%。
  - 耗时拆解：packing=0.03s，main_topup=0.00s，retry=0.00s，failed_pool=0.00s，repack=0.00s，total=0.03s。
正在处理托盘类型：MH423C，销售订单号：PAID16290FN01S__SPLITREST__
  - 该分组不适合列式（多非满柱）→ 回退 beam + 配方优先。
  - 配方优先[fast]：规划 0 实例，实装成功 0，配方路径不可用 → 采用基线方案。
  - 指数诊断：箱子 1 个，总指数 0.5，目标 192，理论最多达标托盘 0 个，剩余指数 0.5。
  - 几何诊断：典型整层堆叠单盘参考上限 0.5/192。 当前目标可能受托盘高度/箱型组合限制。
  - 几何诊断提示：典型整层参考值 0.5 < 目标 192；该值不是不可达证明，继续执行指数救援。
  - 失败托盘互借诊断：未合并（no_target_or_single_plan）。
托盘类型 MH423C（销售订单号：PAID16290FN01S__SPLITREST__）处理完成：总托盘 1，指数达标 0，未达标 1，平均缺口 191.50，最大缺口 191.50，失败托盘互借修复成功 0。
  - KPI：near/mid/deep=0/0/1，救回率=0.00%，pair效率=0.00%。
  - 耗时拆解：packing=0.00s，main_topup=0.00s，retry=0.00s，failed_pool=0.00s，repack=0.00s，total=0.00s。
正在处理托盘类型：MH423C，销售订单号：PAIN26290BC02S
  - 主算法：全局列式装箱 + 柱级组合优化（GCP）。
  - 失败托盘互借诊断：未合并（no_target_or_single_plan）。
托盘类型 MH423C（销售订单号：PAIN26290BC02S）处理完成：总托盘 1，指数达标 0，未达标 1，平均缺口 84.00，最大缺口 84.00，失败托盘互借修复成功 0。
  - KPI：near/mid/deep=0/0/1，救回率=0.00%，pair效率=0.00%。
  - 耗时拆解：packing=1.34s，main_topup=0.00s，retry=0.00s，failed_pool=0.00s，repack=0.00s，total=1.34s。
正在处理托盘类型：MH423C，销售订单号：PAIN26286EN01S
  - 该分组不适合列式（多非满柱）→ 回退 beam + 配方优先。
  - 配方优先[fast]：规划 0 实例，实装成功 0，配方路径不可用 → 采用基线方案。
  - 指数诊断：箱子 1 个，总指数 2，目标 192，理论最多达标托盘 0 个，剩余指数 2。
  - 几何诊断：典型整层堆叠单盘参考上限 2/192。 当前目标可能受托盘高度/箱型组合限制。
  - 几何诊断提示：典型整层参考值 2 < 目标 192；该值不是不可达证明，继续执行指数救援。
  - 失败托盘互借诊断：未合并（no_target_or_single_plan）。
托盘类型 MH423C（销售订单号：PAIN26286EN01S）处理完成：总托盘 1，指数达标 0，未达标 1，平均缺口 190.00，最大缺口 190.00，失败托盘互借修复成功 0。
  - KPI：near/mid/deep=0/0/1，救回率=0.00%，pair效率=0.00%。
  - 耗时拆解：packing=0.00s，main_topup=0.00s，retry=0.00s，failed_pool=0.00s，repack=0.00s，total=0.00s。
正在处理托盘类型：MH423C，销售订单号：LAID16296DN03S__CASEGROUP__1
  - 主算法：全局列式装箱 + 柱级组合优化（GCP）。
  - 失败托盘互借诊断：未合并（no_target_or_single_plan）。
托盘类型 MH423C（销售订单号：LAID16296DN03S__CASEGROUP__1）处理完成：总托盘 1，指数达标 0，未达标 1，平均缺口 90.00，最大缺口 90.00，失败托盘互借修复成功 0。
  - KPI：near/mid/deep=0/0/1，救回率=0.00%，pair效率=0.00%。
  - 耗时拆解：packing=0.39s，main_topup=0.00s，retry=0.00s，failed_pool=0.00s，repack=0.00s，total=0.39s。
正在处理托盘类型：MH423C，销售订单号：LAID16296DN03S__CASEGROUP__1__SPLITREST__
  - 该分组不适合列式（多非满柱）→ 回退 beam + 配方优先。
  - 配方优先[fast]：规划 0 实例，实装成功 0，配方路径不可用 → 采用基线方案。
  - 指数诊断：箱子 4 个，总指数 2，目标 192，理论最多达标托盘 0 个，剩余指数 2。
  - 几何诊断：典型整层堆叠单盘参考上限 2/192。 当前目标可能受托盘高度/箱型组合限制。
  - 几何诊断提示：典型整层参考值 2 < 目标 192；该值不是不可达证明，继续执行指数救援。
  - 失败托盘互借诊断：未合并（no_target_or_single_plan）。
托盘类型 MH423C（销售订单号：LAID16296DN03S__CASEGROUP__1__SPLITREST__）处理完成：总托盘 1，指数达标 0，未达标 1，平均缺口 190.00，最大缺口 190.00，失败托盘互借修复成功 0。
  - KPI：near/mid/deep=0/0/1，救回率=0.00%，pair效率=0.00%。
  - 耗时拆解：packing=0.00s，main_topup=0.00s，retry=0.00s，failed_pool=0.00s，repack=0.00s，total=0.02s。
正在处理托盘类型：MH423C，销售订单号：LAMY16315FN01S
  - 主算法：全局列式装箱 + 柱级组合优化（GCP）。
  - 失败托盘互借诊断：未合并（no_target_or_single_plan）。
托盘类型 MH423C（销售订单号：LAMY16315FN01S）处理完成：总托盘 1，指数达标 0，未达标 1，平均缺口 21.00，最大缺口 21.00，失败托盘互借修复成功 0。
  - KPI：near/mid/deep=0/1/0，救回率=0.00%，pair效率=0.00%。
  - 耗时拆解：packing=1.01s，main_topup=0.00s，retry=0.00s，failed_pool=0.00s，repack=0.00s，total=1.01s。
正在处理托盘类型：MH423C，销售订单号：LAMY16315FN01S__SPLITREST__
  - 该分组不适合列式（多非满柱）→ 回退 beam + 配方优先。
  - 配方优先[fast]：规划 0 实例，实装成功 0，配方路径不可用 → 采用基线方案。
  - 指数诊断：箱子 1 个，总指数 0.5，目标 192，理论最多达标托盘 0 个，剩余指数 0.5。
  - 几何诊断：典型整层堆叠单盘参考上限 0.5/192。 当前目标可能受托盘高度/箱型组合限制。
  - 几何诊断提示：典型整层参考值 0.5 < 目标 192；该值不是不可达证明，继续执行指数救援。
  - 失败托盘互借诊断：未合并（no_target_or_single_plan）。
托盘类型 MH423C（销售订单号：LAMY16315FN01S__SPLITREST__）处理完成：总托盘 1，指数达标 0，未达标 1，平均缺口 191.50，最大缺口 191.50，失败托盘互借修复成功 0。
  - KPI：near/mid/deep=0/0/1，救回率=0.00%，pair效率=0.00%。
  - 耗时拆解：packing=0.00s，main_topup=0.00s，retry=0.00s，failed_pool=0.00s，repack=0.00s，total=0.00s。
正在处理托盘类型：MH423C，销售订单号：LAID16305BN02S
  - 主算法：全局列式装箱 + 柱级组合优化（GCP）。
  - 失败托盘互借诊断：未合并（no_target_or_single_plan）。
托盘类型 MH423C（销售订单号：LAID16305BN02S）处理完成：总托盘 1，指数达标 0，未达标 1，平均缺口 128.50，最大缺口 128.50，失败托盘互借修复成功 0。
  - KPI：near/mid/deep=0/0/1，救回率=0.00%，pair效率=0.00%。
  - 耗时拆解：packing=0.47s，main_topup=0.00s，retry=0.00s，failed_pool=0.00s，repack=0.00s，total=0.47s。
正在处理托盘类型：MH423C，销售订单号：PAID16280FC02S
  - 主算法：全局列式装箱 + 柱级组合优化（GCP）。
  - GCP 盘数远超理论（CP-SAT 装不满）→ 回退 baseline beam + 配方优先。
  - 配方优先[fast]：规划 0 实例，实装成功 0，配方路径不可用 → 采用基线方案。
  - 指数诊断：箱子 4 个，总指数 16，目标 192，理论最多达标托盘 0 个，剩余指数 16。
  - 几何诊断：典型整层堆叠单盘参考上限 16/192。 当前目标可能受托盘高度/箱型组合限制。
  - 几何诊断提示：典型整层参考值 16 < 目标 192；该值不是不可达证明，继续执行指数救援。
  - 失败托盘互借诊断：未合并（no_target_or_single_plan）。
托盘类型 MH423C（销售订单号：PAID16280FC02S）处理完成：总托盘 1，指数达标 0，未达标 1，平均缺口 176.00，最大缺口 176.00，失败托盘互借修复成功 0。
  - KPI：near/mid/deep=0/0/1，救回率=0.00%，pair效率=0.00%。
  - 耗时拆解：packing=0.00s，main_topup=0.00s，retry=0.00s，failed_pool=0.00s，repack=0.00s，total=0.02s。
正在处理托盘类型：MH423C，销售订单号：PAID16290FC02S
  - 该分组不适合列式（多非满柱）→ 回退 beam + 配方优先。
  - 配方优先[fast]：规划 0 实例，实装成功 0，配方路径不可用 → 采用基线方案。
  - 指数诊断：箱子 6 个，总指数 14，目标 192，理论最多达标托盘 0 个，剩余指数 14。
  - 几何诊断：典型整层堆叠单盘参考上限 14/192。 当前目标可能受托盘高度/箱型组合限制。
  - 几何诊断提示：典型整层参考值 14 < 目标 192；该值不是不可达证明，继续执行指数救援。
  - 失败托盘互借诊断：未合并（no_target_or_single_plan）。
托盘类型 MH423C（销售订单号：PAID16290FC02S）处理完成：总托盘 1，指数达标 0，未达标 1，平均缺口 178.00，最大缺口 178.00，失败托盘互借修复成功 0。
  - KPI：near/mid/deep=0/0/1，救回率=0.00%，pair效率=0.00%。
  - 耗时拆解：packing=0.01s，main_topup=0.00s，retry=0.00s，failed_pool=0.00s，repack=0.00s，total=0.05s。
正在处理托盘类型：MH423C，销售订单号：PEG146296CN01S
  - 主算法：全局列式装箱 + 柱级组合优化（GCP）。
  - 失败托盘互借诊断：未合并（no_target_or_single_plan）。
托盘类型 MH423C（销售订单号：PEG146296CN01S）处理完成：总托盘 1，指数达标 0，未达标 1，平均缺口 68.00，最大缺口 68.00，失败托盘互借修复成功 0。
  - KPI：near/mid/deep=0/0/1，救回率=0.00%，pair效率=0.00%。
  - 耗时拆解：packing=0.33s，main_topup=0.00s，retry=0.00s，failed_pool=0.00s，repack=0.00s，total=0.33s。
正在处理托盘类型：MH423C，销售订单号：PAID16295BN01S
  - 主算法：全局列式装箱 + 柱级组合优化（GCP）。
  - 失败托盘互借诊断：未合并（aborted_no_improvement_possible）。
托盘类型 MH423C（销售订单号：PAID16295BN01S）处理完成：总托盘 2，指数达标 0，未达标 2，平均缺口 96.75，最大缺口 163.50，失败托盘互借修复成功 0。
  - KPI：near/mid/deep=0/0/2，救回率=0.00%，pair效率=0.00%。
  - 耗时拆解：packing=2.17s，main_topup=0.00s，retry=0.00s，failed_pool=0.00s，repack=1.52s，total=3.69s。
正在处理托盘类型：MH423C，销售订单号：PAID16296DN01S
  - 主算法：全局列式装箱 + 柱级组合优化（GCP）。
  - 失败托盘互借诊断：未合并（no_target_or_single_plan）。
托盘类型 MH423C（销售订单号：PAID16296DN01S）处理完成：总托盘 1，指数达标 0，未达标 1，平均缺口 132.50，最大缺口 132.50，失败托盘互借修复成功 0。
  - KPI：near/mid/deep=0/0/1，救回率=0.00%，pair效率=0.00%。
  - 耗时拆解：packing=1.27s，main_topup=0.00s，retry=0.00s，failed_pool=0.00s，repack=0.00s，total=1.27s。
正在处理托盘类型：MH423C，销售订单号：PAID16296DN01S__SPLITREST__
  - 该分组不适合列式（多非满柱）→ 回退 beam + 配方优先。
  - 配方优先[fast]：规划 0 实例，实装成功 0，配方路径不可用 → 采用基线方案。
  - 指数诊断：箱子 3 个，总指数 6，目标 192，理论最多达标托盘 0 个，剩余指数 6。
  - 几何诊断：典型整层堆叠单盘参考上限 6/192。 当前目标可能受托盘高度/箱型组合限制。
  - 几何诊断提示：典型整层参考值 6 < 目标 192；该值不是不可达证明，继续执行指数救援。
  - 失败托盘互借诊断：未合并（no_target_or_single_plan）。
托盘类型 MH423C（销售订单号：PAID16296DN01S__SPLITREST__）处理完成：总托盘 1，指数达标 0，未达标 1，平均缺口 186.00，最大缺口 186.00，失败托盘互借修复成功 0。
  - KPI：near/mid/deep=0/0/1，救回率=0.00%，pair效率=0.00%。
  - 耗时拆解：packing=0.00s，main_topup=0.00s，retry=0.00s，failed_pool=0.00s，repack=0.00s，total=0.01s。
正在处理托盘类型：MH423C，销售订单号：LAID16305EN01S
  - 该分组不适合列式（多非满柱）→ 回退 beam + 配方优先。
  - 配方优先[fast]：规划 0 实例，实装成功 0，配方路径不可用 → 采用基线方案。
  - 指数诊断：箱子 31 个，总指数 87.5，目标 192，理论最多达标托盘 0 个，剩余指数 87.5。
  - 几何诊断：典型整层堆叠单盘参考上限 67/192。 当前目标可能受托盘高度/箱型组合限制。
  - 几何诊断提示：典型整层参考值 67 < 目标 192；该值不是不可达证明，继续执行指数救援。
  - 失败托盘互借诊断：未合并（no_target_or_single_plan）。
托盘类型 MH423C（销售订单号：LAID16305EN01S）处理完成：总托盘 1，指数达标 0，未达标 1，平均缺口 104.50，最大缺口 104.50，失败托盘互借修复成功 0。
  - KPI：near/mid/deep=0/0/1，救回率=0.00%，pair效率=0.00%。
  - 耗时拆解：packing=0.11s，main_topup=0.00s，retry=0.00s，failed_pool=0.00s，repack=0.00s，total=0.41s。
正在处理托盘类型：MH423C，销售订单号：PAID16295EL05S
  - 该分组不适合列式（多非满柱）→ 回退 beam + 配方优先。
  - 配方优先[fast]：规划 0 实例，实装成功 0，配方路径不可用 → 采用基线方案。
  - 指数诊断：箱子 1 个，总指数 2，目标 192，理论最多达标托盘 0 个，剩余指数 2。
  - 几何诊断：典型整层堆叠单盘参考上限 2/192。 当前目标可能受托盘高度/箱型组合限制。
  - 几何诊断提示：典型整层参考值 2 < 目标 192；该值不是不可达证明，继续执行指数救援。
  - 失败托盘互借诊断：未合并（no_target_or_single_plan）。
托盘类型 MH423C（销售订单号：PAID16295EL05S）处理完成：总托盘 1，指数达标 0，未达标 1，平均缺口 190.00，最大缺口 190.00，失败托盘互借修复成功 0。
  - KPI：near/mid/deep=0/0/1，救回率=0.00%，pair效率=0.00%。
  - 耗时拆解：packing=0.00s，main_topup=0.00s，retry=0.00s，failed_pool=0.00s，repack=0.00s，total=0.00s。
正在处理托盘类型：MH423C，销售订单号：PAID16290FL03S
  - 该分组不适合列式（多非满柱）→ 回退 beam + 配方优先。
  - 配方优先[fast]：规划 0 实例，实装成功 0，配方路径不可用 → 采用基线方案。
  - 指数诊断：箱子 3 个，总指数 6，目标 192，理论最多达标托盘 0 个，剩余指数 6。
  - 几何诊断：典型整层堆叠单盘参考上限 6/192。 当前目标可能受托盘高度/箱型组合限制。
  - 几何诊断提示：典型整层参考值 6 < 目标 192；该值不是不可达证明，继续执行指数救援。
  - 失败托盘互借诊断：未合并（no_target_or_single_plan）。
托盘类型 MH423C（销售订单号：PAID16290FL03S）处理完成：总托盘 1，指数达标 0，未达标 1，平均缺口 186.00，最大缺口 186.00，失败托盘互借修复成功 0。
  - KPI：near/mid/deep=0/0/1，救回率=0.00%，pair效率=0.00%。
  - 耗时拆解：packing=0.00s，main_topup=0.00s，retry=0.00s，failed_pool=0.00s，repack=0.00s，total=0.01s。
正在处理托盘类型：MH423C，销售订单号：PAID16306DN01S
  - 主算法：全局列式装箱 + 柱级组合优化（GCP）。
  - 失败托盘互借诊断：未合并（no_target_or_single_plan）。
托盘类型 MH423C（销售订单号：PAID16306DN01S）处理完成：总托盘 1，指数达标 0，未达标 1，平均缺口 170.00，最大缺口 170.00，失败托盘互借修复成功 0。
  - KPI：near/mid/deep=0/0/1，救回率=0.00%，pair效率=0.00%。
  - 耗时拆解：packing=0.09s，main_topup=0.00s，retry=0.00s，failed_pool=0.00s，repack=0.00s，total=0.09s。
正在处理托盘类型：MH423C，销售订单号：PAID16306DN01S__SPLITREST__
  - 该分组不适合列式（多非满柱）→ 回退 beam + 配方优先。
  - 配方优先[fast]：规划 0 实例，实装成功 0，配方路径不可用 → 采用基线方案。
  - 指数诊断：箱子 2 个，总指数 1，目标 192，理论最多达标托盘 0 个，剩余指数 1。
  - 几何诊断：典型整层堆叠单盘参考上限 1/192。 当前目标可能受托盘高度/箱型组合限制。
  - 几何诊断提示：典型整层参考值 1 < 目标 192；该值不是不可达证明，继续执行指数救援。
  - 失败托盘互借诊断：未合并（no_target_or_single_plan）。
托盘类型 MH423C（销售订单号：PAID16306DN01S__SPLITREST__）处理完成：总托盘 1，指数达标 0，未达标 1，平均缺口 191.00，最大缺口 191.00，失败托盘互借修复成功 0。
  - KPI：near/mid/deep=0/0/1，救回率=0.00%，pair效率=0.00%。
  - 耗时拆解：packing=0.00s，main_topup=0.00s，retry=0.00s，failed_pool=0.00s，repack=0.00s，total=0.00s。
正在处理托盘类型：MH423C，销售订单号：LAMY16305FN01S
  - 主算法：全局列式装箱 + 柱级组合优化（GCP）。
  - GCP 盘数远超理论（CP-SAT 装不满）→ 回退 baseline beam + 配方优先。
  - 配方优先[fast]：规划 0 实例，实装成功 0，配方路径不可用 → 采用基线方案。
  - 指数诊断：箱子 65 个，总指数 123.5，目标 192，理论最多达标托盘 0 个，剩余指数 123.5。
  - 几何诊断：典型整层堆叠单盘参考上限 90/192。 当前目标可能受托盘高度/箱型组合限制。
  - 几何诊断提示：典型整层参考值 90 < 目标 192；该值不是不可达证明，继续执行指数救援。
  - 失败托盘互借诊断：未合并（aborted_no_improvement_possible）。
托盘类型 MH423C（销售订单号：LAMY16305FN01S）处理完成：总托盘 2，指数达标 0，未达标 2，平均缺口 130.25，最大缺口 188.00，失败托盘互借修复成功 0。
  - KPI：near/mid/deep=0/0/2，救回率=0.00%，pair效率=0.00%。
  - 耗时拆解：packing=0.76s，main_topup=0.01s，retry=0.00s，failed_pool=0.00s，repack=1.19s，total=5.49s。
正在处理托盘类型：MH423C，销售订单号：LAMY16305FN01S__SPLITREST__
  - 该分组不适合列式（多非满柱）→ 回退 beam + 配方优先。
  - 配方优先[fast]：规划 0 实例，实装成功 0，配方路径不可用 → 采用基线方案。
  - 指数诊断：箱子 1 个，总指数 6，目标 192，理论最多达标托盘 0 个，剩余指数 6。
  - 几何诊断：典型整层堆叠单盘参考上限 6/192。 当前目标可能受托盘高度/箱型组合限制。
  - 几何诊断提示：典型整层参考值 6 < 目标 192；该值不是不可达证明，继续执行指数救援。
  - 失败托盘互借诊断：未合并（no_target_or_single_plan）。
托盘类型 MH423C（销售订单号：LAMY16305FN01S__SPLITREST__）处理完成：总托盘 1，指数达标 0，未达标 1，平均缺口 186.00，最大缺口 186.00，失败托盘互借修复成功 0。
  - KPI：near/mid/deep=0/0/1，救回率=0.00%，pair效率=0.00%。
  - 耗时拆解：packing=0.00s，main_topup=0.00s，retry=0.00s，failed_pool=0.00s，repack=0.00s，total=0.00s。
正在处理托盘类型：MH423C，销售订单号：PAID16300FN01S
  - 该分组不适合列式（多非满柱）→ 回退 beam + 配方优先。
  - 配方优先[fast]：规划 0 实例，实装成功 0，配方路径不可用 → 采用基线方案。
  - 指数诊断：箱子 8 个，总指数 19，目标 192，理论最多达标托盘 0 个，剩余指数 19。
  - 几何诊断：典型整层堆叠单盘参考上限 19/192。 当前目标可能受托盘高度/箱型组合限制。
  - 几何诊断提示：典型整层参考值 19 < 目标 192；该值不是不可达证明，继续执行指数救援。
  - 失败托盘互借诊断：未合并（no_target_or_single_plan）。
托盘类型 MH423C（销售订单号：PAID16300FN01S）处理完成：总托盘 1，指数达标 0，未达标 1，平均缺口 173.00，最大缺口 173.00，失败托盘互借修复成功 0。
  - KPI：near/mid/deep=0/0/1，救回率=0.00%，pair效率=0.00%。
  - 耗时拆解：packing=0.01s，main_topup=0.00s，retry=0.00s，failed_pool=0.00s，repack=0.00s，total=0.05s。
正在处理托盘类型：MH423C，销售订单号：PAID16295BD02S
  - 主算法：全局列式装箱 + 柱级组合优化（GCP）。
  - 失败托盘互借诊断：未合并（no_target_or_single_plan）。
托盘类型 MH423C（销售订单号：PAID16295BD02S）处理完成：总托盘 1，指数达标 0，未达标 1，平均缺口 156.00，最大缺口 156.00，失败托盘互借修复成功 0。
  - KPI：near/mid/deep=0/0/1，救回率=0.00%，pair效率=0.00%。
  - 耗时拆解：packing=0.08s，main_topup=0.00s，retry=0.00s，failed_pool=0.00s，repack=0.00s，total=0.08s。
正在处理托盘类型：MH423C，销售订单号：LFEG16300IN02S
  - 主算法：全局列式装箱 + 柱级组合优化（GCP）。
  - GCP 盘数远超理论（CP-SAT 装不满）→ 回退 baseline beam + 配方优先。
  - 配方优先[fast]：规划 0 实例，实装成功 0，配方路径不可用 → 采用基线方案。
  - 指数诊断：箱子 87 个，总指数 152.5，目标 192，理论最多达标托盘 0 个，剩余指数 152.5。
  - 几何诊断：典型整层堆叠单盘参考上限 116/192。 当前目标可能受托盘高度/箱型组合限制。
  - 几何诊断提示：典型整层参考值 116 < 目标 192；该值不是不可达证明，继续执行指数救援。
  - 失败托盘互借诊断：未合并（aborted_no_improvement_possible）。
托盘类型 MH423C（销售订单号：LFEG16300IN02S）处理完成：总托盘 2，指数达标 0，未达标 2，平均缺口 115.75，最大缺口 186.50，失败托盘互借修复成功 0。
  - KPI：near/mid/deep=0/0/2，救回率=0.00%，pair效率=0.00%。
  - 耗时拆解：packing=1.43s，main_topup=0.03s，retry=0.00s，failed_pool=0.00s，repack=2.66s，total=12.10s。
正在处理托盘类型：MH423C，销售订单号：LFEG16300IN02S__SPLITREST__
  - 该分组不适合列式（多非满柱）→ 回退 beam + 配方优先。
  - 配方优先[fast]：规划 0 实例，实装成功 0，配方路径不可用 → 采用基线方案。
  - 指数诊断：箱子 2 个，总指数 4，目标 192，理论最多达标托盘 0 个，剩余指数 4。
  - 几何诊断：典型整层堆叠单盘参考上限 4/192。 当前目标可能受托盘高度/箱型组合限制。
  - 几何诊断提示：典型整层参考值 4 < 目标 192；该值不是不可达证明，继续执行指数救援。
  - 失败托盘互借诊断：未合并（no_target_or_single_plan）。
托盘类型 MH423C（销售订单号：LFEG16300IN02S__SPLITREST__）处理完成：总托盘 1，指数达标 0，未达标 1，平均缺口 188.00，最大缺口 188.00，失败托盘互借修复成功 0。
  - KPI：near/mid/deep=0/0/1，救回率=0.00%，pair效率=0.00%。
  - 耗时拆解：packing=0.00s，main_topup=0.00s，retry=0.00s，failed_pool=0.00s，repack=0.00s，total=0.01s。
正在处理托盘类型：MH423C，销售订单号：LAID16305BN01S
  - 主算法：全局列式装箱 + 柱级组合优化（GCP）。
  - 失败托盘互借诊断：未合并（aborted_no_improvement_possible）。
托盘类型 MH423C（销售订单号：LAID16305BN01S）处理完成：总托盘 2，指数达标 0，未达标 2，平均缺口 131.50，最大缺口 188.00，失败托盘互借修复成功 0。
  - KPI：near/mid/deep=0/0/2，救回率=0.00%，pair效率=0.00%。
  - 耗时拆解：packing=0.83s，main_topup=0.00s，retry=0.00s，failed_pool=0.00s，repack=0.65s，total=1.48s。
正在处理托盘类型：MH423C，销售订单号：LFEG16310IN03S
  - 主算法：全局列式装箱 + 柱级组合优化（GCP）。
  - 失败托盘互借诊断：未合并（no_target_or_single_plan）。
托盘类型 MH423C（销售订单号：LFEG16310IN03S）处理完成：总托盘 1，指数达标 0，未达标 1，平均缺口 159.00，最大缺口 159.00，失败托盘互借修复成功 0。
  - KPI：near/mid/deep=0/0/1，救回率=0.00%，pair效率=0.00%。
  - 耗时拆解：packing=0.04s，main_topup=0.00s，retry=0.00s，failed_pool=0.00s，repack=0.00s，total=0.04s。
正在处理托盘类型：MH423C，销售订单号：LFEG16300IN01S
  - 该分组不适合列式（多非满柱）→ 回退 beam + 配方优先。
  - 配方优先[fast]：规划 0 实例，实装成功 0，配方路径不可用 → 采用基线方案。
  - 指数诊断：箱子 18 个，总指数 29.5，目标 192，理论最多达标托盘 0 个，剩余指数 29.5。
  - 几何诊断：典型整层堆叠单盘参考上限 28.5/192。 当前目标可能受托盘高度/箱型组合限制。
  - 几何诊断提示：典型整层参考值 28.5 < 目标 192；该值不是不可达证明，继续执行指数救援。
  - 失败托盘互借诊断：未合并（no_target_or_single_plan）。
托盘类型 MH423C（销售订单号：LFEG16300IN01S）处理完成：总托盘 1，指数达标 0，未达标 1，平均缺口 162.50，最大缺口 162.50，失败托盘互借修复成功 0。
  - KPI：near/mid/deep=0/0/1，救回率=0.00%，pair效率=0.00%。
  - 耗时拆解：packing=0.10s，main_topup=0.00s，retry=0.00s，failed_pool=0.00s，repack=0.00s，total=0.10s。
正在处理托盘类型：MH423C，销售订单号：LFEG16300IN03S
  - 主算法：全局列式装箱 + 柱级组合优化（GCP）。
  - 失败托盘互借诊断：未合并（no_target_or_single_plan）。
托盘类型 MH423C（销售订单号：LFEG16300IN03S）处理完成：总托盘 1，指数达标 0，未达标 1，平均缺口 82.00，最大缺口 82.00，失败托盘互借修复成功 0。
  - KPI：near/mid/deep=0/0/1，救回率=0.00%，pair效率=0.00%。
  - 耗时拆解：packing=0.99s，main_topup=0.00s，retry=0.00s，failed_pool=0.00s，repack=0.00s，total=0.99s。
正在处理托盘类型：MH423C，销售订单号：LFEG16300IN03S__SPLITREST__
  - 该分组不适合列式（多非满柱）→ 回退 beam + 配方优先。
  - 配方优先[fast]：规划 0 实例，实装成功 0，配方路径不可用 → 采用基线方案。
  - 指数诊断：箱子 2 个，总指数 4，目标 192，理论最多达标托盘 0 个，剩余指数 4。
  - 几何诊断：典型整层堆叠单盘参考上限 4/192。 当前目标可能受托盘高度/箱型组合限制。
  - 几何诊断提示：典型整层参考值 4 < 目标 192；该值不是不可达证明，继续执行指数救援。
  - 失败托盘互借诊断：未合并（no_target_or_single_plan）。
托盘类型 MH423C（销售订单号：LFEG16300IN03S__SPLITREST__）处理完成：总托盘 1，指数达标 0，未达标 1，平均缺口 188.00，最大缺口 188.00，失败托盘互借修复成功 0。
  - KPI：near/mid/deep=0/0/1，救回率=0.00%，pair效率=0.00%。
  - 耗时拆解：packing=0.00s，main_topup=0.00s，retry=0.00s，failed_pool=0.00s，repack=0.00s，total=0.00s。
正在处理托盘类型：MH423C，销售订单号：LAID16305BN03S
  - 主算法：全局列式装箱 + 柱级组合优化（GCP）。
  - 失败托盘互借诊断：未合并（no_target_or_single_plan）。
托盘类型 MH423C（销售订单号：LAID16305BN03S）处理完成：总托盘 1，指数达标 0，未达标 1，平均缺口 116.00，最大缺口 116.00，失败托盘互借修复成功 0。
  - KPI：near/mid/deep=0/0/1，救回率=0.00%，pair效率=0.00%。
  - 耗时拆解：packing=0.35s，main_topup=0.00s，retry=0.00s，failed_pool=0.00s，repack=0.00s，total=0.35s。
正在处理托盘类型：MH423C，销售订单号：LAID16305BN03S__SPLITREST__
  - 该分组不适合列式（多非满柱）→ 回退 beam + 配方优先。
  - 托盘 MH423C-LAID16305BN03S__SPLITREST__-1 未找到可行装箱方案，启用剩余箱子守恒兜底。
  - 配方优先[fast]：规划 0 实例，实装成功 0，配方路径不可用 → 采用基线方案。
  - 指数诊断：箱子 5 个，总指数 2.5，目标 192，理论最多达标托盘 0 个，剩余指数 2.5。
  - 几何诊断：典型整层堆叠单盘参考上限 2.5/192。 当前目标可能受托盘高度/箱型组合限制。
  - 几何诊断提示：典型整层参考值 2.5 < 目标 192；该值不是不可达证明，继续执行指数救援。
  - 失败托盘互借诊断：未合并（aborted_no_improvement_possible）。
托盘类型 MH423C（销售订单号：LAID16305BN03S__SPLITREST__）处理完成：总托盘 2，指数达标 0，未达标 2，平均缺口 190.75，最大缺口 191.50，失败托盘互借修复成功 0。
  - KPI：near/mid/deep=0/0/2，救回率=0.00%，pair效率=0.00%。
  - 耗时拆解：packing=0.01s，main_topup=0.00s，retry=0.00s，failed_pool=0.00s，repack=0.03s，total=0.07s。
正在处理托盘类型：MH423C，销售订单号：PEG166300LN01S
  - 主算法：全局列式装箱 + 柱级组合优化（GCP）。
  - 失败托盘互借诊断：未合并（no_target_or_single_plan）。
托盘类型 MH423C（销售订单号：PEG166300LN01S）处理完成：总托盘 1，指数达标 0，未达标 1，平均缺口 64.00，最大缺口 64.00，失败托盘互借修复成功 0。
  - KPI：near/mid/deep=0/0/1，救回率=0.00%，pair效率=0.00%。
  - 耗时拆解：packing=0.32s，main_topup=0.00s，retry=0.00s，failed_pool=0.00s，repack=0.00s，total=0.32s。
正在处理托盘类型：MH423C，销售订单号：PAID163008N01S
  - 该分组不适合列式（多非满柱）→ 回退 beam + 配方优先。
  - 配方优先[fast]：规划 0 实例，实装成功 0，配方路径不可用 → 采用基线方案。
  - 指数诊断：箱子 1 个，总指数 1，目标 192，理论最多达标托盘 0 个，剩余指数 1。
  - 几何诊断：典型整层堆叠单盘参考上限 1/192。 当前目标可能受托盘高度/箱型组合限制。
  - 几何诊断提示：典型整层参考值 1 < 目标 192；该值不是不可达证明，继续执行指数救援。
  - 失败托盘互借诊断：未合并（no_target_or_single_plan）。
托盘类型 MH423C（销售订单号：PAID163008N01S）处理完成：总托盘 1，指数达标 0，未达标 1，平均缺口 191.00，最大缺口 191.00，失败托盘互借修复成功 0。
  - KPI：near/mid/deep=0/0/1，救回率=0.00%，pair效率=0.00%。
  - 耗时拆解：packing=0.00s，main_topup=0.00s，retry=0.00s，failed_pool=0.00s，repack=0.00s，total=0.00s。
正在处理托盘类型：MH423C，销售订单号：PAIN26290BN01S
  - 该分组不适合列式（多非满柱）→ 回退 beam + 配方优先。
  - 托盘 MH423C-PAIN26290BN01S-1 未找到可行装箱方案，启用剩余箱子守恒兜底。
  - 配方优先[fast]：规划 0 实例，实装成功 0，配方路径不可用 → 采用基线方案。
  - 指数诊断：箱子 5 个，总指数 2.5，目标 192，理论最多达标托盘 0 个，剩余指数 2.5。
  - 几何诊断：典型整层堆叠单盘参考上限 2.5/192。 当前目标可能受托盘高度/箱型组合限制。
  - 几何诊断提示：典型整层参考值 2.5 < 目标 192；该值不是不可达证明，继续执行指数救援。
  - 失败盘装满压实：合并/吸收 1 次（纯减盘数）。
  - 失败托盘互借诊断：未合并（aborted_no_improvement_possible）。
托盘类型 MH423C（销售订单号：PAIN26290BN01S）处理完成：总托盘 1，指数达标 0，未达标 1，平均缺口 189.50，最大缺口 189.50，失败托盘互借修复成功 0。
  - KPI：near/mid/deep=0/0/1，救回率=0.00%，pair效率=0.00%。
  - 耗时拆解：packing=0.01s，main_topup=0.00s，retry=0.00s，failed_pool=0.00s，repack=0.03s，total=0.07s。
正在处理托盘类型：MH423C，销售订单号：PAID162308N01S
  - 该分组不适合列式（多非满柱）→ 回退 beam + 配方优先。
  - 配方优先[fast]：规划 0 实例，实装成功 0，配方路径不可用 → 采用基线方案。
  - 指数诊断：箱子 1 个，总指数 2，目标 192，理论最多达标托盘 0 个，剩余指数 2。
  - 几何诊断：典型整层堆叠单盘参考上限 2/192。 当前目标可能受托盘高度/箱型组合限制。
  - 几何诊断提示：典型整层参考值 2 < 目标 192；该值不是不可达证明，继续执行指数救援。
  - 失败托盘互借诊断：未合并（no_target_or_single_plan）。
托盘类型 MH423C（销售订单号：PAID162308N01S）处理完成：总托盘 1，指数达标 0，未达标 1，平均缺口 190.00，最大缺口 190.00，失败托盘互借修复成功 0。
  - KPI：near/mid/deep=0/0/1，救回率=0.00%，pair效率=0.00%。
  - 耗时拆解：packing=0.00s，main_topup=0.00s，retry=0.00s，failed_pool=0.00s，repack=0.00s，total=0.00s。
正在处理托盘类型：MH423C，销售订单号：PEG106290LN01S
  - 主算法：全局列式装箱 + 柱级组合优化（GCP）。
  - 失败托盘互借诊断：未合并（no_target_or_single_plan）。
托盘类型 MH423C（销售订单号：PEG106290LN01S）处理完成：总托盘 1，指数达标 0，未达标 1，平均缺口 179.00，最大缺口 179.00，失败托盘互借修复成功 0。
  - KPI：near/mid/deep=0/0/1，救回率=0.00%，pair效率=0.00%。
  - 耗时拆解：packing=0.04s，main_topup=0.00s，retry=0.00s，failed_pool=0.00s，repack=0.00s，total=0.04s。
正在处理托盘类型：MH423C，销售订单号：LAID16306DN03S
  - 该分组不适合列式（多非满柱）→ 回退 beam + 配方优先。
  - 配方优先[fast]：规划 0 实例，实装成功 0，配方路径不可用 → 采用基线方案。
  - 指数诊断：箱子 9 个，总指数 9，目标 192，理论最多达标托盘 0 个，剩余指数 9。
  - 几何诊断：典型整层堆叠单盘参考上限 9/192。 当前目标可能受托盘高度/箱型组合限制。
  - 几何诊断提示：典型整层参考值 9 < 目标 192；该值不是不可达证明，继续执行指数救援。
  - 失败托盘互借诊断：未合并（no_target_or_single_plan）。
托盘类型 MH423C（销售订单号：LAID16306DN03S）处理完成：总托盘 1，指数达标 0，未达标 1，平均缺口 183.00，最大缺口 183.00，失败托盘互借修复成功 0。
  - KPI：near/mid/deep=0/0/1，救回率=0.00%，pair效率=0.00%。
  - 耗时拆解：packing=0.01s，main_topup=0.00s，retry=0.00s，failed_pool=0.00s，repack=0.00s，total=0.07s。
正在处理托盘类型：MH423C，销售订单号：PAID16305EC01S
  - 该分组不适合列式（多非满柱）→ 回退 beam + 配方优先。
  - 配方优先[fast]：规划 0 实例，实装成功 0，配方路径不可用 → 采用基线方案。
  - 指数诊断：箱子 2 个，总指数 2，目标 192，理论最多达标托盘 0 个，剩余指数 2。
  - 几何诊断：典型整层堆叠单盘参考上限 2/192。 当前目标可能受托盘高度/箱型组合限制。
  - 几何诊断提示：典型整层参考值 2 < 目标 192；该值不是不可达证明，继续执行指数救援。
  - 失败托盘互借诊断：未合并（no_target_or_single_plan）。
托盘类型 MH423C（销售订单号：PAID16305EC01S）处理完成：总托盘 1，指数达标 0，未达标 1，平均缺口 190.00，最大缺口 190.00，失败托盘互借修复成功 0。
  - KPI：near/mid/deep=0/0/1，救回率=0.00%，pair效率=0.00%。
  - 耗时拆解：packing=0.00s，main_topup=0.00s，retry=0.00s，failed_pool=0.00s，repack=0.00s，total=0.00s。
正在处理托盘类型：MH423C，销售订单号：LAID16306DN02S
  - 主算法：全局列式装箱 + 柱级组合优化（GCP）。
  - 失败托盘互借诊断：未合并（no_target_or_single_plan）。
托盘类型 MH423C（销售订单号：LAID16306DN02S）处理完成：总托盘 1，指数达标 0，未达标 1，平均缺口 148.00，最大缺口 148.00，失败托盘互借修复成功 0。
  - KPI：near/mid/deep=0/0/1，救回率=0.00%，pair效率=0.00%。
  - 耗时拆解：packing=0.48s，main_topup=0.00s，retry=0.00s，failed_pool=0.00s，repack=0.00s，total=0.48s。
正在处理托盘类型：MH423C，销售订单号：LAID16306DN02S__SPLITREST__
  - 该分组不适合列式（多非满柱）→ 回退 beam + 配方优先。
  - 配方优先[fast]：规划 0 实例，实装成功 0，配方路径不可用 → 采用基线方案。
  - 指数诊断：箱子 2 个，总指数 4，目标 192，理论最多达标托盘 0 个，剩余指数 4。
  - 几何诊断：典型整层堆叠单盘参考上限 4/192。 当前目标可能受托盘高度/箱型组合限制。
  - 几何诊断提示：典型整层参考值 4 < 目标 192；该值不是不可达证明，继续执行指数救援。
  - 失败托盘互借诊断：未合并（no_target_or_single_plan）。
托盘类型 MH423C（销售订单号：LAID16306DN02S__SPLITREST__）处理完成：总托盘 1，指数达标 0，未达标 1，平均缺口 188.00，最大缺口 188.00，失败托盘互借修复成功 0。
  - KPI：near/mid/deep=0/0/1，救回率=0.00%，pair效率=0.00%。
  - 耗时拆解：packing=0.00s，main_topup=0.00s，retry=0.00s，failed_pool=0.00s，repack=0.00s，total=0.01s。
正在处理托盘类型：MH423C，销售订单号：LFEG16316AN01S
  - 主算法：全局列式装箱 + 柱级组合优化（GCP）。
  - 失败托盘互借诊断：未合并（no_target_or_single_plan）。
托盘类型 MH423C（销售订单号：LFEG16316AN01S）处理完成：总托盘 1，指数达标 0，未达标 1，平均缺口 178.00，最大缺口 178.00，失败托盘互借修复成功 0。
  - KPI：near/mid/deep=0/0/1，救回率=0.00%，pair效率=0.00%。
  - 耗时拆解：packing=0.01s，main_topup=0.00s，retry=0.00s，failed_pool=0.00s，repack=0.00s，total=0.01s。
正在处理托盘类型：MH423C，销售订单号：PAIN26310GN01S
  - 主算法：全局列式装箱 + 柱级组合优化（GCP）。
  - GCP 盘数远超理论（CP-SAT 装不满）→ 回退 baseline beam + 配方优先。
  - 配方优先[fast]：规划 0 实例，实装成功 0，配方路径不可用 → 采用基线方案。
  - 指数诊断：箱子 4 个，总指数 16，目标 192，理论最多达标托盘 0 个，剩余指数 16。
  - 几何诊断：典型整层堆叠单盘参考上限 16/192。 当前目标可能受托盘高度/箱型组合限制。
  - 几何诊断提示：典型整层参考值 16 < 目标 192；该值不是不可达证明，继续执行指数救援。
  - 失败托盘互借诊断：未合并（no_target_or_single_plan）。
托盘类型 MH423C（销售订单号：PAIN26310GN01S）处理完成：总托盘 1，指数达标 0，未达标 1，平均缺口 176.00，最大缺口 176.00，失败托盘互借修复成功 0。
  - KPI：near/mid/deep=0/0/1，救回率=0.00%，pair效率=0.00%。
  - 耗时拆解：packing=0.00s，main_topup=0.00s，retry=0.00s，failed_pool=0.00s，repack=0.00s，total=0.02s。
正在处理托盘类型：MH423C，销售订单号：PAIN26290MZ07S
  - 主算法：全局列式装箱 + 柱级组合优化（GCP）。
  - 失败托盘互借诊断：未合并（no_target_or_single_plan）。
托盘类型 MH423C（销售订单号：PAIN26290MZ07S）处理完成：总托盘 1，指数达标 0，未达标 1，平均缺口 22.00，最大缺口 22.00，失败托盘互借修复成功 0。
  - KPI：near/mid/deep=0/1/0，救回率=0.00%，pair效率=0.00%。
  - 耗时拆解：packing=2.89s，main_topup=0.00s，retry=0.00s，failed_pool=0.00s，repack=0.00s，total=2.89s。
正在处理托盘类型：MH423C，销售订单号：PAID16295EN06S
  - 该分组不适合列式（多非满柱）→ 回退 beam + 配方优先。
  - 配方优先[fast]：规划 0 实例，实装成功 0，配方路径不可用 → 采用基线方案。
  - 指数诊断：箱子 1 个，总指数 1，目标 192，理论最多达标托盘 0 个，剩余指数 1。
  - 几何诊断：典型整层堆叠单盘参考上限 1/192。 当前目标可能受托盘高度/箱型组合限制。
  - 几何诊断提示：典型整层参考值 1 < 目标 192；该值不是不可达证明，继续执行指数救援。
  - 失败托盘互借诊断：未合并（no_target_or_single_plan）。
托盘类型 MH423C（销售订单号：PAID16295EN06S）处理完成：总托盘 1，指数达标 0，未达标 1，平均缺口 191.00，最大缺口 191.00，失败托盘互借修复成功 0。
  - KPI：near/mid/deep=0/0/1，救回率=0.00%，pair效率=0.00%。
  - 耗时拆解：packing=0.00s，main_topup=0.00s，retry=0.00s，failed_pool=0.00s，repack=0.00s，total=0.00s。
正在处理托盘类型：MH423C，销售订单号：PAIN26296EN01S
  - 主算法：全局列式装箱 + 柱级组合优化（GCP）。
  - 失败托盘互借诊断：未合并（no_target_or_single_plan）。
托盘类型 MH423C（销售订单号：PAIN26296EN01S）处理完成：总托盘 1，指数达标 0，未达标 1，平均缺口 31.00，最大缺口 31.00，失败托盘互借修复成功 0。
  - KPI：near/mid/deep=0/0/1，救回率=0.00%，pair效率=0.00%。
  - 耗时拆解：packing=0.44s，main_topup=0.00s，retry=0.00s，failed_pool=0.00s，repack=0.00s，total=0.44s。
正在处理托盘类型：MH423C，销售订单号：LFEG16316AN02S
  - 该分组不适合列式（多非满柱）→ 回退 beam + 配方优先。
  - 配方优先[fast]：规划 0 实例，实装成功 0，配方路径不可用 → 采用基线方案。
  - 指数诊断：箱子 3 个，总指数 6，目标 192，理论最多达标托盘 0 个，剩余指数 6。
  - 几何诊断：典型整层堆叠单盘参考上限 6/192。 当前目标可能受托盘高度/箱型组合限制。
  - 几何诊断提示：典型整层参考值 6 < 目标 192；该值不是不可达证明，继续执行指数救援。
  - 失败托盘互借诊断：未合并（no_target_or_single_plan）。
托盘类型 MH423C（销售订单号：LFEG16316AN02S）处理完成：总托盘 1，指数达标 0，未达标 1，平均缺口 186.00，最大缺口 186.00，失败托盘互借修复成功 0。
  - KPI：near/mid/deep=0/0/1，救回率=0.00%，pair效率=0.00%。
  - 耗时拆解：packing=0.00s，main_topup=0.00s，retry=0.00s，failed_pool=0.00s，repack=0.00s，total=0.01s。
正在处理托盘类型：MH423C，销售订单号：PAIN26310MN01S
  - 该分组不适合列式（多非满柱）→ 回退 beam + 配方优先。
  - 配方优先[fast]：规划 0 实例，实装成功 0，配方路径不可用 → 采用基线方案。
  - 指数诊断：箱子 7 个，总指数 76，目标 192，理论最多达标托盘 0 个，剩余指数 76。
  - 几何诊断：典型整层堆叠单盘参考上限 60/192。 当前目标可能受托盘高度/箱型组合限制。
  - 几何诊断提示：典型整层参考值 60 < 目标 192；该值不是不可达证明，继续执行指数救援。
  - 失败托盘互借诊断：未合并（no_target_or_single_plan）。
托盘类型 MH423C（销售订单号：PAIN26310MN01S）处理完成：总托盘 1，指数达标 0，未达标 1，平均缺口 116.00，最大缺口 116.00，失败托盘互借修复成功 0。
  - KPI：near/mid/deep=0/0/1，救回率=0.00%，pair效率=0.00%。
  - 耗时拆解：packing=0.00s，main_topup=0.00s，retry=0.00s，failed_pool=0.00s，repack=0.00s，total=0.00s。
正在处理托盘类型：MH423C，销售订单号：LAID16315EN01S
  - 该分组不适合列式（多非满柱）→ 回退 beam + 配方优先。
  - 配方优先[fast]：规划 0 实例，实装成功 0，配方路径不可用 → 采用基线方案。
  - 指数诊断：箱子 4 个，总指数 20，目标 192，理论最多达标托盘 0 个，剩余指数 20。
  - 几何诊断：典型整层堆叠单盘参考上限 20/192。 当前目标可能受托盘高度/箱型组合限制。
  - 几何诊断提示：典型整层参考值 20 < 目标 192；该值不是不可达证明，继续执行指数救援。
  - 失败托盘互借诊断：未合并（no_target_or_single_plan）。
托盘类型 MH423C（销售订单号：LAID16315EN01S）处理完成：总托盘 1，指数达标 0，未达标 1，平均缺口 172.00，最大缺口 172.00，失败托盘互借修复成功 0。
  - KPI：near/mid/deep=0/0/1，救回率=0.00%，pair效率=0.00%。
  - 耗时拆解：packing=0.01s，main_topup=0.00s，retry=0.00s，failed_pool=0.00s，repack=0.00s，total=0.01s。
正在处理托盘类型：MH423C，销售订单号：PAIN26316EN01S
  - 主算法：全局列式装箱 + 柱级组合优化（GCP）。
  - 失败托盘互借诊断：未合并（no_target_or_single_plan）。
托盘类型 MH423C（销售订单号：PAIN26316EN01S）处理完成：总托盘 1，指数达标 0，未达标 1，平均缺口 140.00，最大缺口 140.00，失败托盘互借修复成功 0。
  - KPI：near/mid/deep=0/0/1，救回率=0.00%，pair效率=0.00%。
  - 耗时拆解：packing=0.04s，main_topup=0.00s，retry=0.00s，failed_pool=0.00s，repack=0.00s，total=0.04s。
正在处理托盘类型：MH423C，销售订单号：LAID16315EN02S
  - 主算法：全局列式装箱 + 柱级组合优化（GCP）。
  - 失败托盘互借诊断：未合并（no_target_or_single_plan）。
托盘类型 MH423C（销售订单号：LAID16315EN02S）处理完成：总托盘 1，指数达标 0，未达标 1，平均缺口 148.00，最大缺口 148.00，失败托盘互借修复成功 0。
  - KPI：near/mid/deep=0/0/1，救回率=0.00%，pair效率=0.00%。
  - 耗时拆解：packing=0.01s，main_topup=0.00s，retry=0.00s，failed_pool=0.00s，repack=0.00s，total=0.01s。
正在处理托盘类型：MH423C，销售订单号：PAIN26296EC02S
  - 主算法：全局列式装箱 + 柱级组合优化（GCP）。
  - 失败托盘互借诊断：未合并（no_target_or_single_plan）。
托盘类型 MH423C（销售订单号：PAIN26296EC02S）处理完成：总托盘 1，指数达标 0，未达标 1，平均缺口 130.00，最大缺口 130.00，失败托盘互借修复成功 0。
  - KPI：near/mid/deep=0/0/1，救回率=0.00%，pair效率=0.00%。
  - 耗时拆解：packing=0.18s，main_topup=0.00s，retry=0.00s，failed_pool=0.00s，repack=0.00s，total=0.18s。
正在处理托盘类型：MH423C，销售订单号：PAIN26310MZ05S
  - 主算法：全局列式装箱 + 柱级组合优化（GCP）。
  - 失败托盘互借诊断：未合并（no_target_or_single_plan）。
托盘类型 MH423C（销售订单号：PAIN26310MZ05S）处理完成：总托盘 1，指数达标 0，未达标 1，平均缺口 86.00，最大缺口 86.00，失败托盘互借修复成功 0。
  - KPI：near/mid/deep=0/0/1，救回率=0.00%，pair效率=0.00%。
  - 耗时拆解：packing=1.49s，main_topup=0.00s，retry=0.00s，failed_pool=0.00s，repack=0.00s，total=1.49s。
正在处理托盘类型：MH423C，销售订单号：PEG086300LN01S
  - 主算法：全局列式装箱 + 柱级组合优化（GCP）。
  - GCP 盘数远超理论（CP-SAT 装不满）→ 回退 baseline beam + 配方优先。
  - 配方优先[fast]：规划 0 实例，实装成功 0，配方路径不可用 → 采用基线方案。
  - 指数诊断：箱子 40 个，总指数 91，目标 192，理论最多达标托盘 0 个，剩余指数 91。
  - 几何诊断：典型整层堆叠单盘参考上限 87/192。 当前目标可能受托盘高度/箱型组合限制。
  - 几何诊断提示：典型整层参考值 87 < 目标 192；该值不是不可达证明，继续执行指数救援。
  - 失败托盘互借诊断：未合并（aborted_no_improvement_possible）。
托盘类型 MH423C（销售订单号：PEG086300LN01S）处理完成：总托盘 2，指数达标 0，未达标 2，平均缺口 146.50，最大缺口 184.00，失败托盘互借修复成功 0。
  - KPI：near/mid/deep=0/0/2，救回率=0.00%，pair效率=0.00%。
  - 耗时拆解：packing=0.32s，main_topup=0.01s，retry=0.00s，failed_pool=0.00s，repack=0.52s，total=2.39s。
正在处理托盘类型：MH423C，销售订单号：LAID16315EN03S
  - 该分组不适合列式（多非满柱）→ 回退 beam + 配方优先。
  - 配方优先[fast]：规划 0 实例，实装成功 0，配方路径不可用 → 采用基线方案。
  - 指数诊断：箱子 5 个，总指数 40，目标 192，理论最多达标托盘 0 个，剩余指数 40。
  - 几何诊断：典型整层堆叠单盘参考上限 40/192。 当前目标可能受托盘高度/箱型组合限制。
  - 几何诊断提示：典型整层参考值 40 < 目标 192；该值不是不可达证明，继续执行指数救援。
  - 失败托盘互借诊断：未合并（no_target_or_single_plan）。
托盘类型 MH423C（销售订单号：LAID16315EN03S）处理完成：总托盘 1，指数达标 0，未达标 1，平均缺口 152.00，最大缺口 152.00，失败托盘互借修复成功 0。
  - KPI：near/mid/deep=0/0/1，救回率=0.00%，pair效率=0.00%。
  - 耗时拆解：packing=0.01s，main_topup=0.00s，retry=0.00s，failed_pool=0.00s，repack=0.00s，total=0.01s。
正在处理托盘类型：MH423C，销售订单号：LAID16316DN03S
  - 主算法：全局列式装箱 + 柱级组合优化（GCP）。
  - 失败托盘互借诊断：未合并（no_target_or_single_plan）。
托盘类型 MH423C（销售订单号：LAID16316DN03S）处理完成：总托盘 1，指数达标 0，未达标 1，平均缺口 144.00，最大缺口 144.00，失败托盘互借修复成功 0。
  - KPI：near/mid/deep=0/0/1，救回率=0.00%，pair效率=0.00%。
  - 耗时拆解：packing=0.04s，main_topup=0.00s，retry=0.00s，failed_pool=0.00s，repack=0.00s，total=0.04s。
正在处理托盘类型：MH423C，销售订单号：LAID16316DN01S
  - 主算法：全局列式装箱 + 柱级组合优化（GCP）。
  - 失败托盘互借诊断：未合并（no_target_or_single_plan）。
托盘类型 MH423C（销售订单号：LAID16316DN01S）处理完成：总托盘 1，指数达标 0，未达标 1，平均缺口 120.00，最大缺口 120.00，失败托盘互借修复成功 0。
  - KPI：near/mid/deep=0/0/1，救回率=0.00%，pair效率=0.00%。
  - 耗时拆解：packing=0.09s，main_topup=0.00s，retry=0.00s，failed_pool=0.00s，repack=0.00s，total=0.09s。
正在处理托盘类型：MH423C，销售订单号：LAID16316DN02S
  - 主算法：全局列式装箱 + 柱级组合优化（GCP）。
  - 失败托盘互借诊断：未合并（no_target_or_single_plan）。
托盘类型 MH423C（销售订单号：LAID16316DN02S）处理完成：总托盘 1，指数达标 0，未达标 1，平均缺口 168.00，最大缺口 168.00，失败托盘互借修复成功 0。
  - KPI：near/mid/deep=0/0/1，救回率=0.00%，pair效率=0.00%。
  - 耗时拆解：packing=0.01s，main_topup=0.00s，retry=0.00s，failed_pool=0.00s，repack=0.00s，total=0.01s。
正在处理托盘类型：MH423C，销售订单号：PAIN26310GC02S
  - 主算法：全局列式装箱 + 柱级组合优化（GCP）。
  - 失败托盘互借诊断：未合并（no_target_or_single_plan）。
托盘类型 MH423C（销售订单号：PAIN26310GC02S）处理完成：总托盘 1，指数达标 0，未达标 1，平均缺口 132.00，最大缺口 132.00，失败托盘互借修复成功 0。
  - KPI：near/mid/deep=0/0/1，救回率=0.00%，pair效率=0.00%。
  - 耗时拆解：packing=0.16s，main_topup=0.00s，retry=0.00s，failed_pool=0.00s，repack=0.00s，total=0.16s。
  - 失败盘装满压实：合并/吸收 1 次（纯减盘数）。
  - 跨子组装满压实（MH423C / PAID16290FN01S）：合并 1 次（纯减盘数）。
  - 失败盘装满压实：合并/吸收 1 次（纯减盘数）。
  - 跨子组装满压实（MH423C / PAID16296DN01S）：合并 1 次（纯减盘数）。
  - 失败盘装满压实：合并/吸收 1 次（纯减盘数）。
  - 跨子组装满压实（MH423C / PAID16306DN01S）：合并 1 次（纯减盘数）。
  - 失败盘装满压实：合并/吸收 1 次（纯减盘数）。
  - 跨子组装满压实（MH423C / LAMY16305FN01S）：合并 1 次（纯减盘数）。
  - 失败盘装满压实：合并/吸收 1 次（纯减盘数）。
  - 跨子组装满压实（MH423C / LFEG16300IN02S）：合并 1 次（纯减盘数）。
  - 失败盘装满压实：合并/吸收 1 次（纯减盘数）。
  - 跨子组装满压实（MH423C / LFEG16300IN03S）：合并 1 次（纯减盘数）。
  - 失败盘装满压实：合并/吸收 1 次（纯减盘数）。
  - 跨子组装满压实（MH423C / LAID16305BN03S）：合并 1 次（纯减盘数）。
  - 失败盘装满压实：合并/吸收 1 次（纯减盘数）。
  - 跨子组装满压实（MH423C / LAID16306DN02S）：合并 1 次（纯减盘数）。
========================================
统计汇总：总托盘 75，指数达标 0，未达标 75，未知 0，平均缺口 144.09，最大缺口 191.50，失败托盘互借修复成功 0
KPI汇总：near/mid/deep=0/2/73，pair尝试=0，pair改进=0，pair效率=0.00%
耗时汇总：packing=20.55s，main_topup=0.07s，retry=0.00s，repack=8.67s，end_to_end=51.46s
========================================
[WCS-装] SUCCESS 产品码 0 个，DB 更新达标 0 行；FAILED 盘 75 个保持未达标。
[WCS-装] 本轮结束；等待下一次「新插入」再开算。
[WCS-装] 本轮无达标托盘，跳过 success 目录写入。
[WCS-装] 未达标方案已保存：D:\research_code\final\zhuang\packing-workspace\output\fail\packing_plan_20260724_130436.json
[WCS-装] 无达标托盘，跳过 wcs_plan / wcs_plan_map 写入。
[WCS-装] 已跳过接口 2 推送（仅本地保存）。
[UI-RESULT] D:\research_code\final\zhuang\packing-workspace\output\fail\packing_plan_20260724_130436.json
[WCS-装] 等待数据库新插入（有新 product_code 才开算）…
============================================================
[WCS-拉] 20260724_130753：拉取接口 1 …
[WCS-拉] 原始响应已保存：D:\research_code\final\zhuang\packing-workspace\input\raw\20260724_130753.json
[WCS-拉] 已剔除 case_type≠MH423C 的品类 113 条（类型：['MH113', 'WR246']），保留 1456 条。
[WCS-DB] product_code 已存在、跳过 1456 条
[WCS-拉] 落库完成：候选 1456 条，新插入 0 条（新行 up_to_standard=0）。
[WCS-拉] 无新插入 → 不触发装箱。
============================================================
[WCS-拉] 20260724_131114：拉取接口 1 …
[WCS-拉] 原始响应已保存：D:\research_code\final\zhuang\packing-workspace\input\raw\20260724_131114.json
[WCS-拉] 已剔除 case_type≠MH423C 的品类 113 条（类型：['MH113', 'WR246']），保留 1456 条。
[WCS-DB] product_code 已存在、跳过 1456 条
[WCS-拉] 落库完成：候选 1456 条，新插入 0 条（新行 up_to_standard=0）。
[WCS-拉] 无新插入 → 不触发装箱。
============================================================
[WCS-拉] 20260724_131434：拉取接口 1 …
[WCS-拉] 原始响应已保存：D:\research_code\final\zhuang\packing-workspace\input\raw\20260724_131434.json
[WCS-拉] 已剔除 case_type≠MH423C 的品类 113 条（类型：['MH113', 'WR246']），保留 1456 条。
[WCS-DB] product_code 已存在、跳过 1456 条
[WCS-拉] 落库完成：候选 1456 条，新插入 0 条（新行 up_to_standard=0）。
[WCS-拉] 无新插入 → 不触发装箱。
============================================================
[WCS-拉] 20260724_131755：拉取接口 1 …
[WCS-拉] 原始响应已保存：D:\research_code\final\zhuang\packing-workspace\input\raw\20260724_131755.json
[WCS-拉] 已剔除 case_type≠MH423C 的品类 113 条（类型：['MH113', 'WR246']），保留 1456 条。
[WCS-DB] product_code 已存在、跳过 1456 条
[WCS-拉] 落库完成：候选 1456 条，新插入 0 条（新行 up_to_standard=0）。
[WCS-拉] 无新插入 → 不触发装箱。
============================================================
[WCS-拉] 20260724_132115：拉取接口 1 …
[WCS-拉] 原始响应已保存：D:\research_code\final\zhuang\packing-workspace\input\raw\20260724_132115.json
[WCS-拉] 已剔除 case_type≠MH423C 的品类 112 条（类型：['MH113', 'WR246']），保留 1360 条。
[WCS-DB] product_code 已存在、跳过 1360 条
[WCS-拉] 落库完成：候选 1360 条，新插入 0 条（新行 up_to_standard=0）。
[WCS-拉] 无新插入 → 不触发装箱。
============================================================
[WCS-拉] 20260724_132436：拉取接口 1 …
[WCS-拉] 原始响应已保存：D:\research_code\final\zhuang\packing-workspace\input\raw\20260724_132436.json
[WCS-拉] 已剔除 case_type≠MH423C 的品类 113 条（类型：['MH113', 'WR246']），保留 1365 条。
[WCS-DB] product_code 已存在、跳过 1365 条
[WCS-拉] 落库完成：候选 1365 条，新插入 0 条（新行 up_to_standard=0）。
[WCS-拉] 无新插入 → 不触发装箱。
============================================================
[WCS-拉] 20260724_132756：拉取接口 1 …
[WCS-拉] 原始响应已保存：D:\research_code\final\zhuang\packing-workspace\input\raw\20260724_132756.json
[WCS-拉] 已剔除 case_type≠MH423C 的品类 113 条（类型：['MH113', 'WR246']），保留 1366 条。
[WCS-DB] product_code 已存在、跳过 1366 条
[WCS-拉] 落库完成：候选 1366 条，新插入 0 条（新行 up_to_standard=0）。
[WCS-拉] 无新插入 → 不触发装箱。
============================================================
[WCS-拉] 20260724_133117：拉取接口 1 …
[WCS-拉] 原始响应已保存：D:\research_code\final\zhuang\packing-workspace\input\raw\20260724_133117.json
[WCS-拉] 已剔除 case_type≠MH423C 的品类 113 条（类型：['MH113', 'WR246']），保留 1366 条。
[WCS-DB] product_code 已存在、跳过 1366 条
[WCS-拉] 落库完成：候选 1366 条，新插入 0 条（新行 up_to_standard=0）。
[WCS-拉] 无新插入 → 不触发装箱。
============================================================
[WCS-拉] 20260724_133438：拉取接口 1 …
[WCS-拉] 原始响应已保存：D:\research_code\final\zhuang\packing-workspace\input\raw\20260724_133438.json
[WCS-拉] 已剔除 case_type≠MH423C 的品类 113 条（类型：['MH113', 'WR246']），保留 1366 条。
[WCS-DB] product_code 已存在、跳过 1366 条
[WCS-拉] 落库完成：候选 1366 条，新插入 0 条（新行 up_to_standard=0）。
[WCS-拉] 无新插入 → 不触发装箱。
============================================================
[WCS-拉] 20260724_133758：拉取接口 1 …
[WCS-拉] 原始响应已保存：D:\research_code\final\zhuang\packing-workspace\input\raw\20260724_133758.json
[WCS-拉] 已剔除 case_type≠MH423C 的品类 113 条（类型：['MH113', 'WR246']），保留 1366 条。
[WCS-DB] product_code 已存在、跳过 1366 条
[WCS-拉] 落库完成：候选 1366 条，新插入 0 条（新行 up_to_standard=0）。
[WCS-拉] 无新插入 → 不触发装箱。
============================================================
[WCS-拉] 20260724_134118：拉取接口 1 …
[WCS-拉] 原始响应已保存：D:\research_code\final\zhuang\packing-workspace\input\raw\20260724_134118.json
[WCS-拉] 已剔除 case_type≠MH423C 的品类 113 条（类型：['MH113', 'WR246']），保留 1366 条。
[WCS-DB] product_code 已存在、跳过 1366 条
[WCS-拉] 落库完成：候选 1366 条，新插入 0 条（新行 up_to_standard=0）。
[WCS-拉] 无新插入 → 不触发装箱。
============================================================
[WCS-拉] 20260724_134439：拉取接口 1 …
[WCS-拉] 原始响应已保存：D:\research_code\final\zhuang\packing-workspace\input\raw\20260724_134439.json
[WCS-拉] 已剔除 case_type≠MH423C 的品类 113 条（类型：['MH113', 'WR246']），保留 1366 条。
[WCS-DB] product_code 已存在、跳过 1366 条
[WCS-拉] 落库完成：候选 1366 条，新插入 0 条（新行 up_to_standard=0）。
[WCS-拉] 无新插入 → 不触发装箱。
============================================================
[WCS-拉] 20260724_134759：拉取接口 1 …
[WCS-拉] 原始响应已保存：D:\research_code\final\zhuang\packing-workspace\input\raw\20260724_134759.json
[WCS-拉] 已剔除 case_type≠MH423C 的品类 113 条（类型：['MH113', 'WR246']），保留 1368 条。
[WCS-DB] product_code 已存在、跳过 1366 条
[WCS-拉] 落库完成：候选 1368 条，新插入 2 条（新行 up_to_standard=0）。
[WCS-拉] 有新插入 → 唤醒装箱线程。
[WCS] 已加载 BMS 参考表：D:\research_code\final\zhuang\packing-workspace\data\selected_5000_boxes_9_1_concentrated_3orders.xlsx
============================================================
[WCS-装] 20260724_134803：未达标行 1535 条，开始装箱 …
[WCS-装] 展开为 1535 个箱子。
数据预处理和箱子分组完成（按托盘类型+销售订单号）。
----------------------------------------
  - 组内子聚类：11 个混合订单拆出规则子集走 GCP、杂箱走 baseline。
正在处理托盘类型：MH423C，销售订单号：PAID16280FN01S
  - 该分组不适合列式（多非满柱）→ 回退 beam + 配方优先。
  - 配方优先[fast]：规划 0 实例，实装成功 0，配方路径不可用 → 采用基线方案。
  - 指数诊断：箱子 1 个，总指数 4，目标 192，理论最多达标托盘 0 个，剩余指数 4。
  - 几何诊断：典型整层堆叠单盘参考上限 4/192。 当前目标可能受托盘高度/箱型组合限制。
  - 几何诊断提示：典型整层参考值 4 < 目标 192；该值不是不可达证明，继续执行指数救援。
  - 失败托盘互借诊断：未合并（no_target_or_single_plan）。
托盘类型 MH423C（销售订单号：PAID16280FN01S）处理完成：总托盘 1，指数达标 0，未达标 1，平均缺口 188.00，最大缺口 188.00，失败托盘互借修复成功 0。
  - KPI：near/mid/deep=0/0/1，救回率=0.00%，pair效率=0.00%。
  - 耗时拆解：packing=0.00s，main_topup=0.00s，retry=0.00s，failed_pool=0.00s，repack=0.00s，total=0.00s。
正在处理托盘类型：MH423C，销售订单号：LFEG16290IN01S
  - 该分组不适合列式（多非满柱）→ 回退 beam + 配方优先。
  - 托盘 MH423C-LFEG16290IN01S-1 未找到可行装箱方案，启用剩余箱子守恒兜底。
  - 配方优先[fast]：规划 0 实例，实装成功 0，配方路径不可用 → 采用基线方案。
  - 指数诊断：箱子 9 个，总指数 17，目标 192，理论最多达标托盘 0 个，剩余指数 17。
  - 几何诊断：典型整层堆叠单盘参考上限 12/192。 当前目标可能受托盘高度/箱型组合限制。
  - 几何诊断提示：典型整层参考值 12 < 目标 192；该值不是不可达证明，继续执行指数救援。
  - 失败盘装满压实：合并/吸收 2 次（纯减盘数）。
  - 失败托盘互借诊断：未合并（aborted_no_improvement_possible）。
托盘类型 MH423C（销售订单号：LFEG16290IN01S）处理完成：总托盘 2，指数达标 0，未达标 2，平均缺口 183.50，最大缺口 187.00，失败托盘互借修复成功 0。
  - KPI：near/mid/deep=0/0/2，救回率=0.00%，pair效率=0.00%。
  - 耗时拆解：packing=0.02s，main_topup=0.00s，retry=0.00s，failed_pool=0.00s，repack=0.18s，total=0.28s。
正在处理托盘类型：MH423C，销售订单号：LFEG16290IN02S
  - 该分组不适合列式（多非满柱）→ 回退 beam + 配方优先。
  - 配方优先[fast]：规划 0 实例，实装成功 0，配方路径不可用 → 采用基线方案。
  - 指数诊断：箱子 33 个，总指数 33.5，目标 192，理论最多达标托盘 0 个，剩余指数 33.5。
  - 几何诊断：典型整层堆叠单盘参考上限 28.5/192。 当前目标可能受托盘高度/箱型组合限制。
  - 几何诊断提示：典型整层参考值 28.5 < 目标 192；该值不是不可达证明，继续执行指数救援。
  - 失败托盘互借诊断：未合并（no_target_or_single_plan）。
托盘类型 MH423C（销售订单号：LFEG16290IN02S）处理完成：总托盘 1，指数达标 0，未达标 1，平均缺口 158.50，最大缺口 158.50，失败托盘互借修复成功 0。
  - KPI：near/mid/deep=0/0/1，救回率=0.00%，pair效率=0.00%。
  - 耗时拆解：packing=0.28s，main_topup=0.00s，retry=0.00s，failed_pool=0.00s，repack=0.00s，total=0.28s。
正在处理托盘类型：MH423C，销售订单号：LAID16306DN01S
  - 该分组不适合列式（多非满柱）→ 回退 beam + 配方优先。
  - 配方优先[fast]：规划 0 实例，实装成功 0，配方路径不可用 → 采用基线方案。
  - 指数诊断：箱子 50 个，总指数 88，目标 192，理论最多达标托盘 0 个，剩余指数 88。
  - 几何诊断：典型整层堆叠单盘参考上限 65/192。 当前目标可能受托盘高度/箱型组合限制。
  - 几何诊断提示：典型整层参考值 65 < 目标 192；该值不是不可达证明，继续执行指数救援。
  - 失败托盘互借诊断：未合并（aborted_no_improvement_possible）。
托盘类型 MH423C（销售订单号：LAID16306DN01S）处理完成：总托盘 2，指数达标 0，未达标 2，平均缺口 148.00，最大缺口 182.00，失败托盘互借修复成功 0。
  - KPI：near/mid/deep=0/0/2，救回率=0.00%，pair效率=0.00%。
  - 耗时拆解：packing=0.25s，main_topup=0.01s，retry=0.00s，failed_pool=0.00s，repack=0.54s，total=1.51s。
正在处理托盘类型：MH423C，销售订单号：LAID16296DN01S
  - 主算法：全局列式装箱 + 柱级组合优化（GCP）。
  - 失败托盘互借诊断：未合并（no_target_or_single_plan）。
托盘类型 MH423C（销售订单号：LAID16296DN01S）处理完成：总托盘 1，指数达标 0，未达标 1，平均缺口 151.50，最大缺口 151.50，失败托盘互借修复成功 0。
  - KPI：near/mid/deep=0/0/1，救回率=0.00%，pair效率=0.00%。
  - 耗时拆解：packing=0.08s，main_topup=0.00s，retry=0.00s，failed_pool=0.00s，repack=0.00s，total=0.08s。
正在处理托盘类型：MH423C，销售订单号：LAID16296DN01S__SPLITREST__
  - 该分组不适合列式（多非满柱）→ 回退 beam + 配方优先。
  - 配方优先[fast]：规划 0 实例，实装成功 0，配方路径不可用 → 采用基线方案。
  - 指数诊断：箱子 4 个，总指数 8，目标 192，理论最多达标托盘 0 个，剩余指数 8。
  - 几何诊断：典型整层堆叠单盘参考上限 8/192。 当前目标可能受托盘高度/箱型组合限制。
  - 几何诊断提示：典型整层参考值 8 < 目标 192；该值不是不可达证明，继续执行指数救援。
  - 失败托盘互借诊断：未合并（no_target_or_single_plan）。
托盘类型 MH423C（销售订单号：LAID16296DN01S__SPLITREST__）处理完成：总托盘 1，指数达标 0，未达标 1，平均缺口 184.00，最大缺口 184.00，失败托盘互借修复成功 0。
  - KPI：near/mid/deep=0/0/1，救回率=0.00%，pair效率=0.00%。
  - 耗时拆解：packing=0.00s，main_topup=0.00s，retry=0.00s，failed_pool=0.00s，repack=0.00s，total=0.01s。
正在处理托盘类型：MH423C，销售订单号：LAID16296DN02S
  - 主算法：全局列式装箱 + 柱级组合优化（GCP）。
  - GCP 盘数远超理论（CP-SAT 装不满）→ 回退 baseline beam + 配方优先。
  - 托盘 MH423C-LAID16296DN02S-2 未找到可行装箱方案，启用剩余箱子守恒兜底。
  - 配方优先[fast]：规划 0 实例，实装成功 0，配方路径不可用 → 采用基线方案。
  - 指数诊断：箱子 49 个，总指数 164.5，目标 192，理论最多达标托盘 0 个，剩余指数 164.5。
  - 几何诊断：典型整层堆叠单盘参考上限 97/192。 当前目标可能受托盘高度/箱型组合限制。
  - 几何诊断提示：典型整层参考值 97 < 目标 192；该值不是不可达证明，继续执行指数救援。
  - 失败托盘互借诊断：未合并（aborted_no_improvement_possible）。
托盘类型 MH423C（销售订单号：LAID16296DN02S）处理完成：总托盘 4，指数达标 0，未达标 4，平均缺口 150.88，最大缺口 191.00，失败托盘互借修复成功 0。
  - KPI：near/mid/deep=0/0/4，救回率=0.00%，pair效率=0.00%。
  - 耗时拆解：packing=0.31s，main_topup=0.01s，retry=0.00s，failed_pool=0.00s，repack=0.92s，total=2.53s。
正在处理托盘类型：MH423C，销售订单号：LAID16296DN03S
  - 主算法：全局列式装箱 + 柱级组合优化（GCP）。
  - 失败托盘互借诊断：未合并（no_target_or_single_plan）。
托盘类型 MH423C（销售订单号：LAID16296DN03S）处理完成：总托盘 1，指数达标 0，未达标 1，平均缺口 89.00，最大缺口 89.00，失败托盘互借修复成功 0。
  - KPI：near/mid/deep=0/0/1，救回率=0.00%，pair效率=0.00%。
  - 耗时拆解：packing=0.71s，main_topup=0.00s，retry=0.00s，failed_pool=0.00s，repack=0.00s，total=0.71s。
正在处理托盘类型：MH423C，销售订单号：LFEG16290IN03S
  - 该分组不适合列式（多非满柱）→ 回退 beam + 配方优先。
  - 配方优先[fast]：规划 0 实例，实装成功 0，配方路径不可用 → 采用基线方案。
  - 指数诊断：箱子 37 个，总指数 69，目标 192，理论最多达标托盘 0 个，剩余指数 69。
  - 几何诊断：典型整层堆叠单盘参考上限 51/192。 当前目标可能受托盘高度/箱型组合限制。
  - 几何诊断提示：典型整层参考值 51 < 目标 192；该值不是不可达证明，继续执行指数救援。
  - 失败托盘互借诊断：未合并（aborted_no_improvement_possible）。
托盘类型 MH423C（销售订单号：LFEG16290IN03S）处理完成：总托盘 2，指数达标 0，未达标 2，平均缺口 157.50，最大缺口 189.00，失败托盘互借修复成功 0。
  - KPI：near/mid/deep=0/0/2，救回率=0.00%，pair效率=0.00%。
  - 耗时拆解：packing=0.18s，main_topup=0.00s，retry=0.00s，failed_pool=0.00s，repack=0.29s，total=0.91s。
正在处理托盘类型：MH423C，销售订单号：LFEG16310IN02S
  - 该分组不适合列式（多非满柱）→ 回退 beam + 配方优先。
  - 配方优先[fast]：规划 0 实例，实装成功 0，配方路径不可用 → 采用基线方案。
  - 指数诊断：箱子 15 个，总指数 35，目标 192，理论最多达标托盘 0 个，剩余指数 35。
  - 几何诊断：典型整层堆叠单盘参考上限 29/192。 当前目标可能受托盘高度/箱型组合限制。
  - 几何诊断提示：典型整层参考值 29 < 目标 192；该值不是不可达证明，继续执行指数救援。
  - 失败托盘互借诊断：未合并（no_target_or_single_plan）。
托盘类型 MH423C（销售订单号：LFEG16310IN02S）处理完成：总托盘 1，指数达标 0，未达标 1，平均缺口 157.00，最大缺口 157.00，失败托盘互借修复成功 0。
  - KPI：near/mid/deep=0/0/1，救回率=0.00%，pair效率=0.00%。
  - 耗时拆解：packing=0.07s，main_topup=0.00s，retry=0.00s，failed_pool=0.00s，repack=0.00s，total=0.07s。
正在处理托盘类型：MH423C，销售订单号：LFEG16310IN01S
  - 该分组不适合列式（多非满柱）→ 回退 beam + 配方优先。
  - 配方优先[fast]：规划 0 实例，实装成功 0，配方路径不可用 → 采用基线方案。
  - 指数诊断：箱子 17 个，总指数 36，目标 192，理论最多达标托盘 0 个，剩余指数 36。
  - 几何诊断：典型整层堆叠单盘参考上限 30/192。 当前目标可能受托盘高度/箱型组合限制。
  - 几何诊断提示：典型整层参考值 30 < 目标 192；该值不是不可达证明，继续执行指数救援。
  - 失败托盘互借诊断：未合并（no_target_or_single_plan）。
托盘类型 MH423C（销售订单号：LFEG16310IN01S）处理完成：总托盘 1，指数达标 0，未达标 1，平均缺口 156.00，最大缺口 156.00，失败托盘互借修复成功 0。
  - KPI：near/mid/deep=0/0/1，救回率=0.00%，pair效率=0.00%。
  - 耗时拆解：packing=0.09s，main_topup=0.00s，retry=0.00s，failed_pool=0.00s，repack=0.00s，total=0.09s。
正在处理托盘类型：MH423C，销售订单号：PAID16290FN01S
  - 主算法：全局列式装箱 + 柱级组合优化（GCP）。
  - 失败托盘互借诊断：未合并（no_target_or_single_plan）。
托盘类型 MH423C（销售订单号：PAID16290FN01S）处理完成：总托盘 1，指数达标 0，未达标 1，平均缺口 161.00，最大缺口 161.00，失败托盘互借修复成功 0。
  - KPI：near/mid/deep=0/0/1，救回率=0.00%，pair效率=0.00%。
  - 耗时拆解：packing=0.03s，main_topup=0.00s，retry=0.00s，failed_pool=0.00s，repack=0.00s，total=0.03s。
正在处理托盘类型：MH423C，销售订单号：PAID16290FN01S__SPLITREST__
  - 该分组不适合列式（多非满柱）→ 回退 beam + 配方优先。
  - 配方优先[fast]：规划 0 实例，实装成功 0，配方路径不可用 → 采用基线方案。
  - 指数诊断：箱子 1 个，总指数 0.5，目标 192，理论最多达标托盘 0 个，剩余指数 0.5。
  - 几何诊断：典型整层堆叠单盘参考上限 0.5/192。 当前目标可能受托盘高度/箱型组合限制。
  - 几何诊断提示：典型整层参考值 0.5 < 目标 192；该值不是不可达证明，继续执行指数救援。
  - 失败托盘互借诊断：未合并（no_target_or_single_plan）。
托盘类型 MH423C（销售订单号：PAID16290FN01S__SPLITREST__）处理完成：总托盘 1，指数达标 0，未达标 1，平均缺口 191.50，最大缺口 191.50，失败托盘互借修复成功 0。
  - KPI：near/mid/deep=0/0/1，救回率=0.00%，pair效率=0.00%。
  - 耗时拆解：packing=0.00s，main_topup=0.00s，retry=0.00s，failed_pool=0.00s，repack=0.00s，total=0.00s。
正在处理托盘类型：MH423C，销售订单号：PAIN26290BC02S
  - 主算法：全局列式装箱 + 柱级组合优化（GCP）。
  - 失败托盘互借诊断：未合并（no_target_or_single_plan）。
托盘类型 MH423C（销售订单号：PAIN26290BC02S）处理完成：总托盘 1，指数达标 0，未达标 1，平均缺口 84.00，最大缺口 84.00，失败托盘互借修复成功 0。
  - KPI：near/mid/deep=0/0/1，救回率=0.00%，pair效率=0.00%。
  - 耗时拆解：packing=1.23s，main_topup=0.00s，retry=0.00s，failed_pool=0.00s，repack=0.00s，total=1.23s。
正在处理托盘类型：MH423C，销售订单号：PAIN26286EN01S
  - 该分组不适合列式（多非满柱）→ 回退 beam + 配方优先。
  - 配方优先[fast]：规划 0 实例，实装成功 0，配方路径不可用 → 采用基线方案。
  - 指数诊断：箱子 1 个，总指数 2，目标 192，理论最多达标托盘 0 个，剩余指数 2。
  - 几何诊断：典型整层堆叠单盘参考上限 2/192。 当前目标可能受托盘高度/箱型组合限制。
  - 几何诊断提示：典型整层参考值 2 < 目标 192；该值不是不可达证明，继续执行指数救援。
  - 失败托盘互借诊断：未合并（no_target_or_single_plan）。
托盘类型 MH423C（销售订单号：PAIN26286EN01S）处理完成：总托盘 1，指数达标 0，未达标 1，平均缺口 190.00，最大缺口 190.00，失败托盘互借修复成功 0。
  - KPI：near/mid/deep=0/0/1，救回率=0.00%，pair效率=0.00%。
  - 耗时拆解：packing=0.00s，main_topup=0.00s，retry=0.00s，failed_pool=0.00s，repack=0.00s，total=0.00s。
正在处理托盘类型：MH423C，销售订单号：LAID16296DN03S__CASEGROUP__1
  - 主算法：全局列式装箱 + 柱级组合优化（GCP）。
  - 失败托盘互借诊断：未合并（no_target_or_single_plan）。
托盘类型 MH423C（销售订单号：LAID16296DN03S__CASEGROUP__1）处理完成：总托盘 1，指数达标 0，未达标 1，平均缺口 90.00，最大缺口 90.00，失败托盘互借修复成功 0。
  - KPI：near/mid/deep=0/0/1，救回率=0.00%，pair效率=0.00%。
  - 耗时拆解：packing=0.36s，main_topup=0.00s，retry=0.00s，failed_pool=0.00s，repack=0.00s，total=0.36s。
正在处理托盘类型：MH423C，销售订单号：LAID16296DN03S__CASEGROUP__1__SPLITREST__
  - 该分组不适合列式（多非满柱）→ 回退 beam + 配方优先。
  - 配方优先[fast]：规划 0 实例，实装成功 0，配方路径不可用 → 采用基线方案。
  - 指数诊断：箱子 4 个，总指数 2，目标 192，理论最多达标托盘 0 个，剩余指数 2。
  - 几何诊断：典型整层堆叠单盘参考上限 2/192。 当前目标可能受托盘高度/箱型组合限制。
  - 几何诊断提示：典型整层参考值 2 < 目标 192；该值不是不可达证明，继续执行指数救援。
  - 失败托盘互借诊断：未合并（no_target_or_single_plan）。
托盘类型 MH423C（销售订单号：LAID16296DN03S__CASEGROUP__1__SPLITREST__）处理完成：总托盘 1，指数达标 0，未达标 1，平均缺口 190.00，最大缺口 190.00，失败托盘互借修复成功 0。
  - KPI：near/mid/deep=0/0/1，救回率=0.00%，pair效率=0.00%。
  - 耗时拆解：packing=0.00s，main_topup=0.00s，retry=0.00s，failed_pool=0.00s，repack=0.00s，total=0.02s。
正在处理托盘类型：MH423C，销售订单号：LAMY16315FN01S
  - 主算法：全局列式装箱 + 柱级组合优化（GCP）。
  - 失败托盘互借诊断：未合并（no_target_or_single_plan）。
托盘类型 MH423C（销售订单号：LAMY16315FN01S）处理完成：总托盘 1，指数达标 0，未达标 1，平均缺口 21.00，最大缺口 21.00，失败托盘互借修复成功 0。
  - KPI：near/mid/deep=0/1/0，救回率=0.00%，pair效率=0.00%。
  - 耗时拆解：packing=0.95s，main_topup=0.00s，retry=0.00s，failed_pool=0.00s，repack=0.00s，total=0.95s。
正在处理托盘类型：MH423C，销售订单号：LAMY16315FN01S__SPLITREST__
  - 该分组不适合列式（多非满柱）→ 回退 beam + 配方优先。
  - 配方优先[fast]：规划 0 实例，实装成功 0，配方路径不可用 → 采用基线方案。
  - 指数诊断：箱子 1 个，总指数 0.5，目标 192，理论最多达标托盘 0 个，剩余指数 0.5。
  - 几何诊断：典型整层堆叠单盘参考上限 0.5/192。 当前目标可能受托盘高度/箱型组合限制。
  - 几何诊断提示：典型整层参考值 0.5 < 目标 192；该值不是不可达证明，继续执行指数救援。
  - 失败托盘互借诊断：未合并（no_target_or_single_plan）。
托盘类型 MH423C（销售订单号：LAMY16315FN01S__SPLITREST__）处理完成：总托盘 1，指数达标 0，未达标 1，平均缺口 191.50，最大缺口 191.50，失败托盘互借修复成功 0。
  - KPI：near/mid/deep=0/0/1，救回率=0.00%，pair效率=0.00%。
  - 耗时拆解：packing=0.00s，main_topup=0.00s，retry=0.00s，failed_pool=0.00s，repack=0.00s，total=0.00s。
正在处理托盘类型：MH423C，销售订单号：LAID16305BN02S
  - 主算法：全局列式装箱 + 柱级组合优化（GCP）。
  - 失败托盘互借诊断：未合并（no_target_or_single_plan）。
托盘类型 MH423C（销售订单号：LAID16305BN02S）处理完成：总托盘 1，指数达标 0，未达标 1，平均缺口 128.50，最大缺口 128.50，失败托盘互借修复成功 0。
  - KPI：near/mid/deep=0/0/1，救回率=0.00%，pair效率=0.00%。
  - 耗时拆解：packing=0.48s，main_topup=0.00s，retry=0.00s，failed_pool=0.00s，repack=0.00s，total=0.48s。
正在处理托盘类型：MH423C，销售订单号：PAID16280FC02S
  - 主算法：全局列式装箱 + 柱级组合优化（GCP）。
  - GCP 盘数远超理论（CP-SAT 装不满）→ 回退 baseline beam + 配方优先。
  - 配方优先[fast]：规划 0 实例，实装成功 0，配方路径不可用 → 采用基线方案。
  - 指数诊断：箱子 4 个，总指数 16，目标 192，理论最多达标托盘 0 个，剩余指数 16。
  - 几何诊断：典型整层堆叠单盘参考上限 16/192。 当前目标可能受托盘高度/箱型组合限制。
  - 几何诊断提示：典型整层参考值 16 < 目标 192；该值不是不可达证明，继续执行指数救援。
  - 失败托盘互借诊断：未合并（no_target_or_single_plan）。
托盘类型 MH423C（销售订单号：PAID16280FC02S）处理完成：总托盘 1，指数达标 0，未达标 1，平均缺口 176.00，最大缺口 176.00，失败托盘互借修复成功 0。
  - KPI：near/mid/deep=0/0/1，救回率=0.00%，pair效率=0.00%。
  - 耗时拆解：packing=0.00s，main_topup=0.00s，retry=0.00s，failed_pool=0.00s，repack=0.00s，total=0.03s。
正在处理托盘类型：MH423C，销售订单号：PAID16290FC02S
  - 该分组不适合列式（多非满柱）→ 回退 beam + 配方优先。
  - 配方优先[fast]：规划 0 实例，实装成功 0，配方路径不可用 → 采用基线方案。
  - 指数诊断：箱子 6 个，总指数 14，目标 192，理论最多达标托盘 0 个，剩余指数 14。
  - 几何诊断：典型整层堆叠单盘参考上限 14/192。 当前目标可能受托盘高度/箱型组合限制。
  - 几何诊断提示：典型整层参考值 14 < 目标 192；该值不是不可达证明，继续执行指数救援。
  - 失败托盘互借诊断：未合并（no_target_or_single_plan）。
托盘类型 MH423C（销售订单号：PAID16290FC02S）处理完成：总托盘 1，指数达标 0，未达标 1，平均缺口 178.00，最大缺口 178.00，失败托盘互借修复成功 0。
  - KPI：near/mid/deep=0/0/1，救回率=0.00%，pair效率=0.00%。
  - 耗时拆解：packing=0.01s，main_topup=0.00s，retry=0.00s，failed_pool=0.00s，repack=0.00s，total=0.05s。
正在处理托盘类型：MH423C，销售订单号：PEG146296CN01S
  - 主算法：全局列式装箱 + 柱级组合优化（GCP）。
  - 失败托盘互借诊断：未合并（no_target_or_single_plan）。
托盘类型 MH423C（销售订单号：PEG146296CN01S）处理完成：总托盘 1，指数达标 0，未达标 1，平均缺口 68.00，最大缺口 68.00，失败托盘互借修复成功 0。
  - KPI：near/mid/deep=0/0/1，救回率=0.00%，pair效率=0.00%。
  - 耗时拆解：packing=0.32s，main_topup=0.00s，retry=0.00s，failed_pool=0.00s，repack=0.00s，total=0.32s。
正在处理托盘类型：MH423C，销售订单号：PAID16295BN01S
  - 主算法：全局列式装箱 + 柱级组合优化（GCP）。
  - 失败托盘互借诊断：未合并（aborted_no_improvement_possible）。
托盘类型 MH423C（销售订单号：PAID16295BN01S）处理完成：总托盘 2，指数达标 0，未达标 2，平均缺口 96.25，最大缺口 162.50，失败托盘互借修复成功 0。
  - KPI：near/mid/deep=0/0/2，救回率=0.00%，pair效率=0.00%。
  - 耗时拆解：packing=2.31s，main_topup=0.00s，retry=0.00s，failed_pool=0.00s，repack=1.59s，total=3.90s。
正在处理托盘类型：MH423C，销售订单号：PAID16296DN01S
  - 主算法：全局列式装箱 + 柱级组合优化（GCP）。
  - 失败托盘互借诊断：未合并（no_target_or_single_plan）。
托盘类型 MH423C（销售订单号：PAID16296DN01S）处理完成：总托盘 1，指数达标 0，未达标 1，平均缺口 132.50，最大缺口 132.50，失败托盘互借修复成功 0。
  - KPI：near/mid/deep=0/0/1，救回率=0.00%，pair效率=0.00%。
  - 耗时拆解：packing=1.21s，main_topup=0.00s，retry=0.00s，failed_pool=0.00s，repack=0.00s，total=1.21s。
正在处理托盘类型：MH423C，销售订单号：PAID16296DN01S__SPLITREST__
  - 该分组不适合列式（多非满柱）→ 回退 beam + 配方优先。
  - 配方优先[fast]：规划 0 实例，实装成功 0，配方路径不可用 → 采用基线方案。
  - 指数诊断：箱子 3 个，总指数 6，目标 192，理论最多达标托盘 0 个，剩余指数 6。
  - 几何诊断：典型整层堆叠单盘参考上限 6/192。 当前目标可能受托盘高度/箱型组合限制。
  - 几何诊断提示：典型整层参考值 6 < 目标 192；该值不是不可达证明，继续执行指数救援。
  - 失败托盘互借诊断：未合并（no_target_or_single_plan）。
托盘类型 MH423C（销售订单号：PAID16296DN01S__SPLITREST__）处理完成：总托盘 1，指数达标 0，未达标 1，平均缺口 186.00，最大缺口 186.00，失败托盘互借修复成功 0。
  - KPI：near/mid/deep=0/0/1，救回率=0.00%，pair效率=0.00%。
  - 耗时拆解：packing=0.00s，main_topup=0.00s，retry=0.00s，failed_pool=0.00s，repack=0.00s，total=0.01s。
正在处理托盘类型：MH423C，销售订单号：LAID16305EN01S
  - 该分组不适合列式（多非满柱）→ 回退 beam + 配方优先。
  - 配方优先[fast]：规划 0 实例，实装成功 0，配方路径不可用 → 采用基线方案。
  - 指数诊断：箱子 31 个，总指数 87.5，目标 192，理论最多达标托盘 0 个，剩余指数 87.5。
  - 几何诊断：典型整层堆叠单盘参考上限 67/192。 当前目标可能受托盘高度/箱型组合限制。
  - 几何诊断提示：典型整层参考值 67 < 目标 192；该值不是不可达证明，继续执行指数救援。
  - 失败托盘互借诊断：未合并（no_target_or_single_plan）。
托盘类型 MH423C（销售订单号：LAID16305EN01S）处理完成：总托盘 1，指数达标 0，未达标 1，平均缺口 104.50，最大缺口 104.50，失败托盘互借修复成功 0。
  - KPI：near/mid/deep=0/0/1，救回率=0.00%，pair效率=0.00%。
  - 耗时拆解：packing=0.11s，main_topup=0.00s，retry=0.00s，failed_pool=0.00s，repack=0.00s，total=0.40s。
正在处理托盘类型：MH423C，销售订单号：PAID16295EL05S
  - 该分组不适合列式（多非满柱）→ 回退 beam + 配方优先。
  - 配方优先[fast]：规划 0 实例，实装成功 0，配方路径不可用 → 采用基线方案。
  - 指数诊断：箱子 1 个，总指数 2，目标 192，理论最多达标托盘 0 个，剩余指数 2。
  - 几何诊断：典型整层堆叠单盘参考上限 2/192。 当前目标可能受托盘高度/箱型组合限制。
  - 几何诊断提示：典型整层参考值 2 < 目标 192；该值不是不可达证明，继续执行指数救援。
  - 失败托盘互借诊断：未合并（no_target_or_single_plan）。
托盘类型 MH423C（销售订单号：PAID16295EL05S）处理完成：总托盘 1，指数达标 0，未达标 1，平均缺口 190.00，最大缺口 190.00，失败托盘互借修复成功 0。
  - KPI：near/mid/deep=0/0/1，救回率=0.00%，pair效率=0.00%。
  - 耗时拆解：packing=0.00s，main_topup=0.00s，retry=0.00s，failed_pool=0.00s，repack=0.00s，total=0.00s。
正在处理托盘类型：MH423C，销售订单号：PAID16290FL03S
  - 该分组不适合列式（多非满柱）→ 回退 beam + 配方优先。
  - 配方优先[fast]：规划 0 实例，实装成功 0，配方路径不可用 → 采用基线方案。
  - 指数诊断：箱子 3 个，总指数 6，目标 192，理论最多达标托盘 0 个，剩余指数 6。
  - 几何诊断：典型整层堆叠单盘参考上限 6/192。 当前目标可能受托盘高度/箱型组合限制。
  - 几何诊断提示：典型整层参考值 6 < 目标 192；该值不是不可达证明，继续执行指数救援。
  - 失败托盘互借诊断：未合并（no_target_or_single_plan）。
托盘类型 MH423C（销售订单号：PAID16290FL03S）处理完成：总托盘 1，指数达标 0，未达标 1，平均缺口 186.00，最大缺口 186.00，失败托盘互借修复成功 0。
  - KPI：near/mid/deep=0/0/1，救回率=0.00%，pair效率=0.00%。
  - 耗时拆解：packing=0.00s，main_topup=0.00s，retry=0.00s，failed_pool=0.00s，repack=0.00s，total=0.01s。
正在处理托盘类型：MH423C，销售订单号：PAID16306DN01S
  - 主算法：全局列式装箱 + 柱级组合优化（GCP）。
  - 失败托盘互借诊断：未合并（no_target_or_single_plan）。
托盘类型 MH423C（销售订单号：PAID16306DN01S）处理完成：总托盘 1，指数达标 0，未达标 1，平均缺口 170.00，最大缺口 170.00，失败托盘互借修复成功 0。
  - KPI：near/mid/deep=0/0/1，救回率=0.00%，pair效率=0.00%。
  - 耗时拆解：packing=0.09s，main_topup=0.00s，retry=0.00s，failed_pool=0.00s，repack=0.00s，total=0.09s。
正在处理托盘类型：MH423C，销售订单号：PAID16306DN01S__SPLITREST__
  - 该分组不适合列式（多非满柱）→ 回退 beam + 配方优先。
  - 配方优先[fast]：规划 0 实例，实装成功 0，配方路径不可用 → 采用基线方案。
  - 指数诊断：箱子 2 个，总指数 1，目标 192，理论最多达标托盘 0 个，剩余指数 1。
  - 几何诊断：典型整层堆叠单盘参考上限 1/192。 当前目标可能受托盘高度/箱型组合限制。
  - 几何诊断提示：典型整层参考值 1 < 目标 192；该值不是不可达证明，继续执行指数救援。
  - 失败托盘互借诊断：未合并（no_target_or_single_plan）。
托盘类型 MH423C（销售订单号：PAID16306DN01S__SPLITREST__）处理完成：总托盘 1，指数达标 0，未达标 1，平均缺口 191.00，最大缺口 191.00，失败托盘互借修复成功 0。
  - KPI：near/mid/deep=0/0/1，救回率=0.00%，pair效率=0.00%。
  - 耗时拆解：packing=0.00s，main_topup=0.00s，retry=0.00s，failed_pool=0.00s，repack=0.00s，total=0.00s。
正在处理托盘类型：MH423C，销售订单号：LAMY16305FN01S
  - 主算法：全局列式装箱 + 柱级组合优化（GCP）。
  - GCP 盘数远超理论（CP-SAT 装不满）→ 回退 baseline beam + 配方优先。
  - 配方优先[fast]：规划 0 实例，实装成功 0，配方路径不可用 → 采用基线方案。
  - 指数诊断：箱子 65 个，总指数 123.5，目标 192，理论最多达标托盘 0 个，剩余指数 123.5。
  - 几何诊断：典型整层堆叠单盘参考上限 90/192。 当前目标可能受托盘高度/箱型组合限制。
  - 几何诊断提示：典型整层参考值 90 < 目标 192；该值不是不可达证明，继续执行指数救援。
  - 失败托盘互借诊断：未合并（aborted_no_improvement_possible）。
托盘类型 MH423C（销售订单号：LAMY16305FN01S）处理完成：总托盘 2，指数达标 0，未达标 2，平均缺口 130.25，最大缺口 188.00，失败托盘互借修复成功 0。
  - KPI：near/mid/deep=0/0/2，救回率=0.00%，pair效率=0.00%。
  - 耗时拆解：packing=0.71s，main_topup=0.01s，retry=0.00s，failed_pool=0.00s，repack=1.18s，total=5.24s。
正在处理托盘类型：MH423C，销售订单号：LAMY16305FN01S__SPLITREST__
  - 该分组不适合列式（多非满柱）→ 回退 beam + 配方优先。
  - 配方优先[fast]：规划 0 实例，实装成功 0，配方路径不可用 → 采用基线方案。
  - 指数诊断：箱子 1 个，总指数 6，目标 192，理论最多达标托盘 0 个，剩余指数 6。
  - 几何诊断：典型整层堆叠单盘参考上限 6/192。 当前目标可能受托盘高度/箱型组合限制。
  - 几何诊断提示：典型整层参考值 6 < 目标 192；该值不是不可达证明，继续执行指数救援。
  - 失败托盘互借诊断：未合并（no_target_or_single_plan）。
托盘类型 MH423C（销售订单号：LAMY16305FN01S__SPLITREST__）处理完成：总托盘 1，指数达标 0，未达标 1，平均缺口 186.00，最大缺口 186.00，失败托盘互借修复成功 0。
  - KPI：near/mid/deep=0/0/1，救回率=0.00%，pair效率=0.00%。
  - 耗时拆解：packing=0.00s，main_topup=0.00s，retry=0.00s，failed_pool=0.00s，repack=0.00s，total=0.00s。
正在处理托盘类型：MH423C，销售订单号：PAID16300FN01S
  - 该分组不适合列式（多非满柱）→ 回退 beam + 配方优先。
  - 配方优先[fast]：规划 0 实例，实装成功 0，配方路径不可用 → 采用基线方案。
  - 指数诊断：箱子 8 个，总指数 19，目标 192，理论最多达标托盘 0 个，剩余指数 19。
  - 几何诊断：典型整层堆叠单盘参考上限 19/192。 当前目标可能受托盘高度/箱型组合限制。
  - 几何诊断提示：典型整层参考值 19 < 目标 192；该值不是不可达证明，继续执行指数救援。
  - 失败托盘互借诊断：未合并（no_target_or_single_plan）。
托盘类型 MH423C（销售订单号：PAID16300FN01S）处理完成：总托盘 1，指数达标 0，未达标 1，平均缺口 173.00，最大缺口 173.00，失败托盘互借修复成功 0。
  - KPI：near/mid/deep=0/0/1，救回率=0.00%，pair效率=0.00%。
  - 耗时拆解：packing=0.01s，main_topup=0.00s，retry=0.00s，failed_pool=0.00s，repack=0.00s，total=0.05s。
正在处理托盘类型：MH423C，销售订单号：PAID16295BD02S
  - 主算法：全局列式装箱 + 柱级组合优化（GCP）。
  - 失败托盘互借诊断：未合并（no_target_or_single_plan）。
托盘类型 MH423C（销售订单号：PAID16295BD02S）处理完成：总托盘 1，指数达标 0，未达标 1，平均缺口 156.00，最大缺口 156.00，失败托盘互借修复成功 0。
  - KPI：near/mid/deep=0/0/1，救回率=0.00%，pair效率=0.00%。
  - 耗时拆解：packing=0.07s，main_topup=0.00s，retry=0.00s，failed_pool=0.00s，repack=0.00s，total=0.07s。
正在处理托盘类型：MH423C，销售订单号：LFEG16300IN02S
  - 主算法：全局列式装箱 + 柱级组合优化（GCP）。
  - GCP 盘数远超理论（CP-SAT 装不满）→ 回退 baseline beam + 配方优先。
  - 配方优先[fast]：规划 0 实例，实装成功 0，配方路径不可用 → 采用基线方案。
  - 指数诊断：箱子 87 个，总指数 152.5，目标 192，理论最多达标托盘 0 个，剩余指数 152.5。
  - 几何诊断：典型整层堆叠单盘参考上限 116/192。 当前目标可能受托盘高度/箱型组合限制。
  - 几何诊断提示：典型整层参考值 116 < 目标 192；该值不是不可达证明，继续执行指数救援。
  - 失败托盘互借诊断：未合并（aborted_no_improvement_possible）。
托盘类型 MH423C（销售订单号：LFEG16300IN02S）处理完成：总托盘 2，指数达标 0，未达标 2，平均缺口 115.75，最大缺口 186.50，失败托盘互借修复成功 0。
  - KPI：near/mid/deep=0/0/2，救回率=0.00%，pair效率=0.00%。
  - 耗时拆解：packing=1.30s，main_topup=0.03s，retry=0.00s，failed_pool=0.00s，repack=2.52s，total=11.51s。
正在处理托盘类型：MH423C，销售订单号：LFEG16300IN02S__SPLITREST__
  - 该分组不适合列式（多非满柱）→ 回退 beam + 配方优先。
  - 配方优先[fast]：规划 0 实例，实装成功 0，配方路径不可用 → 采用基线方案。
  - 指数诊断：箱子 2 个，总指数 4，目标 192，理论最多达标托盘 0 个，剩余指数 4。
  - 几何诊断：典型整层堆叠单盘参考上限 4/192。 当前目标可能受托盘高度/箱型组合限制。
  - 几何诊断提示：典型整层参考值 4 < 目标 192；该值不是不可达证明，继续执行指数救援。
  - 失败托盘互借诊断：未合并（no_target_or_single_plan）。
托盘类型 MH423C（销售订单号：LFEG16300IN02S__SPLITREST__）处理完成：总托盘 1，指数达标 0，未达标 1，平均缺口 188.00，最大缺口 188.00，失败托盘互借修复成功 0。
  - KPI：near/mid/deep=0/0/1，救回率=0.00%，pair效率=0.00%。
  - 耗时拆解：packing=0.00s，main_topup=0.00s，retry=0.00s，failed_pool=0.00s，repack=0.00s，total=0.00s。
正在处理托盘类型：MH423C，销售订单号：LAID16305BN01S
  - 主算法：全局列式装箱 + 柱级组合优化（GCP）。
  - 失败托盘互借诊断：未合并（aborted_no_improvement_possible）。
托盘类型 MH423C（销售订单号：LAID16305BN01S）处理完成：总托盘 2，指数达标 0，未达标 2，平均缺口 131.50，最大缺口 188.00，失败托盘互借修复成功 0。
  - KPI：near/mid/deep=0/0/2，救回率=0.00%，pair效率=0.00%。
  - 耗时拆解：packing=0.77s，main_topup=0.00s，retry=0.00s，failed_pool=0.00s，repack=0.65s，total=1.42s。
正在处理托盘类型：MH423C，销售订单号：LFEG16310IN03S
  - 主算法：全局列式装箱 + 柱级组合优化（GCP）。
  - 失败托盘互借诊断：未合并（no_target_or_single_plan）。
托盘类型 MH423C（销售订单号：LFEG16310IN03S）处理完成：总托盘 1，指数达标 0，未达标 1，平均缺口 159.00，最大缺口 159.00，失败托盘互借修复成功 0。
  - KPI：near/mid/deep=0/0/1，救回率=0.00%，pair效率=0.00%。
  - 耗时拆解：packing=0.03s，main_topup=0.00s，retry=0.00s，failed_pool=0.00s，repack=0.00s，total=0.04s。
正在处理托盘类型：MH423C，销售订单号：LFEG16300IN01S
  - 该分组不适合列式（多非满柱）→ 回退 beam + 配方优先。
  - 配方优先[fast]：规划 0 实例，实装成功 0，配方路径不可用 → 采用基线方案。
  - 指数诊断：箱子 18 个，总指数 29.5，目标 192，理论最多达标托盘 0 个，剩余指数 29.5。
  - 几何诊断：典型整层堆叠单盘参考上限 28.5/192。 当前目标可能受托盘高度/箱型组合限制。
  - 几何诊断提示：典型整层参考值 28.5 < 目标 192；该值不是不可达证明，继续执行指数救援。
  - 失败托盘互借诊断：未合并（no_target_or_single_plan）。
托盘类型 MH423C（销售订单号：LFEG16300IN01S）处理完成：总托盘 1，指数达标 0，未达标 1，平均缺口 162.50，最大缺口 162.50，失败托盘互借修复成功 0。
  - KPI：near/mid/deep=0/0/1，救回率=0.00%，pair效率=0.00%。
  - 耗时拆解：packing=0.10s，main_topup=0.00s，retry=0.00s，failed_pool=0.00s，repack=0.00s，total=0.10s。
正在处理托盘类型：MH423C，销售订单号：LFEG16300IN03S
  - 主算法：全局列式装箱 + 柱级组合优化（GCP）。
  - 失败托盘互借诊断：未合并（no_target_or_single_plan）。
托盘类型 MH423C（销售订单号：LFEG16300IN03S）处理完成：总托盘 1，指数达标 0，未达标 1，平均缺口 82.00，最大缺口 82.00，失败托盘互借修复成功 0。
  - KPI：near/mid/deep=0/0/1，救回率=0.00%，pair效率=0.00%。
  - 耗时拆解：packing=0.93s，main_topup=0.00s，retry=0.00s，failed_pool=0.00s，repack=0.00s，total=0.93s。
正在处理托盘类型：MH423C，销售订单号：LFEG16300IN03S__SPLITREST__
  - 该分组不适合列式（多非满柱）→ 回退 beam + 配方优先。
  - 配方优先[fast]：规划 0 实例，实装成功 0，配方路径不可用 → 采用基线方案。
  - 指数诊断：箱子 2 个，总指数 4，目标 192，理论最多达标托盘 0 个，剩余指数 4。
  - 几何诊断：典型整层堆叠单盘参考上限 4/192。 当前目标可能受托盘高度/箱型组合限制。
  - 几何诊断提示：典型整层参考值 4 < 目标 192；该值不是不可达证明，继续执行指数救援。
  - 失败托盘互借诊断：未合并（no_target_or_single_plan）。
托盘类型 MH423C（销售订单号：LFEG16300IN03S__SPLITREST__）处理完成：总托盘 1，指数达标 0，未达标 1，平均缺口 188.00，最大缺口 188.00，失败托盘互借修复成功 0。
  - KPI：near/mid/deep=0/0/1，救回率=0.00%，pair效率=0.00%。
  - 耗时拆解：packing=0.00s，main_topup=0.00s，retry=0.00s，failed_pool=0.00s，repack=0.00s，total=0.01s。
正在处理托盘类型：MH423C，销售订单号：LAID16305BN03S
  - 主算法：全局列式装箱 + 柱级组合优化（GCP）。
  - 失败托盘互借诊断：未合并（no_target_or_single_plan）。
托盘类型 MH423C（销售订单号：LAID16305BN03S）处理完成：总托盘 1，指数达标 0，未达标 1，平均缺口 116.00，最大缺口 116.00，失败托盘互借修复成功 0。
  - KPI：near/mid/deep=0/0/1，救回率=0.00%，pair效率=0.00%。
  - 耗时拆解：packing=0.36s，main_topup=0.00s，retry=0.00s，failed_pool=0.00s，repack=0.00s，total=0.36s。
正在处理托盘类型：MH423C，销售订单号：LAID16305BN03S__SPLITREST__
  - 该分组不适合列式（多非满柱）→ 回退 beam + 配方优先。
  - 托盘 MH423C-LAID16305BN03S__SPLITREST__-1 未找到可行装箱方案，启用剩余箱子守恒兜底。
  - 配方优先[fast]：规划 0 实例，实装成功 0，配方路径不可用 → 采用基线方案。
  - 指数诊断：箱子 5 个，总指数 2.5，目标 192，理论最多达标托盘 0 个，剩余指数 2.5。
  - 几何诊断：典型整层堆叠单盘参考上限 2.5/192。 当前目标可能受托盘高度/箱型组合限制。
  - 几何诊断提示：典型整层参考值 2.5 < 目标 192；该值不是不可达证明，继续执行指数救援。
  - 失败托盘互借诊断：未合并（aborted_no_improvement_possible）。
托盘类型 MH423C（销售订单号：LAID16305BN03S__SPLITREST__）处理完成：总托盘 2，指数达标 0，未达标 2，平均缺口 190.75，最大缺口 191.50，失败托盘互借修复成功 0。
  - KPI：near/mid/deep=0/0/2，救回率=0.00%，pair效率=0.00%。
  - 耗时拆解：packing=0.01s，main_topup=0.00s，retry=0.00s，failed_pool=0.00s，repack=0.04s，total=0.08s。
正在处理托盘类型：MH423C，销售订单号：PEG166300LN01S
  - 主算法：全局列式装箱 + 柱级组合优化（GCP）。
  - 失败托盘互借诊断：未合并（no_target_or_single_plan）。
托盘类型 MH423C（销售订单号：PEG166300LN01S）处理完成：总托盘 1，指数达标 0，未达标 1，平均缺口 64.00，最大缺口 64.00，失败托盘互借修复成功 0。
  - KPI：near/mid/deep=0/0/1，救回率=0.00%，pair效率=0.00%。
  - 耗时拆解：packing=0.32s，main_topup=0.00s，retry=0.00s，failed_pool=0.00s，repack=0.00s，total=0.32s。
正在处理托盘类型：MH423C，销售订单号：PAID163008N01S
  - 该分组不适合列式（多非满柱）→ 回退 beam + 配方优先。
  - 配方优先[fast]：规划 0 实例，实装成功 0，配方路径不可用 → 采用基线方案。
  - 指数诊断：箱子 1 个，总指数 1，目标 192，理论最多达标托盘 0 个，剩余指数 1。
  - 几何诊断：典型整层堆叠单盘参考上限 1/192。 当前目标可能受托盘高度/箱型组合限制。
  - 几何诊断提示：典型整层参考值 1 < 目标 192；该值不是不可达证明，继续执行指数救援。
  - 失败托盘互借诊断：未合并（no_target_or_single_plan）。
托盘类型 MH423C（销售订单号：PAID163008N01S）处理完成：总托盘 1，指数达标 0，未达标 1，平均缺口 191.00，最大缺口 191.00，失败托盘互借修复成功 0。
  - KPI：near/mid/deep=0/0/1，救回率=0.00%，pair效率=0.00%。
  - 耗时拆解：packing=0.00s，main_topup=0.00s，retry=0.00s，failed_pool=0.00s，repack=0.00s，total=0.00s。
正在处理托盘类型：MH423C，销售订单号：PAIN26290BN01S
  - 该分组不适合列式（多非满柱）→ 回退 beam + 配方优先。
  - 托盘 MH423C-PAIN26290BN01S-1 未找到可行装箱方案，启用剩余箱子守恒兜底。
  - 配方优先[fast]：规划 0 实例，实装成功 0，配方路径不可用 → 采用基线方案。
  - 指数诊断：箱子 5 个，总指数 2.5，目标 192，理论最多达标托盘 0 个，剩余指数 2.5。
  - 几何诊断：典型整层堆叠单盘参考上限 2.5/192。 当前目标可能受托盘高度/箱型组合限制。
  - 几何诊断提示：典型整层参考值 2.5 < 目标 192；该值不是不可达证明，继续执行指数救援。
  - 失败盘装满压实：合并/吸收 1 次（纯减盘数）。
  - 失败托盘互借诊断：未合并（aborted_no_improvement_possible）。
托盘类型 MH423C（销售订单号：PAIN26290BN01S）处理完成：总托盘 1，指数达标 0，未达标 1，平均缺口 189.50，最大缺口 189.50，失败托盘互借修复成功 0。
  - KPI：near/mid/deep=0/0/1，救回率=0.00%，pair效率=0.00%。
  - 耗时拆解：packing=0.01s，main_topup=0.00s，retry=0.00s，failed_pool=0.00s，repack=0.03s，total=0.07s。
正在处理托盘类型：MH423C，销售订单号：PAID162308N01S
  - 该分组不适合列式（多非满柱）→ 回退 beam + 配方优先。
  - 配方优先[fast]：规划 0 实例，实装成功 0，配方路径不可用 → 采用基线方案。
  - 指数诊断：箱子 1 个，总指数 2，目标 192，理论最多达标托盘 0 个，剩余指数 2。
  - 几何诊断：典型整层堆叠单盘参考上限 2/192。 当前目标可能受托盘高度/箱型组合限制。
  - 几何诊断提示：典型整层参考值 2 < 目标 192；该值不是不可达证明，继续执行指数救援。
  - 失败托盘互借诊断：未合并（no_target_or_single_plan）。
托盘类型 MH423C（销售订单号：PAID162308N01S）处理完成：总托盘 1，指数达标 0，未达标 1，平均缺口 190.00，最大缺口 190.00，失败托盘互借修复成功 0。
  - KPI：near/mid/deep=0/0/1，救回率=0.00%，pair效率=0.00%。
  - 耗时拆解：packing=0.00s，main_topup=0.00s，retry=0.00s，failed_pool=0.00s，repack=0.00s，total=0.00s。
正在处理托盘类型：MH423C，销售订单号：PEG106290LN01S
  - 主算法：全局列式装箱 + 柱级组合优化（GCP）。
  - 失败托盘互借诊断：未合并（no_target_or_single_plan）。
托盘类型 MH423C（销售订单号：PEG106290LN01S）处理完成：总托盘 1，指数达标 0，未达标 1，平均缺口 179.00，最大缺口 179.00，失败托盘互借修复成功 0。
  - KPI：near/mid/deep=0/0/1，救回率=0.00%，pair效率=0.00%。
  - 耗时拆解：packing=0.04s，main_topup=0.00s，retry=0.00s，failed_pool=0.00s，repack=0.00s，total=0.04s。
正在处理托盘类型：MH423C，销售订单号：LAID16306DN03S
  - 该分组不适合列式（多非满柱）→ 回退 beam + 配方优先。
  - 配方优先[fast]：规划 0 实例，实装成功 0，配方路径不可用 → 采用基线方案。
  - 指数诊断：箱子 9 个，总指数 9，目标 192，理论最多达标托盘 0 个，剩余指数 9。
  - 几何诊断：典型整层堆叠单盘参考上限 9/192。 当前目标可能受托盘高度/箱型组合限制。
  - 几何诊断提示：典型整层参考值 9 < 目标 192；该值不是不可达证明，继续执行指数救援。
  - 失败托盘互借诊断：未合并（no_target_or_single_plan）。
托盘类型 MH423C（销售订单号：LAID16306DN03S）处理完成：总托盘 1，指数达标 0，未达标 1，平均缺口 183.00，最大缺口 183.00，失败托盘互借修复成功 0。
  - KPI：near/mid/deep=0/0/1，救回率=0.00%，pair效率=0.00%。
  - 耗时拆解：packing=0.01s，main_topup=0.00s，retry=0.00s，failed_pool=0.00s，repack=0.00s，total=0.06s。
正在处理托盘类型：MH423C，销售订单号：PAID16305EC01S
  - 该分组不适合列式（多非满柱）→ 回退 beam + 配方优先。
  - 配方优先[fast]：规划 0 实例，实装成功 0，配方路径不可用 → 采用基线方案。
  - 指数诊断：箱子 2 个，总指数 2，目标 192，理论最多达标托盘 0 个，剩余指数 2。
  - 几何诊断：典型整层堆叠单盘参考上限 2/192。 当前目标可能受托盘高度/箱型组合限制。
  - 几何诊断提示：典型整层参考值 2 < 目标 192；该值不是不可达证明，继续执行指数救援。
  - 失败托盘互借诊断：未合并（no_target_or_single_plan）。
托盘类型 MH423C（销售订单号：PAID16305EC01S）处理完成：总托盘 1，指数达标 0，未达标 1，平均缺口 190.00，最大缺口 190.00，失败托盘互借修复成功 0。
  - KPI：near/mid/deep=0/0/1，救回率=0.00%，pair效率=0.00%。
  - 耗时拆解：packing=0.00s，main_topup=0.00s，retry=0.00s，failed_pool=0.00s，repack=0.00s，total=0.00s。
正在处理托盘类型：MH423C，销售订单号：LAID16306DN02S
  - 主算法：全局列式装箱 + 柱级组合优化（GCP）。
  - 失败托盘互借诊断：未合并（no_target_or_single_plan）。
托盘类型 MH423C（销售订单号：LAID16306DN02S）处理完成：总托盘 1，指数达标 0，未达标 1，平均缺口 148.00，最大缺口 148.00，失败托盘互借修复成功 0。
  - KPI：near/mid/deep=0/0/1，救回率=0.00%，pair效率=0.00%。
  - 耗时拆解：packing=0.49s，main_topup=0.00s，retry=0.00s，failed_pool=0.00s，repack=0.00s，total=0.49s。
正在处理托盘类型：MH423C，销售订单号：LAID16306DN02S__SPLITREST__
  - 该分组不适合列式（多非满柱）→ 回退 beam + 配方优先。
  - 配方优先[fast]：规划 0 实例，实装成功 0，配方路径不可用 → 采用基线方案。
  - 指数诊断：箱子 2 个，总指数 4，目标 192，理论最多达标托盘 0 个，剩余指数 4。
  - 几何诊断：典型整层堆叠单盘参考上限 4/192。 当前目标可能受托盘高度/箱型组合限制。
  - 几何诊断提示：典型整层参考值 4 < 目标 192；该值不是不可达证明，继续执行指数救援。
  - 失败托盘互借诊断：未合并（no_target_or_single_plan）。
托盘类型 MH423C（销售订单号：LAID16306DN02S__SPLITREST__）处理完成：总托盘 1，指数达标 0，未达标 1，平均缺口 188.00，最大缺口 188.00，失败托盘互借修复成功 0。
  - KPI：near/mid/deep=0/0/1，救回率=0.00%，pair效率=0.00%。
  - 耗时拆解：packing=0.00s，main_topup=0.00s，retry=0.00s，failed_pool=0.00s，repack=0.00s，total=0.00s。
正在处理托盘类型：MH423C，销售订单号：LFEG16316AN01S
  - 主算法：全局列式装箱 + 柱级组合优化（GCP）。
  - 失败托盘互借诊断：未合并（no_target_or_single_plan）。
托盘类型 MH423C（销售订单号：LFEG16316AN01S）处理完成：总托盘 1，指数达标 0，未达标 1，平均缺口 178.00，最大缺口 178.00，失败托盘互借修复成功 0。
  - KPI：near/mid/deep=0/0/1，救回率=0.00%，pair效率=0.00%。
  - 耗时拆解：packing=0.01s，main_topup=0.00s，retry=0.00s，failed_pool=0.00s，repack=0.00s，total=0.01s。
正在处理托盘类型：MH423C，销售订单号：PAIN26310GN01S
  - 主算法：全局列式装箱 + 柱级组合优化（GCP）。
  - GCP 盘数远超理论（CP-SAT 装不满）→ 回退 baseline beam + 配方优先。
  - 配方优先[fast]：规划 0 实例，实装成功 0，配方路径不可用 → 采用基线方案。
  - 指数诊断：箱子 4 个，总指数 16，目标 192，理论最多达标托盘 0 个，剩余指数 16。
  - 几何诊断：典型整层堆叠单盘参考上限 16/192。 当前目标可能受托盘高度/箱型组合限制。
  - 几何诊断提示：典型整层参考值 16 < 目标 192；该值不是不可达证明，继续执行指数救援。
  - 失败托盘互借诊断：未合并（no_target_or_single_plan）。
托盘类型 MH423C（销售订单号：PAIN26310GN01S）处理完成：总托盘 1，指数达标 0，未达标 1，平均缺口 176.00，最大缺口 176.00，失败托盘互借修复成功 0。
  - KPI：near/mid/deep=0/0/1，救回率=0.00%，pair效率=0.00%。
  - 耗时拆解：packing=0.00s，main_topup=0.00s，retry=0.00s，failed_pool=0.00s，repack=0.00s，total=0.02s。
正在处理托盘类型：MH423C，销售订单号：PAIN26290MZ07S
  - 主算法：全局列式装箱 + 柱级组合优化（GCP）。
  - 失败托盘互借诊断：未合并（no_target_or_single_plan）。
托盘类型 MH423C（销售订单号：PAIN26290MZ07S）处理完成：总托盘 1，指数达标 0，未达标 1，平均缺口 22.00，最大缺口 22.00，失败托盘互借修复成功 0。
  - KPI：near/mid/deep=0/1/0，救回率=0.00%，pair效率=0.00%。
  - 耗时拆解：packing=2.72s，main_topup=0.00s，retry=0.00s，failed_pool=0.00s，repack=0.00s，total=2.72s。
正在处理托盘类型：MH423C，销售订单号：PAID16295EN06S
  - 该分组不适合列式（多非满柱）→ 回退 beam + 配方优先。
  - 配方优先[fast]：规划 0 实例，实装成功 0，配方路径不可用 → 采用基线方案。
  - 指数诊断：箱子 1 个，总指数 1，目标 192，理论最多达标托盘 0 个，剩余指数 1。
  - 几何诊断：典型整层堆叠单盘参考上限 1/192。 当前目标可能受托盘高度/箱型组合限制。
  - 几何诊断提示：典型整层参考值 1 < 目标 192；该值不是不可达证明，继续执行指数救援。
  - 失败托盘互借诊断：未合并（no_target_or_single_plan）。
托盘类型 MH423C（销售订单号：PAID16295EN06S）处理完成：总托盘 1，指数达标 0，未达标 1，平均缺口 191.00，最大缺口 191.00，失败托盘互借修复成功 0。
  - KPI：near/mid/deep=0/0/1，救回率=0.00%，pair效率=0.00%。
  - 耗时拆解：packing=0.00s，main_topup=0.00s，retry=0.00s，failed_pool=0.00s，repack=0.00s，total=0.00s。
正在处理托盘类型：MH423C，销售订单号：PAIN26296EN01S
  - 主算法：全局列式装箱 + 柱级组合优化（GCP）。
  - 失败托盘互借诊断：未合并（no_target_or_single_plan）。
托盘类型 MH423C（销售订单号：PAIN26296EN01S）处理完成：总托盘 1，指数达标 0，未达标 1，平均缺口 31.00，最大缺口 31.00，失败托盘互借修复成功 0。
  - KPI：near/mid/deep=0/0/1，救回率=0.00%，pair效率=0.00%。
  - 耗时拆解：packing=0.41s，main_topup=0.00s，retry=0.00s，failed_pool=0.00s，repack=0.00s，total=0.41s。
正在处理托盘类型：MH423C，销售订单号：LFEG16316AN02S
  - 该分组不适合列式（多非满柱）→ 回退 beam + 配方优先。
  - 配方优先[fast]：规划 0 实例，实装成功 0，配方路径不可用 → 采用基线方案。
  - 指数诊断：箱子 3 个，总指数 6，目标 192，理论最多达标托盘 0 个，剩余指数 6。
  - 几何诊断：典型整层堆叠单盘参考上限 6/192。 当前目标可能受托盘高度/箱型组合限制。
  - 几何诊断提示：典型整层参考值 6 < 目标 192；该值不是不可达证明，继续执行指数救援。
  - 失败托盘互借诊断：未合并（no_target_or_single_plan）。
托盘类型 MH423C（销售订单号：LFEG16316AN02S）处理完成：总托盘 1，指数达标 0，未达标 1，平均缺口 186.00，最大缺口 186.00，失败托盘互借修复成功 0。
  - KPI：near/mid/deep=0/0/1，救回率=0.00%，pair效率=0.00%。
  - 耗时拆解：packing=0.00s，main_topup=0.00s，retry=0.00s，failed_pool=0.00s，repack=0.00s，total=0.01s。
正在处理托盘类型：MH423C，销售订单号：PAIN26310MN01S
  - 该分组不适合列式（多非满柱）→ 回退 beam + 配方优先。
  - 配方优先[fast]：规划 0 实例，实装成功 0，配方路径不可用 → 采用基线方案。
  - 指数诊断：箱子 7 个，总指数 76，目标 192，理论最多达标托盘 0 个，剩余指数 76。
  - 几何诊断：典型整层堆叠单盘参考上限 60/192。 当前目标可能受托盘高度/箱型组合限制。
  - 几何诊断提示：典型整层参考值 60 < 目标 192；该值不是不可达证明，继续执行指数救援。
  - 失败托盘互借诊断：未合并（no_target_or_single_plan）。
托盘类型 MH423C（销售订单号：PAIN26310MN01S）处理完成：总托盘 1，指数达标 0，未达标 1，平均缺口 116.00，最大缺口 116.00，失败托盘互借修复成功 0。
  - KPI：near/mid/deep=0/0/1，救回率=0.00%，pair效率=0.00%。
  - 耗时拆解：packing=0.00s，main_topup=0.00s，retry=0.00s，failed_pool=0.00s，repack=0.00s，total=0.00s。
正在处理托盘类型：MH423C，销售订单号：LAID16315EN01S
  - 该分组不适合列式（多非满柱）→ 回退 beam + 配方优先。
  - 配方优先[fast]：规划 0 实例，实装成功 0，配方路径不可用 → 采用基线方案。
  - 指数诊断：箱子 4 个，总指数 20，目标 192，理论最多达标托盘 0 个，剩余指数 20。
  - 几何诊断：典型整层堆叠单盘参考上限 20/192。 当前目标可能受托盘高度/箱型组合限制。
  - 几何诊断提示：典型整层参考值 20 < 目标 192；该值不是不可达证明，继续执行指数救援。
  - 失败托盘互借诊断：未合并（no_target_or_single_plan）。
托盘类型 MH423C（销售订单号：LAID16315EN01S）处理完成：总托盘 1，指数达标 0，未达标 1，平均缺口 172.00，最大缺口 172.00，失败托盘互借修复成功 0。
  - KPI：near/mid/deep=0/0/1，救回率=0.00%，pair效率=0.00%。
  - 耗时拆解：packing=0.01s，main_topup=0.00s，retry=0.00s，failed_pool=0.00s，repack=0.00s，total=0.01s。
正在处理托盘类型：MH423C，销售订单号：PAIN26316EN01S
  - 主算法：全局列式装箱 + 柱级组合优化（GCP）。
  - 失败托盘互借诊断：未合并（no_target_or_single_plan）。
托盘类型 MH423C（销售订单号：PAIN26316EN01S）处理完成：总托盘 1，指数达标 0，未达标 1，平均缺口 140.00，最大缺口 140.00，失败托盘互借修复成功 0。
  - KPI：near/mid/deep=0/0/1，救回率=0.00%，pair效率=0.00%。
  - 耗时拆解：packing=0.04s，main_topup=0.00s，retry=0.00s，failed_pool=0.00s，repack=0.00s，total=0.04s。
正在处理托盘类型：MH423C，销售订单号：LAID16315EN02S
  - 主算法：全局列式装箱 + 柱级组合优化（GCP）。
  - 失败托盘互借诊断：未合并（no_target_or_single_plan）。
托盘类型 MH423C（销售订单号：LAID16315EN02S）处理完成：总托盘 1，指数达标 0，未达标 1，平均缺口 148.00，最大缺口 148.00，失败托盘互借修复成功 0。
  - KPI：near/mid/deep=0/0/1，救回率=0.00%，pair效率=0.00%。
  - 耗时拆解：packing=0.01s，main_topup=0.00s，retry=0.00s，failed_pool=0.00s，repack=0.00s，total=0.01s。
正在处理托盘类型：MH423C，销售订单号：PAIN26296EC02S
  - 主算法：全局列式装箱 + 柱级组合优化（GCP）。
  - 失败托盘互借诊断：未合并（no_target_or_single_plan）。
托盘类型 MH423C（销售订单号：PAIN26296EC02S）处理完成：总托盘 1，指数达标 0，未达标 1，平均缺口 130.00，最大缺口 130.00，失败托盘互借修复成功 0。
  - KPI：near/mid/deep=0/0/1，救回率=0.00%，pair效率=0.00%。
  - 耗时拆解：packing=0.16s，main_topup=0.00s，retry=0.00s，failed_pool=0.00s，repack=0.00s，total=0.16s。
正在处理托盘类型：MH423C，销售订单号：PAIN26310MZ05S
  - 主算法：全局列式装箱 + 柱级组合优化（GCP）。
  - 失败托盘互借诊断：未合并（no_target_or_single_plan）。
托盘类型 MH423C（销售订单号：PAIN26310MZ05S）处理完成：总托盘 1，指数达标 0，未达标 1，平均缺口 86.00，最大缺口 86.00，失败托盘互借修复成功 0。
  - KPI：near/mid/deep=0/0/1，救回率=0.00%，pair效率=0.00%。
  - 耗时拆解：packing=1.37s，main_topup=0.00s，retry=0.00s，failed_pool=0.00s，repack=0.00s，total=1.37s。
正在处理托盘类型：MH423C，销售订单号：PEG086300LN01S
  - 主算法：全局列式装箱 + 柱级组合优化（GCP）。
  - GCP 盘数远超理论（CP-SAT 装不满）→ 回退 baseline beam + 配方优先。
  - 配方优先[fast]：规划 0 实例，实装成功 0，配方路径不可用 → 采用基线方案。
  - 指数诊断：箱子 40 个，总指数 91，目标 192，理论最多达标托盘 0 个，剩余指数 91。
  - 几何诊断：典型整层堆叠单盘参考上限 87/192。 当前目标可能受托盘高度/箱型组合限制。
  - 几何诊断提示：典型整层参考值 87 < 目标 192；该值不是不可达证明，继续执行指数救援。
  - 失败托盘互借诊断：未合并（aborted_no_improvement_possible）。
托盘类型 MH423C（销售订单号：PEG086300LN01S）处理完成：总托盘 2，指数达标 0，未达标 2，平均缺口 146.50，最大缺口 184.00，失败托盘互借修复成功 0。
  - KPI：near/mid/deep=0/0/2，救回率=0.00%，pair效率=0.00%。
  - 耗时拆解：packing=0.30s，main_topup=0.00s，retry=0.00s，failed_pool=0.00s，repack=0.53s，total=2.24s。
正在处理托盘类型：MH423C，销售订单号：LAID16315EN03S
  - 该分组不适合列式（多非满柱）→ 回退 beam + 配方优先。
  - 配方优先[fast]：规划 0 实例，实装成功 0，配方路径不可用 → 采用基线方案。
  - 指数诊断：箱子 5 个，总指数 40，目标 192，理论最多达标托盘 0 个，剩余指数 40。
  - 几何诊断：典型整层堆叠单盘参考上限 40/192。 当前目标可能受托盘高度/箱型组合限制。
  - 几何诊断提示：典型整层参考值 40 < 目标 192；该值不是不可达证明，继续执行指数救援。
  - 失败托盘互借诊断：未合并（no_target_or_single_plan）。
托盘类型 MH423C（销售订单号：LAID16315EN03S）处理完成：总托盘 1，指数达标 0，未达标 1，平均缺口 152.00，最大缺口 152.00，失败托盘互借修复成功 0。
  - KPI：near/mid/deep=0/0/1，救回率=0.00%，pair效率=0.00%。
  - 耗时拆解：packing=0.01s，main_topup=0.00s，retry=0.00s，failed_pool=0.00s，repack=0.00s，total=0.01s。
正在处理托盘类型：MH423C，销售订单号：LAID16316DN03S
  - 主算法：全局列式装箱 + 柱级组合优化（GCP）。
  - 失败托盘互借诊断：未合并（no_target_or_single_plan）。
托盘类型 MH423C（销售订单号：LAID16316DN03S）处理完成：总托盘 1，指数达标 0，未达标 1，平均缺口 144.00，最大缺口 144.00，失败托盘互借修复成功 0。
  - KPI：near/mid/deep=0/0/1，救回率=0.00%，pair效率=0.00%。
  - 耗时拆解：packing=0.03s，main_topup=0.00s，retry=0.00s，failed_pool=0.00s，repack=0.00s，total=0.03s。
正在处理托盘类型：MH423C，销售订单号：LAID16316DN01S
  - 主算法：全局列式装箱 + 柱级组合优化（GCP）。
  - 失败托盘互借诊断：未合并（no_target_or_single_plan）。
托盘类型 MH423C（销售订单号：LAID16316DN01S）处理完成：总托盘 1，指数达标 0，未达标 1，平均缺口 120.00，最大缺口 120.00，失败托盘互借修复成功 0。
  - KPI：near/mid/deep=0/0/1，救回率=0.00%，pair效率=0.00%。
  - 耗时拆解：packing=0.09s，main_topup=0.00s，retry=0.00s，failed_pool=0.00s，repack=0.00s，total=0.09s。
正在处理托盘类型：MH423C，销售订单号：LAID16316DN02S
  - 主算法：全局列式装箱 + 柱级组合优化（GCP）。
  - 失败托盘互借诊断：未合并（no_target_or_single_plan）。
托盘类型 MH423C（销售订单号：LAID16316DN02S）处理完成：总托盘 1，指数达标 0，未达标 1，平均缺口 168.00，最大缺口 168.00，失败托盘互借修复成功 0。
  - KPI：near/mid/deep=0/0/1，救回率=0.00%，pair效率=0.00%。
  - 耗时拆解：packing=0.01s，main_topup=0.00s，retry=0.00s，failed_pool=0.00s，repack=0.00s，total=0.01s。
正在处理托盘类型：MH423C，销售订单号：PAIN26310GC02S
  - 主算法：全局列式装箱 + 柱级组合优化（GCP）。
  - 失败托盘互借诊断：未合并（no_target_or_single_plan）。
托盘类型 MH423C（销售订单号：PAIN26310GC02S）处理完成：总托盘 1，指数达标 0，未达标 1，平均缺口 132.00，最大缺口 132.00，失败托盘互借修复成功 0。
  - KPI：near/mid/deep=0/0/1，救回率=0.00%，pair效率=0.00%。
  - 耗时拆解：packing=0.15s，main_topup=0.00s，retry=0.00s，failed_pool=0.00s，repack=0.00s，total=0.15s。
  - 失败盘装满压实：合并/吸收 1 次（纯减盘数）。
  - 跨子组装满压实（MH423C / PAID16290FN01S）：合并 1 次（纯减盘数）。
  - 失败盘装满压实：合并/吸收 1 次（纯减盘数）。
  - 跨子组装满压实（MH423C / PAID16296DN01S）：合并 1 次（纯减盘数）。
  - 失败盘装满压实：合并/吸收 1 次（纯减盘数）。
  - 跨子组装满压实（MH423C / PAID16306DN01S）：合并 1 次（纯减盘数）。
  - 失败盘装满压实：合并/吸收 1 次（纯减盘数）。
  - 跨子组装满压实（MH423C / LAMY16305FN01S）：合并 1 次（纯减盘数）。
  - 失败盘装满压实：合并/吸收 1 次（纯减盘数）。
  - 跨子组装满压实（MH423C / LFEG16300IN02S）：合并 1 次（纯减盘数）。
  - 失败盘装满压实：合并/吸收 1 次（纯减盘数）。
  - 跨子组装满压实（MH423C / LFEG16300IN03S）：合并 1 次（纯减盘数）。
  - 失败盘装满压实：合并/吸收 1 次（纯减盘数）。
  - 跨子组装满压实（MH423C / LAID16305BN03S）：合并 1 次（纯减盘数）。
  - 失败盘装满压实：合并/吸收 1 次（纯减盘数）。
  - 跨子组装满压实（MH423C / LAID16306DN02S）：合并 1 次（纯减盘数）。
========================================
统计汇总：总托盘 75，指数达标 0，未达标 75，未知 0，平均缺口 144.08，最大缺口 191.50，失败托盘互借修复成功 0
KPI汇总：near/mid/deep=0/2/73，pair尝试=0，pair改进=0，pair效率=0.00%
耗时汇总：packing=19.55s，main_topup=0.07s，retry=0.00s，repack=8.47s，end_to_end=49.33s
========================================
[WCS-装] SUCCESS 产品码 0 个，DB 更新达标 0 行；FAILED 盘 75 个保持未达标。
[WCS-装] 本轮结束；等待下一次「新插入」再开算。
[WCS-装] 本轮无达标托盘，跳过 success 目录写入。
[WCS-装] 未达标方案已保存：D:\research_code\final\zhuang\packing-workspace\output\fail\packing_plan_20260724_134803.json
[WCS-装] 无达标托盘，跳过 wcs_plan / wcs_plan_map 写入。
[WCS-装] 已跳过接口 2 推送（仅本地保存）。
[UI-RESULT] D:\research_code\final\zhuang\packing-workspace\output\fail\packing_plan_20260724_134803.json
[WCS-装] 等待数据库新插入（有新 product_code 才开算）…
============================================================
[WCS-拉] 20260724_135120：拉取接口 1 …
[WCS-拉] 原始响应已保存：D:\research_code\final\zhuang\packing-workspace\input\raw\20260724_135120.json
[WCS-拉] 已剔除 case_type≠MH423C 的品类 113 条（类型：['MH113', 'WR246']），保留 1368 条。
[WCS-DB] product_code 已存在、跳过 1368 条
[WCS-拉] 落库完成：候选 1368 条，新插入 0 条（新行 up_to_standard=0）。
[WCS-拉] 无新插入 → 不触发装箱。
============================================================
[WCS-拉] 20260724_135440：拉取接口 1 …
[WCS-拉] 原始响应已保存：D:\research_code\final\zhuang\packing-workspace\input\raw\20260724_135440.json
[WCS-拉] 已剔除 case_type≠MH423C 的品类 113 条（类型：['MH113', 'WR246']），保留 1376 条。
[WCS-DB] product_code 已存在、跳过 1367 条
[WCS-拉] 落库完成：候选 1376 条，新插入 9 条（新行 up_to_standard=0）。
[WCS-拉] 有新插入 → 唤醒装箱线程。
[WCS] 已加载 BMS 参考表：D:\research_code\final\zhuang\packing-workspace\data\selected_5000_boxes_9_1_concentrated_3orders.xlsx
============================================================
[WCS-装] 20260724_135444：未达标行 1544 条，开始装箱 …
[WCS-装] 展开为 1544 个箱子。
数据预处理和箱子分组完成（按托盘类型+销售订单号）。
----------------------------------------
  - 组内子聚类：11 个混合订单拆出规则子集走 GCP、杂箱走 baseline。
正在处理托盘类型：MH423C，销售订单号：PAID16280FN01S
  - 该分组不适合列式（多非满柱）→ 回退 beam + 配方优先。
  - 配方优先[fast]：规划 0 实例，实装成功 0，配方路径不可用 → 采用基线方案。
  - 指数诊断：箱子 1 个，总指数 4，目标 192，理论最多达标托盘 0 个，剩余指数 4。
  - 几何诊断：典型整层堆叠单盘参考上限 4/192。 当前目标可能受托盘高度/箱型组合限制。
  - 几何诊断提示：典型整层参考值 4 < 目标 192；该值不是不可达证明，继续执行指数救援。
  - 失败托盘互借诊断：未合并（no_target_or_single_plan）。
托盘类型 MH423C（销售订单号：PAID16280FN01S）处理完成：总托盘 1，指数达标 0，未达标 1，平均缺口 188.00，最大缺口 188.00，失败托盘互借修复成功 0。
  - KPI：near/mid/deep=0/0/1，救回率=0.00%，pair效率=0.00%。
  - 耗时拆解：packing=0.00s，main_topup=0.00s，retry=0.00s，failed_pool=0.00s，repack=0.00s，total=0.00s。
正在处理托盘类型：MH423C，销售订单号：LFEG16290IN01S
  - 该分组不适合列式（多非满柱）→ 回退 beam + 配方优先。
  - 托盘 MH423C-LFEG16290IN01S-1 未找到可行装箱方案，启用剩余箱子守恒兜底。
  - 配方优先[fast]：规划 0 实例，实装成功 0，配方路径不可用 → 采用基线方案。
  - 指数诊断：箱子 9 个，总指数 17，目标 192，理论最多达标托盘 0 个，剩余指数 17。
  - 几何诊断：典型整层堆叠单盘参考上限 12/192。 当前目标可能受托盘高度/箱型组合限制。
  - 几何诊断提示：典型整层参考值 12 < 目标 192；该值不是不可达证明，继续执行指数救援。
  - 失败盘装满压实：合并/吸收 2 次（纯减盘数）。
  - 失败托盘互借诊断：未合并（aborted_no_improvement_possible）。
托盘类型 MH423C（销售订单号：LFEG16290IN01S）处理完成：总托盘 2，指数达标 0，未达标 2，平均缺口 183.50，最大缺口 187.00，失败托盘互借修复成功 0。
  - KPI：near/mid/deep=0/0/2，救回率=0.00%，pair效率=0.00%。
  - 耗时拆解：packing=0.02s，main_topup=0.00s，retry=0.00s，failed_pool=0.00s，repack=0.19s，total=0.29s。
正在处理托盘类型：MH423C，销售订单号：LFEG16290IN02S
  - 该分组不适合列式（多非满柱）→ 回退 beam + 配方优先。
  - 配方优先[fast]：规划 0 实例，实装成功 0，配方路径不可用 → 采用基线方案。
  - 指数诊断：箱子 33 个，总指数 33.5，目标 192，理论最多达标托盘 0 个，剩余指数 33.5。
  - 几何诊断：典型整层堆叠单盘参考上限 28.5/192。 当前目标可能受托盘高度/箱型组合限制。
  - 几何诊断提示：典型整层参考值 28.5 < 目标 192；该值不是不可达证明，继续执行指数救援。
  - 失败托盘互借诊断：未合并（no_target_or_single_plan）。
托盘类型 MH423C（销售订单号：LFEG16290IN02S）处理完成：总托盘 1，指数达标 0，未达标 1，平均缺口 158.50，最大缺口 158.50，失败托盘互借修复成功 0。
  - KPI：near/mid/deep=0/0/1，救回率=0.00%，pair效率=0.00%。
  - 耗时拆解：packing=0.28s，main_topup=0.00s，retry=0.00s，failed_pool=0.00s，repack=0.00s，total=0.28s。
正在处理托盘类型：MH423C，销售订单号：LAID16306DN01S
  - 该分组不适合列式（多非满柱）→ 回退 beam + 配方优先。
  - 配方优先[fast]：规划 0 实例，实装成功 0，配方路径不可用 → 采用基线方案。
  - 指数诊断：箱子 50 个，总指数 88，目标 192，理论最多达标托盘 0 个，剩余指数 88。
  - 几何诊断：典型整层堆叠单盘参考上限 65/192。 当前目标可能受托盘高度/箱型组合限制。
  - 几何诊断提示：典型整层参考值 65 < 目标 192；该值不是不可达证明，继续执行指数救援。
  - 失败托盘互借诊断：未合并（aborted_no_improvement_possible）。
托盘类型 MH423C（销售订单号：LAID16306DN01S）处理完成：总托盘 2，指数达标 0，未达标 2，平均缺口 148.00，最大缺口 182.00，失败托盘互借修复成功 0。
  - KPI：near/mid/deep=0/0/2，救回率=0.00%，pair效率=0.00%。
  - 耗时拆解：packing=0.25s，main_topup=0.01s，retry=0.00s，failed_pool=0.00s，repack=0.60s，total=1.58s。
正在处理托盘类型：MH423C，销售订单号：LAID16296DN01S
  - 主算法：全局列式装箱 + 柱级组合优化（GCP）。
  - 失败托盘互借诊断：未合并（no_target_or_single_plan）。
托盘类型 MH423C（销售订单号：LAID16296DN01S）处理完成：总托盘 1，指数达标 0，未达标 1，平均缺口 151.50，最大缺口 151.50，失败托盘互借修复成功 0。
  - KPI：near/mid/deep=0/0/1，救回率=0.00%，pair效率=0.00%。
  - 耗时拆解：packing=0.08s，main_topup=0.00s，retry=0.00s，failed_pool=0.00s，repack=0.00s，total=0.09s。
正在处理托盘类型：MH423C，销售订单号：LAID16296DN01S__SPLITREST__
  - 该分组不适合列式（多非满柱）→ 回退 beam + 配方优先。
  - 配方优先[fast]：规划 0 实例，实装成功 0，配方路径不可用 → 采用基线方案。
  - 指数诊断：箱子 4 个，总指数 8，目标 192，理论最多达标托盘 0 个，剩余指数 8。
  - 几何诊断：典型整层堆叠单盘参考上限 8/192。 当前目标可能受托盘高度/箱型组合限制。
  - 几何诊断提示：典型整层参考值 8 < 目标 192；该值不是不可达证明，继续执行指数救援。
  - 失败托盘互借诊断：未合并（no_target_or_single_plan）。
托盘类型 MH423C（销售订单号：LAID16296DN01S__SPLITREST__）处理完成：总托盘 1，指数达标 0，未达标 1，平均缺口 184.00，最大缺口 184.00，失败托盘互借修复成功 0。
  - KPI：near/mid/deep=0/0/1，救回率=0.00%，pair效率=0.00%。
  - 耗时拆解：packing=0.00s，main_topup=0.00s，retry=0.00s，failed_pool=0.00s，repack=0.00s，total=0.02s。
正在处理托盘类型：MH423C，销售订单号：LAID16296DN02S
  - 主算法：全局列式装箱 + 柱级组合优化（GCP）。
  - GCP 盘数远超理论（CP-SAT 装不满）→ 回退 baseline beam + 配方优先。
  - 托盘 MH423C-LAID16296DN02S-2 未找到可行装箱方案，启用剩余箱子守恒兜底。
  - 配方优先[fast]：规划 0 实例，实装成功 0，配方路径不可用 → 采用基线方案。
  - 指数诊断：箱子 49 个，总指数 164.5，目标 192，理论最多达标托盘 0 个，剩余指数 164.5。
  - 几何诊断：典型整层堆叠单盘参考上限 97/192。 当前目标可能受托盘高度/箱型组合限制。
  - 几何诊断提示：典型整层参考值 97 < 目标 192；该值不是不可达证明，继续执行指数救援。
  - 失败托盘互借诊断：未合并（aborted_no_improvement_possible）。
托盘类型 MH423C（销售订单号：LAID16296DN02S）处理完成：总托盘 4，指数达标 0，未达标 4，平均缺口 150.88，最大缺口 191.00，失败托盘互借修复成功 0。
  - KPI：near/mid/deep=0/0/4，救回率=0.00%，pair效率=0.00%。
  - 耗时拆解：packing=0.34s，main_topup=0.01s，retry=0.00s，failed_pool=0.00s，repack=0.95s，total=2.71s。
正在处理托盘类型：MH423C，销售订单号：LAID16296DN03S
  - 主算法：全局列式装箱 + 柱级组合优化（GCP）。
  - 失败托盘互借诊断：未合并（no_target_or_single_plan）。
托盘类型 MH423C（销售订单号：LAID16296DN03S）处理完成：总托盘 1，指数达标 0，未达标 1，平均缺口 89.00，最大缺口 89.00，失败托盘互借修复成功 0。
  - KPI：near/mid/deep=0/0/1，救回率=0.00%，pair效率=0.00%。
  - 耗时拆解：packing=0.78s，main_topup=0.00s，retry=0.00s，failed_pool=0.00s，repack=0.00s，total=0.78s。
正在处理托盘类型：MH423C，销售订单号：LFEG16290IN03S
  - 该分组不适合列式（多非满柱）→ 回退 beam + 配方优先。
  - 配方优先[fast]：规划 0 实例，实装成功 0，配方路径不可用 → 采用基线方案。
  - 指数诊断：箱子 37 个，总指数 69，目标 192，理论最多达标托盘 0 个，剩余指数 69。
  - 几何诊断：典型整层堆叠单盘参考上限 51/192。 当前目标可能受托盘高度/箱型组合限制。
  - 几何诊断提示：典型整层参考值 51 < 目标 192；该值不是不可达证明，继续执行指数救援。
  - 失败托盘互借诊断：未合并（aborted_no_improvement_possible）。
托盘类型 MH423C（销售订单号：LFEG16290IN03S）处理完成：总托盘 2，指数达标 0，未达标 2，平均缺口 157.50，最大缺口 189.00，失败托盘互借修复成功 0。
  - KPI：near/mid/deep=0/0/2，救回率=0.00%，pair效率=0.00%。
  - 耗时拆解：packing=0.21s，main_topup=0.00s，retry=0.00s，failed_pool=0.00s，repack=0.32s，total=1.00s。
正在处理托盘类型：MH423C，销售订单号：LFEG16310IN02S
  - 该分组不适合列式（多非满柱）→ 回退 beam + 配方优先。
  - 配方优先[fast]：规划 0 实例，实装成功 0，配方路径不可用 → 采用基线方案。
  - 指数诊断：箱子 15 个，总指数 35，目标 192，理论最多达标托盘 0 个，剩余指数 35。
  - 几何诊断：典型整层堆叠单盘参考上限 29/192。 当前目标可能受托盘高度/箱型组合限制。
  - 几何诊断提示：典型整层参考值 29 < 目标 192；该值不是不可达证明，继续执行指数救援。
  - 失败托盘互借诊断：未合并（no_target_or_single_plan）。
托盘类型 MH423C（销售订单号：LFEG16310IN02S）处理完成：总托盘 1，指数达标 0，未达标 1，平均缺口 157.00，最大缺口 157.00，失败托盘互借修复成功 0。
  - KPI：near/mid/deep=0/0/1，救回率=0.00%，pair效率=0.00%。
  - 耗时拆解：packing=0.07s，main_topup=0.00s，retry=0.00s，failed_pool=0.00s，repack=0.00s，total=0.07s。
正在处理托盘类型：MH423C，销售订单号：LFEG16310IN01S
  - 该分组不适合列式（多非满柱）→ 回退 beam + 配方优先。
  - 配方优先[fast]：规划 0 实例，实装成功 0，配方路径不可用 → 采用基线方案。
  - 指数诊断：箱子 17 个，总指数 36，目标 192，理论最多达标托盘 0 个，剩余指数 36。
  - 几何诊断：典型整层堆叠单盘参考上限 30/192。 当前目标可能受托盘高度/箱型组合限制。
  - 几何诊断提示：典型整层参考值 30 < 目标 192；该值不是不可达证明，继续执行指数救援。
  - 失败托盘互借诊断：未合并（no_target_or_single_plan）。
托盘类型 MH423C（销售订单号：LFEG16310IN01S）处理完成：总托盘 1，指数达标 0，未达标 1，平均缺口 156.00，最大缺口 156.00，失败托盘互借修复成功 0。
  - KPI：near/mid/deep=0/0/1，救回率=0.00%，pair效率=0.00%。
  - 耗时拆解：packing=0.09s，main_topup=0.00s，retry=0.00s，failed_pool=0.00s，repack=0.00s，total=0.09s。
正在处理托盘类型：MH423C，销售订单号：PAID16290FN01S
  - 主算法：全局列式装箱 + 柱级组合优化（GCP）。
  - 失败托盘互借诊断：未合并（no_target_or_single_plan）。
托盘类型 MH423C（销售订单号：PAID16290FN01S）处理完成：总托盘 1，指数达标 0，未达标 1，平均缺口 161.00，最大缺口 161.00，失败托盘互借修复成功 0。
  - KPI：near/mid/deep=0/0/1，救回率=0.00%，pair效率=0.00%。
  - 耗时拆解：packing=0.03s，main_topup=0.00s，retry=0.00s，failed_pool=0.00s，repack=0.00s，total=0.03s。
正在处理托盘类型：MH423C，销售订单号：PAID16290FN01S__SPLITREST__
  - 该分组不适合列式（多非满柱）→ 回退 beam + 配方优先。
  - 配方优先[fast]：规划 0 实例，实装成功 0，配方路径不可用 → 采用基线方案。
  - 指数诊断：箱子 1 个，总指数 0.5，目标 192，理论最多达标托盘 0 个，剩余指数 0.5。
  - 几何诊断：典型整层堆叠单盘参考上限 0.5/192。 当前目标可能受托盘高度/箱型组合限制。
  - 几何诊断提示：典型整层参考值 0.5 < 目标 192；该值不是不可达证明，继续执行指数救援。
  - 失败托盘互借诊断：未合并（no_target_or_single_plan）。
托盘类型 MH423C（销售订单号：PAID16290FN01S__SPLITREST__）处理完成：总托盘 1，指数达标 0，未达标 1，平均缺口 191.50，最大缺口 191.50，失败托盘互借修复成功 0。
  - KPI：near/mid/deep=0/0/1，救回率=0.00%，pair效率=0.00%。
  - 耗时拆解：packing=0.00s，main_topup=0.00s，retry=0.00s，failed_pool=0.00s，repack=0.00s，total=0.00s。
正在处理托盘类型：MH423C，销售订单号：PAIN26290BC02S
  - 主算法：全局列式装箱 + 柱级组合优化（GCP）。
  - 失败托盘互借诊断：未合并（no_target_or_single_plan）。
托盘类型 MH423C（销售订单号：PAIN26290BC02S）处理完成：总托盘 1，指数达标 0，未达标 1，平均缺口 84.00，最大缺口 84.00，失败托盘互借修复成功 0。
  - KPI：near/mid/deep=0/0/1，救回率=0.00%，pair效率=0.00%。
  - 耗时拆解：packing=1.31s，main_topup=0.00s，retry=0.00s，failed_pool=0.00s，repack=0.00s，total=1.31s。
正在处理托盘类型：MH423C，销售订单号：PAIN26286EN01S
  - 该分组不适合列式（多非满柱）→ 回退 beam + 配方优先。
  - 配方优先[fast]：规划 0 实例，实装成功 0，配方路径不可用 → 采用基线方案。
  - 指数诊断：箱子 1 个，总指数 2，目标 192，理论最多达标托盘 0 个，剩余指数 2。
  - 几何诊断：典型整层堆叠单盘参考上限 2/192。 当前目标可能受托盘高度/箱型组合限制。
  - 几何诊断提示：典型整层参考值 2 < 目标 192；该值不是不可达证明，继续执行指数救援。
  - 失败托盘互借诊断：未合并（no_target_or_single_plan）。
托盘类型 MH423C（销售订单号：PAIN26286EN01S）处理完成：总托盘 1，指数达标 0，未达标 1，平均缺口 190.00，最大缺口 190.00，失败托盘互借修复成功 0。
  - KPI：near/mid/deep=0/0/1，救回率=0.00%，pair效率=0.00%。
  - 耗时拆解：packing=0.00s，main_topup=0.00s，retry=0.00s，failed_pool=0.00s，repack=0.00s，total=0.00s。
正在处理托盘类型：MH423C，销售订单号：LAID16296DN03S__CASEGROUP__1
  - 主算法：全局列式装箱 + 柱级组合优化（GCP）。
  - 失败托盘互借诊断：未合并（no_target_or_single_plan）。
托盘类型 MH423C（销售订单号：LAID16296DN03S__CASEGROUP__1）处理完成：总托盘 1，指数达标 0，未达标 1，平均缺口 90.00，最大缺口 90.00，失败托盘互借修复成功 0。
  - KPI：near/mid/deep=0/0/1，救回率=0.00%，pair效率=0.00%。
  - 耗时拆解：packing=0.36s，main_topup=0.00s，retry=0.00s，failed_pool=0.00s，repack=0.00s，total=0.36s。
正在处理托盘类型：MH423C，销售订单号：LAID16296DN03S__CASEGROUP__1__SPLITREST__
  - 该分组不适合列式（多非满柱）→ 回退 beam + 配方优先。
  - 配方优先[fast]：规划 0 实例，实装成功 0，配方路径不可用 → 采用基线方案。
  - 指数诊断：箱子 4 个，总指数 2，目标 192，理论最多达标托盘 0 个，剩余指数 2。
  - 几何诊断：典型整层堆叠单盘参考上限 2/192。 当前目标可能受托盘高度/箱型组合限制。
  - 几何诊断提示：典型整层参考值 2 < 目标 192；该值不是不可达证明，继续执行指数救援。
  - 失败托盘互借诊断：未合并（no_target_or_single_plan）。
托盘类型 MH423C（销售订单号：LAID16296DN03S__CASEGROUP__1__SPLITREST__）处理完成：总托盘 1，指数达标 0，未达标 1，平均缺口 190.00，最大缺口 190.00，失败托盘互借修复成功 0。
  - KPI：near/mid/deep=0/0/1，救回率=0.00%，pair效率=0.00%。
  - 耗时拆解：packing=0.00s，main_topup=0.00s，retry=0.00s，failed_pool=0.00s，repack=0.00s，total=0.02s。
正在处理托盘类型：MH423C，销售订单号：LAMY16315FN01S
  - 主算法：全局列式装箱 + 柱级组合优化（GCP）。
  - 失败托盘互借诊断：未合并（no_target_or_single_plan）。
托盘类型 MH423C（销售订单号：LAMY16315FN01S）处理完成：总托盘 1，指数达标 0，未达标 1，平均缺口 21.00，最大缺口 21.00，失败托盘互借修复成功 0。
  - KPI：near/mid/deep=0/1/0，救回率=0.00%，pair效率=0.00%。
  - 耗时拆解：packing=0.96s，main_topup=0.00s，retry=0.00s，failed_pool=0.00s，repack=0.00s，total=0.96s。
正在处理托盘类型：MH423C，销售订单号：LAMY16315FN01S__SPLITREST__
  - 该分组不适合列式（多非满柱）→ 回退 beam + 配方优先。
  - 配方优先[fast]：规划 0 实例，实装成功 0，配方路径不可用 → 采用基线方案。
  - 指数诊断：箱子 1 个，总指数 0.5，目标 192，理论最多达标托盘 0 个，剩余指数 0.5。
  - 几何诊断：典型整层堆叠单盘参考上限 0.5/192。 当前目标可能受托盘高度/箱型组合限制。
  - 几何诊断提示：典型整层参考值 0.5 < 目标 192；该值不是不可达证明，继续执行指数救援。
  - 失败托盘互借诊断：未合并（no_target_or_single_plan）。
托盘类型 MH423C（销售订单号：LAMY16315FN01S__SPLITREST__）处理完成：总托盘 1，指数达标 0，未达标 1，平均缺口 191.50，最大缺口 191.50，失败托盘互借修复成功 0。
  - KPI：near/mid/deep=0/0/1，救回率=0.00%，pair效率=0.00%。
  - 耗时拆解：packing=0.00s，main_topup=0.00s，retry=0.00s，failed_pool=0.00s，repack=0.00s，total=0.00s。
正在处理托盘类型：MH423C，销售订单号：LAID16305BN02S
  - 主算法：全局列式装箱 + 柱级组合优化（GCP）。
  - 失败托盘互借诊断：未合并（no_target_or_single_plan）。
托盘类型 MH423C（销售订单号：LAID16305BN02S）处理完成：总托盘 1，指数达标 0，未达标 1，平均缺口 128.50，最大缺口 128.50，失败托盘互借修复成功 0。
  - KPI：near/mid/deep=0/0/1，救回率=0.00%，pair效率=0.00%。
  - 耗时拆解：packing=0.47s，main_topup=0.00s，retry=0.00s，failed_pool=0.00s，repack=0.00s，total=0.47s。
正在处理托盘类型：MH423C，销售订单号：PAID16280FC02S
  - 主算法：全局列式装箱 + 柱级组合优化（GCP）。
  - GCP 盘数远超理论（CP-SAT 装不满）→ 回退 baseline beam + 配方优先。
  - 配方优先[fast]：规划 0 实例，实装成功 0，配方路径不可用 → 采用基线方案。
  - 指数诊断：箱子 4 个，总指数 16，目标 192，理论最多达标托盘 0 个，剩余指数 16。
  - 几何诊断：典型整层堆叠单盘参考上限 16/192。 当前目标可能受托盘高度/箱型组合限制。
  - 几何诊断提示：典型整层参考值 16 < 目标 192；该值不是不可达证明，继续执行指数救援。
  - 失败托盘互借诊断：未合并（no_target_or_single_plan）。
托盘类型 MH423C（销售订单号：PAID16280FC02S）处理完成：总托盘 1，指数达标 0，未达标 1，平均缺口 176.00，最大缺口 176.00，失败托盘互借修复成功 0。
  - KPI：near/mid/deep=0/0/1，救回率=0.00%，pair效率=0.00%。
  - 耗时拆解：packing=0.00s，main_topup=0.00s，retry=0.00s，failed_pool=0.00s，repack=0.00s，total=0.02s。
正在处理托盘类型：MH423C，销售订单号：PAID16290FC02S
  - 该分组不适合列式（多非满柱）→ 回退 beam + 配方优先。
  - 配方优先[fast]：规划 0 实例，实装成功 0，配方路径不可用 → 采用基线方案。
  - 指数诊断：箱子 6 个，总指数 14，目标 192，理论最多达标托盘 0 个，剩余指数 14。
  - 几何诊断：典型整层堆叠单盘参考上限 14/192。 当前目标可能受托盘高度/箱型组合限制。
  - 几何诊断提示：典型整层参考值 14 < 目标 192；该值不是不可达证明，继续执行指数救援。
  - 失败托盘互借诊断：未合并（no_target_or_single_plan）。
托盘类型 MH423C（销售订单号：PAID16290FC02S）处理完成：总托盘 1，指数达标 0，未达标 1，平均缺口 178.00，最大缺口 178.00，失败托盘互借修复成功 0。
  - KPI：near/mid/deep=0/0/1，救回率=0.00%，pair效率=0.00%。
  - 耗时拆解：packing=0.01s，main_topup=0.00s，retry=0.00s，failed_pool=0.00s，repack=0.00s，total=0.04s。
正在处理托盘类型：MH423C，销售订单号：PEG146296CN01S
  - 主算法：全局列式装箱 + 柱级组合优化（GCP）。
  - 失败托盘互借诊断：未合并（no_target_or_single_plan）。
托盘类型 MH423C（销售订单号：PEG146296CN01S）处理完成：总托盘 1，指数达标 0，未达标 1，平均缺口 68.00，最大缺口 68.00，失败托盘互借修复成功 0。
  - KPI：near/mid/deep=0/0/1，救回率=0.00%，pair效率=0.00%。
  - 耗时拆解：packing=0.33s，main_topup=0.00s，retry=0.00s，failed_pool=0.00s，repack=0.00s，total=0.33s。
正在处理托盘类型：MH423C，销售订单号：PAID16295BN01S
  - 主算法：全局列式装箱 + 柱级组合优化（GCP）。
  - 失败托盘互借诊断：未合并（aborted_no_improvement_possible）。
托盘类型 MH423C（销售订单号：PAID16295BN01S）处理完成：总托盘 2，指数达标 0，未达标 2，平均缺口 95.75，最大缺口 161.50，失败托盘互借修复成功 0。
  - KPI：near/mid/deep=0/0/2，救回率=0.00%，pair效率=0.00%。
  - 耗时拆解：packing=54.00s，main_topup=0.00s，retry=0.00s，failed_pool=0.00s，repack=2.61s，total=56.60s。
  - 条件双路径棘轮：替代完整路径通过守恒和最终门禁，严格优于 GCP，已采用。
正在处理托盘类型：MH423C，销售订单号：PAID16296DN01S
  - 主算法：全局列式装箱 + 柱级组合优化（GCP）。
  - 失败托盘互借诊断：未合并（no_target_or_single_plan）。
托盘类型 MH423C（销售订单号：PAID16296DN01S）处理完成：总托盘 1，指数达标 0，未达标 1，平均缺口 132.50，最大缺口 132.50，失败托盘互借修复成功 0。
  - KPI：near/mid/deep=0/0/1，救回率=0.00%，pair效率=0.00%。
  - 耗时拆解：packing=1.32s，main_topup=0.00s，retry=0.00s，failed_pool=0.00s，repack=0.00s，total=1.32s。
正在处理托盘类型：MH423C，销售订单号：PAID16296DN01S__SPLITREST__
  - 该分组不适合列式（多非满柱）→ 回退 beam + 配方优先。
  - 配方优先[fast]：规划 0 实例，实装成功 0，配方路径不可用 → 采用基线方案。
  - 指数诊断：箱子 3 个，总指数 6，目标 192，理论最多达标托盘 0 个，剩余指数 6。
  - 几何诊断：典型整层堆叠单盘参考上限 6/192。 当前目标可能受托盘高度/箱型组合限制。
  - 几何诊断提示：典型整层参考值 6 < 目标 192；该值不是不可达证明，继续执行指数救援。
  - 失败托盘互借诊断：未合并（no_target_or_single_plan）。
托盘类型 MH423C（销售订单号：PAID16296DN01S__SPLITREST__）处理完成：总托盘 1，指数达标 0，未达标 1，平均缺口 186.00，最大缺口 186.00，失败托盘互借修复成功 0。
  - KPI：near/mid/deep=0/0/1，救回率=0.00%，pair效率=0.00%。
  - 耗时拆解：packing=0.00s，main_topup=0.00s，retry=0.00s，failed_pool=0.00s，repack=0.00s，total=0.01s。
正在处理托盘类型：MH423C，销售订单号：LAID16305EN01S
  - 该分组不适合列式（多非满柱）→ 回退 beam + 配方优先。
  - 配方优先[fast]：规划 0 实例，实装成功 0，配方路径不可用 → 采用基线方案。
  - 指数诊断：箱子 31 个，总指数 87.5，目标 192，理论最多达标托盘 0 个，剩余指数 87.5。
  - 几何诊断：典型整层堆叠单盘参考上限 67/192。 当前目标可能受托盘高度/箱型组合限制。
  - 几何诊断提示：典型整层参考值 67 < 目标 192；该值不是不可达证明，继续执行指数救援。
  - 失败托盘互借诊断：未合并（no_target_or_single_plan）。
托盘类型 MH423C（销售订单号：LAID16305EN01S）处理完成：总托盘 1，指数达标 0，未达标 1，平均缺口 104.50，最大缺口 104.50，失败托盘互借修复成功 0。
  - KPI：near/mid/deep=0/0/1，救回率=0.00%，pair效率=0.00%。
  - 耗时拆解：packing=0.13s，main_topup=0.00s，retry=0.00s，failed_pool=0.00s，repack=0.00s，total=0.45s。
正在处理托盘类型：MH423C，销售订单号：PAID16295EL05S
  - 该分组不适合列式（多非满柱）→ 回退 beam + 配方优先。
  - 配方优先[fast]：规划 0 实例，实装成功 0，配方路径不可用 → 采用基线方案。
  - 指数诊断：箱子 1 个，总指数 2，目标 192，理论最多达标托盘 0 个，剩余指数 2。
  - 几何诊断：典型整层堆叠单盘参考上限 2/192。 当前目标可能受托盘高度/箱型组合限制。
  - 几何诊断提示：典型整层参考值 2 < 目标 192；该值不是不可达证明，继续执行指数救援。
  - 失败托盘互借诊断：未合并（no_target_or_single_plan）。
托盘类型 MH423C（销售订单号：PAID16295EL05S）处理完成：总托盘 1，指数达标 0，未达标 1，平均缺口 190.00，最大缺口 190.00，失败托盘互借修复成功 0。
  - KPI：near/mid/deep=0/0/1，救回率=0.00%，pair效率=0.00%。
  - 耗时拆解：packing=0.00s，main_topup=0.00s，retry=0.00s，failed_pool=0.00s，repack=0.00s，total=0.00s。
正在处理托盘类型：MH423C，销售订单号：PAID16290FL03S
  - 该分组不适合列式（多非满柱）→ 回退 beam + 配方优先。
  - 配方优先[fast]：规划 0 实例，实装成功 0，配方路径不可用 → 采用基线方案。
  - 指数诊断：箱子 3 个，总指数 6，目标 192，理论最多达标托盘 0 个，剩余指数 6。
  - 几何诊断：典型整层堆叠单盘参考上限 6/192。 当前目标可能受托盘高度/箱型组合限制。
  - 几何诊断提示：典型整层参考值 6 < 目标 192；该值不是不可达证明，继续执行指数救援。
  - 失败托盘互借诊断：未合并（no_target_or_single_plan）。
托盘类型 MH423C（销售订单号：PAID16290FL03S）处理完成：总托盘 1，指数达标 0，未达标 1，平均缺口 186.00，最大缺口 186.00，失败托盘互借修复成功 0。
  - KPI：near/mid/deep=0/0/1，救回率=0.00%，pair效率=0.00%。
  - 耗时拆解：packing=0.00s，main_topup=0.00s，retry=0.00s，failed_pool=0.00s，repack=0.00s，total=0.01s。
正在处理托盘类型：MH423C，销售订单号：PAID16306DN01S
  - 主算法：全局列式装箱 + 柱级组合优化（GCP）。
  - 失败托盘互借诊断：未合并（no_target_or_single_plan）。
托盘类型 MH423C（销售订单号：PAID16306DN01S）处理完成：总托盘 1，指数达标 0，未达标 1，平均缺口 170.00，最大缺口 170.00，失败托盘互借修复成功 0。
  - KPI：near/mid/deep=0/0/1，救回率=0.00%，pair效率=0.00%。
  - 耗时拆解：packing=0.11s，main_topup=0.00s，retry=0.00s，failed_pool=0.00s，repack=0.00s，total=0.11s。
正在处理托盘类型：MH423C，销售订单号：PAID16306DN01S__SPLITREST__
  - 该分组不适合列式（多非满柱）→ 回退 beam + 配方优先。
  - 配方优先[fast]：规划 0 实例，实装成功 0，配方路径不可用 → 采用基线方案。
  - 指数诊断：箱子 2 个，总指数 1，目标 192，理论最多达标托盘 0 个，剩余指数 1。
  - 几何诊断：典型整层堆叠单盘参考上限 1/192。 当前目标可能受托盘高度/箱型组合限制。
  - 几何诊断提示：典型整层参考值 1 < 目标 192；该值不是不可达证明，继续执行指数救援。
  - 失败托盘互借诊断：未合并（no_target_or_single_plan）。
托盘类型 MH423C（销售订单号：PAID16306DN01S__SPLITREST__）处理完成：总托盘 1，指数达标 0，未达标 1，平均缺口 191.00，最大缺口 191.00，失败托盘互借修复成功 0。
  - KPI：near/mid/deep=0/0/1，救回率=0.00%，pair效率=0.00%。
  - 耗时拆解：packing=0.00s，main_topup=0.00s，retry=0.00s，failed_pool=0.00s，repack=0.00s，total=0.00s。
正在处理托盘类型：MH423C，销售订单号：LAMY16305FN01S
  - 主算法：全局列式装箱 + 柱级组合优化（GCP）。
  - GCP 盘数远超理论（CP-SAT 装不满）→ 回退 baseline beam + 配方优先。
  - 配方优先[fast]：规划 0 实例，实装成功 0，配方路径不可用 → 采用基线方案。
  - 指数诊断：箱子 65 个，总指数 123.5，目标 192，理论最多达标托盘 0 个，剩余指数 123.5。
  - 几何诊断：典型整层堆叠单盘参考上限 90/192。 当前目标可能受托盘高度/箱型组合限制。
  - 几何诊断提示：典型整层参考值 90 < 目标 192；该值不是不可达证明，继续执行指数救援。
  - 失败托盘互借诊断：未合并（aborted_no_improvement_possible）。
托盘类型 MH423C（销售订单号：LAMY16305FN01S）处理完成：总托盘 2，指数达标 0，未达标 2，平均缺口 130.25，最大缺口 188.00，失败托盘互借修复成功 0。
  - KPI：near/mid/deep=0/0/2，救回率=0.00%，pair效率=0.00%。
  - 耗时拆解：packing=0.69s，main_topup=0.01s，retry=0.00s，failed_pool=0.00s，repack=1.19s，total=5.38s。
正在处理托盘类型：MH423C，销售订单号：LAMY16305FN01S__SPLITREST__
  - 该分组不适合列式（多非满柱）→ 回退 beam + 配方优先。
  - 配方优先[fast]：规划 0 实例，实装成功 0，配方路径不可用 → 采用基线方案。
  - 指数诊断：箱子 1 个，总指数 6，目标 192，理论最多达标托盘 0 个，剩余指数 6。
  - 几何诊断：典型整层堆叠单盘参考上限 6/192。 当前目标可能受托盘高度/箱型组合限制。
  - 几何诊断提示：典型整层参考值 6 < 目标 192；该值不是不可达证明，继续执行指数救援。
  - 失败托盘互借诊断：未合并（no_target_or_single_plan）。
托盘类型 MH423C（销售订单号：LAMY16305FN01S__SPLITREST__）处理完成：总托盘 1，指数达标 0，未达标 1，平均缺口 186.00，最大缺口 186.00，失败托盘互借修复成功 0。
  - KPI：near/mid/deep=0/0/1，救回率=0.00%，pair效率=0.00%。
  - 耗时拆解：packing=0.00s，main_topup=0.00s，retry=0.00s，failed_pool=0.00s，repack=0.00s，total=0.00s。
正在处理托盘类型：MH423C，销售订单号：PAID16300FN01S
  - 该分组不适合列式（多非满柱）→ 回退 beam + 配方优先。
  - 配方优先[fast]：规划 0 实例，实装成功 0，配方路径不可用 → 采用基线方案。
  - 指数诊断：箱子 8 个，总指数 19，目标 192，理论最多达标托盘 0 个，剩余指数 19。
  - 几何诊断：典型整层堆叠单盘参考上限 19/192。 当前目标可能受托盘高度/箱型组合限制。
  - 几何诊断提示：典型整层参考值 19 < 目标 192；该值不是不可达证明，继续执行指数救援。
  - 失败托盘互借诊断：未合并（no_target_or_single_plan）。
托盘类型 MH423C（销售订单号：PAID16300FN01S）处理完成：总托盘 1，指数达标 0，未达标 1，平均缺口 173.00，最大缺口 173.00，失败托盘互借修复成功 0。
  - KPI：near/mid/deep=0/0/1，救回率=0.00%，pair效率=0.00%。
  - 耗时拆解：packing=0.01s，main_topup=0.00s，retry=0.00s，failed_pool=0.00s，repack=0.00s，total=0.04s。
正在处理托盘类型：MH423C，销售订单号：PAID16295BD02S
  - 主算法：全局列式装箱 + 柱级组合优化（GCP）。
  - 失败托盘互借诊断：未合并（no_target_or_single_plan）。
托盘类型 MH423C（销售订单号：PAID16295BD02S）处理完成：总托盘 1，指数达标 0，未达标 1，平均缺口 156.00，最大缺口 156.00，失败托盘互借修复成功 0。
  - KPI：near/mid/deep=0/0/1，救回率=0.00%，pair效率=0.00%。
  - 耗时拆解：packing=0.07s，main_topup=0.00s，retry=0.00s，failed_pool=0.00s，repack=0.00s，total=0.07s。
正在处理托盘类型：MH423C，销售订单号：LFEG16300IN02S
  - 主算法：全局列式装箱 + 柱级组合优化（GCP）。
  - GCP 盘数远超理论（CP-SAT 装不满）→ 回退 baseline beam + 配方优先。
  - 配方优先[fast]：规划 0 实例，实装成功 0，配方路径不可用 → 采用基线方案。
  - 指数诊断：箱子 94 个，总指数 178.5，目标 192，理论最多达标托盘 0 个，剩余指数 178.5。
  - 几何诊断：典型整层堆叠单盘参考上限 124/192。 当前目标可能受托盘高度/箱型组合限制。
  - 几何诊断提示：典型整层参考值 124 < 目标 192；该值不是不可达证明，继续执行指数救援。
  - 失败托盘互借诊断：未合并（aborted_no_improvement_possible）。
托盘类型 MH423C（销售订单号：LFEG16300IN02S）处理完成：总托盘 2，指数达标 0，未达标 2，平均缺口 102.75，最大缺口 186.50，失败托盘互借修复成功 0。
  - KPI：near/mid/deep=0/1/1，救回率=0.00%，pair效率=0.00%。
  - 耗时拆解：packing=1.36s，main_topup=0.04s，retry=0.00s，failed_pool=0.00s，repack=2.69s，total=12.61s。
正在处理托盘类型：MH423C，销售订单号：LFEG16300IN02S__SPLITREST__
  - 该分组不适合列式（多非满柱）→ 回退 beam + 配方优先。
  - 配方优先[fast]：规划 0 实例，实装成功 0，配方路径不可用 → 采用基线方案。
  - 指数诊断：箱子 2 个，总指数 4，目标 192，理论最多达标托盘 0 个，剩余指数 4。
  - 几何诊断：典型整层堆叠单盘参考上限 4/192。 当前目标可能受托盘高度/箱型组合限制。
  - 几何诊断提示：典型整层参考值 4 < 目标 192；该值不是不可达证明，继续执行指数救援。
  - 失败托盘互借诊断：未合并（no_target_or_single_plan）。
托盘类型 MH423C（销售订单号：LFEG16300IN02S__SPLITREST__）处理完成：总托盘 1，指数达标 0，未达标 1，平均缺口 188.00，最大缺口 188.00，失败托盘互借修复成功 0。
  - KPI：near/mid/deep=0/0/1，救回率=0.00%，pair效率=0.00%。
  - 耗时拆解：packing=0.00s，main_topup=0.00s，retry=0.00s，failed_pool=0.00s，repack=0.00s，total=0.01s。
正在处理托盘类型：MH423C，销售订单号：LAID16305BN01S
  - 主算法：全局列式装箱 + 柱级组合优化（GCP）。
  - 失败托盘互借诊断：未合并（aborted_no_improvement_possible）。
托盘类型 MH423C（销售订单号：LAID16305BN01S）处理完成：总托盘 2，指数达标 0，未达标 2，平均缺口 131.50，最大缺口 188.00，失败托盘互借修复成功 0。
  - KPI：near/mid/deep=0/0/2，救回率=0.00%，pair效率=0.00%。
  - 耗时拆解：packing=0.85s，main_topup=0.00s，retry=0.00s，failed_pool=0.00s，repack=0.66s，total=1.52s。
正在处理托盘类型：MH423C，销售订单号：LFEG16310IN03S
  - 主算法：全局列式装箱 + 柱级组合优化（GCP）。
  - 失败托盘互借诊断：未合并（no_target_or_single_plan）。
托盘类型 MH423C（销售订单号：LFEG16310IN03S）处理完成：总托盘 1，指数达标 0，未达标 1，平均缺口 159.00，最大缺口 159.00，失败托盘互借修复成功 0。
  - KPI：near/mid/deep=0/0/1，救回率=0.00%，pair效率=0.00%。
  - 耗时拆解：packing=0.03s，main_topup=0.00s，retry=0.00s，failed_pool=0.00s，repack=0.00s，total=0.03s。
正在处理托盘类型：MH423C，销售订单号：LFEG16300IN01S
  - 该分组不适合列式（多非满柱）→ 回退 beam + 配方优先。
  - 配方优先[fast]：规划 0 实例，实装成功 0，配方路径不可用 → 采用基线方案。
  - 指数诊断：箱子 18 个，总指数 29.5，目标 192，理论最多达标托盘 0 个，剩余指数 29.5。
  - 几何诊断：典型整层堆叠单盘参考上限 28.5/192。 当前目标可能受托盘高度/箱型组合限制。
  - 几何诊断提示：典型整层参考值 28.5 < 目标 192；该值不是不可达证明，继续执行指数救援。
  - 失败托盘互借诊断：未合并（no_target_or_single_plan）。
托盘类型 MH423C（销售订单号：LFEG16300IN01S）处理完成：总托盘 1，指数达标 0，未达标 1，平均缺口 162.50，最大缺口 162.50，失败托盘互借修复成功 0。
  - KPI：near/mid/deep=0/0/1，救回率=0.00%，pair效率=0.00%。
  - 耗时拆解：packing=0.10s，main_topup=0.00s，retry=0.00s，failed_pool=0.00s，repack=0.00s，total=0.10s。
正在处理托盘类型：MH423C，销售订单号：LFEG16300IN03S
  - 主算法：全局列式装箱 + 柱级组合优化（GCP）。
  - 失败托盘互借诊断：未合并（no_target_or_single_plan）。
托盘类型 MH423C（销售订单号：LFEG16300IN03S）处理完成：总托盘 1，指数达标 0，未达标 1，平均缺口 82.00，最大缺口 82.00，失败托盘互借修复成功 0。
  - KPI：near/mid/deep=0/0/1，救回率=0.00%，pair效率=0.00%。
  - 耗时拆解：packing=0.93s，main_topup=0.00s，retry=0.00s，failed_pool=0.00s，repack=0.00s，total=0.93s。
正在处理托盘类型：MH423C，销售订单号：LFEG16300IN03S__SPLITREST__
  - 该分组不适合列式（多非满柱）→ 回退 beam + 配方优先。
  - 配方优先[fast]：规划 0 实例，实装成功 0，配方路径不可用 → 采用基线方案。
  - 指数诊断：箱子 2 个，总指数 4，目标 192，理论最多达标托盘 0 个，剩余指数 4。
  - 几何诊断：典型整层堆叠单盘参考上限 4/192。 当前目标可能受托盘高度/箱型组合限制。
  - 几何诊断提示：典型整层参考值 4 < 目标 192；该值不是不可达证明，继续执行指数救援。
  - 失败托盘互借诊断：未合并（no_target_or_single_plan）。
托盘类型 MH423C（销售订单号：LFEG16300IN03S__SPLITREST__）处理完成：总托盘 1，指数达标 0，未达标 1，平均缺口 188.00，最大缺口 188.00，失败托盘互借修复成功 0。
  - KPI：near/mid/deep=0/0/1，救回率=0.00%，pair效率=0.00%。
  - 耗时拆解：packing=0.00s，main_topup=0.00s，retry=0.00s，failed_pool=0.00s，repack=0.00s，total=0.01s。
正在处理托盘类型：MH423C，销售订单号：LAID16305BN03S
  - 主算法：全局列式装箱 + 柱级组合优化（GCP）。
  - 失败托盘互借诊断：未合并（no_target_or_single_plan）。
托盘类型 MH423C（销售订单号：LAID16305BN03S）处理完成：总托盘 1，指数达标 0，未达标 1，平均缺口 116.00，最大缺口 116.00，失败托盘互借修复成功 0。
  - KPI：near/mid/deep=0/0/1，救回率=0.00%，pair效率=0.00%。
  - 耗时拆解：packing=0.36s，main_topup=0.00s，retry=0.00s，failed_pool=0.00s，repack=0.00s，total=0.36s。
正在处理托盘类型：MH423C，销售订单号：LAID16305BN03S__SPLITREST__
  - 该分组不适合列式（多非满柱）→ 回退 beam + 配方优先。
  - 托盘 MH423C-LAID16305BN03S__SPLITREST__-1 未找到可行装箱方案，启用剩余箱子守恒兜底。
  - 配方优先[fast]：规划 0 实例，实装成功 0，配方路径不可用 → 采用基线方案。
  - 指数诊断：箱子 5 个，总指数 2.5，目标 192，理论最多达标托盘 0 个，剩余指数 2.5。
  - 几何诊断：典型整层堆叠单盘参考上限 2.5/192。 当前目标可能受托盘高度/箱型组合限制。
  - 几何诊断提示：典型整层参考值 2.5 < 目标 192；该值不是不可达证明，继续执行指数救援。
  - 失败托盘互借诊断：未合并（aborted_no_improvement_possible）。
托盘类型 MH423C（销售订单号：LAID16305BN03S__SPLITREST__）处理完成：总托盘 2，指数达标 0，未达标 2，平均缺口 190.75，最大缺口 191.50，失败托盘互借修复成功 0。
  - KPI：near/mid/deep=0/0/2，救回率=0.00%，pair效率=0.00%。
  - 耗时拆解：packing=0.01s，main_topup=0.00s，retry=0.00s，failed_pool=0.00s，repack=0.03s，total=0.07s。
正在处理托盘类型：MH423C，销售订单号：PEG166300LN01S
  - 主算法：全局列式装箱 + 柱级组合优化（GCP）。
  - 失败托盘互借诊断：未合并（no_target_or_single_plan）。
托盘类型 MH423C（销售订单号：PEG166300LN01S）处理完成：总托盘 1，指数达标 0，未达标 1，平均缺口 64.00，最大缺口 64.00，失败托盘互借修复成功 0。
  - KPI：near/mid/deep=0/0/1，救回率=0.00%，pair效率=0.00%。
  - 耗时拆解：packing=0.34s，main_topup=0.00s，retry=0.00s，failed_pool=0.00s，repack=0.00s，total=0.34s。
正在处理托盘类型：MH423C，销售订单号：PAID163008N01S
  - 该分组不适合列式（多非满柱）→ 回退 beam + 配方优先。
  - 配方优先[fast]：规划 0 实例，实装成功 0，配方路径不可用 → 采用基线方案。
  - 指数诊断：箱子 1 个，总指数 1，目标 192，理论最多达标托盘 0 个，剩余指数 1。
  - 几何诊断：典型整层堆叠单盘参考上限 1/192。 当前目标可能受托盘高度/箱型组合限制。
  - 几何诊断提示：典型整层参考值 1 < 目标 192；该值不是不可达证明，继续执行指数救援。
  - 失败托盘互借诊断：未合并（no_target_or_single_plan）。
托盘类型 MH423C（销售订单号：PAID163008N01S）处理完成：总托盘 1，指数达标 0，未达标 1，平均缺口 191.00，最大缺口 191.00，失败托盘互借修复成功 0。
  - KPI：near/mid/deep=0/0/1，救回率=0.00%，pair效率=0.00%。
  - 耗时拆解：packing=0.00s，main_topup=0.00s，retry=0.00s，failed_pool=0.00s，repack=0.00s，total=0.00s。
正在处理托盘类型：MH423C，销售订单号：PAIN26290BN01S
  - 该分组不适合列式（多非满柱）→ 回退 beam + 配方优先。
  - 托盘 MH423C-PAIN26290BN01S-1 未找到可行装箱方案，启用剩余箱子守恒兜底。
  - 配方优先[fast]：规划 0 实例，实装成功 0，配方路径不可用 → 采用基线方案。
  - 指数诊断：箱子 5 个，总指数 2.5，目标 192，理论最多达标托盘 0 个，剩余指数 2.5。
  - 几何诊断：典型整层堆叠单盘参考上限 2.5/192。 当前目标可能受托盘高度/箱型组合限制。
  - 几何诊断提示：典型整层参考值 2.5 < 目标 192；该值不是不可达证明，继续执行指数救援。
  - 失败盘装满压实：合并/吸收 1 次（纯减盘数）。
  - 失败托盘互借诊断：未合并（aborted_no_improvement_possible）。
托盘类型 MH423C（销售订单号：PAIN26290BN01S）处理完成：总托盘 1，指数达标 0，未达标 1，平均缺口 189.50，最大缺口 189.50，失败托盘互借修复成功 0。
  - KPI：near/mid/deep=0/0/1，救回率=0.00%，pair效率=0.00%。
  - 耗时拆解：packing=0.01s，main_topup=0.00s，retry=0.00s，failed_pool=0.00s，repack=0.03s，total=0.07s。
正在处理托盘类型：MH423C，销售订单号：PAID162308N01S
  - 该分组不适合列式（多非满柱）→ 回退 beam + 配方优先。
  - 配方优先[fast]：规划 0 实例，实装成功 0，配方路径不可用 → 采用基线方案。
  - 指数诊断：箱子 1 个，总指数 2，目标 192，理论最多达标托盘 0 个，剩余指数 2。
  - 几何诊断：典型整层堆叠单盘参考上限 2/192。 当前目标可能受托盘高度/箱型组合限制。
  - 几何诊断提示：典型整层参考值 2 < 目标 192；该值不是不可达证明，继续执行指数救援。
  - 失败托盘互借诊断：未合并（no_target_or_single_plan）。
托盘类型 MH423C（销售订单号：PAID162308N01S）处理完成：总托盘 1，指数达标 0，未达标 1，平均缺口 190.00，最大缺口 190.00，失败托盘互借修复成功 0。
  - KPI：near/mid/deep=0/0/1，救回率=0.00%，pair效率=0.00%。
  - 耗时拆解：packing=0.00s，main_topup=0.00s，retry=0.00s，failed_pool=0.00s，repack=0.00s，total=0.00s。
正在处理托盘类型：MH423C，销售订单号：PEG106290LN01S
  - 主算法：全局列式装箱 + 柱级组合优化（GCP）。
  - 失败托盘互借诊断：未合并（no_target_or_single_plan）。
托盘类型 MH423C（销售订单号：PEG106290LN01S）处理完成：总托盘 1，指数达标 0，未达标 1，平均缺口 179.00，最大缺口 179.00，失败托盘互借修复成功 0。
  - KPI：near/mid/deep=0/0/1，救回率=0.00%，pair效率=0.00%。
  - 耗时拆解：packing=0.04s，main_topup=0.00s，retry=0.00s，failed_pool=0.00s，repack=0.00s，total=0.04s。
正在处理托盘类型：MH423C，销售订单号：LAID16306DN03S
  - 该分组不适合列式（多非满柱）→ 回退 beam + 配方优先。
  - 配方优先[fast]：规划 0 实例，实装成功 0，配方路径不可用 → 采用基线方案。
  - 指数诊断：箱子 9 个，总指数 9，目标 192，理论最多达标托盘 0 个，剩余指数 9。
  - 几何诊断：典型整层堆叠单盘参考上限 9/192。 当前目标可能受托盘高度/箱型组合限制。
  - 几何诊断提示：典型整层参考值 9 < 目标 192；该值不是不可达证明，继续执行指数救援。
  - 失败托盘互借诊断：未合并（no_target_or_single_plan）。
托盘类型 MH423C（销售订单号：LAID16306DN03S）处理完成：总托盘 1，指数达标 0，未达标 1，平均缺口 183.00，最大缺口 183.00，失败托盘互借修复成功 0。
  - KPI：near/mid/deep=0/0/1，救回率=0.00%，pair效率=0.00%。
  - 耗时拆解：packing=0.01s，main_topup=0.00s，retry=0.00s，failed_pool=0.00s，repack=0.00s，total=0.06s。
正在处理托盘类型：MH423C，销售订单号：PAID16305EC01S
  - 该分组不适合列式（多非满柱）→ 回退 beam + 配方优先。
  - 配方优先[fast]：规划 0 实例，实装成功 0，配方路径不可用 → 采用基线方案。
  - 指数诊断：箱子 2 个，总指数 2，目标 192，理论最多达标托盘 0 个，剩余指数 2。
  - 几何诊断：典型整层堆叠单盘参考上限 2/192。 当前目标可能受托盘高度/箱型组合限制。
  - 几何诊断提示：典型整层参考值 2 < 目标 192；该值不是不可达证明，继续执行指数救援。
  - 失败托盘互借诊断：未合并（no_target_or_single_plan）。
托盘类型 MH423C（销售订单号：PAID16305EC01S）处理完成：总托盘 1，指数达标 0，未达标 1，平均缺口 190.00，最大缺口 190.00，失败托盘互借修复成功 0。
  - KPI：near/mid/deep=0/0/1，救回率=0.00%，pair效率=0.00%。
  - 耗时拆解：packing=0.00s，main_topup=0.00s，retry=0.00s，failed_pool=0.00s，repack=0.00s，total=0.00s。
正在处理托盘类型：MH423C，销售订单号：LAID16306DN02S
  - 主算法：全局列式装箱 + 柱级组合优化（GCP）。
  - 失败托盘互借诊断：未合并（no_target_or_single_plan）。
托盘类型 MH423C（销售订单号：LAID16306DN02S）处理完成：总托盘 1，指数达标 0，未达标 1，平均缺口 148.00，最大缺口 148.00，失败托盘互借修复成功 0。
  - KPI：near/mid/deep=0/0/1，救回率=0.00%，pair效率=0.00%。
  - 耗时拆解：packing=0.50s，main_topup=0.00s，retry=0.00s，failed_pool=0.00s，repack=0.00s，total=0.50s。
正在处理托盘类型：MH423C，销售订单号：LAID16306DN02S__SPLITREST__
  - 该分组不适合列式（多非满柱）→ 回退 beam + 配方优先。
  - 配方优先[fast]：规划 0 实例，实装成功 0，配方路径不可用 → 采用基线方案。
  - 指数诊断：箱子 2 个，总指数 4，目标 192，理论最多达标托盘 0 个，剩余指数 4。
  - 几何诊断：典型整层堆叠单盘参考上限 4/192。 当前目标可能受托盘高度/箱型组合限制。
  - 几何诊断提示：典型整层参考值 4 < 目标 192；该值不是不可达证明，继续执行指数救援。
  - 失败托盘互借诊断：未合并（no_target_or_single_plan）。
托盘类型 MH423C（销售订单号：LAID16306DN02S__SPLITREST__）处理完成：总托盘 1，指数达标 0，未达标 1，平均缺口 188.00，最大缺口 188.00，失败托盘互借修复成功 0。
  - KPI：near/mid/deep=0/0/1，救回率=0.00%，pair效率=0.00%。
  - 耗时拆解：packing=0.00s，main_topup=0.00s，retry=0.00s，failed_pool=0.00s，repack=0.00s，total=0.00s。
正在处理托盘类型：MH423C，销售订单号：LFEG16316AN01S
  - 主算法：全局列式装箱 + 柱级组合优化（GCP）。
  - 失败托盘互借诊断：未合并（no_target_or_single_plan）。
托盘类型 MH423C（销售订单号：LFEG16316AN01S）处理完成：总托盘 1，指数达标 0，未达标 1，平均缺口 178.00，最大缺口 178.00，失败托盘互借修复成功 0。
  - KPI：near/mid/deep=0/0/1，救回率=0.00%，pair效率=0.00%。
  - 耗时拆解：packing=0.01s，main_topup=0.00s，retry=0.00s，failed_pool=0.00s，repack=0.00s，total=0.01s。
正在处理托盘类型：MH423C，销售订单号：PAIN26310GN01S
  - 主算法：全局列式装箱 + 柱级组合优化（GCP）。
  - GCP 盘数远超理论（CP-SAT 装不满）→ 回退 baseline beam + 配方优先。
  - 配方优先[fast]：规划 0 实例，实装成功 0，配方路径不可用 → 采用基线方案。
  - 指数诊断：箱子 4 个，总指数 16，目标 192，理论最多达标托盘 0 个，剩余指数 16。
  - 几何诊断：典型整层堆叠单盘参考上限 16/192。 当前目标可能受托盘高度/箱型组合限制。
  - 几何诊断提示：典型整层参考值 16 < 目标 192；该值不是不可达证明，继续执行指数救援。
  - 失败托盘互借诊断：未合并（no_target_or_single_plan）。
托盘类型 MH423C（销售订单号：PAIN26310GN01S）处理完成：总托盘 1，指数达标 0，未达标 1，平均缺口 176.00，最大缺口 176.00，失败托盘互借修复成功 0。
  - KPI：near/mid/deep=0/0/1，救回率=0.00%，pair效率=0.00%。
  - 耗时拆解：packing=0.00s，main_topup=0.00s，retry=0.00s，failed_pool=0.00s，repack=0.00s，total=0.03s。
正在处理托盘类型：MH423C，销售订单号：PAIN26290MZ07S
  - 主算法：全局列式装箱 + 柱级组合优化（GCP）。
  - 失败托盘互借诊断：未合并（no_target_or_single_plan）。
托盘类型 MH423C（销售订单号：PAIN26290MZ07S）处理完成：总托盘 1，指数达标 0，未达标 1，平均缺口 22.00，最大缺口 22.00，失败托盘互借修复成功 0。
  - KPI：near/mid/deep=0/1/0，救回率=0.00%，pair效率=0.00%。
  - 耗时拆解：packing=2.80s，main_topup=0.00s，retry=0.00s，failed_pool=0.00s，repack=0.00s，total=2.80s。
正在处理托盘类型：MH423C，销售订单号：PAID16295EN06S
  - 该分组不适合列式（多非满柱）→ 回退 beam + 配方优先。
  - 配方优先[fast]：规划 0 实例，实装成功 0，配方路径不可用 → 采用基线方案。
  - 指数诊断：箱子 1 个，总指数 1，目标 192，理论最多达标托盘 0 个，剩余指数 1。
  - 几何诊断：典型整层堆叠单盘参考上限 1/192。 当前目标可能受托盘高度/箱型组合限制。
  - 几何诊断提示：典型整层参考值 1 < 目标 192；该值不是不可达证明，继续执行指数救援。
  - 失败托盘互借诊断：未合并（no_target_or_single_plan）。
托盘类型 MH423C（销售订单号：PAID16295EN06S）处理完成：总托盘 1，指数达标 0，未达标 1，平均缺口 191.00，最大缺口 191.00，失败托盘互借修复成功 0。
  - KPI：near/mid/deep=0/0/1，救回率=0.00%，pair效率=0.00%。
  - 耗时拆解：packing=0.00s，main_topup=0.00s，retry=0.00s，failed_pool=0.00s，repack=0.00s，total=0.00s。
正在处理托盘类型：MH423C，销售订单号：PAIN26296EN01S
  - 主算法：全局列式装箱 + 柱级组合优化（GCP）。
  - 失败托盘互借诊断：未合并（no_target_or_single_plan）。
托盘类型 MH423C（销售订单号：PAIN26296EN01S）处理完成：总托盘 1，指数达标 0，未达标 1，平均缺口 31.00，最大缺口 31.00，失败托盘互借修复成功 0。
  - KPI：near/mid/deep=0/0/1，救回率=0.00%，pair效率=0.00%。
  - 耗时拆解：packing=0.44s，main_topup=0.00s，retry=0.00s，failed_pool=0.00s，repack=0.00s，total=0.44s。
正在处理托盘类型：MH423C，销售订单号：LFEG16316AN02S
  - 该分组不适合列式（多非满柱）→ 回退 beam + 配方优先。
  - 配方优先[fast]：规划 0 实例，实装成功 0，配方路径不可用 → 采用基线方案。
  - 指数诊断：箱子 3 个，总指数 6，目标 192，理论最多达标托盘 0 个，剩余指数 6。
  - 几何诊断：典型整层堆叠单盘参考上限 6/192。 当前目标可能受托盘高度/箱型组合限制。
  - 几何诊断提示：典型整层参考值 6 < 目标 192；该值不是不可达证明，继续执行指数救援。
  - 失败托盘互借诊断：未合并（no_target_or_single_plan）。
托盘类型 MH423C（销售订单号：LFEG16316AN02S）处理完成：总托盘 1，指数达标 0，未达标 1，平均缺口 186.00，最大缺口 186.00，失败托盘互借修复成功 0。
  - KPI：near/mid/deep=0/0/1，救回率=0.00%，pair效率=0.00%。
  - 耗时拆解：packing=0.00s，main_topup=0.00s，retry=0.00s，failed_pool=0.00s，repack=0.00s，total=0.01s。
正在处理托盘类型：MH423C，销售订单号：PAIN26310MN01S
  - 该分组不适合列式（多非满柱）→ 回退 beam + 配方优先。
  - 配方优先[fast]：规划 0 实例，实装成功 0，配方路径不可用 → 采用基线方案。
  - 指数诊断：箱子 7 个，总指数 76，目标 192，理论最多达标托盘 0 个，剩余指数 76。
  - 几何诊断：典型整层堆叠单盘参考上限 60/192。 当前目标可能受托盘高度/箱型组合限制。
  - 几何诊断提示：典型整层参考值 60 < 目标 192；该值不是不可达证明，继续执行指数救援。
  - 失败托盘互借诊断：未合并（no_target_or_single_plan）。
托盘类型 MH423C（销售订单号：PAIN26310MN01S）处理完成：总托盘 1，指数达标 0，未达标 1，平均缺口 116.00，最大缺口 116.00，失败托盘互借修复成功 0。
  - KPI：near/mid/deep=0/0/1，救回率=0.00%，pair效率=0.00%。
  - 耗时拆解：packing=0.00s，main_topup=0.00s，retry=0.00s，failed_pool=0.00s，repack=0.00s，total=0.00s。
正在处理托盘类型：MH423C，销售订单号：LAID16315EN01S
  - 该分组不适合列式（多非满柱）→ 回退 beam + 配方优先。
  - 配方优先[fast]：规划 0 实例，实装成功 0，配方路径不可用 → 采用基线方案。
  - 指数诊断：箱子 4 个，总指数 20，目标 192，理论最多达标托盘 0 个，剩余指数 20。
  - 几何诊断：典型整层堆叠单盘参考上限 20/192。 当前目标可能受托盘高度/箱型组合限制。
  - 几何诊断提示：典型整层参考值 20 < 目标 192；该值不是不可达证明，继续执行指数救援。
  - 失败托盘互借诊断：未合并（no_target_or_single_plan）。
托盘类型 MH423C（销售订单号：LAID16315EN01S）处理完成：总托盘 1，指数达标 0，未达标 1，平均缺口 172.00，最大缺口 172.00，失败托盘互借修复成功 0。
  - KPI：near/mid/deep=0/0/1，救回率=0.00%，pair效率=0.00%。
  - 耗时拆解：packing=0.01s，main_topup=0.00s，retry=0.00s，failed_pool=0.00s，repack=0.00s，total=0.01s。
正在处理托盘类型：MH423C，销售订单号：PAIN26316EN01S
  - 主算法：全局列式装箱 + 柱级组合优化（GCP）。
  - 失败托盘互借诊断：未合并（no_target_or_single_plan）。
托盘类型 MH423C（销售订单号：PAIN26316EN01S）处理完成：总托盘 1，指数达标 0，未达标 1，平均缺口 140.00，最大缺口 140.00，失败托盘互借修复成功 0。
  - KPI：near/mid/deep=0/0/1，救回率=0.00%，pair效率=0.00%。
  - 耗时拆解：packing=0.04s，main_topup=0.00s，retry=0.00s，failed_pool=0.00s，repack=0.00s，total=0.04s。
正在处理托盘类型：MH423C，销售订单号：LAID16315EN02S
  - 主算法：全局列式装箱 + 柱级组合优化（GCP）。
  - 失败托盘互借诊断：未合并（no_target_or_single_plan）。
托盘类型 MH423C（销售订单号：LAID16315EN02S）处理完成：总托盘 1，指数达标 0，未达标 1，平均缺口 148.00，最大缺口 148.00，失败托盘互借修复成功 0。
  - KPI：near/mid/deep=0/0/1，救回率=0.00%，pair效率=0.00%。
  - 耗时拆解：packing=0.01s，main_topup=0.00s，retry=0.00s，failed_pool=0.00s，repack=0.00s，total=0.01s。
正在处理托盘类型：MH423C，销售订单号：PAIN26296EC02S
  - 主算法：全局列式装箱 + 柱级组合优化（GCP）。
  - 失败托盘互借诊断：未合并（no_target_or_single_plan）。
托盘类型 MH423C（销售订单号：PAIN26296EC02S）处理完成：总托盘 1，指数达标 0，未达标 1，平均缺口 130.00，最大缺口 130.00，失败托盘互借修复成功 0。
  - KPI：near/mid/deep=0/0/1，救回率=0.00%，pair效率=0.00%。
  - 耗时拆解：packing=0.17s，main_topup=0.00s，retry=0.00s，failed_pool=0.00s，repack=0.00s，total=0.17s。
正在处理托盘类型：MH423C，销售订单号：PAIN26310MZ05S
  - 主算法：全局列式装箱 + 柱级组合优化（GCP）。
  - 失败托盘互借诊断：未合并（no_target_or_single_plan）。
托盘类型 MH423C（销售订单号：PAIN26310MZ05S）处理完成：总托盘 1，指数达标 0，未达标 1，平均缺口 86.00，最大缺口 86.00，失败托盘互借修复成功 0。
  - KPI：near/mid/deep=0/0/1，救回率=0.00%，pair效率=0.00%。
  - 耗时拆解：packing=1.42s，main_topup=0.00s，retry=0.00s，failed_pool=0.00s，repack=0.00s，total=1.42s。
正在处理托盘类型：MH423C，销售订单号：PEG086300LN01S
  - 主算法：全局列式装箱 + 柱级组合优化（GCP）。
  - GCP 盘数远超理论（CP-SAT 装不满）→ 回退 baseline beam + 配方优先。
  - 配方优先[fast]：规划 0 实例，实装成功 0，配方路径不可用 → 采用基线方案。
  - 指数诊断：箱子 40 个，总指数 91，目标 192，理论最多达标托盘 0 个，剩余指数 91。
  - 几何诊断：典型整层堆叠单盘参考上限 87/192。 当前目标可能受托盘高度/箱型组合限制。
  - 几何诊断提示：典型整层参考值 87 < 目标 192；该值不是不可达证明，继续执行指数救援。
  - 失败托盘互借诊断：未合并（aborted_no_improvement_possible）。
托盘类型 MH423C（销售订单号：PEG086300LN01S）处理完成：总托盘 2，指数达标 0，未达标 2，平均缺口 146.50，最大缺口 184.00，失败托盘互借修复成功 0。
  - KPI：near/mid/deep=0/0/2，救回率=0.00%，pair效率=0.00%。
  - 耗时拆解：packing=0.32s，main_topup=0.00s，retry=0.00s，failed_pool=0.00s，repack=0.54s，total=2.41s。
正在处理托盘类型：MH423C，销售订单号：LAID16315EN03S
  - 该分组不适合列式（多非满柱）→ 回退 beam + 配方优先。
  - 配方优先[fast]：规划 0 实例，实装成功 0，配方路径不可用 → 采用基线方案。
  - 指数诊断：箱子 5 个，总指数 40，目标 192，理论最多达标托盘 0 个，剩余指数 40。
  - 几何诊断：典型整层堆叠单盘参考上限 40/192。 当前目标可能受托盘高度/箱型组合限制。
  - 几何诊断提示：典型整层参考值 40 < 目标 192；该值不是不可达证明，继续执行指数救援。
  - 失败托盘互借诊断：未合并（no_target_or_single_plan）。
托盘类型 MH423C（销售订单号：LAID16315EN03S）处理完成：总托盘 1，指数达标 0，未达标 1，平均缺口 152.00，最大缺口 152.00，失败托盘互借修复成功 0。
  - KPI：near/mid/deep=0/0/1，救回率=0.00%，pair效率=0.00%。
  - 耗时拆解：packing=0.01s，main_topup=0.00s，retry=0.00s，failed_pool=0.00s，repack=0.00s，total=0.01s。
正在处理托盘类型：MH423C，销售订单号：LAID16316DN03S
  - 主算法：全局列式装箱 + 柱级组合优化（GCP）。
  - 失败托盘互借诊断：未合并（no_target_or_single_plan）。
托盘类型 MH423C（销售订单号：LAID16316DN03S）处理完成：总托盘 1，指数达标 0，未达标 1，平均缺口 144.00，最大缺口 144.00，失败托盘互借修复成功 0。
  - KPI：near/mid/deep=0/0/1，救回率=0.00%，pair效率=0.00%。
  - 耗时拆解：packing=0.03s，main_topup=0.00s，retry=0.00s，failed_pool=0.00s，repack=0.00s，total=0.03s。
正在处理托盘类型：MH423C，销售订单号：LAID16316DN01S
  - 主算法：全局列式装箱 + 柱级组合优化（GCP）。
  - 失败托盘互借诊断：未合并（no_target_or_single_plan）。
托盘类型 MH423C（销售订单号：LAID16316DN01S）处理完成：总托盘 1，指数达标 0，未达标 1，平均缺口 120.00，最大缺口 120.00，失败托盘互借修复成功 0。
  - KPI：near/mid/deep=0/0/1，救回率=0.00%，pair效率=0.00%。
  - 耗时拆解：packing=0.10s，main_topup=0.00s，retry=0.00s，failed_pool=0.00s，repack=0.00s，total=0.10s。
正在处理托盘类型：MH423C，销售订单号：LAID16316DN02S
  - 主算法：全局列式装箱 + 柱级组合优化（GCP）。
  - 失败托盘互借诊断：未合并（no_target_or_single_plan）。
托盘类型 MH423C（销售订单号：LAID16316DN02S）处理完成：总托盘 1，指数达标 0，未达标 1，平均缺口 168.00，最大缺口 168.00，失败托盘互借修复成功 0。
  - KPI：near/mid/deep=0/0/1，救回率=0.00%，pair效率=0.00%。
  - 耗时拆解：packing=0.01s，main_topup=0.00s，retry=0.00s，failed_pool=0.00s，repack=0.00s，total=0.01s。
正在处理托盘类型：MH423C，销售订单号：PAIN26310GC02S
  - 主算法：全局列式装箱 + 柱级组合优化（GCP）。
  - 失败托盘互借诊断：未合并（no_target_or_single_plan）。
托盘类型 MH423C（销售订单号：PAIN26310GC02S）处理完成：总托盘 1，指数达标 0，未达标 1，平均缺口 132.00，最大缺口 132.00，失败托盘互借修复成功 0。
  - KPI：near/mid/deep=0/0/1，救回率=0.00%，pair效率=0.00%。
  - 耗时拆解：packing=0.17s，main_topup=0.00s，retry=0.00s，failed_pool=0.00s，repack=0.00s，total=0.17s。
  - 失败盘装满压实：合并/吸收 1 次（纯减盘数）。
  - 跨子组装满压实（MH423C / PAID16290FN01S）：合并 1 次（纯减盘数）。
  - 失败盘装满压实：合并/吸收 1 次（纯减盘数）。
  - 跨子组装满压实（MH423C / PAID16296DN01S）：合并 1 次（纯减盘数）。
  - 失败盘装满压实：合并/吸收 1 次（纯减盘数）。
  - 跨子组装满压实（MH423C / PAID16306DN01S）：合并 1 次（纯减盘数）。
  - 失败盘装满压实：合并/吸收 1 次（纯减盘数）。
  - 跨子组装满压实（MH423C / LAMY16305FN01S）：合并 1 次（纯减盘数）。
  - 失败盘装满压实：合并/吸收 1 次（纯减盘数）。
  - 跨子组装满压实（MH423C / LFEG16300IN03S）：合并 1 次（纯减盘数）。
  - 失败盘装满压实：合并/吸收 1 次（纯减盘数）。
  - 跨子组装满压实（MH423C / LAID16305BN03S）：合并 1 次（纯减盘数）。
  - 失败盘装满压实：合并/吸收 1 次（纯减盘数）。
  - 跨子组装满压实（MH423C / LAID16306DN02S）：合并 1 次（纯减盘数）。
========================================
统计汇总：总托盘 76，指数达标 0，未达标 76，未知 0，平均缺口 144.36，最大缺口 191.50，失败托盘互借修复成功 0
KPI汇总：near/mid/deep=0/4/72，pair尝试=0，pair改进=0，pair效率=0.00%
耗时汇总：packing=72.01s，main_topup=0.07s，retry=0.00s，repack=9.81s，end_to_end=120.98s
========================================
[WCS-装] SUCCESS 产品码 0 个，DB 更新达标 0 行；FAILED 盘 76 个保持未达标。
[WCS-装] 本轮结束；等待下一次「新插入」再开算。
[WCS-装] 本轮无达标托盘，跳过 success 目录写入。
[WCS-装] 未达标方案已保存：D:\research_code\final\zhuang\packing-workspace\output\fail\packing_plan_20260724_135444.json
[WCS-装] 无达标托盘，跳过 wcs_plan / wcs_plan_map 写入。
[WCS-装] 已跳过接口 2 推送（仅本地保存）。
[UI-RESULT] D:\research_code\final\zhuang\packing-workspace\output\fail\packing_plan_20260724_135444.json
[WCS-装] 等待数据库新插入（有新 product_code 才开算）…
============================================================
[WCS-拉] 20260724_135801：拉取接口 1 …
[WCS-拉] 原始响应已保存：D:\research_code\final\zhuang\packing-workspace\input\raw\20260724_135801.json
[WCS-拉] 已剔除 case_type≠MH423C 的品类 113 条（类型：['MH113', 'WR246']），保留 1310 条。
[WCS-DB] product_code 已存在、跳过 1303 条
[WCS-拉] 落库完成：候选 1310 条，新插入 7 条（新行 up_to_standard=0）。
[WCS-拉] 有新插入 → 唤醒装箱线程。
[WCS] 已加载 BMS 参考表：D:\research_code\final\zhuang\packing-workspace\data\selected_5000_boxes_9_1_concentrated_3orders.xlsx
============================================================
[WCS-装] 20260724_135804：未达标行 1551 条，开始装箱 …
[WCS-装] 展开为 1551 个箱子。
数据预处理和箱子分组完成（按托盘类型+销售订单号）。
----------------------------------------
  - 组内子聚类：11 个混合订单拆出规则子集走 GCP、杂箱走 baseline。
正在处理托盘类型：MH423C，销售订单号：PAID16280FN01S
  - 该分组不适合列式（多非满柱）→ 回退 beam + 配方优先。
  - 配方优先[fast]：规划 0 实例，实装成功 0，配方路径不可用 → 采用基线方案。
  - 指数诊断：箱子 1 个，总指数 4，目标 192，理论最多达标托盘 0 个，剩余指数 4。
  - 几何诊断：典型整层堆叠单盘参考上限 4/192。 当前目标可能受托盘高度/箱型组合限制。
  - 几何诊断提示：典型整层参考值 4 < 目标 192；该值不是不可达证明，继续执行指数救援。
  - 失败托盘互借诊断：未合并（no_target_or_single_plan）。
托盘类型 MH423C（销售订单号：PAID16280FN01S）处理完成：总托盘 1，指数达标 0，未达标 1，平均缺口 188.00，最大缺口 188.00，失败托盘互借修复成功 0。
  - KPI：near/mid/deep=0/0/1，救回率=0.00%，pair效率=0.00%。
  - 耗时拆解：packing=0.00s，main_topup=0.00s，retry=0.00s，failed_pool=0.00s，repack=0.00s，total=0.00s。
正在处理托盘类型：MH423C，销售订单号：LFEG16290IN01S
  - 该分组不适合列式（多非满柱）→ 回退 beam + 配方优先。
  - 托盘 MH423C-LFEG16290IN01S-1 未找到可行装箱方案，启用剩余箱子守恒兜底。
  - 配方优先[fast]：规划 0 实例，实装成功 0，配方路径不可用 → 采用基线方案。
  - 指数诊断：箱子 9 个，总指数 17，目标 192，理论最多达标托盘 0 个，剩余指数 17。
  - 几何诊断：典型整层堆叠单盘参考上限 12/192。 当前目标可能受托盘高度/箱型组合限制。
  - 几何诊断提示：典型整层参考值 12 < 目标 192；该值不是不可达证明，继续执行指数救援。
  - 失败盘装满压实：合并/吸收 3 次（纯减盘数）。
  - 失败托盘互借诊断：未合并（aborted_no_improvement_possible）。
托盘类型 MH423C（销售订单号：LFEG16290IN01S）处理完成：总托盘 1，指数达标 0，未达标 1，平均缺口 175.00，最大缺口 175.00，失败托盘互借修复成功 0。
  - KPI：near/mid/deep=0/0/1，救回率=0.00%，pair效率=0.00%。
  - 耗时拆解：packing=0.02s，main_topup=0.00s，retry=0.00s，failed_pool=0.00s，repack=0.17s，total=0.27s。
正在处理托盘类型：MH423C，销售订单号：LFEG16290IN02S
  - 该分组不适合列式（多非满柱）→ 回退 beam + 配方优先。
  - 配方优先[fast]：规划 0 实例，实装成功 0，配方路径不可用 → 采用基线方案。
  - 指数诊断：箱子 33 个，总指数 33.5，目标 192，理论最多达标托盘 0 个，剩余指数 33.5。
  - 几何诊断：典型整层堆叠单盘参考上限 28.5/192。 当前目标可能受托盘高度/箱型组合限制。
  - 几何诊断提示：典型整层参考值 28.5 < 目标 192；该值不是不可达证明，继续执行指数救援。
  - 失败托盘互借诊断：未合并（no_target_or_single_plan）。
托盘类型 MH423C（销售订单号：LFEG16290IN02S）处理完成：总托盘 1，指数达标 0，未达标 1，平均缺口 158.50，最大缺口 158.50，失败托盘互借修复成功 0。
  - KPI：near/mid/deep=0/0/1，救回率=0.00%，pair效率=0.00%。
  - 耗时拆解：packing=0.29s，main_topup=0.00s，retry=0.00s，failed_pool=0.00s，repack=0.00s，total=0.29s。
正在处理托盘类型：MH423C，销售订单号：LAID16306DN01S
  - 该分组不适合列式（多非满柱）→ 回退 beam + 配方优先。
  - 配方优先[fast]：规划 0 实例，实装成功 0，配方路径不可用 → 采用基线方案。
  - 指数诊断：箱子 50 个，总指数 88，目标 192，理论最多达标托盘 0 个，剩余指数 88。
  - 几何诊断：典型整层堆叠单盘参考上限 65/192。 当前目标可能受托盘高度/箱型组合限制。
  - 几何诊断提示：典型整层参考值 65 < 目标 192；该值不是不可达证明，继续执行指数救援。
  - 失败托盘互借诊断：未合并（aborted_no_improvement_possible）。
托盘类型 MH423C（销售订单号：LAID16306DN01S）处理完成：总托盘 2，指数达标 0，未达标 2，平均缺口 148.00，最大缺口 182.00，失败托盘互借修复成功 0。
  - KPI：near/mid/deep=0/0/2，救回率=0.00%，pair效率=0.00%。
  - 耗时拆解：packing=0.25s，main_topup=0.00s，retry=0.00s，failed_pool=0.00s，repack=0.63s，total=1.62s。
正在处理托盘类型：MH423C，销售订单号：LAID16296DN01S
  - 主算法：全局列式装箱 + 柱级组合优化（GCP）。
  - 失败托盘互借诊断：未合并（no_target_or_single_plan）。
托盘类型 MH423C（销售订单号：LAID16296DN01S）处理完成：总托盘 1，指数达标 0，未达标 1，平均缺口 151.50，最大缺口 151.50，失败托盘互借修复成功 0。
  - KPI：near/mid/deep=0/0/1，救回率=0.00%，pair效率=0.00%。
  - 耗时拆解：packing=0.08s，main_topup=0.00s，retry=0.00s，failed_pool=0.00s，repack=0.00s，total=0.08s。
正在处理托盘类型：MH423C，销售订单号：LAID16296DN01S__SPLITREST__
  - 该分组不适合列式（多非满柱）→ 回退 beam + 配方优先。
  - 配方优先[fast]：规划 0 实例，实装成功 0，配方路径不可用 → 采用基线方案。
  - 指数诊断：箱子 4 个，总指数 8，目标 192，理论最多达标托盘 0 个，剩余指数 8。
  - 几何诊断：典型整层堆叠单盘参考上限 8/192。 当前目标可能受托盘高度/箱型组合限制。
  - 几何诊断提示：典型整层参考值 8 < 目标 192；该值不是不可达证明，继续执行指数救援。
  - 失败托盘互借诊断：未合并（no_target_or_single_plan）。
托盘类型 MH423C（销售订单号：LAID16296DN01S__SPLITREST__）处理完成：总托盘 1，指数达标 0，未达标 1，平均缺口 184.00，最大缺口 184.00，失败托盘互借修复成功 0。
  - KPI：near/mid/deep=0/0/1，救回率=0.00%，pair效率=0.00%。
  - 耗时拆解：packing=0.00s，main_topup=0.00s，retry=0.00s，failed_pool=0.00s，repack=0.00s，total=0.02s。
正在处理托盘类型：MH423C，销售订单号：LAID16296DN02S
  - 主算法：全局列式装箱 + 柱级组合优化（GCP）。
  - GCP 盘数远超理论（CP-SAT 装不满）→ 回退 baseline beam + 配方优先。
  - 托盘 MH423C-LAID16296DN02S-2 未找到可行装箱方案，启用剩余箱子守恒兜底。
  - 配方优先[fast]：规划 0 实例，实装成功 0，配方路径不可用 → 采用基线方案。
  - 指数诊断：箱子 49 个，总指数 164.5，目标 192，理论最多达标托盘 0 个，剩余指数 164.5。
  - 几何诊断：典型整层堆叠单盘参考上限 97/192。 当前目标可能受托盘高度/箱型组合限制。
  - 几何诊断提示：典型整层参考值 97 < 目标 192；该值不是不可达证明，继续执行指数救援。
  - 失败托盘互借诊断：未合并（aborted_no_improvement_possible）。
托盘类型 MH423C（销售订单号：LAID16296DN02S）处理完成：总托盘 4，指数达标 0，未达标 4，平均缺口 150.88，最大缺口 191.00，失败托盘互借修复成功 0。
  - KPI：near/mid/deep=0/0/4，救回率=0.00%，pair效率=0.00%。
  - 耗时拆解：packing=0.33s，main_topup=0.01s，retry=0.00s，failed_pool=0.00s，repack=0.95s，total=2.74s。
正在处理托盘类型：MH423C，销售订单号：LAID16296DN03S
  - 主算法：全局列式装箱 + 柱级组合优化（GCP）。
  - 失败托盘互借诊断：未合并（no_target_or_single_plan）。
托盘类型 MH423C（销售订单号：LAID16296DN03S）处理完成：总托盘 1，指数达标 0，未达标 1，平均缺口 89.00，最大缺口 89.00，失败托盘互借修复成功 0。
  - KPI：near/mid/deep=0/0/1，救回率=0.00%，pair效率=0.00%。
  - 耗时拆解：packing=0.77s，main_topup=0.00s，retry=0.00s，failed_pool=0.00s，repack=0.00s，total=0.78s。
正在处理托盘类型：MH423C，销售订单号：LFEG16290IN03S
  - 该分组不适合列式（多非满柱）→ 回退 beam + 配方优先。
  - 配方优先[fast]：规划 0 实例，实装成功 0，配方路径不可用 → 采用基线方案。
  - 指数诊断：箱子 37 个，总指数 69，目标 192，理论最多达标托盘 0 个，剩余指数 69。
  - 几何诊断：典型整层堆叠单盘参考上限 51/192。 当前目标可能受托盘高度/箱型组合限制。
  - 几何诊断提示：典型整层参考值 51 < 目标 192；该值不是不可达证明，继续执行指数救援。
  - 失败托盘互借诊断：未合并（aborted_no_improvement_possible）。
托盘类型 MH423C（销售订单号：LFEG16290IN03S）处理完成：总托盘 2，指数达标 0，未达标 2，平均缺口 157.50，最大缺口 189.00，失败托盘互借修复成功 0。
  - KPI：near/mid/deep=0/0/2，救回率=0.00%，pair效率=0.00%。
  - 耗时拆解：packing=0.18s，main_topup=0.00s，retry=0.00s，failed_pool=0.00s，repack=0.34s，total=1.04s。
正在处理托盘类型：MH423C，销售订单号：LFEG16310IN02S
  - 该分组不适合列式（多非满柱）→ 回退 beam + 配方优先。
  - 配方优先[fast]：规划 0 实例，实装成功 0，配方路径不可用 → 采用基线方案。
  - 指数诊断：箱子 15 个，总指数 35，目标 192，理论最多达标托盘 0 个，剩余指数 35。
  - 几何诊断：典型整层堆叠单盘参考上限 29/192。 当前目标可能受托盘高度/箱型组合限制。
  - 几何诊断提示：典型整层参考值 29 < 目标 192；该值不是不可达证明，继续执行指数救援。
  - 失败托盘互借诊断：未合并（no_target_or_single_plan）。
托盘类型 MH423C（销售订单号：LFEG16310IN02S）处理完成：总托盘 1，指数达标 0，未达标 1，平均缺口 157.00，最大缺口 157.00，失败托盘互借修复成功 0。
  - KPI：near/mid/deep=0/0/1，救回率=0.00%，pair效率=0.00%。
  - 耗时拆解：packing=0.07s，main_topup=0.00s，retry=0.00s，failed_pool=0.00s，repack=0.00s，total=0.07s。
正在处理托盘类型：MH423C，销售订单号：LFEG16310IN01S
  - 该分组不适合列式（多非满柱）→ 回退 beam + 配方优先。
  - 配方优先[fast]：规划 0 实例，实装成功 0，配方路径不可用 → 采用基线方案。
  - 指数诊断：箱子 17 个，总指数 36，目标 192，理论最多达标托盘 0 个，剩余指数 36。
  - 几何诊断：典型整层堆叠单盘参考上限 30/192。 当前目标可能受托盘高度/箱型组合限制。
  - 几何诊断提示：典型整层参考值 30 < 目标 192；该值不是不可达证明，继续执行指数救援。
  - 失败托盘互借诊断：未合并（no_target_or_single_plan）。
托盘类型 MH423C（销售订单号：LFEG16310IN01S）处理完成：总托盘 1，指数达标 0，未达标 1，平均缺口 156.00，最大缺口 156.00，失败托盘互借修复成功 0。
  - KPI：near/mid/deep=0/0/1，救回率=0.00%，pair效率=0.00%。
  - 耗时拆解：packing=0.09s，main_topup=0.00s，retry=0.00s，failed_pool=0.00s，repack=0.00s，total=0.09s。
正在处理托盘类型：MH423C，销售订单号：PAID16290FN01S
  - 主算法：全局列式装箱 + 柱级组合优化（GCP）。
  - 失败托盘互借诊断：未合并（no_target_or_single_plan）。
托盘类型 MH423C（销售订单号：PAID16290FN01S）处理完成：总托盘 1，指数达标 0，未达标 1，平均缺口 161.00，最大缺口 161.00，失败托盘互借修复成功 0。
  - KPI：near/mid/deep=0/0/1，救回率=0.00%，pair效率=0.00%。
  - 耗时拆解：packing=0.02s，main_topup=0.00s，retry=0.00s，failed_pool=0.00s，repack=0.00s，total=0.02s。
正在处理托盘类型：MH423C，销售订单号：PAID16290FN01S__SPLITREST__
  - 该分组不适合列式（多非满柱）→ 回退 beam + 配方优先。
  - 配方优先[fast]：规划 0 实例，实装成功 0，配方路径不可用 → 采用基线方案。
  - 指数诊断：箱子 1 个，总指数 0.5，目标 192，理论最多达标托盘 0 个，剩余指数 0.5。
  - 几何诊断：典型整层堆叠单盘参考上限 0.5/192。 当前目标可能受托盘高度/箱型组合限制。
  - 几何诊断提示：典型整层参考值 0.5 < 目标 192；该值不是不可达证明，继续执行指数救援。
  - 失败托盘互借诊断：未合并（no_target_or_single_plan）。
托盘类型 MH423C（销售订单号：PAID16290FN01S__SPLITREST__）处理完成：总托盘 1，指数达标 0，未达标 1，平均缺口 191.50，最大缺口 191.50，失败托盘互借修复成功 0。
  - KPI：near/mid/deep=0/0/1，救回率=0.00%，pair效率=0.00%。
  - 耗时拆解：packing=0.00s，main_topup=0.00s，retry=0.00s，failed_pool=0.00s，repack=0.00s，total=0.00s。
正在处理托盘类型：MH423C，销售订单号：PAIN26290BC02S
  - 主算法：全局列式装箱 + 柱级组合优化（GCP）。
  - 失败托盘互借诊断：未合并（no_target_or_single_plan）。
托盘类型 MH423C（销售订单号：PAIN26290BC02S）处理完成：总托盘 1，指数达标 0，未达标 1，平均缺口 84.00，最大缺口 84.00，失败托盘互借修复成功 0。
  - KPI：near/mid/deep=0/0/1，救回率=0.00%，pair效率=0.00%。
  - 耗时拆解：packing=1.32s，main_topup=0.00s，retry=0.00s，failed_pool=0.00s，repack=0.00s，total=1.32s。
正在处理托盘类型：MH423C，销售订单号：PAIN26286EN01S
  - 该分组不适合列式（多非满柱）→ 回退 beam + 配方优先。
  - 配方优先[fast]：规划 0 实例，实装成功 0，配方路径不可用 → 采用基线方案。
  - 指数诊断：箱子 1 个，总指数 2，目标 192，理论最多达标托盘 0 个，剩余指数 2。
  - 几何诊断：典型整层堆叠单盘参考上限 2/192。 当前目标可能受托盘高度/箱型组合限制。
  - 几何诊断提示：典型整层参考值 2 < 目标 192；该值不是不可达证明，继续执行指数救援。
  - 失败托盘互借诊断：未合并（no_target_or_single_plan）。
托盘类型 MH423C（销售订单号：PAIN26286EN01S）处理完成：总托盘 1，指数达标 0，未达标 1，平均缺口 190.00，最大缺口 190.00，失败托盘互借修复成功 0。
  - KPI：near/mid/deep=0/0/1，救回率=0.00%，pair效率=0.00%。
  - 耗时拆解：packing=0.00s，main_topup=0.00s，retry=0.00s，failed_pool=0.00s，repack=0.00s，total=0.00s。
正在处理托盘类型：MH423C，销售订单号：LAID16296DN03S__CASEGROUP__1
  - 主算法：全局列式装箱 + 柱级组合优化（GCP）。
  - 失败托盘互借诊断：未合并（no_target_or_single_plan）。
托盘类型 MH423C（销售订单号：LAID16296DN03S__CASEGROUP__1）处理完成：总托盘 1，指数达标 0，未达标 1，平均缺口 90.00，最大缺口 90.00，失败托盘互借修复成功 0。
  - KPI：near/mid/deep=0/0/1，救回率=0.00%，pair效率=0.00%。
  - 耗时拆解：packing=0.37s，main_topup=0.00s，retry=0.00s，failed_pool=0.00s，repack=0.00s，total=0.37s。
正在处理托盘类型：MH423C，销售订单号：LAID16296DN03S__CASEGROUP__1__SPLITREST__
  - 该分组不适合列式（多非满柱）→ 回退 beam + 配方优先。
  - 配方优先[fast]：规划 0 实例，实装成功 0，配方路径不可用 → 采用基线方案。
  - 指数诊断：箱子 4 个，总指数 2，目标 192，理论最多达标托盘 0 个，剩余指数 2。
  - 几何诊断：典型整层堆叠单盘参考上限 2/192。 当前目标可能受托盘高度/箱型组合限制。
  - 几何诊断提示：典型整层参考值 2 < 目标 192；该值不是不可达证明，继续执行指数救援。
  - 失败托盘互借诊断：未合并（no_target_or_single_plan）。
托盘类型 MH423C（销售订单号：LAID16296DN03S__CASEGROUP__1__SPLITREST__）处理完成：总托盘 1，指数达标 0，未达标 1，平均缺口 190.00，最大缺口 190.00，失败托盘互借修复成功 0。
  - KPI：near/mid/deep=0/0/1，救回率=0.00%，pair效率=0.00%。
  - 耗时拆解：packing=0.00s，main_topup=0.00s，retry=0.00s，failed_pool=0.00s，repack=0.00s，total=0.02s。
正在处理托盘类型：MH423C，销售订单号：LAMY16315FN01S
  - 主算法：全局列式装箱 + 柱级组合优化（GCP）。
  - 失败托盘互借诊断：未合并（no_target_or_single_plan）。
托盘类型 MH423C（销售订单号：LAMY16315FN01S）处理完成：总托盘 1，指数达标 0，未达标 1，平均缺口 21.00，最大缺口 21.00，失败托盘互借修复成功 0。
  - KPI：near/mid/deep=0/1/0，救回率=0.00%，pair效率=0.00%。
  - 耗时拆解：packing=0.94s，main_topup=0.00s，retry=0.00s，failed_pool=0.00s，repack=0.00s，total=0.94s。
正在处理托盘类型：MH423C，销售订单号：LAMY16315FN01S__SPLITREST__
  - 该分组不适合列式（多非满柱）→ 回退 beam + 配方优先。
  - 配方优先[fast]：规划 0 实例，实装成功 0，配方路径不可用 → 采用基线方案。
  - 指数诊断：箱子 1 个，总指数 0.5，目标 192，理论最多达标托盘 0 个，剩余指数 0.5。
  - 几何诊断：典型整层堆叠单盘参考上限 0.5/192。 当前目标可能受托盘高度/箱型组合限制。
  - 几何诊断提示：典型整层参考值 0.5 < 目标 192；该值不是不可达证明，继续执行指数救援。
  - 失败托盘互借诊断：未合并（no_target_or_single_plan）。
托盘类型 MH423C（销售订单号：LAMY16315FN01S__SPLITREST__）处理完成：总托盘 1，指数达标 0，未达标 1，平均缺口 191.50，最大缺口 191.50，失败托盘互借修复成功 0。
  - KPI：near/mid/deep=0/0/1，救回率=0.00%，pair效率=0.00%。
  - 耗时拆解：packing=0.00s，main_topup=0.00s，retry=0.00s，failed_pool=0.00s，repack=0.00s，total=0.00s。
正在处理托盘类型：MH423C，销售订单号：LAID16305BN02S
  - 主算法：全局列式装箱 + 柱级组合优化（GCP）。
  - 失败托盘互借诊断：未合并（no_target_or_single_plan）。
托盘类型 MH423C（销售订单号：LAID16305BN02S）处理完成：总托盘 1，指数达标 0，未达标 1，平均缺口 128.50，最大缺口 128.50，失败托盘互借修复成功 0。
  - KPI：near/mid/deep=0/0/1，救回率=0.00%，pair效率=0.00%。
  - 耗时拆解：packing=0.48s，main_topup=0.00s，retry=0.00s，failed_pool=0.00s，repack=0.00s，total=0.48s。
正在处理托盘类型：MH423C，销售订单号：PAID16280FC02S
  - 主算法：全局列式装箱 + 柱级组合优化（GCP）。
  - GCP 盘数远超理论（CP-SAT 装不满）→ 回退 baseline beam + 配方优先。
  - 配方优先[fast]：规划 0 实例，实装成功 0，配方路径不可用 → 采用基线方案。
  - 指数诊断：箱子 4 个，总指数 16，目标 192，理论最多达标托盘 0 个，剩余指数 16。
  - 几何诊断：典型整层堆叠单盘参考上限 16/192。 当前目标可能受托盘高度/箱型组合限制。
  - 几何诊断提示：典型整层参考值 16 < 目标 192；该值不是不可达证明，继续执行指数救援。
  - 失败托盘互借诊断：未合并（no_target_or_single_plan）。
托盘类型 MH423C（销售订单号：PAID16280FC02S）处理完成：总托盘 1，指数达标 0，未达标 1，平均缺口 176.00，最大缺口 176.00，失败托盘互借修复成功 0。
  - KPI：near/mid/deep=0/0/1，救回率=0.00%，pair效率=0.00%。
  - 耗时拆解：packing=0.00s，main_topup=0.00s，retry=0.00s，failed_pool=0.00s，repack=0.00s，total=0.03s。
正在处理托盘类型：MH423C，销售订单号：PAID16290FC02S
  - 该分组不适合列式（多非满柱）→ 回退 beam + 配方优先。
  - 配方优先[fast]：规划 0 实例，实装成功 0，配方路径不可用 → 采用基线方案。
  - 指数诊断：箱子 6 个，总指数 14，目标 192，理论最多达标托盘 0 个，剩余指数 14。
  - 几何诊断：典型整层堆叠单盘参考上限 14/192。 当前目标可能受托盘高度/箱型组合限制。
  - 几何诊断提示：典型整层参考值 14 < 目标 192；该值不是不可达证明，继续执行指数救援。
  - 失败托盘互借诊断：未合并（no_target_or_single_plan）。
托盘类型 MH423C（销售订单号：PAID16290FC02S）处理完成：总托盘 1，指数达标 0，未达标 1，平均缺口 178.00，最大缺口 178.00，失败托盘互借修复成功 0。
  - KPI：near/mid/deep=0/0/1，救回率=0.00%，pair效率=0.00%。
  - 耗时拆解：packing=0.01s，main_topup=0.00s，retry=0.00s，failed_pool=0.00s，repack=0.00s，total=0.04s。
正在处理托盘类型：MH423C，销售订单号：PEG146296CN01S
  - 主算法：全局列式装箱 + 柱级组合优化（GCP）。
  - 失败托盘互借诊断：未合并（no_target_or_single_plan）。
托盘类型 MH423C（销售订单号：PEG146296CN01S）处理完成：总托盘 1，指数达标 0，未达标 1，平均缺口 68.00，最大缺口 68.00，失败托盘互借修复成功 0。
  - KPI：near/mid/deep=0/0/1，救回率=0.00%，pair效率=0.00%。
  - 耗时拆解：packing=0.34s，main_topup=0.00s，retry=0.00s，failed_pool=0.00s，repack=0.00s，total=0.34s。
正在处理托盘类型：MH423C，销售订单号：PAID16295BN01S
  - 主算法：全局列式装箱 + 柱级组合优化（GCP）。
  - 失败托盘互借诊断：未合并（aborted_no_improvement_possible）。
托盘类型 MH423C（销售订单号：PAID16295BN01S）处理完成：总托盘 2，指数达标 0，未达标 2，平均缺口 95.75，最大缺口 161.50，失败托盘互借修复成功 0。
  - KPI：near/mid/deep=0/0/2，救回率=0.00%，pair效率=0.00%。
  - 耗时拆解：packing=53.98s，main_topup=0.00s，retry=0.00s，failed_pool=0.00s，repack=2.64s，total=56.61s。
  - 条件双路径棘轮：替代完整路径通过守恒和最终门禁，严格优于 GCP，已采用。
正在处理托盘类型：MH423C，销售订单号：PAID16296DN01S
  - 主算法：全局列式装箱 + 柱级组合优化（GCP）。
  - 失败托盘互借诊断：未合并（no_target_or_single_plan）。
托盘类型 MH423C（销售订单号：PAID16296DN01S）处理完成：总托盘 1，指数达标 0，未达标 1，平均缺口 132.50，最大缺口 132.50，失败托盘互借修复成功 0。
  - KPI：near/mid/deep=0/0/1，救回率=0.00%，pair效率=0.00%。
  - 耗时拆解：packing=1.29s，main_topup=0.00s，retry=0.00s，failed_pool=0.00s，repack=0.00s，total=1.29s。
正在处理托盘类型：MH423C，销售订单号：PAID16296DN01S__SPLITREST__
  - 该分组不适合列式（多非满柱）→ 回退 beam + 配方优先。
  - 配方优先[fast]：规划 0 实例，实装成功 0，配方路径不可用 → 采用基线方案。
  - 指数诊断：箱子 3 个，总指数 6，目标 192，理论最多达标托盘 0 个，剩余指数 6。
  - 几何诊断：典型整层堆叠单盘参考上限 6/192。 当前目标可能受托盘高度/箱型组合限制。
  - 几何诊断提示：典型整层参考值 6 < 目标 192；该值不是不可达证明，继续执行指数救援。
  - 失败托盘互借诊断：未合并（no_target_or_single_plan）。
托盘类型 MH423C（销售订单号：PAID16296DN01S__SPLITREST__）处理完成：总托盘 1，指数达标 0，未达标 1，平均缺口 186.00，最大缺口 186.00，失败托盘互借修复成功 0。
  - KPI：near/mid/deep=0/0/1，救回率=0.00%，pair效率=0.00%。
  - 耗时拆解：packing=0.00s，main_topup=0.00s，retry=0.00s，failed_pool=0.00s，repack=0.00s，total=0.01s。
正在处理托盘类型：MH423C，销售订单号：LAID16305EN01S
  - 该分组不适合列式（多非满柱）→ 回退 beam + 配方优先。
  - 配方优先[fast]：规划 0 实例，实装成功 0，配方路径不可用 → 采用基线方案。
  - 指数诊断：箱子 31 个，总指数 87.5，目标 192，理论最多达标托盘 0 个，剩余指数 87.5。
  - 几何诊断：典型整层堆叠单盘参考上限 67/192。 当前目标可能受托盘高度/箱型组合限制。
  - 几何诊断提示：典型整层参考值 67 < 目标 192；该值不是不可达证明，继续执行指数救援。
  - 失败托盘互借诊断：未合并（no_target_or_single_plan）。
托盘类型 MH423C（销售订单号：LAID16305EN01S）处理完成：总托盘 1，指数达标 0，未达标 1，平均缺口 104.50，最大缺口 104.50，失败托盘互借修复成功 0。
  - KPI：near/mid/deep=0/0/1，救回率=0.00%，pair效率=0.00%。
  - 耗时拆解：packing=0.12s，main_topup=0.00s，retry=0.00s，failed_pool=0.00s，repack=0.00s，total=0.43s。
正在处理托盘类型：MH423C，销售订单号：PAID16295EL05S
  - 该分组不适合列式（多非满柱）→ 回退 beam + 配方优先。
  - 配方优先[fast]：规划 0 实例，实装成功 0，配方路径不可用 → 采用基线方案。
  - 指数诊断：箱子 1 个，总指数 2，目标 192，理论最多达标托盘 0 个，剩余指数 2。
  - 几何诊断：典型整层堆叠单盘参考上限 2/192。 当前目标可能受托盘高度/箱型组合限制。
  - 几何诊断提示：典型整层参考值 2 < 目标 192；该值不是不可达证明，继续执行指数救援。
  - 失败托盘互借诊断：未合并（no_target_or_single_plan）。
托盘类型 MH423C（销售订单号：PAID16295EL05S）处理完成：总托盘 1，指数达标 0，未达标 1，平均缺口 190.00，最大缺口 190.00，失败托盘互借修复成功 0。
  - KPI：near/mid/deep=0/0/1，救回率=0.00%，pair效率=0.00%。
  - 耗时拆解：packing=0.00s，main_topup=0.00s，retry=0.00s，failed_pool=0.00s，repack=0.00s，total=0.00s。
正在处理托盘类型：MH423C，销售订单号：PAID16290FL03S
  - 该分组不适合列式（多非满柱）→ 回退 beam + 配方优先。
  - 配方优先[fast]：规划 0 实例，实装成功 0，配方路径不可用 → 采用基线方案。
  - 指数诊断：箱子 3 个，总指数 6，目标 192，理论最多达标托盘 0 个，剩余指数 6。
  - 几何诊断：典型整层堆叠单盘参考上限 6/192。 当前目标可能受托盘高度/箱型组合限制。
  - 几何诊断提示：典型整层参考值 6 < 目标 192；该值不是不可达证明，继续执行指数救援。
  - 失败托盘互借诊断：未合并（no_target_or_single_plan）。
托盘类型 MH423C（销售订单号：PAID16290FL03S）处理完成：总托盘 1，指数达标 0，未达标 1，平均缺口 186.00，最大缺口 186.00，失败托盘互借修复成功 0。
  - KPI：near/mid/deep=0/0/1，救回率=0.00%，pair效率=0.00%。
  - 耗时拆解：packing=0.00s，main_topup=0.00s，retry=0.00s，failed_pool=0.00s，repack=0.00s，total=0.01s。
正在处理托盘类型：MH423C，销售订单号：PAID16306DN01S
  - 主算法：全局列式装箱 + 柱级组合优化（GCP）。
  - 失败托盘互借诊断：未合并（no_target_or_single_plan）。
托盘类型 MH423C（销售订单号：PAID16306DN01S）处理完成：总托盘 1，指数达标 0，未达标 1，平均缺口 170.00，最大缺口 170.00，失败托盘互借修复成功 0。
  - KPI：near/mid/deep=0/0/1，救回率=0.00%，pair效率=0.00%。
  - 耗时拆解：packing=0.10s，main_topup=0.00s，retry=0.00s，failed_pool=0.00s，repack=0.00s，total=0.10s。
正在处理托盘类型：MH423C，销售订单号：PAID16306DN01S__SPLITREST__
  - 该分组不适合列式（多非满柱）→ 回退 beam + 配方优先。
  - 配方优先[fast]：规划 0 实例，实装成功 0，配方路径不可用 → 采用基线方案。
  - 指数诊断：箱子 2 个，总指数 1，目标 192，理论最多达标托盘 0 个，剩余指数 1。
  - 几何诊断：典型整层堆叠单盘参考上限 1/192。 当前目标可能受托盘高度/箱型组合限制。
  - 几何诊断提示：典型整层参考值 1 < 目标 192；该值不是不可达证明，继续执行指数救援。
  - 失败托盘互借诊断：未合并（no_target_or_single_plan）。
托盘类型 MH423C（销售订单号：PAID16306DN01S__SPLITREST__）处理完成：总托盘 1，指数达标 0，未达标 1，平均缺口 191.00，最大缺口 191.00，失败托盘互借修复成功 0。
  - KPI：near/mid/deep=0/0/1，救回率=0.00%，pair效率=0.00%。
  - 耗时拆解：packing=0.00s，main_topup=0.00s，retry=0.00s，failed_pool=0.00s，repack=0.00s，total=0.00s。
正在处理托盘类型：MH423C，销售订单号：LAMY16305FN01S
  - 主算法：全局列式装箱 + 柱级组合优化（GCP）。
  - GCP 盘数远超理论（CP-SAT 装不满）→ 回退 baseline beam + 配方优先。
  - 配方优先[fast]：规划 0 实例，实装成功 0，配方路径不可用 → 采用基线方案。
  - 指数诊断：箱子 65 个，总指数 123.5，目标 192，理论最多达标托盘 0 个，剩余指数 123.5。
  - 几何诊断：典型整层堆叠单盘参考上限 90/192。 当前目标可能受托盘高度/箱型组合限制。
  - 几何诊断提示：典型整层参考值 90 < 目标 192；该值不是不可达证明，继续执行指数救援。
  - 失败托盘互借诊断：未合并（aborted_no_improvement_possible）。
托盘类型 MH423C（销售订单号：LAMY16305FN01S）处理完成：总托盘 2，指数达标 0，未达标 2，平均缺口 130.25，最大缺口 188.00，失败托盘互借修复成功 0。
  - KPI：near/mid/deep=0/0/2，救回率=0.00%，pair效率=0.00%。
  - 耗时拆解：packing=0.72s，main_topup=0.01s，retry=0.00s，failed_pool=0.00s，repack=1.18s，total=5.42s。
正在处理托盘类型：MH423C，销售订单号：LAMY16305FN01S__SPLITREST__
  - 该分组不适合列式（多非满柱）→ 回退 beam + 配方优先。
  - 配方优先[fast]：规划 0 实例，实装成功 0，配方路径不可用 → 采用基线方案。
  - 指数诊断：箱子 1 个，总指数 6，目标 192，理论最多达标托盘 0 个，剩余指数 6。
  - 几何诊断：典型整层堆叠单盘参考上限 6/192。 当前目标可能受托盘高度/箱型组合限制。
  - 几何诊断提示：典型整层参考值 6 < 目标 192；该值不是不可达证明，继续执行指数救援。
  - 失败托盘互借诊断：未合并（no_target_or_single_plan）。
托盘类型 MH423C（销售订单号：LAMY16305FN01S__SPLITREST__）处理完成：总托盘 1，指数达标 0，未达标 1，平均缺口 186.00，最大缺口 186.00，失败托盘互借修复成功 0。
  - KPI：near/mid/deep=0/0/1，救回率=0.00%，pair效率=0.00%。
  - 耗时拆解：packing=0.00s，main_topup=0.00s，retry=0.00s，failed_pool=0.00s，repack=0.00s，total=0.00s。
正在处理托盘类型：MH423C，销售订单号：PAID16300FN01S
  - 该分组不适合列式（多非满柱）→ 回退 beam + 配方优先。
  - 配方优先[fast]：规划 0 实例，实装成功 0，配方路径不可用 → 采用基线方案。
  - 指数诊断：箱子 8 个，总指数 19，目标 192，理论最多达标托盘 0 个，剩余指数 19。
  - 几何诊断：典型整层堆叠单盘参考上限 19/192。 当前目标可能受托盘高度/箱型组合限制。
  - 几何诊断提示：典型整层参考值 19 < 目标 192；该值不是不可达证明，继续执行指数救援。
  - 失败托盘互借诊断：未合并（no_target_or_single_plan）。
托盘类型 MH423C（销售订单号：PAID16300FN01S）处理完成：总托盘 1，指数达标 0，未达标 1，平均缺口 173.00，最大缺口 173.00，失败托盘互借修复成功 0。
  - KPI：near/mid/deep=0/0/1，救回率=0.00%，pair效率=0.00%。
  - 耗时拆解：packing=0.01s，main_topup=0.00s，retry=0.00s，failed_pool=0.00s，repack=0.00s，total=0.05s。
正在处理托盘类型：MH423C，销售订单号：PAID16295BD02S
  - 主算法：全局列式装箱 + 柱级组合优化（GCP）。
  - 失败托盘互借诊断：未合并（no_target_or_single_plan）。
托盘类型 MH423C（销售订单号：PAID16295BD02S）处理完成：总托盘 1，指数达标 0，未达标 1，平均缺口 156.00，最大缺口 156.00，失败托盘互借修复成功 0。
  - KPI：near/mid/deep=0/0/1，救回率=0.00%，pair效率=0.00%。
  - 耗时拆解：packing=0.07s，main_topup=0.00s，retry=0.00s，failed_pool=0.00s，repack=0.00s，total=0.07s。
正在处理托盘类型：MH423C，销售订单号：LFEG16300IN02S
  - 主算法：全局列式装箱 + 柱级组合优化（GCP）。
  - GCP 盘数远超理论（CP-SAT 装不满）→ 回退 baseline beam + 配方优先。
  - 配方优先[fast]：规划 0 实例，实装成功 0，配方路径不可用 → 采用基线方案。
  - 指数诊断：箱子 100 个，总指数 194.5，目标 192，理论最多达标托盘 1 个，剩余指数 2.5。
  - 几何诊断：典型整层堆叠单盘参考上限 134/192。 当前目标可能受托盘高度/箱型组合限制。
  - 几何诊断提示：典型整层参考值 134 < 目标 192；该值不是不可达证明，继续执行指数救援。
  - 失败托盘互借诊断：未合并（aborted_no_improvement_possible）。
托盘类型 MH423C（销售订单号：LFEG16300IN02S）处理完成：总托盘 2，指数达标 0，未达标 2，平均缺口 94.75，最大缺口 176.50，失败托盘互借修复成功 0。
  - KPI：near/mid/deep=0/1/1，救回率=0.00%，pair效率=0.00%。
  - 耗时拆解：packing=1.37s，main_topup=0.04s，retry=0.00s，failed_pool=14.08s，repack=19.21s，total=31.88s。
正在处理托盘类型：MH423C，销售订单号：LFEG16300IN02S__SPLITREST__
  - 该分组不适合列式（多非满柱）→ 回退 beam + 配方优先。
  - 配方优先[fast]：规划 0 实例，实装成功 0，配方路径不可用 → 采用基线方案。
  - 指数诊断：箱子 2 个，总指数 4，目标 192，理论最多达标托盘 0 个，剩余指数 4。
  - 几何诊断：典型整层堆叠单盘参考上限 4/192。 当前目标可能受托盘高度/箱型组合限制。
  - 几何诊断提示：典型整层参考值 4 < 目标 192；该值不是不可达证明，继续执行指数救援。
  - 失败托盘互借诊断：未合并（no_target_or_single_plan）。
托盘类型 MH423C（销售订单号：LFEG16300IN02S__SPLITREST__）处理完成：总托盘 1，指数达标 0，未达标 1，平均缺口 188.00，最大缺口 188.00，失败托盘互借修复成功 0。
  - KPI：near/mid/deep=0/0/1，救回率=0.00%，pair效率=0.00%。
  - 耗时拆解：packing=0.00s，main_topup=0.00s，retry=0.00s，failed_pool=0.00s，repack=0.00s，total=0.00s。
正在处理托盘类型：MH423C，销售订单号：LAID16305BN01S
  - 主算法：全局列式装箱 + 柱级组合优化（GCP）。
  - GCP 盘数远超理论（CP-SAT 装不满）→ 回退 baseline beam + 配方优先。
  - 配方优先[fast]：规划 0 实例，实装成功 0，配方路径不可用 → 采用基线方案。
  - 指数诊断：箱子 54 个，总指数 129，目标 192，理论最多达标托盘 0 个，剩余指数 129。
  - 几何诊断：典型整层堆叠单盘参考上限 104.5/192。 当前目标可能受托盘高度/箱型组合限制。
  - 几何诊断提示：典型整层参考值 104.5 < 目标 192；该值不是不可达证明，继续执行指数救援。
  - 失败托盘互借诊断：未合并（aborted_no_improvement_possible）。
托盘类型 MH423C（销售订单号：LAID16305BN01S）处理完成：总托盘 2，指数达标 0，未达标 2，平均缺口 127.50，最大缺口 172.00，失败托盘互借修复成功 0。
  - KPI：near/mid/deep=0/0/2，救回率=0.00%，pair效率=0.00%。
  - 耗时拆解：packing=1.21s，main_topup=0.00s，retry=0.00s，failed_pool=0.00s，repack=0.77s，total=2.80s。
正在处理托盘类型：MH423C，销售订单号：LFEG16310IN03S
  - 主算法：全局列式装箱 + 柱级组合优化（GCP）。
  - 失败托盘互借诊断：未合并（no_target_or_single_plan）。
托盘类型 MH423C（销售订单号：LFEG16310IN03S）处理完成：总托盘 1，指数达标 0，未达标 1，平均缺口 159.00，最大缺口 159.00，失败托盘互借修复成功 0。
  - KPI：near/mid/deep=0/0/1，救回率=0.00%，pair效率=0.00%。
  - 耗时拆解：packing=0.03s，main_topup=0.00s，retry=0.00s，failed_pool=0.00s，repack=0.00s，total=0.03s。
正在处理托盘类型：MH423C，销售订单号：LFEG16300IN01S
  - 该分组不适合列式（多非满柱）→ 回退 beam + 配方优先。
  - 配方优先[fast]：规划 0 实例，实装成功 0，配方路径不可用 → 采用基线方案。
  - 指数诊断：箱子 18 个，总指数 29.5，目标 192，理论最多达标托盘 0 个，剩余指数 29.5。
  - 几何诊断：典型整层堆叠单盘参考上限 28.5/192。 当前目标可能受托盘高度/箱型组合限制。
  - 几何诊断提示：典型整层参考值 28.5 < 目标 192；该值不是不可达证明，继续执行指数救援。
  - 失败托盘互借诊断：未合并（no_target_or_single_plan）。
托盘类型 MH423C（销售订单号：LFEG16300IN01S）处理完成：总托盘 1，指数达标 0，未达标 1，平均缺口 162.50，最大缺口 162.50，失败托盘互借修复成功 0。
  - KPI：near/mid/deep=0/0/1，救回率=0.00%，pair效率=0.00%。
  - 耗时拆解：packing=0.11s，main_topup=0.00s，retry=0.00s，failed_pool=0.00s，repack=0.00s，total=0.11s。
正在处理托盘类型：MH423C，销售订单号：LFEG16300IN03S
  - 主算法：全局列式装箱 + 柱级组合优化（GCP）。
  - 失败托盘互借诊断：未合并（no_target_or_single_plan）。
托盘类型 MH423C（销售订单号：LFEG16300IN03S）处理完成：总托盘 1，指数达标 0，未达标 1，平均缺口 82.00，最大缺口 82.00，失败托盘互借修复成功 0。
  - KPI：near/mid/deep=0/0/1，救回率=0.00%，pair效率=0.00%。
  - 耗时拆解：packing=0.99s，main_topup=0.00s，retry=0.00s，failed_pool=0.00s，repack=0.00s，total=0.99s。
正在处理托盘类型：MH423C，销售订单号：LFEG16300IN03S__SPLITREST__
  - 该分组不适合列式（多非满柱）→ 回退 beam + 配方优先。
  - 配方优先[fast]：规划 0 实例，实装成功 0，配方路径不可用 → 采用基线方案。
  - 指数诊断：箱子 2 个，总指数 4，目标 192，理论最多达标托盘 0 个，剩余指数 4。
  - 几何诊断：典型整层堆叠单盘参考上限 4/192。 当前目标可能受托盘高度/箱型组合限制。
  - 几何诊断提示：典型整层参考值 4 < 目标 192；该值不是不可达证明，继续执行指数救援。
  - 失败托盘互借诊断：未合并（no_target_or_single_plan）。
托盘类型 MH423C（销售订单号：LFEG16300IN03S__SPLITREST__）处理完成：总托盘 1，指数达标 0，未达标 1，平均缺口 188.00，最大缺口 188.00，失败托盘互借修复成功 0。
  - KPI：near/mid/deep=0/0/1，救回率=0.00%，pair效率=0.00%。
  - 耗时拆解：packing=0.00s，main_topup=0.00s，retry=0.00s，failed_pool=0.00s，repack=0.00s，total=0.01s。
正在处理托盘类型：MH423C，销售订单号：LAID16305BN03S
  - 主算法：全局列式装箱 + 柱级组合优化（GCP）。
  - 失败托盘互借诊断：未合并（no_target_or_single_plan）。
托盘类型 MH423C（销售订单号：LAID16305BN03S）处理完成：总托盘 1，指数达标 0，未达标 1，平均缺口 116.00，最大缺口 116.00，失败托盘互借修复成功 0。
  - KPI：near/mid/deep=0/0/1，救回率=0.00%，pair效率=0.00%。
  - 耗时拆解：packing=0.37s，main_topup=0.00s，retry=0.00s，failed_pool=0.00s，repack=0.00s，total=0.37s。
正在处理托盘类型：MH423C，销售订单号：LAID16305BN03S__SPLITREST__
  - 该分组不适合列式（多非满柱）→ 回退 beam + 配方优先。
  - 托盘 MH423C-LAID16305BN03S__SPLITREST__-1 未找到可行装箱方案，启用剩余箱子守恒兜底。
  - 配方优先[fast]：规划 0 实例，实装成功 0，配方路径不可用 → 采用基线方案。
  - 指数诊断：箱子 5 个，总指数 2.5，目标 192，理论最多达标托盘 0 个，剩余指数 2.5。
  - 几何诊断：典型整层堆叠单盘参考上限 2.5/192。 当前目标可能受托盘高度/箱型组合限制。
  - 几何诊断提示：典型整层参考值 2.5 < 目标 192；该值不是不可达证明，继续执行指数救援。
  - 失败托盘互借诊断：未合并（aborted_no_improvement_possible）。
托盘类型 MH423C（销售订单号：LAID16305BN03S__SPLITREST__）处理完成：总托盘 2，指数达标 0，未达标 2，平均缺口 190.75，最大缺口 191.50，失败托盘互借修复成功 0。
  - KPI：near/mid/deep=0/0/2，救回率=0.00%，pair效率=0.00%。
  - 耗时拆解：packing=0.01s，main_topup=0.00s，retry=0.00s，failed_pool=0.00s，repack=0.04s，total=0.07s。
正在处理托盘类型：MH423C，销售订单号：PEG166300LN01S
  - 主算法：全局列式装箱 + 柱级组合优化（GCP）。
  - 失败托盘互借诊断：未合并（no_target_or_single_plan）。
托盘类型 MH423C（销售订单号：PEG166300LN01S）处理完成：总托盘 1，指数达标 0，未达标 1，平均缺口 64.00，最大缺口 64.00，失败托盘互借修复成功 0。
  - KPI：near/mid/deep=0/0/1，救回率=0.00%，pair效率=0.00%。
  - 耗时拆解：packing=0.31s，main_topup=0.00s，retry=0.00s，failed_pool=0.00s，repack=0.00s，total=0.31s。
正在处理托盘类型：MH423C，销售订单号：PAID163008N01S
  - 该分组不适合列式（多非满柱）→ 回退 beam + 配方优先。
  - 配方优先[fast]：规划 0 实例，实装成功 0，配方路径不可用 → 采用基线方案。
  - 指数诊断：箱子 1 个，总指数 1，目标 192，理论最多达标托盘 0 个，剩余指数 1。
  - 几何诊断：典型整层堆叠单盘参考上限 1/192。 当前目标可能受托盘高度/箱型组合限制。
  - 几何诊断提示：典型整层参考值 1 < 目标 192；该值不是不可达证明，继续执行指数救援。
  - 失败托盘互借诊断：未合并（no_target_or_single_plan）。
托盘类型 MH423C（销售订单号：PAID163008N01S）处理完成：总托盘 1，指数达标 0，未达标 1，平均缺口 191.00，最大缺口 191.00，失败托盘互借修复成功 0。
  - KPI：near/mid/deep=0/0/1，救回率=0.00%，pair效率=0.00%。
  - 耗时拆解：packing=0.00s，main_topup=0.00s，retry=0.00s，failed_pool=0.00s，repack=0.00s，total=0.00s。
正在处理托盘类型：MH423C，销售订单号：PAIN26290BN01S
  - 该分组不适合列式（多非满柱）→ 回退 beam + 配方优先。
  - 托盘 MH423C-PAIN26290BN01S-1 未找到可行装箱方案，启用剩余箱子守恒兜底。
  - 配方优先[fast]：规划 0 实例，实装成功 0，配方路径不可用 → 采用基线方案。
  - 指数诊断：箱子 5 个，总指数 2.5，目标 192，理论最多达标托盘 0 个，剩余指数 2.5。
  - 几何诊断：典型整层堆叠单盘参考上限 2.5/192。 当前目标可能受托盘高度/箱型组合限制。
  - 几何诊断提示：典型整层参考值 2.5 < 目标 192；该值不是不可达证明，继续执行指数救援。
  - 失败盘装满压实：合并/吸收 1 次（纯减盘数）。
  - 失败托盘互借诊断：未合并（aborted_no_improvement_possible）。
托盘类型 MH423C（销售订单号：PAIN26290BN01S）处理完成：总托盘 1，指数达标 0，未达标 1，平均缺口 189.50，最大缺口 189.50，失败托盘互借修复成功 0。
  - KPI：near/mid/deep=0/0/1，救回率=0.00%，pair效率=0.00%。
  - 耗时拆解：packing=0.01s，main_topup=0.00s，retry=0.00s，failed_pool=0.00s，repack=0.04s，total=0.08s。
正在处理托盘类型：MH423C，销售订单号：PAID162308N01S
  - 该分组不适合列式（多非满柱）→ 回退 beam + 配方优先。
  - 配方优先[fast]：规划 0 实例，实装成功 0，配方路径不可用 → 采用基线方案。
  - 指数诊断：箱子 1 个，总指数 2，目标 192，理论最多达标托盘 0 个，剩余指数 2。
  - 几何诊断：典型整层堆叠单盘参考上限 2/192。 当前目标可能受托盘高度/箱型组合限制。
  - 几何诊断提示：典型整层参考值 2 < 目标 192；该值不是不可达证明，继续执行指数救援。
  - 失败托盘互借诊断：未合并（no_target_or_single_plan）。
托盘类型 MH423C（销售订单号：PAID162308N01S）处理完成：总托盘 1，指数达标 0，未达标 1，平均缺口 190.00，最大缺口 190.00，失败托盘互借修复成功 0。
  - KPI：near/mid/deep=0/0/1，救回率=0.00%，pair效率=0.00%。
  - 耗时拆解：packing=0.00s，main_topup=0.00s，retry=0.00s，failed_pool=0.00s，repack=0.00s，total=0.00s。
正在处理托盘类型：MH423C，销售订单号：PEG106290LN01S
  - 主算法：全局列式装箱 + 柱级组合优化（GCP）。
  - 失败托盘互借诊断：未合并（no_target_or_single_plan）。
托盘类型 MH423C（销售订单号：PEG106290LN01S）处理完成：总托盘 1，指数达标 0，未达标 1，平均缺口 179.00，最大缺口 179.00，失败托盘互借修复成功 0。
  - KPI：near/mid/deep=0/0/1，救回率=0.00%，pair效率=0.00%。
  - 耗时拆解：packing=0.04s，main_topup=0.00s，retry=0.00s，failed_pool=0.00s，repack=0.00s，total=0.04s。
正在处理托盘类型：MH423C，销售订单号：LAID16306DN03S
  - 该分组不适合列式（多非满柱）→ 回退 beam + 配方优先。
  - 配方优先[fast]：规划 0 实例，实装成功 0，配方路径不可用 → 采用基线方案。
  - 指数诊断：箱子 9 个，总指数 9，目标 192，理论最多达标托盘 0 个，剩余指数 9。
  - 几何诊断：典型整层堆叠单盘参考上限 9/192。 当前目标可能受托盘高度/箱型组合限制。
  - 几何诊断提示：典型整层参考值 9 < 目标 192；该值不是不可达证明，继续执行指数救援。
  - 失败托盘互借诊断：未合并（no_target_or_single_plan）。
托盘类型 MH423C（销售订单号：LAID16306DN03S）处理完成：总托盘 1，指数达标 0，未达标 1，平均缺口 183.00，最大缺口 183.00，失败托盘互借修复成功 0。
  - KPI：near/mid/deep=0/0/1，救回率=0.00%，pair效率=0.00%。
  - 耗时拆解：packing=0.01s，main_topup=0.00s，retry=0.00s，failed_pool=0.00s，repack=0.00s，total=0.06s。
正在处理托盘类型：MH423C，销售订单号：PAID16305EC01S
  - 该分组不适合列式（多非满柱）→ 回退 beam + 配方优先。
  - 配方优先[fast]：规划 0 实例，实装成功 0，配方路径不可用 → 采用基线方案。
  - 指数诊断：箱子 2 个，总指数 2，目标 192，理论最多达标托盘 0 个，剩余指数 2。
  - 几何诊断：典型整层堆叠单盘参考上限 2/192。 当前目标可能受托盘高度/箱型组合限制。
  - 几何诊断提示：典型整层参考值 2 < 目标 192；该值不是不可达证明，继续执行指数救援。
  - 失败托盘互借诊断：未合并（no_target_or_single_plan）。
托盘类型 MH423C（销售订单号：PAID16305EC01S）处理完成：总托盘 1，指数达标 0，未达标 1，平均缺口 190.00，最大缺口 190.00，失败托盘互借修复成功 0。
  - KPI：near/mid/deep=0/0/1，救回率=0.00%，pair效率=0.00%。
  - 耗时拆解：packing=0.00s，main_topup=0.00s，retry=0.00s，failed_pool=0.00s，repack=0.00s，total=0.00s。
正在处理托盘类型：MH423C，销售订单号：LAID16306DN02S
  - 主算法：全局列式装箱 + 柱级组合优化（GCP）。
  - 失败托盘互借诊断：未合并（no_target_or_single_plan）。
托盘类型 MH423C（销售订单号：LAID16306DN02S）处理完成：总托盘 1，指数达标 0，未达标 1，平均缺口 148.00，最大缺口 148.00，失败托盘互借修复成功 0。
  - KPI：near/mid/deep=0/0/1，救回率=0.00%，pair效率=0.00%。
  - 耗时拆解：packing=0.48s，main_topup=0.00s，retry=0.00s，failed_pool=0.00s，repack=0.00s，total=0.48s。
正在处理托盘类型：MH423C，销售订单号：LAID16306DN02S__SPLITREST__
  - 该分组不适合列式（多非满柱）→ 回退 beam + 配方优先。
  - 配方优先[fast]：规划 0 实例，实装成功 0，配方路径不可用 → 采用基线方案。
  - 指数诊断：箱子 2 个，总指数 4，目标 192，理论最多达标托盘 0 个，剩余指数 4。
  - 几何诊断：典型整层堆叠单盘参考上限 4/192。 当前目标可能受托盘高度/箱型组合限制。
  - 几何诊断提示：典型整层参考值 4 < 目标 192；该值不是不可达证明，继续执行指数救援。
  - 失败托盘互借诊断：未合并（no_target_or_single_plan）。
托盘类型 MH423C（销售订单号：LAID16306DN02S__SPLITREST__）处理完成：总托盘 1，指数达标 0，未达标 1，平均缺口 188.00，最大缺口 188.00，失败托盘互借修复成功 0。
  - KPI：near/mid/deep=0/0/1，救回率=0.00%，pair效率=0.00%。
  - 耗时拆解：packing=0.00s，main_topup=0.00s，retry=0.00s，failed_pool=0.00s，repack=0.00s，total=0.00s。
正在处理托盘类型：MH423C，销售订单号：LFEG16316AN01S
  - 主算法：全局列式装箱 + 柱级组合优化（GCP）。
  - 失败托盘互借诊断：未合并（no_target_or_single_plan）。
托盘类型 MH423C（销售订单号：LFEG16316AN01S）处理完成：总托盘 1，指数达标 0，未达标 1，平均缺口 178.00，最大缺口 178.00，失败托盘互借修复成功 0。
  - KPI：near/mid/deep=0/0/1，救回率=0.00%，pair效率=0.00%。
  - 耗时拆解：packing=0.01s，main_topup=0.00s，retry=0.00s，failed_pool=0.00s，repack=0.00s，total=0.01s。
正在处理托盘类型：MH423C，销售订单号：PAIN26310GN01S
  - 主算法：全局列式装箱 + 柱级组合优化（GCP）。
  - GCP 盘数远超理论（CP-SAT 装不满）→ 回退 baseline beam + 配方优先。
  - 配方优先[fast]：规划 0 实例，实装成功 0，配方路径不可用 → 采用基线方案。
  - 指数诊断：箱子 4 个，总指数 16，目标 192，理论最多达标托盘 0 个，剩余指数 16。
  - 几何诊断：典型整层堆叠单盘参考上限 16/192。 当前目标可能受托盘高度/箱型组合限制。
  - 几何诊断提示：典型整层参考值 16 < 目标 192；该值不是不可达证明，继续执行指数救援。
  - 失败托盘互借诊断：未合并（no_target_or_single_plan）。
托盘类型 MH423C（销售订单号：PAIN26310GN01S）处理完成：总托盘 1，指数达标 0，未达标 1，平均缺口 176.00，最大缺口 176.00，失败托盘互借修复成功 0。
  - KPI：near/mid/deep=0/0/1，救回率=0.00%，pair效率=0.00%。
  - 耗时拆解：packing=0.00s，main_topup=0.00s，retry=0.00s，failed_pool=0.00s，repack=0.00s，total=0.02s。
正在处理托盘类型：MH423C，销售订单号：PAIN26290MZ07S
  - 主算法：全局列式装箱 + 柱级组合优化（GCP）。
  - 失败托盘互借诊断：未合并（no_target_or_single_plan）。
托盘类型 MH423C（销售订单号：PAIN26290MZ07S）处理完成：总托盘 1，指数达标 0，未达标 1，平均缺口 22.00，最大缺口 22.00，失败托盘互借修复成功 0。
  - KPI：near/mid/deep=0/1/0，救回率=0.00%，pair效率=0.00%。
  - 耗时拆解：packing=2.84s，main_topup=0.00s，retry=0.00s，failed_pool=0.00s，repack=0.00s，total=2.84s。
正在处理托盘类型：MH423C，销售订单号：PAID16295EN06S
  - 该分组不适合列式（多非满柱）→ 回退 beam + 配方优先。
  - 配方优先[fast]：规划 0 实例，实装成功 0，配方路径不可用 → 采用基线方案。
  - 指数诊断：箱子 1 个，总指数 1，目标 192，理论最多达标托盘 0 个，剩余指数 1。
  - 几何诊断：典型整层堆叠单盘参考上限 1/192。 当前目标可能受托盘高度/箱型组合限制。
  - 几何诊断提示：典型整层参考值 1 < 目标 192；该值不是不可达证明，继续执行指数救援。
  - 失败托盘互借诊断：未合并（no_target_or_single_plan）。
托盘类型 MH423C（销售订单号：PAID16295EN06S）处理完成：总托盘 1，指数达标 0，未达标 1，平均缺口 191.00，最大缺口 191.00，失败托盘互借修复成功 0。
  - KPI：near/mid/deep=0/0/1，救回率=0.00%，pair效率=0.00%。
  - 耗时拆解：packing=0.00s，main_topup=0.00s，retry=0.00s，failed_pool=0.00s，repack=0.00s，total=0.00s。
正在处理托盘类型：MH423C，销售订单号：PAIN26296EN01S
  - 主算法：全局列式装箱 + 柱级组合优化（GCP）。
  - 失败托盘互借诊断：未合并（no_target_or_single_plan）。
托盘类型 MH423C（销售订单号：PAIN26296EN01S）处理完成：总托盘 1，指数达标 0，未达标 1，平均缺口 31.00，最大缺口 31.00，失败托盘互借修复成功 0。
  - KPI：near/mid/deep=0/0/1，救回率=0.00%，pair效率=0.00%。
  - 耗时拆解：packing=0.43s，main_topup=0.00s，retry=0.00s，failed_pool=0.00s，repack=0.00s，total=0.43s。
正在处理托盘类型：MH423C，销售订单号：LFEG16316AN02S
  - 该分组不适合列式（多非满柱）→ 回退 beam + 配方优先。
  - 配方优先[fast]：规划 0 实例，实装成功 0，配方路径不可用 → 采用基线方案。
  - 指数诊断：箱子 3 个，总指数 6，目标 192，理论最多达标托盘 0 个，剩余指数 6。
  - 几何诊断：典型整层堆叠单盘参考上限 6/192。 当前目标可能受托盘高度/箱型组合限制。
  - 几何诊断提示：典型整层参考值 6 < 目标 192；该值不是不可达证明，继续执行指数救援。
  - 失败托盘互借诊断：未合并（no_target_or_single_plan）。
托盘类型 MH423C（销售订单号：LFEG16316AN02S）处理完成：总托盘 1，指数达标 0，未达标 1，平均缺口 186.00，最大缺口 186.00，失败托盘互借修复成功 0。
  - KPI：near/mid/deep=0/0/1，救回率=0.00%，pair效率=0.00%。
  - 耗时拆解：packing=0.00s，main_topup=0.00s，retry=0.00s，failed_pool=0.00s，repack=0.00s，total=0.01s。
正在处理托盘类型：MH423C，销售订单号：PAIN26310MN01S
  - 该分组不适合列式（多非满柱）→ 回退 beam + 配方优先。
  - 配方优先[fast]：规划 0 实例，实装成功 0，配方路径不可用 → 采用基线方案。
  - 指数诊断：箱子 7 个，总指数 76，目标 192，理论最多达标托盘 0 个，剩余指数 76。
  - 几何诊断：典型整层堆叠单盘参考上限 60/192。 当前目标可能受托盘高度/箱型组合限制。
  - 几何诊断提示：典型整层参考值 60 < 目标 192；该值不是不可达证明，继续执行指数救援。
  - 失败托盘互借诊断：未合并（no_target_or_single_plan）。
托盘类型 MH423C（销售订单号：PAIN26310MN01S）处理完成：总托盘 1，指数达标 0，未达标 1，平均缺口 116.00，最大缺口 116.00，失败托盘互借修复成功 0。
  - KPI：near/mid/deep=0/0/1，救回率=0.00%，pair效率=0.00%。
  - 耗时拆解：packing=0.00s，main_topup=0.00s，retry=0.00s，failed_pool=0.00s，repack=0.00s，total=0.00s。
正在处理托盘类型：MH423C，销售订单号：LAID16315EN01S
  - 该分组不适合列式（多非满柱）→ 回退 beam + 配方优先。
  - 配方优先[fast]：规划 0 实例，实装成功 0，配方路径不可用 → 采用基线方案。
  - 指数诊断：箱子 4 个，总指数 20，目标 192，理论最多达标托盘 0 个，剩余指数 20。
  - 几何诊断：典型整层堆叠单盘参考上限 20/192。 当前目标可能受托盘高度/箱型组合限制。
  - 几何诊断提示：典型整层参考值 20 < 目标 192；该值不是不可达证明，继续执行指数救援。
  - 失败托盘互借诊断：未合并（no_target_or_single_plan）。
托盘类型 MH423C（销售订单号：LAID16315EN01S）处理完成：总托盘 1，指数达标 0，未达标 1，平均缺口 172.00，最大缺口 172.00，失败托盘互借修复成功 0。
  - KPI：near/mid/deep=0/0/1，救回率=0.00%，pair效率=0.00%。
  - 耗时拆解：packing=0.01s，main_topup=0.00s，retry=0.00s，failed_pool=0.00s，repack=0.00s，total=0.01s。
正在处理托盘类型：MH423C，销售订单号：PAIN26316EN01S
  - 主算法：全局列式装箱 + 柱级组合优化（GCP）。
  - 失败托盘互借诊断：未合并（no_target_or_single_plan）。
托盘类型 MH423C（销售订单号：PAIN26316EN01S）处理完成：总托盘 1，指数达标 0，未达标 1，平均缺口 140.00，最大缺口 140.00，失败托盘互借修复成功 0。
  - KPI：near/mid/deep=0/0/1，救回率=0.00%，pair效率=0.00%。
  - 耗时拆解：packing=0.04s，main_topup=0.00s，retry=0.00s，failed_pool=0.00s，repack=0.00s，total=0.04s。
正在处理托盘类型：MH423C，销售订单号：LAID16315EN02S
  - 主算法：全局列式装箱 + 柱级组合优化（GCP）。
  - 失败托盘互借诊断：未合并（no_target_or_single_plan）。
托盘类型 MH423C（销售订单号：LAID16315EN02S）处理完成：总托盘 1，指数达标 0，未达标 1，平均缺口 148.00，最大缺口 148.00，失败托盘互借修复成功 0。
  - KPI：near/mid/deep=0/0/1，救回率=0.00%，pair效率=0.00%。
  - 耗时拆解：packing=0.01s，main_topup=0.00s，retry=0.00s，failed_pool=0.00s，repack=0.00s，total=0.01s。
正在处理托盘类型：MH423C，销售订单号：PAIN26296EC02S
  - 主算法：全局列式装箱 + 柱级组合优化（GCP）。
  - 失败托盘互借诊断：未合并（no_target_or_single_plan）。
托盘类型 MH423C（销售订单号：PAIN26296EC02S）处理完成：总托盘 1，指数达标 0，未达标 1，平均缺口 130.00，最大缺口 130.00，失败托盘互借修复成功 0。
  - KPI：near/mid/deep=0/0/1，救回率=0.00%，pair效率=0.00%。
  - 耗时拆解：packing=0.17s，main_topup=0.00s，retry=0.00s，failed_pool=0.00s，repack=0.00s，total=0.17s。
正在处理托盘类型：MH423C，销售订单号：PAIN26310MZ05S
  - 主算法：全局列式装箱 + 柱级组合优化（GCP）。
  - 失败托盘互借诊断：未合并（no_target_or_single_plan）。
托盘类型 MH423C（销售订单号：PAIN26310MZ05S）处理完成：总托盘 1，指数达标 0，未达标 1，平均缺口 86.00，最大缺口 86.00，失败托盘互借修复成功 0。
  - KPI：near/mid/deep=0/0/1，救回率=0.00%，pair效率=0.00%。
  - 耗时拆解：packing=1.44s，main_topup=0.00s，retry=0.00s，failed_pool=0.00s，repack=0.00s，total=1.44s。
正在处理托盘类型：MH423C，销售订单号：PEG086300LN01S
  - 主算法：全局列式装箱 + 柱级组合优化（GCP）。
  - GCP 盘数远超理论（CP-SAT 装不满）→ 回退 baseline beam + 配方优先。
  - 配方优先[fast]：规划 0 实例，实装成功 0，配方路径不可用 → 采用基线方案。
  - 指数诊断：箱子 40 个，总指数 91，目标 192，理论最多达标托盘 0 个，剩余指数 91。
  - 几何诊断：典型整层堆叠单盘参考上限 87/192。 当前目标可能受托盘高度/箱型组合限制。
  - 几何诊断提示：典型整层参考值 87 < 目标 192；该值不是不可达证明，继续执行指数救援。
  - 失败托盘互借诊断：未合并（aborted_no_improvement_possible）。
托盘类型 MH423C（销售订单号：PEG086300LN01S）处理完成：总托盘 2，指数达标 0，未达标 2，平均缺口 146.50，最大缺口 184.00，失败托盘互借修复成功 0。
  - KPI：near/mid/deep=0/0/2，救回率=0.00%，pair效率=0.00%。
  - 耗时拆解：packing=0.33s，main_topup=0.00s，retry=0.00s，failed_pool=0.00s，repack=0.53s，total=2.39s。
正在处理托盘类型：MH423C，销售订单号：LAID16315EN03S
  - 该分组不适合列式（多非满柱）→ 回退 beam + 配方优先。
  - 配方优先[fast]：规划 0 实例，实装成功 0，配方路径不可用 → 采用基线方案。
  - 指数诊断：箱子 5 个，总指数 40，目标 192，理论最多达标托盘 0 个，剩余指数 40。
  - 几何诊断：典型整层堆叠单盘参考上限 40/192。 当前目标可能受托盘高度/箱型组合限制。
  - 几何诊断提示：典型整层参考值 40 < 目标 192；该值不是不可达证明，继续执行指数救援。
  - 失败托盘互借诊断：未合并（no_target_or_single_plan）。
托盘类型 MH423C（销售订单号：LAID16315EN03S）处理完成：总托盘 1，指数达标 0，未达标 1，平均缺口 152.00，最大缺口 152.00，失败托盘互借修复成功 0。
  - KPI：near/mid/deep=0/0/1，救回率=0.00%，pair效率=0.00%。
  - 耗时拆解：packing=0.01s，main_topup=0.00s，retry=0.00s，failed_pool=0.00s，repack=0.00s，total=0.01s。
正在处理托盘类型：MH423C，销售订单号：LAID16316DN03S
  - 主算法：全局列式装箱 + 柱级组合优化（GCP）。
  - 失败托盘互借诊断：未合并（no_target_or_single_plan）。
托盘类型 MH423C（销售订单号：LAID16316DN03S）处理完成：总托盘 1，指数达标 0，未达标 1，平均缺口 144.00，最大缺口 144.00，失败托盘互借修复成功 0。
  - KPI：near/mid/deep=0/0/1，救回率=0.00%，pair效率=0.00%。
  - 耗时拆解：packing=0.03s，main_topup=0.00s，retry=0.00s，failed_pool=0.00s，repack=0.00s，total=0.03s。
正在处理托盘类型：MH423C，销售订单号：LAID16316DN01S
  - 主算法：全局列式装箱 + 柱级组合优化（GCP）。
  - 失败托盘互借诊断：未合并（no_target_or_single_plan）。
托盘类型 MH423C（销售订单号：LAID16316DN01S）处理完成：总托盘 1，指数达标 0，未达标 1，平均缺口 120.00，最大缺口 120.00，失败托盘互借修复成功 0。
  - KPI：near/mid/deep=0/0/1，救回率=0.00%，pair效率=0.00%。
  - 耗时拆解：packing=0.10s，main_topup=0.00s，retry=0.00s，failed_pool=0.00s，repack=0.00s，total=0.10s。
正在处理托盘类型：MH423C，销售订单号：LAID16316DN02S
  - 主算法：全局列式装箱 + 柱级组合优化（GCP）。
  - 失败托盘互借诊断：未合并（no_target_or_single_plan）。
托盘类型 MH423C（销售订单号：LAID16316DN02S）处理完成：总托盘 1，指数达标 0，未达标 1，平均缺口 168.00，最大缺口 168.00，失败托盘互借修复成功 0。
  - KPI：near/mid/deep=0/0/1，救回率=0.00%，pair效率=0.00%。
  - 耗时拆解：packing=0.01s，main_topup=0.00s，retry=0.00s，failed_pool=0.00s，repack=0.00s，total=0.01s。
正在处理托盘类型：MH423C，销售订单号：PAIN26310GC02S
  - 主算法：全局列式装箱 + 柱级组合优化（GCP）。
  - 失败托盘互借诊断：未合并（no_target_or_single_plan）。
托盘类型 MH423C（销售订单号：PAIN26310GC02S）处理完成：总托盘 1，指数达标 0，未达标 1，平均缺口 132.00，最大缺口 132.00，失败托盘互借修复成功 0。
  - KPI：near/mid/deep=0/0/1，救回率=0.00%，pair效率=0.00%。
  - 耗时拆解：packing=0.16s，main_topup=0.00s，retry=0.00s，failed_pool=0.00s，repack=0.00s，total=0.16s。
  - 失败盘装满压实：合并/吸收 1 次（纯减盘数）。
  - 跨子组装满压实（MH423C / PAID16290FN01S）：合并 1 次（纯减盘数）。
  - 失败盘装满压实：合并/吸收 1 次（纯减盘数）。
  - 跨子组装满压实（MH423C / PAID16296DN01S）：合并 1 次（纯减盘数）。
  - 失败盘装满压实：合并/吸收 1 次（纯减盘数）。
  - 跨子组装满压实（MH423C / PAID16306DN01S）：合并 1 次（纯减盘数）。
  - 失败盘装满压实：合并/吸收 1 次（纯减盘数）。
  - 跨子组装满压实（MH423C / LAMY16305FN01S）：合并 1 次（纯减盘数）。
  - 跨子组条件双路径（MH423C / LFEG16300IN02S）：采用严格更优完整路径。
  - 失败盘装满压实：合并/吸收 1 次（纯减盘数）。
  - 跨子组装满压实（MH423C / LFEG16300IN03S）：合并 1 次（纯减盘数）。
  - 失败盘装满压实：合并/吸收 1 次（纯减盘数）。
  - 跨子组装满压实（MH423C / LAID16305BN03S）：合并 1 次（纯减盘数）。
  - 失败盘装满压实：合并/吸收 1 次（纯减盘数）。
  - 跨子组装满压实（MH423C / LAID16306DN02S）：合并 1 次（纯减盘数）。
========================================
统计汇总：总托盘 74，指数达标 0，未达标 74，未知 0，平均缺口 142.74，最大缺口 191.50，失败托盘互借修复成功 0
KPI汇总：near/mid/deep=0/4/70，pair尝试=0，pair改进=0，pair效率=0.00%
耗时汇总：packing=72.43s，main_topup=0.07s，retry=0.00s，repack=26.49s，end_to_end=168.20s
========================================
[WCS-装] SUCCESS 产品码 0 个，DB 更新达标 0 行；FAILED 盘 74 个保持未达标。
[WCS-装] 本轮结束；等待下一次「新插入」再开算。
[WCS-装] 本轮无达标托盘，跳过 success 目录写入。
[WCS-装] 未达标方案已保存：D:\research_code\final\zhuang\packing-workspace\output\fail\packing_plan_20260724_135804.json
[WCS-装] 无达标托盘，跳过 wcs_plan / wcs_plan_map 写入。
[WCS-装] 已跳过接口 2 推送（仅本地保存）。
[UI-RESULT] D:\research_code\final\zhuang\packing-workspace\output\fail\packing_plan_20260724_135804.json
[WCS-装] 等待数据库新插入（有新 product_code 才开算）…
============================================================
[WCS-拉] 20260724_140121：拉取接口 1 …
[WCS-拉] 原始响应已保存：D:\research_code\final\zhuang\packing-workspace\input\raw\20260724_140121.json
[WCS-拉] 已剔除 case_type≠MH423C 的品类 113 条（类型：['MH113', 'WR246']），保留 1310 条。
[WCS-DB] product_code 已存在、跳过 1310 条
[WCS-拉] 落库完成：候选 1310 条，新插入 0 条（新行 up_to_standard=0）。
[WCS-拉] 无新插入 → 不触发装箱。
============================================================
[WCS-拉] 20260724_140442：拉取接口 1 …
[WCS-拉] 原始响应已保存：D:\research_code\final\zhuang\packing-workspace\input\raw\20260724_140442.json
[WCS-拉] 已剔除 case_type≠MH423C 的品类 113 条（类型：['MH113', 'WR246']），保留 1309 条。
[WCS-DB] product_code 已存在、跳过 1309 条
[WCS-拉] 落库完成：候选 1309 条，新插入 0 条（新行 up_to_standard=0）。
[WCS-拉] 无新插入 → 不触发装箱。
============================================================
[WCS-拉] 20260724_140802：拉取接口 1 …
[WCS-拉] 原始响应已保存：D:\research_code\final\zhuang\packing-workspace\input\raw\20260724_140802.json
[WCS-拉] 已剔除 case_type≠MH423C 的品类 113 条（类型：['MH113', 'WR246']），保留 1309 条。
[WCS-DB] product_code 已存在、跳过 1309 条
[WCS-拉] 落库完成：候选 1309 条，新插入 0 条（新行 up_to_standard=0）。
[WCS-拉] 无新插入 → 不触发装箱。
============================================================
[WCS-拉] 20260724_141122：拉取接口 1 …
[WCS-拉] 原始响应已保存：D:\research_code\final\zhuang\packing-workspace\input\raw\20260724_141122.json
[WCS-拉] 已剔除 case_type≠MH423C 的品类 113 条（类型：['MH113', 'WR246']），保留 1310 条。
[WCS-DB] product_code 已存在、跳过 1310 条
[WCS-拉] 落库完成：候选 1310 条，新插入 0 条（新行 up_to_standard=0）。
[WCS-拉] 无新插入 → 不触发装箱。
============================================================
[WCS-拉] 20260724_141443：拉取接口 1 …
[WCS-拉] 原始响应已保存：D:\research_code\final\zhuang\packing-workspace\input\raw\20260724_141443.json
[WCS-拉] 已剔除 case_type≠MH423C 的品类 113 条（类型：['MH113', 'WR246']），保留 1308 条。
[WCS-DB] product_code 已存在、跳过 1308 条
[WCS-拉] 落库完成：候选 1308 条，新插入 0 条（新行 up_to_standard=0）。
[WCS-拉] 无新插入 → 不触发装箱。
============================================================
[WCS-拉] 20260724_141803：拉取接口 1 …
[WCS-拉] 原始响应已保存：D:\research_code\final\zhuang\packing-workspace\input\raw\20260724_141803.json
[WCS-拉] 已剔除 case_type≠MH423C 的品类 113 条（类型：['MH113', 'WR246']），保留 1310 条。
[WCS-DB] product_code 已存在、跳过 1310 条
[WCS-拉] 落库完成：候选 1310 条，新插入 0 条（新行 up_to_standard=0）。
[WCS-拉] 无新插入 → 不触发装箱。
============================================================
[WCS-拉] 20260724_142124：拉取接口 1 …
[WCS-拉] 原始响应已保存：D:\research_code\final\zhuang\packing-workspace\input\raw\20260724_142124.json
[WCS-拉] 已剔除 case_type≠MH423C 的品类 113 条（类型：['MH113', 'WR246']），保留 1310 条。
[WCS-DB] product_code 已存在、跳过 1310 条
[WCS-拉] 落库完成：候选 1310 条，新插入 0 条（新行 up_to_standard=0）。
[WCS-拉] 无新插入 → 不触发装箱。
============================================================
[WCS-拉] 20260724_142444：拉取接口 1 …
[WCS-拉] 原始响应已保存：D:\research_code\final\zhuang\packing-workspace\input\raw\20260724_142444.json
[WCS-拉] 已剔除 case_type≠MH423C 的品类 113 条（类型：['MH113', 'WR246']），保留 1309 条。
[WCS-DB] product_code 已存在、跳过 1309 条
[WCS-拉] 落库完成：候选 1309 条，新插入 0 条（新行 up_to_standard=0）。
[WCS-拉] 无新插入 → 不触发装箱。
============================================================
[WCS-拉] 20260724_142805：拉取接口 1 …
[WCS-拉] 原始响应已保存：D:\research_code\final\zhuang\packing-workspace\input\raw\20260724_142805.json
[WCS-拉] 已剔除 case_type≠MH423C 的品类 113 条（类型：['MH113', 'WR246']），保留 1310 条。
[WCS-DB] product_code 已存在、跳过 1310 条
[WCS-拉] 落库完成：候选 1310 条，新插入 0 条（新行 up_to_standard=0）。
[WCS-拉] 无新插入 → 不触发装箱。
============================================================
[WCS-拉] 20260724_143125：拉取接口 1 …
[WCS-拉] 原始响应已保存：D:\research_code\final\zhuang\packing-workspace\input\raw\20260724_143125.json
[WCS-拉] 已剔除 case_type≠MH423C 的品类 113 条（类型：['MH113', 'WR246']），保留 1223 条。
[WCS-DB] product_code 已存在、跳过 1217 条
[WCS-拉] 落库完成：候选 1223 条，新插入 6 条（新行 up_to_standard=0）。
[WCS-拉] 有新插入 → 唤醒装箱线程。
[WCS] 已加载 BMS 参考表：D:\research_code\final\zhuang\packing-workspace\data\selected_5000_boxes_9_1_concentrated_3orders.xlsx
============================================================
[WCS-装] 20260724_143129：未达标行 1557 条，开始装箱 …
[WCS-装] 展开为 1557 个箱子。
数据预处理和箱子分组完成（按托盘类型+销售订单号）。
----------------------------------------
  - 组内子聚类：11 个混合订单拆出规则子集走 GCP、杂箱走 baseline。
正在处理托盘类型：MH423C，销售订单号：PAID16280FN01S
  - 该分组不适合列式（多非满柱）→ 回退 beam + 配方优先。
  - 配方优先[fast]：规划 0 实例，实装成功 0，配方路径不可用 → 采用基线方案。
  - 指数诊断：箱子 1 个，总指数 4，目标 192，理论最多达标托盘 0 个，剩余指数 4。
  - 几何诊断：典型整层堆叠单盘参考上限 4/192。 当前目标可能受托盘高度/箱型组合限制。
  - 几何诊断提示：典型整层参考值 4 < 目标 192；该值不是不可达证明，继续执行指数救援。
  - 失败托盘互借诊断：未合并（no_target_or_single_plan）。
托盘类型 MH423C（销售订单号：PAID16280FN01S）处理完成：总托盘 1，指数达标 0，未达标 1，平均缺口 188.00，最大缺口 188.00，失败托盘互借修复成功 0。
  - KPI：near/mid/deep=0/0/1，救回率=0.00%，pair效率=0.00%。
  - 耗时拆解：packing=0.00s，main_topup=0.00s，retry=0.00s，failed_pool=0.00s，repack=0.00s，total=0.00s。
正在处理托盘类型：MH423C，销售订单号：LFEG16290IN01S
  - 该分组不适合列式（多非满柱）→ 回退 beam + 配方优先。
  - 托盘 MH423C-LFEG16290IN01S-1 未找到可行装箱方案，启用剩余箱子守恒兜底。
  - 配方优先[fast]：规划 0 实例，实装成功 0，配方路径不可用 → 采用基线方案。
  - 指数诊断：箱子 9 个，总指数 17，目标 192，理论最多达标托盘 0 个，剩余指数 17。
  - 几何诊断：典型整层堆叠单盘参考上限 12/192。 当前目标可能受托盘高度/箱型组合限制。
  - 几何诊断提示：典型整层参考值 12 < 目标 192；该值不是不可达证明，继续执行指数救援。
  - 失败盘装满压实：合并/吸收 2 次（纯减盘数）。
  - 失败托盘互借诊断：未合并（aborted_no_improvement_possible）。
托盘类型 MH423C（销售订单号：LFEG16290IN01S）处理完成：总托盘 2，指数达标 0，未达标 2，平均缺口 183.50，最大缺口 187.00，失败托盘互借修复成功 0。
  - KPI：near/mid/deep=0/0/2，救回率=0.00%，pair效率=0.00%。
  - 耗时拆解：packing=0.02s，main_topup=0.00s，retry=0.00s，failed_pool=0.00s，repack=0.18s，total=0.28s。
正在处理托盘类型：MH423C，销售订单号：LFEG16290IN02S
  - 该分组不适合列式（多非满柱）→ 回退 beam + 配方优先。
  - 配方优先[fast]：规划 0 实例，实装成功 0，配方路径不可用 → 采用基线方案。
  - 指数诊断：箱子 33 个，总指数 33.5，目标 192，理论最多达标托盘 0 个，剩余指数 33.5。
  - 几何诊断：典型整层堆叠单盘参考上限 28.5/192。 当前目标可能受托盘高度/箱型组合限制。
  - 几何诊断提示：典型整层参考值 28.5 < 目标 192；该值不是不可达证明，继续执行指数救援。
  - 失败托盘互借诊断：未合并（no_target_or_single_plan）。
托盘类型 MH423C（销售订单号：LFEG16290IN02S）处理完成：总托盘 1，指数达标 0，未达标 1，平均缺口 158.50，最大缺口 158.50，失败托盘互借修复成功 0。
  - KPI：near/mid/deep=0/0/1，救回率=0.00%，pair效率=0.00%。
  - 耗时拆解：packing=0.29s，main_topup=0.00s，retry=0.00s，failed_pool=0.00s，repack=0.00s，total=0.29s。
正在处理托盘类型：MH423C，销售订单号：LAID16306DN01S
  - 该分组不适合列式（多非满柱）→ 回退 beam + 配方优先。
  - 配方优先[fast]：规划 0 实例，实装成功 0，配方路径不可用 → 采用基线方案。
  - 指数诊断：箱子 50 个，总指数 88，目标 192，理论最多达标托盘 0 个，剩余指数 88。
  - 几何诊断：典型整层堆叠单盘参考上限 65/192。 当前目标可能受托盘高度/箱型组合限制。
  - 几何诊断提示：典型整层参考值 65 < 目标 192；该值不是不可达证明，继续执行指数救援。
  - 失败托盘互借诊断：未合并（aborted_no_improvement_possible）。
托盘类型 MH423C（销售订单号：LAID16306DN01S）处理完成：总托盘 2，指数达标 0，未达标 2，平均缺口 148.00，最大缺口 182.00，失败托盘互借修复成功 0。
  - KPI：near/mid/deep=0/0/2，救回率=0.00%，pair效率=0.00%。
  - 耗时拆解：packing=0.25s，main_topup=0.01s，retry=0.00s，failed_pool=0.00s，repack=0.55s，total=1.54s。
正在处理托盘类型：MH423C，销售订单号：LAID16296DN01S
  - 主算法：全局列式装箱 + 柱级组合优化（GCP）。
  - 失败托盘互借诊断：未合并（no_target_or_single_plan）。
托盘类型 MH423C（销售订单号：LAID16296DN01S）处理完成：总托盘 1，指数达标 0，未达标 1，平均缺口 151.50，最大缺口 151.50，失败托盘互借修复成功 0。
  - KPI：near/mid/deep=0/0/1，救回率=0.00%，pair效率=0.00%。
  - 耗时拆解：packing=0.08s，main_topup=0.00s，retry=0.00s，failed_pool=0.00s，repack=0.00s，total=0.08s。
正在处理托盘类型：MH423C，销售订单号：LAID16296DN01S__SPLITREST__
  - 该分组不适合列式（多非满柱）→ 回退 beam + 配方优先。
  - 配方优先[fast]：规划 0 实例，实装成功 0，配方路径不可用 → 采用基线方案。
  - 指数诊断：箱子 4 个，总指数 8，目标 192，理论最多达标托盘 0 个，剩余指数 8。
  - 几何诊断：典型整层堆叠单盘参考上限 8/192。 当前目标可能受托盘高度/箱型组合限制。
  - 几何诊断提示：典型整层参考值 8 < 目标 192；该值不是不可达证明，继续执行指数救援。
  - 失败托盘互借诊断：未合并（no_target_or_single_plan）。
托盘类型 MH423C（销售订单号：LAID16296DN01S__SPLITREST__）处理完成：总托盘 1，指数达标 0，未达标 1，平均缺口 184.00，最大缺口 184.00，失败托盘互借修复成功 0。
  - KPI：near/mid/deep=0/0/1，救回率=0.00%，pair效率=0.00%。
  - 耗时拆解：packing=0.00s，main_topup=0.00s，retry=0.00s，failed_pool=0.00s，repack=0.00s，total=0.02s。
正在处理托盘类型：MH423C，销售订单号：LAID16296DN02S
  - 主算法：全局列式装箱 + 柱级组合优化（GCP）。
  - GCP 盘数远超理论（CP-SAT 装不满）→ 回退 baseline beam + 配方优先。
  - 托盘 MH423C-LAID16296DN02S-2 未找到可行装箱方案，启用剩余箱子守恒兜底。
  - 配方优先[fast]：规划 0 实例，实装成功 0，配方路径不可用 → 采用基线方案。
  - 指数诊断：箱子 49 个，总指数 164.5，目标 192，理论最多达标托盘 0 个，剩余指数 164.5。
  - 几何诊断：典型整层堆叠单盘参考上限 97/192。 当前目标可能受托盘高度/箱型组合限制。
  - 几何诊断提示：典型整层参考值 97 < 目标 192；该值不是不可达证明，继续执行指数救援。
  - 失败托盘互借诊断：未合并（aborted_no_improvement_possible）。
托盘类型 MH423C（销售订单号：LAID16296DN02S）处理完成：总托盘 4，指数达标 0，未达标 4，平均缺口 150.88，最大缺口 191.00，失败托盘互借修复成功 0。
  - KPI：near/mid/deep=0/0/4，救回率=0.00%，pair效率=0.00%。
  - 耗时拆解：packing=0.32s，main_topup=0.01s，retry=0.00s，failed_pool=0.00s，repack=0.94s，total=2.60s。
正在处理托盘类型：MH423C，销售订单号：LAID16296DN03S
  - 主算法：全局列式装箱 + 柱级组合优化（GCP）。
  - 失败托盘互借诊断：未合并（no_target_or_single_plan）。
托盘类型 MH423C（销售订单号：LAID16296DN03S）处理完成：总托盘 1，指数达标 0，未达标 1，平均缺口 89.00，最大缺口 89.00，失败托盘互借修复成功 0。
  - KPI：near/mid/deep=0/0/1，救回率=0.00%，pair效率=0.00%。
  - 耗时拆解：packing=0.74s，main_topup=0.00s，retry=0.00s，failed_pool=0.00s，repack=0.00s，total=0.74s。
正在处理托盘类型：MH423C，销售订单号：LFEG16290IN03S
  - 该分组不适合列式（多非满柱）→ 回退 beam + 配方优先。
  - 配方优先[fast]：规划 0 实例，实装成功 0，配方路径不可用 → 采用基线方案。
  - 指数诊断：箱子 37 个，总指数 69，目标 192，理论最多达标托盘 0 个，剩余指数 69。
  - 几何诊断：典型整层堆叠单盘参考上限 51/192。 当前目标可能受托盘高度/箱型组合限制。
  - 几何诊断提示：典型整层参考值 51 < 目标 192；该值不是不可达证明，继续执行指数救援。
  - 失败托盘互借诊断：未合并（aborted_no_improvement_possible）。
托盘类型 MH423C（销售订单号：LFEG16290IN03S）处理完成：总托盘 2，指数达标 0，未达标 2，平均缺口 157.50，最大缺口 189.00，失败托盘互借修复成功 0。
  - KPI：near/mid/deep=0/0/2，救回率=0.00%，pair效率=0.00%。
  - 耗时拆解：packing=0.18s，main_topup=0.00s，retry=0.00s，failed_pool=0.00s，repack=0.30s，total=0.93s。
正在处理托盘类型：MH423C，销售订单号：LFEG16310IN02S
  - 该分组不适合列式（多非满柱）→ 回退 beam + 配方优先。
  - 配方优先[fast]：规划 0 实例，实装成功 0，配方路径不可用 → 采用基线方案。
  - 指数诊断：箱子 15 个，总指数 35，目标 192，理论最多达标托盘 0 个，剩余指数 35。
  - 几何诊断：典型整层堆叠单盘参考上限 29/192。 当前目标可能受托盘高度/箱型组合限制。
  - 几何诊断提示：典型整层参考值 29 < 目标 192；该值不是不可达证明，继续执行指数救援。
  - 失败托盘互借诊断：未合并（no_target_or_single_plan）。
托盘类型 MH423C（销售订单号：LFEG16310IN02S）处理完成：总托盘 1，指数达标 0，未达标 1，平均缺口 157.00，最大缺口 157.00，失败托盘互借修复成功 0。
  - KPI：near/mid/deep=0/0/1，救回率=0.00%，pair效率=0.00%。
  - 耗时拆解：packing=0.07s，main_topup=0.00s，retry=0.00s，failed_pool=0.00s，repack=0.00s，total=0.07s。
正在处理托盘类型：MH423C，销售订单号：LFEG16310IN01S
  - 该分组不适合列式（多非满柱）→ 回退 beam + 配方优先。
  - 配方优先[fast]：规划 0 实例，实装成功 0，配方路径不可用 → 采用基线方案。
  - 指数诊断：箱子 17 个，总指数 36，目标 192，理论最多达标托盘 0 个，剩余指数 36。
  - 几何诊断：典型整层堆叠单盘参考上限 30/192。 当前目标可能受托盘高度/箱型组合限制。
  - 几何诊断提示：典型整层参考值 30 < 目标 192；该值不是不可达证明，继续执行指数救援。
  - 失败托盘互借诊断：未合并（no_target_or_single_plan）。
托盘类型 MH423C（销售订单号：LFEG16310IN01S）处理完成：总托盘 1，指数达标 0，未达标 1，平均缺口 156.00，最大缺口 156.00，失败托盘互借修复成功 0。
  - KPI：near/mid/deep=0/0/1，救回率=0.00%，pair效率=0.00%。
  - 耗时拆解：packing=0.09s，main_topup=0.00s，retry=0.00s，failed_pool=0.00s，repack=0.00s，total=0.09s。
正在处理托盘类型：MH423C，销售订单号：PAID16290FN01S
  - 主算法：全局列式装箱 + 柱级组合优化（GCP）。
  - 失败托盘互借诊断：未合并（no_target_or_single_plan）。
托盘类型 MH423C（销售订单号：PAID16290FN01S）处理完成：总托盘 1，指数达标 0，未达标 1，平均缺口 161.00，最大缺口 161.00，失败托盘互借修复成功 0。
  - KPI：near/mid/deep=0/0/1，救回率=0.00%，pair效率=0.00%。
  - 耗时拆解：packing=0.02s，main_topup=0.00s，retry=0.00s，failed_pool=0.00s，repack=0.00s，total=0.02s。
正在处理托盘类型：MH423C，销售订单号：PAID16290FN01S__SPLITREST__
  - 该分组不适合列式（多非满柱）→ 回退 beam + 配方优先。
  - 配方优先[fast]：规划 0 实例，实装成功 0，配方路径不可用 → 采用基线方案。
  - 指数诊断：箱子 1 个，总指数 0.5，目标 192，理论最多达标托盘 0 个，剩余指数 0.5。
  - 几何诊断：典型整层堆叠单盘参考上限 0.5/192。 当前目标可能受托盘高度/箱型组合限制。
  - 几何诊断提示：典型整层参考值 0.5 < 目标 192；该值不是不可达证明，继续执行指数救援。
  - 失败托盘互借诊断：未合并（no_target_or_single_plan）。
托盘类型 MH423C（销售订单号：PAID16290FN01S__SPLITREST__）处理完成：总托盘 1，指数达标 0，未达标 1，平均缺口 191.50，最大缺口 191.50，失败托盘互借修复成功 0。
  - KPI：near/mid/deep=0/0/1，救回率=0.00%，pair效率=0.00%。
  - 耗时拆解：packing=0.00s，main_topup=0.00s，retry=0.00s，failed_pool=0.00s，repack=0.00s，total=0.00s。
正在处理托盘类型：MH423C，销售订单号：PAIN26290BC02S
  - 主算法：全局列式装箱 + 柱级组合优化（GCP）。
  - 失败托盘互借诊断：未合并（no_target_or_single_plan）。
托盘类型 MH423C（销售订单号：PAIN26290BC02S）处理完成：总托盘 1，指数达标 0，未达标 1，平均缺口 84.00，最大缺口 84.00，失败托盘互借修复成功 0。
  - KPI：near/mid/deep=0/0/1，救回率=0.00%，pair效率=0.00%。
  - 耗时拆解：packing=1.23s，main_topup=0.00s，retry=0.00s，failed_pool=0.00s，repack=0.00s，total=1.23s。
正在处理托盘类型：MH423C，销售订单号：PAIN26286EN01S
  - 该分组不适合列式（多非满柱）→ 回退 beam + 配方优先。
  - 配方优先[fast]：规划 0 实例，实装成功 0，配方路径不可用 → 采用基线方案。
  - 指数诊断：箱子 1 个，总指数 2，目标 192，理论最多达标托盘 0 个，剩余指数 2。
  - 几何诊断：典型整层堆叠单盘参考上限 2/192。 当前目标可能受托盘高度/箱型组合限制。
  - 几何诊断提示：典型整层参考值 2 < 目标 192；该值不是不可达证明，继续执行指数救援。
  - 失败托盘互借诊断：未合并（no_target_or_single_plan）。
托盘类型 MH423C（销售订单号：PAIN26286EN01S）处理完成：总托盘 1，指数达标 0，未达标 1，平均缺口 190.00，最大缺口 190.00，失败托盘互借修复成功 0。
  - KPI：near/mid/deep=0/0/1，救回率=0.00%，pair效率=0.00%。
  - 耗时拆解：packing=0.00s，main_topup=0.00s，retry=0.00s，failed_pool=0.00s，repack=0.00s，total=0.00s。
正在处理托盘类型：MH423C，销售订单号：LAID16296DN03S__CASEGROUP__1
  - 主算法：全局列式装箱 + 柱级组合优化（GCP）。
  - 失败托盘互借诊断：未合并（no_target_or_single_plan）。
托盘类型 MH423C（销售订单号：LAID16296DN03S__CASEGROUP__1）处理完成：总托盘 1，指数达标 0，未达标 1，平均缺口 90.00，最大缺口 90.00，失败托盘互借修复成功 0。
  - KPI：near/mid/deep=0/0/1，救回率=0.00%，pair效率=0.00%。
  - 耗时拆解：packing=0.36s，main_topup=0.00s，retry=0.00s，failed_pool=0.00s，repack=0.00s，total=0.36s。
正在处理托盘类型：MH423C，销售订单号：LAID16296DN03S__CASEGROUP__1__SPLITREST__
  - 该分组不适合列式（多非满柱）→ 回退 beam + 配方优先。
  - 配方优先[fast]：规划 0 实例，实装成功 0，配方路径不可用 → 采用基线方案。
  - 指数诊断：箱子 4 个，总指数 2，目标 192，理论最多达标托盘 0 个，剩余指数 2。
  - 几何诊断：典型整层堆叠单盘参考上限 2/192。 当前目标可能受托盘高度/箱型组合限制。
  - 几何诊断提示：典型整层参考值 2 < 目标 192；该值不是不可达证明，继续执行指数救援。
  - 失败托盘互借诊断：未合并（no_target_or_single_plan）。
托盘类型 MH423C（销售订单号：LAID16296DN03S__CASEGROUP__1__SPLITREST__）处理完成：总托盘 1，指数达标 0，未达标 1，平均缺口 190.00，最大缺口 190.00，失败托盘互借修复成功 0。
  - KPI：near/mid/deep=0/0/1，救回率=0.00%，pair效率=0.00%。
  - 耗时拆解：packing=0.00s，main_topup=0.00s，retry=0.00s，failed_pool=0.00s，repack=0.00s，total=0.02s。
正在处理托盘类型：MH423C，销售订单号：LAMY16315FN01S
  - 主算法：全局列式装箱 + 柱级组合优化（GCP）。
  - 失败托盘互借诊断：未合并（no_target_or_single_plan）。
托盘类型 MH423C（销售订单号：LAMY16315FN01S）处理完成：总托盘 1，指数达标 0，未达标 1，平均缺口 21.00，最大缺口 21.00，失败托盘互借修复成功 0。
  - KPI：near/mid/deep=0/1/0，救回率=0.00%，pair效率=0.00%。
  - 耗时拆解：packing=0.92s，main_topup=0.00s，retry=0.00s，failed_pool=0.00s，repack=0.00s，total=0.92s。
正在处理托盘类型：MH423C，销售订单号：LAMY16315FN01S__SPLITREST__
  - 该分组不适合列式（多非满柱）→ 回退 beam + 配方优先。
  - 配方优先[fast]：规划 0 实例，实装成功 0，配方路径不可用 → 采用基线方案。
  - 指数诊断：箱子 1 个，总指数 0.5，目标 192，理论最多达标托盘 0 个，剩余指数 0.5。
  - 几何诊断：典型整层堆叠单盘参考上限 0.5/192。 当前目标可能受托盘高度/箱型组合限制。
  - 几何诊断提示：典型整层参考值 0.5 < 目标 192；该值不是不可达证明，继续执行指数救援。
  - 失败托盘互借诊断：未合并（no_target_or_single_plan）。
托盘类型 MH423C（销售订单号：LAMY16315FN01S__SPLITREST__）处理完成：总托盘 1，指数达标 0，未达标 1，平均缺口 191.50，最大缺口 191.50，失败托盘互借修复成功 0。
  - KPI：near/mid/deep=0/0/1，救回率=0.00%，pair效率=0.00%。
  - 耗时拆解：packing=0.00s，main_topup=0.00s，retry=0.00s，failed_pool=0.00s，repack=0.00s，total=0.00s。
正在处理托盘类型：MH423C，销售订单号：LAID16305BN02S
  - 主算法：全局列式装箱 + 柱级组合优化（GCP）。
  - 失败托盘互借诊断：未合并（no_target_or_single_plan）。
托盘类型 MH423C（销售订单号：LAID16305BN02S）处理完成：总托盘 1，指数达标 0，未达标 1，平均缺口 128.50，最大缺口 128.50，失败托盘互借修复成功 0。
  - KPI：near/mid/deep=0/0/1，救回率=0.00%，pair效率=0.00%。
  - 耗时拆解：packing=0.46s，main_topup=0.00s，retry=0.00s，failed_pool=0.00s，repack=0.00s，total=0.46s。
正在处理托盘类型：MH423C，销售订单号：PAID16280FC02S
  - 主算法：全局列式装箱 + 柱级组合优化（GCP）。
  - GCP 盘数远超理论（CP-SAT 装不满）→ 回退 baseline beam + 配方优先。
  - 配方优先[fast]：规划 0 实例，实装成功 0，配方路径不可用 → 采用基线方案。
  - 指数诊断：箱子 4 个，总指数 16，目标 192，理论最多达标托盘 0 个，剩余指数 16。
  - 几何诊断：典型整层堆叠单盘参考上限 16/192。 当前目标可能受托盘高度/箱型组合限制。
  - 几何诊断提示：典型整层参考值 16 < 目标 192；该值不是不可达证明，继续执行指数救援。
  - 失败托盘互借诊断：未合并（no_target_or_single_plan）。
托盘类型 MH423C（销售订单号：PAID16280FC02S）处理完成：总托盘 1，指数达标 0，未达标 1，平均缺口 176.00，最大缺口 176.00，失败托盘互借修复成功 0。
  - KPI：near/mid/deep=0/0/1，救回率=0.00%，pair效率=0.00%。
  - 耗时拆解：packing=0.00s，main_topup=0.00s，retry=0.00s，failed_pool=0.00s，repack=0.00s，total=0.02s。
正在处理托盘类型：MH423C，销售订单号：PAID16290FC02S
  - 该分组不适合列式（多非满柱）→ 回退 beam + 配方优先。
  - 配方优先[fast]：规划 0 实例，实装成功 0，配方路径不可用 → 采用基线方案。
  - 指数诊断：箱子 6 个，总指数 14，目标 192，理论最多达标托盘 0 个，剩余指数 14。
  - 几何诊断：典型整层堆叠单盘参考上限 14/192。 当前目标可能受托盘高度/箱型组合限制。
  - 几何诊断提示：典型整层参考值 14 < 目标 192；该值不是不可达证明，继续执行指数救援。
  - 失败托盘互借诊断：未合并（no_target_or_single_plan）。
托盘类型 MH423C（销售订单号：PAID16290FC02S）处理完成：总托盘 1，指数达标 0，未达标 1，平均缺口 178.00，最大缺口 178.00，失败托盘互借修复成功 0。
  - KPI：near/mid/deep=0/0/1，救回率=0.00%，pair效率=0.00%。
  - 耗时拆解：packing=0.01s，main_topup=0.00s，retry=0.00s，failed_pool=0.00s，repack=0.00s，total=0.04s。
正在处理托盘类型：MH423C，销售订单号：PEG146296CN01S
  - 主算法：全局列式装箱 + 柱级组合优化（GCP）。
  - 失败托盘互借诊断：未合并（no_target_or_single_plan）。
托盘类型 MH423C（销售订单号：PEG146296CN01S）处理完成：总托盘 1，指数达标 0，未达标 1，平均缺口 68.00，最大缺口 68.00，失败托盘互借修复成功 0。
  - KPI：near/mid/deep=0/0/1，救回率=0.00%，pair效率=0.00%。
  - 耗时拆解：packing=0.30s，main_topup=0.00s，retry=0.00s，failed_pool=0.00s，repack=0.00s，total=0.30s。
正在处理托盘类型：MH423C，销售订单号：PAID16295BN01S
  - 主算法：全局列式装箱 + 柱级组合优化（GCP）。
  - 失败托盘互借诊断：未合并（aborted_no_improvement_possible）。
托盘类型 MH423C（销售订单号：PAID16295BN01S）处理完成：总托盘 2，指数达标 0，未达标 2，平均缺口 95.75，最大缺口 161.50，失败托盘互借修复成功 0。
  - KPI：near/mid/deep=0/0/2，救回率=0.00%，pair效率=0.00%。
  - 耗时拆解：packing=53.89s，main_topup=0.00s，retry=0.00s，failed_pool=0.00s，repack=2.55s，total=56.44s。
  - 条件双路径棘轮：替代完整路径通过守恒和最终门禁，严格优于 GCP，已采用。
正在处理托盘类型：MH423C，销售订单号：PAID16296DN01S
  - 主算法：全局列式装箱 + 柱级组合优化（GCP）。
  - 失败托盘互借诊断：未合并（no_target_or_single_plan）。
托盘类型 MH423C（销售订单号：PAID16296DN01S）处理完成：总托盘 1，指数达标 0，未达标 1，平均缺口 132.50，最大缺口 132.50，失败托盘互借修复成功 0。
  - KPI：near/mid/deep=0/0/1，救回率=0.00%，pair效率=0.00%。
  - 耗时拆解：packing=1.25s，main_topup=0.00s，retry=0.00s，failed_pool=0.00s，repack=0.00s，total=1.25s。
正在处理托盘类型：MH423C，销售订单号：PAID16296DN01S__SPLITREST__
  - 该分组不适合列式（多非满柱）→ 回退 beam + 配方优先。
  - 配方优先[fast]：规划 0 实例，实装成功 0，配方路径不可用 → 采用基线方案。
  - 指数诊断：箱子 3 个，总指数 6，目标 192，理论最多达标托盘 0 个，剩余指数 6。
  - 几何诊断：典型整层堆叠单盘参考上限 6/192。 当前目标可能受托盘高度/箱型组合限制。
  - 几何诊断提示：典型整层参考值 6 < 目标 192；该值不是不可达证明，继续执行指数救援。
  - 失败托盘互借诊断：未合并（no_target_or_single_plan）。
托盘类型 MH423C（销售订单号：PAID16296DN01S__SPLITREST__）处理完成：总托盘 1，指数达标 0，未达标 1，平均缺口 186.00，最大缺口 186.00，失败托盘互借修复成功 0。
  - KPI：near/mid/deep=0/0/1，救回率=0.00%，pair效率=0.00%。
  - 耗时拆解：packing=0.00s，main_topup=0.00s，retry=0.00s，failed_pool=0.00s，repack=0.00s，total=0.01s。
正在处理托盘类型：MH423C，销售订单号：LAID16305EN01S
  - 该分组不适合列式（多非满柱）→ 回退 beam + 配方优先。
  - 配方优先[fast]：规划 0 实例，实装成功 0，配方路径不可用 → 采用基线方案。
  - 指数诊断：箱子 31 个，总指数 87.5，目标 192，理论最多达标托盘 0 个，剩余指数 87.5。
  - 几何诊断：典型整层堆叠单盘参考上限 67/192。 当前目标可能受托盘高度/箱型组合限制。
  - 几何诊断提示：典型整层参考值 67 < 目标 192；该值不是不可达证明，继续执行指数救援。
  - 失败托盘互借诊断：未合并（no_target_or_single_plan）。
托盘类型 MH423C（销售订单号：LAID16305EN01S）处理完成：总托盘 1，指数达标 0，未达标 1，平均缺口 104.50，最大缺口 104.50，失败托盘互借修复成功 0。
  - KPI：near/mid/deep=0/0/1，救回率=0.00%，pair效率=0.00%。
  - 耗时拆解：packing=0.11s，main_topup=0.00s，retry=0.00s，failed_pool=0.00s，repack=0.00s，total=0.41s。
正在处理托盘类型：MH423C，销售订单号：PAID16295EL05S
  - 该分组不适合列式（多非满柱）→ 回退 beam + 配方优先。
  - 配方优先[fast]：规划 0 实例，实装成功 0，配方路径不可用 → 采用基线方案。
  - 指数诊断：箱子 1 个，总指数 2，目标 192，理论最多达标托盘 0 个，剩余指数 2。
  - 几何诊断：典型整层堆叠单盘参考上限 2/192。 当前目标可能受托盘高度/箱型组合限制。
  - 几何诊断提示：典型整层参考值 2 < 目标 192；该值不是不可达证明，继续执行指数救援。
  - 失败托盘互借诊断：未合并（no_target_or_single_plan）。
托盘类型 MH423C（销售订单号：PAID16295EL05S）处理完成：总托盘 1，指数达标 0，未达标 1，平均缺口 190.00，最大缺口 190.00，失败托盘互借修复成功 0。
  - KPI：near/mid/deep=0/0/1，救回率=0.00%，pair效率=0.00%。
  - 耗时拆解：packing=0.00s，main_topup=0.00s，retry=0.00s，failed_pool=0.00s，repack=0.00s，total=0.00s。
正在处理托盘类型：MH423C，销售订单号：PAID16290FL03S
  - 该分组不适合列式（多非满柱）→ 回退 beam + 配方优先。
  - 配方优先[fast]：规划 0 实例，实装成功 0，配方路径不可用 → 采用基线方案。
  - 指数诊断：箱子 3 个，总指数 6，目标 192，理论最多达标托盘 0 个，剩余指数 6。
  - 几何诊断：典型整层堆叠单盘参考上限 6/192。 当前目标可能受托盘高度/箱型组合限制。
  - 几何诊断提示：典型整层参考值 6 < 目标 192；该值不是不可达证明，继续执行指数救援。
  - 失败托盘互借诊断：未合并（no_target_or_single_plan）。
托盘类型 MH423C（销售订单号：PAID16290FL03S）处理完成：总托盘 1，指数达标 0，未达标 1，平均缺口 186.00，最大缺口 186.00，失败托盘互借修复成功 0。
  - KPI：near/mid/deep=0/0/1，救回率=0.00%，pair效率=0.00%。
  - 耗时拆解：packing=0.00s，main_topup=0.00s，retry=0.00s，failed_pool=0.00s，repack=0.00s，total=0.01s。
正在处理托盘类型：MH423C，销售订单号：PAID16306DN01S
  - 主算法：全局列式装箱 + 柱级组合优化（GCP）。
  - 失败托盘互借诊断：未合并（no_target_or_single_plan）。
托盘类型 MH423C（销售订单号：PAID16306DN01S）处理完成：总托盘 1，指数达标 0，未达标 1，平均缺口 170.00，最大缺口 170.00，失败托盘互借修复成功 0。
  - KPI：near/mid/deep=0/0/1，救回率=0.00%，pair效率=0.00%。
  - 耗时拆解：packing=0.09s，main_topup=0.00s，retry=0.00s，failed_pool=0.00s，repack=0.00s，total=0.09s。
正在处理托盘类型：MH423C，销售订单号：PAID16306DN01S__SPLITREST__
  - 该分组不适合列式（多非满柱）→ 回退 beam + 配方优先。
  - 配方优先[fast]：规划 0 实例，实装成功 0，配方路径不可用 → 采用基线方案。
  - 指数诊断：箱子 2 个，总指数 1，目标 192，理论最多达标托盘 0 个，剩余指数 1。
  - 几何诊断：典型整层堆叠单盘参考上限 1/192。 当前目标可能受托盘高度/箱型组合限制。
  - 几何诊断提示：典型整层参考值 1 < 目标 192；该值不是不可达证明，继续执行指数救援。
  - 失败托盘互借诊断：未合并（no_target_or_single_plan）。
托盘类型 MH423C（销售订单号：PAID16306DN01S__SPLITREST__）处理完成：总托盘 1，指数达标 0，未达标 1，平均缺口 191.00，最大缺口 191.00，失败托盘互借修复成功 0。
  - KPI：near/mid/deep=0/0/1，救回率=0.00%，pair效率=0.00%。
  - 耗时拆解：packing=0.00s，main_topup=0.00s，retry=0.00s，failed_pool=0.00s，repack=0.00s，total=0.00s。
正在处理托盘类型：MH423C，销售订单号：LAMY16305FN01S
  - 主算法：全局列式装箱 + 柱级组合优化（GCP）。
  - GCP 盘数远超理论（CP-SAT 装不满）→ 回退 baseline beam + 配方优先。
  - 配方优先[fast]：规划 0 实例，实装成功 0，配方路径不可用 → 采用基线方案。
  - 指数诊断：箱子 66 个，总指数 125.5，目标 192，理论最多达标托盘 0 个，剩余指数 125.5。
  - 几何诊断：典型整层堆叠单盘参考上限 92/192。 当前目标可能受托盘高度/箱型组合限制。
  - 几何诊断提示：典型整层参考值 92 < 目标 192；该值不是不可达证明，继续执行指数救援。
  - 失败托盘互借诊断：未合并（aborted_no_improvement_possible）。
托盘类型 MH423C（销售订单号：LAMY16305FN01S）处理完成：总托盘 2，指数达标 0，未达标 2，平均缺口 129.25，最大缺口 188.00，失败托盘互借修复成功 0。
  - KPI：near/mid/deep=0/0/2，救回率=0.00%，pair效率=0.00%。
  - 耗时拆解：packing=0.75s，main_topup=0.01s，retry=0.00s，failed_pool=0.00s，repack=1.27s，total=5.66s。
正在处理托盘类型：MH423C，销售订单号：LAMY16305FN01S__SPLITREST__
  - 该分组不适合列式（多非满柱）→ 回退 beam + 配方优先。
  - 配方优先[fast]：规划 0 实例，实装成功 0，配方路径不可用 → 采用基线方案。
  - 指数诊断：箱子 1 个，总指数 6，目标 192，理论最多达标托盘 0 个，剩余指数 6。
  - 几何诊断：典型整层堆叠单盘参考上限 6/192。 当前目标可能受托盘高度/箱型组合限制。
  - 几何诊断提示：典型整层参考值 6 < 目标 192；该值不是不可达证明，继续执行指数救援。
  - 失败托盘互借诊断：未合并（no_target_or_single_plan）。
托盘类型 MH423C（销售订单号：LAMY16305FN01S__SPLITREST__）处理完成：总托盘 1，指数达标 0，未达标 1，平均缺口 186.00，最大缺口 186.00，失败托盘互借修复成功 0。
  - KPI：near/mid/deep=0/0/1，救回率=0.00%，pair效率=0.00%。
  - 耗时拆解：packing=0.00s，main_topup=0.00s，retry=0.00s，failed_pool=0.00s，repack=0.00s，total=0.00s。
正在处理托盘类型：MH423C，销售订单号：PAID16300FN01S
  - 该分组不适合列式（多非满柱）→ 回退 beam + 配方优先。
  - 配方优先[fast]：规划 0 实例，实装成功 0，配方路径不可用 → 采用基线方案。
  - 指数诊断：箱子 8 个，总指数 19，目标 192，理论最多达标托盘 0 个，剩余指数 19。
  - 几何诊断：典型整层堆叠单盘参考上限 19/192。 当前目标可能受托盘高度/箱型组合限制。
  - 几何诊断提示：典型整层参考值 19 < 目标 192；该值不是不可达证明，继续执行指数救援。
  - 失败托盘互借诊断：未合并（no_target_or_single_plan）。
托盘类型 MH423C（销售订单号：PAID16300FN01S）处理完成：总托盘 1，指数达标 0，未达标 1，平均缺口 173.00，最大缺口 173.00，失败托盘互借修复成功 0。
  - KPI：near/mid/deep=0/0/1，救回率=0.00%，pair效率=0.00%。
  - 耗时拆解：packing=0.01s，main_topup=0.00s，retry=0.00s，failed_pool=0.00s，repack=0.00s，total=0.04s。
正在处理托盘类型：MH423C，销售订单号：PAID16295BD02S
  - 主算法：全局列式装箱 + 柱级组合优化（GCP）。
  - 失败托盘互借诊断：未合并（no_target_or_single_plan）。
托盘类型 MH423C（销售订单号：PAID16295BD02S）处理完成：总托盘 1，指数达标 0，未达标 1，平均缺口 156.00，最大缺口 156.00，失败托盘互借修复成功 0。
  - KPI：near/mid/deep=0/0/1，救回率=0.00%，pair效率=0.00%。
  - 耗时拆解：packing=0.07s，main_topup=0.00s，retry=0.00s，failed_pool=0.00s，repack=0.00s，total=0.07s。
正在处理托盘类型：MH423C，销售订单号：LFEG16300IN02S
  - 主算法：全局列式装箱 + 柱级组合优化（GCP）。
  - GCP 盘数远超理论（CP-SAT 装不满）→ 回退 baseline beam + 配方优先。
  - 配方优先[fast]：规划 0 实例，实装成功 0，配方路径不可用 → 采用基线方案。
  - 指数诊断：箱子 104 个，总指数 202.5，目标 192，理论最多达标托盘 1 个，剩余指数 10.5。
  - 几何诊断：典型整层堆叠单盘参考上限 138/192。 当前目标可能受托盘高度/箱型组合限制。
  - 几何诊断提示：典型整层参考值 138 < 目标 192；该值不是不可达证明，继续执行指数救援。
  - 失败托盘互借诊断：未合并（aborted_no_improvement_possible）。
托盘类型 MH423C（销售订单号：LFEG16300IN02S）处理完成：总托盘 2，指数达标 0，未达标 2，平均缺口 90.75，最大缺口 169.50，失败托盘互借修复成功 0。
  - KPI：near/mid/deep=0/1/1，救回率=0.00%，pair效率=0.00%。
  - 耗时拆解：packing=1.34s，main_topup=0.09s，retry=0.00s，failed_pool=14.29s，repack=19.28s，total=33.75s。
正在处理托盘类型：MH423C，销售订单号：LFEG16300IN02S__SPLITREST__
  - 该分组不适合列式（多非满柱）→ 回退 beam + 配方优先。
  - 配方优先[fast]：规划 0 实例，实装成功 0，配方路径不可用 → 采用基线方案。
  - 指数诊断：箱子 2 个，总指数 4，目标 192，理论最多达标托盘 0 个，剩余指数 4。
  - 几何诊断：典型整层堆叠单盘参考上限 4/192。 当前目标可能受托盘高度/箱型组合限制。
  - 几何诊断提示：典型整层参考值 4 < 目标 192；该值不是不可达证明，继续执行指数救援。
  - 失败托盘互借诊断：未合并（no_target_or_single_plan）。
托盘类型 MH423C（销售订单号：LFEG16300IN02S__SPLITREST__）处理完成：总托盘 1，指数达标 0，未达标 1，平均缺口 188.00，最大缺口 188.00，失败托盘互借修复成功 0。
  - KPI：near/mid/deep=0/0/1，救回率=0.00%，pair效率=0.00%。
  - 耗时拆解：packing=0.00s，main_topup=0.00s，retry=0.00s，failed_pool=0.00s，repack=0.00s，total=0.01s。
正在处理托盘类型：MH423C，销售订单号：LAID16305BN01S
  - 主算法：全局列式装箱 + 柱级组合优化（GCP）。
  - GCP 盘数远超理论（CP-SAT 装不满）→ 回退 baseline beam + 配方优先。
  - 配方优先[fast]：规划 0 实例，实装成功 0，配方路径不可用 → 采用基线方案。
  - 指数诊断：箱子 54 个，总指数 129，目标 192，理论最多达标托盘 0 个，剩余指数 129。
  - 几何诊断：典型整层堆叠单盘参考上限 104.5/192。 当前目标可能受托盘高度/箱型组合限制。
  - 几何诊断提示：典型整层参考值 104.5 < 目标 192；该值不是不可达证明，继续执行指数救援。
  - 失败托盘互借诊断：未合并（aborted_no_improvement_possible）。
托盘类型 MH423C（销售订单号：LAID16305BN01S）处理完成：总托盘 2，指数达标 0，未达标 2，平均缺口 127.50，最大缺口 172.00，失败托盘互借修复成功 0。
  - KPI：near/mid/deep=0/0/2，救回率=0.00%，pair效率=0.00%。
  - 耗时拆解：packing=1.15s，main_topup=0.00s，retry=0.00s，failed_pool=0.00s，repack=0.71s，total=2.65s。
正在处理托盘类型：MH423C，销售订单号：LFEG16310IN03S
  - 主算法：全局列式装箱 + 柱级组合优化（GCP）。
  - 失败托盘互借诊断：未合并（no_target_or_single_plan）。
托盘类型 MH423C（销售订单号：LFEG16310IN03S）处理完成：总托盘 1，指数达标 0，未达标 1，平均缺口 159.00，最大缺口 159.00，失败托盘互借修复成功 0。
  - KPI：near/mid/deep=0/0/1，救回率=0.00%，pair效率=0.00%。
  - 耗时拆解：packing=0.03s，main_topup=0.00s，retry=0.00s，failed_pool=0.00s，repack=0.00s，total=0.03s。
正在处理托盘类型：MH423C，销售订单号：LFEG16300IN01S
  - 该分组不适合列式（多非满柱）→ 回退 beam + 配方优先。
  - 配方优先[fast]：规划 0 实例，实装成功 0，配方路径不可用 → 采用基线方案。
  - 指数诊断：箱子 18 个，总指数 29.5，目标 192，理论最多达标托盘 0 个，剩余指数 29.5。
  - 几何诊断：典型整层堆叠单盘参考上限 28.5/192。 当前目标可能受托盘高度/箱型组合限制。
  - 几何诊断提示：典型整层参考值 28.5 < 目标 192；该值不是不可达证明，继续执行指数救援。
  - 失败托盘互借诊断：未合并（no_target_or_single_plan）。
托盘类型 MH423C（销售订单号：LFEG16300IN01S）处理完成：总托盘 1，指数达标 0，未达标 1，平均缺口 162.50，最大缺口 162.50，失败托盘互借修复成功 0。
  - KPI：near/mid/deep=0/0/1，救回率=0.00%，pair效率=0.00%。
  - 耗时拆解：packing=0.10s，main_topup=0.00s，retry=0.00s，failed_pool=0.00s，repack=0.00s，total=0.10s。
正在处理托盘类型：MH423C，销售订单号：LFEG16300IN03S
  - 主算法：全局列式装箱 + 柱级组合优化（GCP）。
  - 失败托盘互借诊断：未合并（no_target_or_single_plan）。
托盘类型 MH423C（销售订单号：LFEG16300IN03S）处理完成：总托盘 1，指数达标 0，未达标 1，平均缺口 82.00，最大缺口 82.00，失败托盘互借修复成功 0。
  - KPI：near/mid/deep=0/0/1，救回率=0.00%，pair效率=0.00%。
  - 耗时拆解：packing=0.91s，main_topup=0.00s，retry=0.00s，failed_pool=0.00s，repack=0.00s，total=0.91s。
正在处理托盘类型：MH423C，销售订单号：LFEG16300IN03S__SPLITREST__
  - 该分组不适合列式（多非满柱）→ 回退 beam + 配方优先。
  - 配方优先[fast]：规划 0 实例，实装成功 0，配方路径不可用 → 采用基线方案。
  - 指数诊断：箱子 2 个，总指数 4，目标 192，理论最多达标托盘 0 个，剩余指数 4。
  - 几何诊断：典型整层堆叠单盘参考上限 4/192。 当前目标可能受托盘高度/箱型组合限制。
  - 几何诊断提示：典型整层参考值 4 < 目标 192；该值不是不可达证明，继续执行指数救援。
  - 失败托盘互借诊断：未合并（no_target_or_single_plan）。
托盘类型 MH423C（销售订单号：LFEG16300IN03S__SPLITREST__）处理完成：总托盘 1，指数达标 0，未达标 1，平均缺口 188.00，最大缺口 188.00，失败托盘互借修复成功 0。
  - KPI：near/mid/deep=0/0/1，救回率=0.00%，pair效率=0.00%。
  - 耗时拆解：packing=0.00s，main_topup=0.00s，retry=0.00s，failed_pool=0.00s，repack=0.00s，total=0.00s。
正在处理托盘类型：MH423C，销售订单号：LAID16305BN03S
  - 主算法：全局列式装箱 + 柱级组合优化（GCP）。
  - 失败托盘互借诊断：未合并（no_target_or_single_plan）。
托盘类型 MH423C（销售订单号：LAID16305BN03S）处理完成：总托盘 1，指数达标 0，未达标 1，平均缺口 116.00，最大缺口 116.00，失败托盘互借修复成功 0。
  - KPI：near/mid/deep=0/0/1，救回率=0.00%，pair效率=0.00%。
  - 耗时拆解：packing=0.35s，main_topup=0.00s，retry=0.00s，failed_pool=0.00s，repack=0.00s，total=0.35s。
正在处理托盘类型：MH423C，销售订单号：LAID16305BN03S__SPLITREST__
  - 该分组不适合列式（多非满柱）→ 回退 beam + 配方优先。
  - 托盘 MH423C-LAID16305BN03S__SPLITREST__-1 未找到可行装箱方案，启用剩余箱子守恒兜底。
  - 配方优先[fast]：规划 0 实例，实装成功 0，配方路径不可用 → 采用基线方案。
  - 指数诊断：箱子 5 个，总指数 2.5，目标 192，理论最多达标托盘 0 个，剩余指数 2.5。
  - 几何诊断：典型整层堆叠单盘参考上限 2.5/192。 当前目标可能受托盘高度/箱型组合限制。
  - 几何诊断提示：典型整层参考值 2.5 < 目标 192；该值不是不可达证明，继续执行指数救援。
  - 失败托盘互借诊断：未合并（aborted_no_improvement_possible）。
托盘类型 MH423C（销售订单号：LAID16305BN03S__SPLITREST__）处理完成：总托盘 2，指数达标 0，未达标 2，平均缺口 190.75，最大缺口 191.50，失败托盘互借修复成功 0。
  - KPI：near/mid/deep=0/0/2，救回率=0.00%，pair效率=0.00%。
  - 耗时拆解：packing=0.01s，main_topup=0.00s，retry=0.00s，failed_pool=0.00s，repack=0.03s，total=0.07s。
正在处理托盘类型：MH423C，销售订单号：PEG166300LN01S
  - 主算法：全局列式装箱 + 柱级组合优化（GCP）。
  - 失败托盘互借诊断：未合并（no_target_or_single_plan）。
托盘类型 MH423C（销售订单号：PEG166300LN01S）处理完成：总托盘 1，指数达标 0，未达标 1，平均缺口 64.00，最大缺口 64.00，失败托盘互借修复成功 0。
  - KPI：near/mid/deep=0/0/1，救回率=0.00%，pair效率=0.00%。
  - 耗时拆解：packing=0.38s，main_topup=0.00s，retry=0.00s，failed_pool=0.00s，repack=0.00s，total=0.38s。
正在处理托盘类型：MH423C，销售订单号：PAID163008N01S
  - 该分组不适合列式（多非满柱）→ 回退 beam + 配方优先。
  - 配方优先[fast]：规划 0 实例，实装成功 0，配方路径不可用 → 采用基线方案。
  - 指数诊断：箱子 1 个，总指数 1，目标 192，理论最多达标托盘 0 个，剩余指数 1。
  - 几何诊断：典型整层堆叠单盘参考上限 1/192。 当前目标可能受托盘高度/箱型组合限制。
  - 几何诊断提示：典型整层参考值 1 < 目标 192；该值不是不可达证明，继续执行指数救援。
  - 失败托盘互借诊断：未合并（no_target_or_single_plan）。
托盘类型 MH423C（销售订单号：PAID163008N01S）处理完成：总托盘 1，指数达标 0，未达标 1，平均缺口 191.00，最大缺口 191.00，失败托盘互借修复成功 0。
  - KPI：near/mid/deep=0/0/1，救回率=0.00%，pair效率=0.00%。
  - 耗时拆解：packing=0.00s，main_topup=0.00s，retry=0.00s，failed_pool=0.00s，repack=0.00s，total=0.00s。
正在处理托盘类型：MH423C，销售订单号：PAIN26290BN01S
  - 该分组不适合列式（多非满柱）→ 回退 beam + 配方优先。
  - 托盘 MH423C-PAIN26290BN01S-1 未找到可行装箱方案，启用剩余箱子守恒兜底。
  - 配方优先[fast]：规划 0 实例，实装成功 0，配方路径不可用 → 采用基线方案。
  - 指数诊断：箱子 5 个，总指数 2.5，目标 192，理论最多达标托盘 0 个，剩余指数 2.5。
  - 几何诊断：典型整层堆叠单盘参考上限 2.5/192。 当前目标可能受托盘高度/箱型组合限制。
  - 几何诊断提示：典型整层参考值 2.5 < 目标 192；该值不是不可达证明，继续执行指数救援。
  - 失败盘装满压实：合并/吸收 1 次（纯减盘数）。
  - 失败托盘互借诊断：未合并（aborted_no_improvement_possible）。
托盘类型 MH423C（销售订单号：PAIN26290BN01S）处理完成：总托盘 1，指数达标 0，未达标 1，平均缺口 189.50，最大缺口 189.50，失败托盘互借修复成功 0。
  - KPI：near/mid/deep=0/0/1，救回率=0.00%，pair效率=0.00%。
  - 耗时拆解：packing=0.01s，main_topup=0.00s，retry=0.00s，failed_pool=0.00s，repack=0.04s，total=0.07s。
正在处理托盘类型：MH423C，销售订单号：PAID162308N01S
  - 该分组不适合列式（多非满柱）→ 回退 beam + 配方优先。
  - 配方优先[fast]：规划 0 实例，实装成功 0，配方路径不可用 → 采用基线方案。
  - 指数诊断：箱子 1 个，总指数 2，目标 192，理论最多达标托盘 0 个，剩余指数 2。
  - 几何诊断：典型整层堆叠单盘参考上限 2/192。 当前目标可能受托盘高度/箱型组合限制。
  - 几何诊断提示：典型整层参考值 2 < 目标 192；该值不是不可达证明，继续执行指数救援。
  - 失败托盘互借诊断：未合并（no_target_or_single_plan）。
托盘类型 MH423C（销售订单号：PAID162308N01S）处理完成：总托盘 1，指数达标 0，未达标 1，平均缺口 190.00，最大缺口 190.00，失败托盘互借修复成功 0。
  - KPI：near/mid/deep=0/0/1，救回率=0.00%，pair效率=0.00%。
  - 耗时拆解：packing=0.00s，main_topup=0.00s，retry=0.00s，failed_pool=0.00s，repack=0.00s，total=0.00s。
正在处理托盘类型：MH423C，销售订单号：PEG106290LN01S
  - 主算法：全局列式装箱 + 柱级组合优化（GCP）。
  - 失败托盘互借诊断：未合并（no_target_or_single_plan）。
托盘类型 MH423C（销售订单号：PEG106290LN01S）处理完成：总托盘 1，指数达标 0，未达标 1，平均缺口 179.00，最大缺口 179.00，失败托盘互借修复成功 0。
  - KPI：near/mid/deep=0/0/1，救回率=0.00%，pair效率=0.00%。
  - 耗时拆解：packing=0.04s，main_topup=0.00s，retry=0.00s，failed_pool=0.00s，repack=0.00s，total=0.04s。
正在处理托盘类型：MH423C，销售订单号：LAID16306DN03S
  - 该分组不适合列式（多非满柱）→ 回退 beam + 配方优先。
  - 配方优先[fast]：规划 0 实例，实装成功 0，配方路径不可用 → 采用基线方案。
  - 指数诊断：箱子 9 个，总指数 9，目标 192，理论最多达标托盘 0 个，剩余指数 9。
  - 几何诊断：典型整层堆叠单盘参考上限 9/192。 当前目标可能受托盘高度/箱型组合限制。
  - 几何诊断提示：典型整层参考值 9 < 目标 192；该值不是不可达证明，继续执行指数救援。
  - 失败托盘互借诊断：未合并（no_target_or_single_plan）。
托盘类型 MH423C（销售订单号：LAID16306DN03S）处理完成：总托盘 1，指数达标 0，未达标 1，平均缺口 183.00，最大缺口 183.00，失败托盘互借修复成功 0。
  - KPI：near/mid/deep=0/0/1，救回率=0.00%，pair效率=0.00%。
  - 耗时拆解：packing=0.01s，main_topup=0.00s，retry=0.00s，failed_pool=0.00s，repack=0.00s，total=0.06s。
正在处理托盘类型：MH423C，销售订单号：PAID16305EC01S
  - 该分组不适合列式（多非满柱）→ 回退 beam + 配方优先。
  - 配方优先[fast]：规划 0 实例，实装成功 0，配方路径不可用 → 采用基线方案。
  - 指数诊断：箱子 2 个，总指数 2，目标 192，理论最多达标托盘 0 个，剩余指数 2。
  - 几何诊断：典型整层堆叠单盘参考上限 2/192。 当前目标可能受托盘高度/箱型组合限制。
  - 几何诊断提示：典型整层参考值 2 < 目标 192；该值不是不可达证明，继续执行指数救援。
  - 失败托盘互借诊断：未合并（no_target_or_single_plan）。
托盘类型 MH423C（销售订单号：PAID16305EC01S）处理完成：总托盘 1，指数达标 0，未达标 1，平均缺口 190.00，最大缺口 190.00，失败托盘互借修复成功 0。
  - KPI：near/mid/deep=0/0/1，救回率=0.00%，pair效率=0.00%。
  - 耗时拆解：packing=0.00s，main_topup=0.00s，retry=0.00s，failed_pool=0.00s，repack=0.00s，total=0.00s。
正在处理托盘类型：MH423C，销售订单号：LAID16306DN02S
  - 主算法：全局列式装箱 + 柱级组合优化（GCP）。
  - 失败托盘互借诊断：未合并（no_target_or_single_plan）。
托盘类型 MH423C（销售订单号：LAID16306DN02S）处理完成：总托盘 1，指数达标 0，未达标 1，平均缺口 144.00，最大缺口 144.00，失败托盘互借修复成功 0。
  - KPI：near/mid/deep=0/0/1，救回率=0.00%，pair效率=0.00%。
  - 耗时拆解：packing=0.53s，main_topup=0.00s，retry=0.00s，failed_pool=0.00s，repack=0.00s，total=0.53s。
正在处理托盘类型：MH423C，销售订单号：LAID16306DN02S__SPLITREST__
  - 该分组不适合列式（多非满柱）→ 回退 beam + 配方优先。
  - 配方优先[fast]：规划 0 实例，实装成功 0，配方路径不可用 → 采用基线方案。
  - 指数诊断：箱子 2 个，总指数 4，目标 192，理论最多达标托盘 0 个，剩余指数 4。
  - 几何诊断：典型整层堆叠单盘参考上限 4/192。 当前目标可能受托盘高度/箱型组合限制。
  - 几何诊断提示：典型整层参考值 4 < 目标 192；该值不是不可达证明，继续执行指数救援。
  - 失败托盘互借诊断：未合并（no_target_or_single_plan）。
托盘类型 MH423C（销售订单号：LAID16306DN02S__SPLITREST__）处理完成：总托盘 1，指数达标 0，未达标 1，平均缺口 188.00，最大缺口 188.00，失败托盘互借修复成功 0。
  - KPI：near/mid/deep=0/0/1，救回率=0.00%，pair效率=0.00%。
  - 耗时拆解：packing=0.00s，main_topup=0.00s，retry=0.00s，failed_pool=0.00s，repack=0.00s，total=0.01s。
正在处理托盘类型：MH423C，销售订单号：LFEG16316AN01S
  - 主算法：全局列式装箱 + 柱级组合优化（GCP）。
  - 失败托盘互借诊断：未合并（no_target_or_single_plan）。
托盘类型 MH423C（销售订单号：LFEG16316AN01S）处理完成：总托盘 1，指数达标 0，未达标 1，平均缺口 178.00，最大缺口 178.00，失败托盘互借修复成功 0。
  - KPI：near/mid/deep=0/0/1，救回率=0.00%，pair效率=0.00%。
  - 耗时拆解：packing=0.01s，main_topup=0.00s，retry=0.00s，failed_pool=0.00s，repack=0.00s，total=0.01s。
正在处理托盘类型：MH423C，销售订单号：PAIN26310GN01S
  - 主算法：全局列式装箱 + 柱级组合优化（GCP）。
  - GCP 盘数远超理论（CP-SAT 装不满）→ 回退 baseline beam + 配方优先。
  - 配方优先[fast]：规划 0 实例，实装成功 0，配方路径不可用 → 采用基线方案。
  - 指数诊断：箱子 4 个，总指数 16，目标 192，理论最多达标托盘 0 个，剩余指数 16。
  - 几何诊断：典型整层堆叠单盘参考上限 16/192。 当前目标可能受托盘高度/箱型组合限制。
  - 几何诊断提示：典型整层参考值 16 < 目标 192；该值不是不可达证明，继续执行指数救援。
  - 失败托盘互借诊断：未合并（no_target_or_single_plan）。
托盘类型 MH423C（销售订单号：PAIN26310GN01S）处理完成：总托盘 1，指数达标 0，未达标 1，平均缺口 176.00，最大缺口 176.00，失败托盘互借修复成功 0。
  - KPI：near/mid/deep=0/0/1，救回率=0.00%，pair效率=0.00%。
  - 耗时拆解：packing=0.00s，main_topup=0.00s，retry=0.00s，failed_pool=0.00s，repack=0.00s，total=0.03s。
正在处理托盘类型：MH423C，销售订单号：PAIN26290MZ07S
  - 主算法：全局列式装箱 + 柱级组合优化（GCP）。
  - 失败托盘互借诊断：未合并（no_target_or_single_plan）。
托盘类型 MH423C（销售订单号：PAIN26290MZ07S）处理完成：总托盘 1，指数达标 0，未达标 1，平均缺口 22.00，最大缺口 22.00，失败托盘互借修复成功 0。
  - KPI：near/mid/deep=0/1/0，救回率=0.00%，pair效率=0.00%。
  - 耗时拆解：packing=2.95s，main_topup=0.00s，retry=0.00s，failed_pool=0.00s，repack=0.00s，total=2.95s。
正在处理托盘类型：MH423C，销售订单号：PAID16295EN06S
  - 该分组不适合列式（多非满柱）→ 回退 beam + 配方优先。
  - 配方优先[fast]：规划 0 实例，实装成功 0，配方路径不可用 → 采用基线方案。
  - 指数诊断：箱子 1 个，总指数 1，目标 192，理论最多达标托盘 0 个，剩余指数 1。
  - 几何诊断：典型整层堆叠单盘参考上限 1/192。 当前目标可能受托盘高度/箱型组合限制。
  - 几何诊断提示：典型整层参考值 1 < 目标 192；该值不是不可达证明，继续执行指数救援。
  - 失败托盘互借诊断：未合并（no_target_or_single_plan）。
托盘类型 MH423C（销售订单号：PAID16295EN06S）处理完成：总托盘 1，指数达标 0，未达标 1，平均缺口 191.00，最大缺口 191.00，失败托盘互借修复成功 0。
  - KPI：near/mid/deep=0/0/1，救回率=0.00%，pair效率=0.00%。
  - 耗时拆解：packing=0.00s，main_topup=0.00s，retry=0.00s，failed_pool=0.00s，repack=0.00s，total=0.00s。
正在处理托盘类型：MH423C，销售订单号：PAIN26296EN01S
  - 主算法：全局列式装箱 + 柱级组合优化（GCP）。
  - 失败托盘互借诊断：未合并（no_target_or_single_plan）。
托盘类型 MH423C（销售订单号：PAIN26296EN01S）处理完成：总托盘 1，指数达标 0，未达标 1，平均缺口 31.00，最大缺口 31.00，失败托盘互借修复成功 0。
  - KPI：near/mid/deep=0/0/1，救回率=0.00%，pair效率=0.00%。
  - 耗时拆解：packing=0.45s，main_topup=0.00s，retry=0.00s，failed_pool=0.00s，repack=0.00s，total=0.45s。
正在处理托盘类型：MH423C，销售订单号：LFEG16316AN02S
  - 该分组不适合列式（多非满柱）→ 回退 beam + 配方优先。
  - 配方优先[fast]：规划 0 实例，实装成功 0，配方路径不可用 → 采用基线方案。
  - 指数诊断：箱子 3 个，总指数 6，目标 192，理论最多达标托盘 0 个，剩余指数 6。
  - 几何诊断：典型整层堆叠单盘参考上限 6/192。 当前目标可能受托盘高度/箱型组合限制。
  - 几何诊断提示：典型整层参考值 6 < 目标 192；该值不是不可达证明，继续执行指数救援。
  - 失败托盘互借诊断：未合并（no_target_or_single_plan）。
托盘类型 MH423C（销售订单号：LFEG16316AN02S）处理完成：总托盘 1，指数达标 0，未达标 1，平均缺口 186.00，最大缺口 186.00，失败托盘互借修复成功 0。
  - KPI：near/mid/deep=0/0/1，救回率=0.00%，pair效率=0.00%。
  - 耗时拆解：packing=0.00s，main_topup=0.00s，retry=0.00s，failed_pool=0.00s，repack=0.00s，total=0.01s。
正在处理托盘类型：MH423C，销售订单号：PAIN26310MN01S
  - 该分组不适合列式（多非满柱）→ 回退 beam + 配方优先。
  - 配方优先[fast]：规划 0 实例，实装成功 0，配方路径不可用 → 采用基线方案。
  - 指数诊断：箱子 7 个，总指数 76，目标 192，理论最多达标托盘 0 个，剩余指数 76。
  - 几何诊断：典型整层堆叠单盘参考上限 60/192。 当前目标可能受托盘高度/箱型组合限制。
  - 几何诊断提示：典型整层参考值 60 < 目标 192；该值不是不可达证明，继续执行指数救援。
  - 失败托盘互借诊断：未合并（no_target_or_single_plan）。
托盘类型 MH423C（销售订单号：PAIN26310MN01S）处理完成：总托盘 1，指数达标 0，未达标 1，平均缺口 116.00，最大缺口 116.00，失败托盘互借修复成功 0。
  - KPI：near/mid/deep=0/0/1，救回率=0.00%，pair效率=0.00%。
  - 耗时拆解：packing=0.00s，main_topup=0.00s，retry=0.00s，failed_pool=0.00s，repack=0.00s，total=0.00s。
正在处理托盘类型：MH423C，销售订单号：LAID16315EN01S
  - 该分组不适合列式（多非满柱）→ 回退 beam + 配方优先。
  - 配方优先[fast]：规划 0 实例，实装成功 0，配方路径不可用 → 采用基线方案。
  - 指数诊断：箱子 4 个，总指数 20，目标 192，理论最多达标托盘 0 个，剩余指数 20。
  - 几何诊断：典型整层堆叠单盘参考上限 20/192。 当前目标可能受托盘高度/箱型组合限制。
  - 几何诊断提示：典型整层参考值 20 < 目标 192；该值不是不可达证明，继续执行指数救援。
  - 失败托盘互借诊断：未合并（no_target_or_single_plan）。
托盘类型 MH423C（销售订单号：LAID16315EN01S）处理完成：总托盘 1，指数达标 0，未达标 1，平均缺口 172.00，最大缺口 172.00，失败托盘互借修复成功 0。
  - KPI：near/mid/deep=0/0/1，救回率=0.00%，pair效率=0.00%。
  - 耗时拆解：packing=0.01s，main_topup=0.00s，retry=0.00s，failed_pool=0.00s，repack=0.00s，total=0.01s。
正在处理托盘类型：MH423C，销售订单号：PAIN26316EN01S
  - 主算法：全局列式装箱 + 柱级组合优化（GCP）。
  - 失败托盘互借诊断：未合并（no_target_or_single_plan）。
托盘类型 MH423C（销售订单号：PAIN26316EN01S）处理完成：总托盘 1，指数达标 0，未达标 1，平均缺口 140.00，最大缺口 140.00，失败托盘互借修复成功 0。
  - KPI：near/mid/deep=0/0/1，救回率=0.00%，pair效率=0.00%。
  - 耗时拆解：packing=0.04s，main_topup=0.00s，retry=0.00s，failed_pool=0.00s，repack=0.00s，total=0.04s。
正在处理托盘类型：MH423C，销售订单号：LAID16315EN02S
  - 主算法：全局列式装箱 + 柱级组合优化（GCP）。
  - 失败托盘互借诊断：未合并（no_target_or_single_plan）。
托盘类型 MH423C（销售订单号：LAID16315EN02S）处理完成：总托盘 1，指数达标 0，未达标 1，平均缺口 148.00，最大缺口 148.00，失败托盘互借修复成功 0。
  - KPI：near/mid/deep=0/0/1，救回率=0.00%，pair效率=0.00%。
  - 耗时拆解：packing=0.01s，main_topup=0.00s，retry=0.00s，failed_pool=0.00s，repack=0.00s，total=0.01s。
正在处理托盘类型：MH423C，销售订单号：PAIN26296EC02S
  - 主算法：全局列式装箱 + 柱级组合优化（GCP）。
  - 失败托盘互借诊断：未合并（no_target_or_single_plan）。
托盘类型 MH423C（销售订单号：PAIN26296EC02S）处理完成：总托盘 1，指数达标 0，未达标 1，平均缺口 130.00，最大缺口 130.00，失败托盘互借修复成功 0。
  - KPI：near/mid/deep=0/0/1，救回率=0.00%，pair效率=0.00%。
  - 耗时拆解：packing=0.18s，main_topup=0.00s，retry=0.00s，failed_pool=0.00s，repack=0.00s，total=0.18s。
正在处理托盘类型：MH423C，销售订单号：PAIN26310MZ05S
  - 主算法：全局列式装箱 + 柱级组合优化（GCP）。
  - 失败托盘互借诊断：未合并（no_target_or_single_plan）。
托盘类型 MH423C（销售订单号：PAIN26310MZ05S）处理完成：总托盘 1，指数达标 0，未达标 1，平均缺口 86.00，最大缺口 86.00，失败托盘互借修复成功 0。
  - KPI：near/mid/deep=0/0/1，救回率=0.00%，pair效率=0.00%。
  - 耗时拆解：packing=1.53s，main_topup=0.00s，retry=0.00s，failed_pool=0.00s，repack=0.00s，total=1.53s。
正在处理托盘类型：MH423C，销售订单号：PEG086300LN01S
  - 主算法：全局列式装箱 + 柱级组合优化（GCP）。
  - GCP 盘数远超理论（CP-SAT 装不满）→ 回退 baseline beam + 配方优先。
  - 配方优先[fast]：规划 0 实例，实装成功 0，配方路径不可用 → 采用基线方案。
  - 指数诊断：箱子 40 个，总指数 91，目标 192，理论最多达标托盘 0 个，剩余指数 91。
  - 几何诊断：典型整层堆叠单盘参考上限 87/192。 当前目标可能受托盘高度/箱型组合限制。
  - 几何诊断提示：典型整层参考值 87 < 目标 192；该值不是不可达证明，继续执行指数救援。
  - 失败托盘互借诊断：未合并（aborted_no_improvement_possible）。
托盘类型 MH423C（销售订单号：PEG086300LN01S）处理完成：总托盘 2，指数达标 0，未达标 2，平均缺口 146.50，最大缺口 184.00，失败托盘互借修复成功 0。
  - KPI：near/mid/deep=0/0/2，救回率=0.00%，pair效率=0.00%。
  - 耗时拆解：packing=0.34s，main_topup=0.00s，retry=0.00s，failed_pool=0.00s，repack=0.54s，total=2.44s。
正在处理托盘类型：MH423C，销售订单号：LAID16315EN03S
  - 该分组不适合列式（多非满柱）→ 回退 beam + 配方优先。
  - 配方优先[fast]：规划 0 实例，实装成功 0，配方路径不可用 → 采用基线方案。
  - 指数诊断：箱子 5 个，总指数 40，目标 192，理论最多达标托盘 0 个，剩余指数 40。
  - 几何诊断：典型整层堆叠单盘参考上限 40/192。 当前目标可能受托盘高度/箱型组合限制。
  - 几何诊断提示：典型整层参考值 40 < 目标 192；该值不是不可达证明，继续执行指数救援。
  - 失败托盘互借诊断：未合并（no_target_or_single_plan）。
托盘类型 MH423C（销售订单号：LAID16315EN03S）处理完成：总托盘 1，指数达标 0，未达标 1，平均缺口 152.00，最大缺口 152.00，失败托盘互借修复成功 0。
  - KPI：near/mid/deep=0/0/1，救回率=0.00%，pair效率=0.00%。
  - 耗时拆解：packing=0.01s，main_topup=0.00s，retry=0.00s，failed_pool=0.00s，repack=0.00s，total=0.01s。
正在处理托盘类型：MH423C，销售订单号：LAID16316DN03S
  - 主算法：全局列式装箱 + 柱级组合优化（GCP）。
  - 失败托盘互借诊断：未合并（no_target_or_single_plan）。
托盘类型 MH423C（销售订单号：LAID16316DN03S）处理完成：总托盘 1，指数达标 0，未达标 1，平均缺口 144.00，最大缺口 144.00，失败托盘互借修复成功 0。
  - KPI：near/mid/deep=0/0/1，救回率=0.00%，pair效率=0.00%。
  - 耗时拆解：packing=0.04s，main_topup=0.00s，retry=0.00s，failed_pool=0.00s，repack=0.00s，total=0.04s。
正在处理托盘类型：MH423C，销售订单号：LAID16316DN01S
  - 主算法：全局列式装箱 + 柱级组合优化（GCP）。
  - 失败托盘互借诊断：未合并（no_target_or_single_plan）。
托盘类型 MH423C（销售订单号：LAID16316DN01S）处理完成：总托盘 1，指数达标 0，未达标 1，平均缺口 120.00，最大缺口 120.00，失败托盘互借修复成功 0。
  - KPI：near/mid/deep=0/0/1，救回率=0.00%，pair效率=0.00%。
  - 耗时拆解：packing=0.10s，main_topup=0.00s，retry=0.00s，failed_pool=0.00s，repack=0.00s，total=0.10s。
正在处理托盘类型：MH423C，销售订单号：LAID16316DN02S
  - 主算法：全局列式装箱 + 柱级组合优化（GCP）。
  - 失败托盘互借诊断：未合并（no_target_or_single_plan）。
托盘类型 MH423C（销售订单号：LAID16316DN02S）处理完成：总托盘 1，指数达标 0，未达标 1，平均缺口 168.00，最大缺口 168.00，失败托盘互借修复成功 0。
  - KPI：near/mid/deep=0/0/1，救回率=0.00%，pair效率=0.00%。
  - 耗时拆解：packing=0.01s，main_topup=0.00s，retry=0.00s，failed_pool=0.00s，repack=0.00s，total=0.01s。
正在处理托盘类型：MH423C，销售订单号：PAIN26310GC02S
  - 主算法：全局列式装箱 + 柱级组合优化（GCP）。
  - 失败托盘互借诊断：未合并（no_target_or_single_plan）。
托盘类型 MH423C（销售订单号：PAIN26310GC02S）处理完成：总托盘 1，指数达标 0，未达标 1，平均缺口 132.00，最大缺口 132.00，失败托盘互借修复成功 0。
  - KPI：near/mid/deep=0/0/1，救回率=0.00%，pair效率=0.00%。
  - 耗时拆解：packing=0.16s，main_topup=0.00s，retry=0.00s，failed_pool=0.00s，repack=0.00s，total=0.16s。
  - 失败盘装满压实：合并/吸收 1 次（纯减盘数）。
  - 跨子组装满压实（MH423C / PAID16290FN01S）：合并 1 次（纯减盘数）。
  - 失败盘装满压实：合并/吸收 1 次（纯减盘数）。
  - 跨子组装满压实（MH423C / PAID16296DN01S）：合并 1 次（纯减盘数）。
  - 失败盘装满压实：合并/吸收 1 次（纯减盘数）。
  - 跨子组装满压实（MH423C / PAID16306DN01S）：合并 1 次（纯减盘数）。
  - 失败盘装满压实：合并/吸收 1 次（纯减盘数）。
  - 跨子组装满压实（MH423C / LAMY16305FN01S）：合并 1 次（纯减盘数）。
  - 跨子组条件双路径（MH423C / LFEG16300IN02S）：采用严格更优完整路径。
  - 失败盘装满压实：合并/吸收 1 次（纯减盘数）。
  - 跨子组装满压实（MH423C / LFEG16300IN03S）：合并 1 次（纯减盘数）。
  - 失败盘装满压实：合并/吸收 1 次（纯减盘数）。
  - 跨子组装满压实（MH423C / LAID16305BN03S）：合并 1 次（纯减盘数）。
  - 失败盘装满压实：合并/吸收 1 次（纯减盘数）。
  - 跨子组装满压实（MH423C / LAID16306DN02S）：合并 1 次（纯减盘数）。
========================================
统计汇总：总托盘 75，指数达标 0，未达标 75，未知 0，平均缺口 143.21，最大缺口 191.50，失败托盘互借修复成功 0
KPI汇总：near/mid/deep=0/4/71，pair尝试=0，pair改进=0，pair效率=0.00%
耗时汇总：packing=72.24s，main_topup=0.13s，retry=0.00s，repack=26.40s，end_to_end=163.51s
========================================
[WCS-装] SUCCESS 产品码 0 个，DB 更新达标 0 行；FAILED 盘 75 个保持未达标。
[WCS-装] 本轮结束；等待下一次「新插入」再开算。
[WCS-装] 本轮无达标托盘，跳过 success 目录写入。
[WCS-装] 未达标方案已保存：D:\research_code\final\zhuang\packing-workspace\output\fail\packing_plan_20260724_143129.json
[WCS-装] 无达标托盘，跳过 wcs_plan / wcs_plan_map 写入。
[WCS-装] 已跳过接口 2 推送（仅本地保存）。
[UI-RESULT] D:\research_code\final\zhuang\packing-workspace\output\fail\packing_plan_20260724_143129.json
[WCS-装] 等待数据库新插入（有新 product_code 才开算）…
============================================================
[WCS-拉] 20260724_143446：拉取接口 1 …
[WCS-拉] 原始响应已保存：D:\research_code\final\zhuang\packing-workspace\input\raw\20260724_143446.json
[WCS-拉] 已剔除 case_type≠MH423C 的品类 113 条（类型：['MH113', 'WR246']），保留 1228 条。
[WCS-DB] product_code 已存在、跳过 1228 条
[WCS-拉] 落库完成：候选 1228 条，新插入 0 条（新行 up_to_standard=0）。
[WCS-拉] 无新插入 → 不触发装箱。
============================================================
[WCS-拉] 20260724_143806：拉取接口 1 …
[WCS-拉] 原始响应已保存：D:\research_code\final\zhuang\packing-workspace\input\raw\20260724_143806.json
[WCS-拉] 已剔除 case_type≠MH423C 的品类 113 条（类型：['MH113', 'WR246']），保留 1230 条。
[WCS-DB] product_code 已存在、跳过 1230 条
[WCS-拉] 落库完成：候选 1230 条，新插入 0 条（新行 up_to_standard=0）。
[WCS-拉] 无新插入 → 不触发装箱。
============================================================
[WCS-拉] 20260724_144126：拉取接口 1 …
[WCS-拉] 原始响应已保存：D:\research_code\final\zhuang\packing-workspace\input\raw\20260724_144126.json
[WCS-拉] 已剔除 case_type≠MH423C 的品类 113 条（类型：['MH113', 'WR246']），保留 1230 条。
[WCS-DB] product_code 已存在、跳过 1230 条
[WCS-拉] 落库完成：候选 1230 条，新插入 0 条（新行 up_to_standard=0）。
[WCS-拉] 无新插入 → 不触发装箱。
============================================================
[WCS-拉] 20260724_144447：拉取接口 1 …
[WCS-拉] 原始响应已保存：D:\research_code\final\zhuang\packing-workspace\input\raw\20260724_144447.json
[WCS-拉] 已剔除 case_type≠MH423C 的品类 113 条（类型：['MH113', 'WR246']），保留 1234 条。
[WCS-DB] product_code 已存在、跳过 1227 条
[WCS-拉] 落库完成：候选 1234 条，新插入 7 条（新行 up_to_standard=0）。
[WCS-拉] 有新插入 → 唤醒装箱线程。
[WCS] 已加载 BMS 参考表：D:\research_code\final\zhuang\packing-workspace\data\selected_5000_boxes_9_1_concentrated_3orders.xlsx
============================================================
[WCS-装] 20260724_144450：未达标行 1564 条，开始装箱 …
[WCS-装] 展开为 1564 个箱子。
数据预处理和箱子分组完成（按托盘类型+销售订单号）。
----------------------------------------
  - 组内子聚类：11 个混合订单拆出规则子集走 GCP、杂箱走 baseline。
正在处理托盘类型：MH423C，销售订单号：PAID16280FN01S
  - 该分组不适合列式（多非满柱）→ 回退 beam + 配方优先。
  - 配方优先[fast]：规划 0 实例，实装成功 0，配方路径不可用 → 采用基线方案。
  - 指数诊断：箱子 1 个，总指数 4，目标 192，理论最多达标托盘 0 个，剩余指数 4。
  - 几何诊断：典型整层堆叠单盘参考上限 4/192。 当前目标可能受托盘高度/箱型组合限制。
  - 几何诊断提示：典型整层参考值 4 < 目标 192；该值不是不可达证明，继续执行指数救援。
  - 失败托盘互借诊断：未合并（no_target_or_single_plan）。
托盘类型 MH423C（销售订单号：PAID16280FN01S）处理完成：总托盘 1，指数达标 0，未达标 1，平均缺口 188.00，最大缺口 188.00，失败托盘互借修复成功 0。
  - KPI：near/mid/deep=0/0/1，救回率=0.00%，pair效率=0.00%。
  - 耗时拆解：packing=0.00s，main_topup=0.00s，retry=0.00s，failed_pool=0.00s，repack=0.00s，total=0.00s。
正在处理托盘类型：MH423C，销售订单号：LFEG16290IN01S
  - 该分组不适合列式（多非满柱）→ 回退 beam + 配方优先。
  - 托盘 MH423C-LFEG16290IN01S-1 未找到可行装箱方案，启用剩余箱子守恒兜底。
  - 配方优先[fast]：规划 0 实例，实装成功 0，配方路径不可用 → 采用基线方案。
  - 指数诊断：箱子 9 个，总指数 17，目标 192，理论最多达标托盘 0 个，剩余指数 17。
  - 几何诊断：典型整层堆叠单盘参考上限 12/192。 当前目标可能受托盘高度/箱型组合限制。
  - 几何诊断提示：典型整层参考值 12 < 目标 192；该值不是不可达证明，继续执行指数救援。
  - 失败盘装满压实：合并/吸收 2 次（纯减盘数）。
  - 失败托盘互借诊断：未合并（aborted_no_improvement_possible）。
托盘类型 MH423C（销售订单号：LFEG16290IN01S）处理完成：总托盘 2，指数达标 0，未达标 2，平均缺口 183.50，最大缺口 187.00，失败托盘互借修复成功 0。
  - KPI：near/mid/deep=0/0/2，救回率=0.00%，pair效率=0.00%。
  - 耗时拆解：packing=0.02s，main_topup=0.00s，retry=0.00s，failed_pool=0.00s，repack=0.17s，total=0.27s。
正在处理托盘类型：MH423C，销售订单号：LFEG16290IN02S
  - 该分组不适合列式（多非满柱）→ 回退 beam + 配方优先。
  - 配方优先[fast]：规划 0 实例，实装成功 0，配方路径不可用 → 采用基线方案。
  - 指数诊断：箱子 33 个，总指数 33.5，目标 192，理论最多达标托盘 0 个，剩余指数 33.5。
  - 几何诊断：典型整层堆叠单盘参考上限 28.5/192。 当前目标可能受托盘高度/箱型组合限制。
  - 几何诊断提示：典型整层参考值 28.5 < 目标 192；该值不是不可达证明，继续执行指数救援。
  - 失败托盘互借诊断：未合并（no_target_or_single_plan）。
托盘类型 MH423C（销售订单号：LFEG16290IN02S）处理完成：总托盘 1，指数达标 0，未达标 1，平均缺口 158.50，最大缺口 158.50，失败托盘互借修复成功 0。
  - KPI：near/mid/deep=0/0/1，救回率=0.00%，pair效率=0.00%。
  - 耗时拆解：packing=0.28s，main_topup=0.00s，retry=0.00s，failed_pool=0.00s，repack=0.00s，total=0.29s。
正在处理托盘类型：MH423C，销售订单号：LAID16306DN01S
  - 该分组不适合列式（多非满柱）→ 回退 beam + 配方优先。
  - 配方优先[fast]：规划 0 实例，实装成功 0，配方路径不可用 → 采用基线方案。
  - 指数诊断：箱子 50 个，总指数 88，目标 192，理论最多达标托盘 0 个，剩余指数 88。
  - 几何诊断：典型整层堆叠单盘参考上限 65/192。 当前目标可能受托盘高度/箱型组合限制。
  - 几何诊断提示：典型整层参考值 65 < 目标 192；该值不是不可达证明，继续执行指数救援。
  - 失败托盘互借诊断：未合并（aborted_no_improvement_possible）。
托盘类型 MH423C（销售订单号：LAID16306DN01S）处理完成：总托盘 2，指数达标 0，未达标 2，平均缺口 148.00，最大缺口 182.00，失败托盘互借修复成功 0。
  - KPI：near/mid/deep=0/0/2，救回率=0.00%，pair效率=0.00%。
  - 耗时拆解：packing=0.25s，main_topup=0.00s，retry=0.00s，failed_pool=0.00s，repack=0.55s，total=1.55s。
正在处理托盘类型：MH423C，销售订单号：LAID16296DN01S
  - 主算法：全局列式装箱 + 柱级组合优化（GCP）。
  - 失败托盘互借诊断：未合并（no_target_or_single_plan）。
托盘类型 MH423C（销售订单号：LAID16296DN01S）处理完成：总托盘 1，指数达标 0，未达标 1，平均缺口 151.50，最大缺口 151.50，失败托盘互借修复成功 0。
  - KPI：near/mid/deep=0/0/1，救回率=0.00%，pair效率=0.00%。
  - 耗时拆解：packing=0.08s，main_topup=0.00s，retry=0.00s，failed_pool=0.00s，repack=0.00s，total=0.08s。
正在处理托盘类型：MH423C，销售订单号：LAID16296DN01S__SPLITREST__
  - 该分组不适合列式（多非满柱）→ 回退 beam + 配方优先。
  - 配方优先[fast]：规划 0 实例，实装成功 0，配方路径不可用 → 采用基线方案。
  - 指数诊断：箱子 4 个，总指数 8，目标 192，理论最多达标托盘 0 个，剩余指数 8。
  - 几何诊断：典型整层堆叠单盘参考上限 8/192。 当前目标可能受托盘高度/箱型组合限制。
  - 几何诊断提示：典型整层参考值 8 < 目标 192；该值不是不可达证明，继续执行指数救援。
  - 失败托盘互借诊断：未合并（no_target_or_single_plan）。
托盘类型 MH423C（销售订单号：LAID16296DN01S__SPLITREST__）处理完成：总托盘 1，指数达标 0，未达标 1，平均缺口 184.00，最大缺口 184.00，失败托盘互借修复成功 0。
  - KPI：near/mid/deep=0/0/1，救回率=0.00%，pair效率=0.00%。
  - 耗时拆解：packing=0.00s，main_topup=0.00s，retry=0.00s，failed_pool=0.00s，repack=0.00s，total=0.02s。
正在处理托盘类型：MH423C，销售订单号：LAID16296DN02S
  - 主算法：全局列式装箱 + 柱级组合优化（GCP）。
  - GCP 盘数远超理论（CP-SAT 装不满）→ 回退 baseline beam + 配方优先。
  - 托盘 MH423C-LAID16296DN02S-2 未找到可行装箱方案，启用剩余箱子守恒兜底。
  - 配方优先[fast]：规划 0 实例，实装成功 0，配方路径不可用 → 采用基线方案。
  - 指数诊断：箱子 49 个，总指数 164.5，目标 192，理论最多达标托盘 0 个，剩余指数 164.5。
  - 几何诊断：典型整层堆叠单盘参考上限 97/192。 当前目标可能受托盘高度/箱型组合限制。
  - 几何诊断提示：典型整层参考值 97 < 目标 192；该值不是不可达证明，继续执行指数救援。
  - 失败托盘互借诊断：未合并（aborted_no_improvement_possible）。
托盘类型 MH423C（销售订单号：LAID16296DN02S）处理完成：总托盘 4，指数达标 0，未达标 4，平均缺口 150.88，最大缺口 191.00，失败托盘互借修复成功 0。
  - KPI：near/mid/deep=0/0/4，救回率=0.00%，pair效率=0.00%。
  - 耗时拆解：packing=0.35s，main_topup=0.00s，retry=0.00s，failed_pool=0.00s，repack=0.94s，total=2.65s。
正在处理托盘类型：MH423C，销售订单号：LAID16296DN03S
  - 主算法：全局列式装箱 + 柱级组合优化（GCP）。
  - 失败托盘互借诊断：未合并（no_target_or_single_plan）。
托盘类型 MH423C（销售订单号：LAID16296DN03S）处理完成：总托盘 1，指数达标 0，未达标 1，平均缺口 89.00，最大缺口 89.00，失败托盘互借修复成功 0。
  - KPI：near/mid/deep=0/0/1，救回率=0.00%，pair效率=0.00%。
  - 耗时拆解：packing=0.71s，main_topup=0.00s，retry=0.00s，failed_pool=0.00s，repack=0.00s，total=0.71s。
正在处理托盘类型：MH423C，销售订单号：LFEG16290IN03S
  - 该分组不适合列式（多非满柱）→ 回退 beam + 配方优先。
  - 配方优先[fast]：规划 0 实例，实装成功 0，配方路径不可用 → 采用基线方案。
  - 指数诊断：箱子 37 个，总指数 69，目标 192，理论最多达标托盘 0 个，剩余指数 69。
  - 几何诊断：典型整层堆叠单盘参考上限 51/192。 当前目标可能受托盘高度/箱型组合限制。
  - 几何诊断提示：典型整层参考值 51 < 目标 192；该值不是不可达证明，继续执行指数救援。
  - 失败托盘互借诊断：未合并（aborted_no_improvement_possible）。
托盘类型 MH423C（销售订单号：LFEG16290IN03S）处理完成：总托盘 2，指数达标 0，未达标 2，平均缺口 157.50，最大缺口 189.00，失败托盘互借修复成功 0。
  - KPI：near/mid/deep=0/0/2，救回率=0.00%，pair效率=0.00%。
  - 耗时拆解：packing=0.17s，main_topup=0.00s，retry=0.00s，failed_pool=0.00s，repack=0.30s，total=0.92s。
正在处理托盘类型：MH423C，销售订单号：LFEG16310IN02S
  - 该分组不适合列式（多非满柱）→ 回退 beam + 配方优先。
  - 配方优先[fast]：规划 0 实例，实装成功 0，配方路径不可用 → 采用基线方案。
  - 指数诊断：箱子 15 个，总指数 35，目标 192，理论最多达标托盘 0 个，剩余指数 35。
  - 几何诊断：典型整层堆叠单盘参考上限 29/192。 当前目标可能受托盘高度/箱型组合限制。
  - 几何诊断提示：典型整层参考值 29 < 目标 192；该值不是不可达证明，继续执行指数救援。
  - 失败托盘互借诊断：未合并（no_target_or_single_plan）。
托盘类型 MH423C（销售订单号：LFEG16310IN02S）处理完成：总托盘 1，指数达标 0，未达标 1，平均缺口 157.00，最大缺口 157.00，失败托盘互借修复成功 0。
  - KPI：near/mid/deep=0/0/1，救回率=0.00%，pair效率=0.00%。
  - 耗时拆解：packing=0.07s，main_topup=0.00s，retry=0.00s，failed_pool=0.00s，repack=0.00s，total=0.07s。
正在处理托盘类型：MH423C，销售订单号：LFEG16310IN01S
  - 该分组不适合列式（多非满柱）→ 回退 beam + 配方优先。
  - 配方优先[fast]：规划 0 实例，实装成功 0，配方路径不可用 → 采用基线方案。
  - 指数诊断：箱子 17 个，总指数 36，目标 192，理论最多达标托盘 0 个，剩余指数 36。
  - 几何诊断：典型整层堆叠单盘参考上限 30/192。 当前目标可能受托盘高度/箱型组合限制。
  - 几何诊断提示：典型整层参考值 30 < 目标 192；该值不是不可达证明，继续执行指数救援。
  - 失败托盘互借诊断：未合并（no_target_or_single_plan）。
托盘类型 MH423C（销售订单号：LFEG16310IN01S）处理完成：总托盘 1，指数达标 0，未达标 1，平均缺口 156.00，最大缺口 156.00，失败托盘互借修复成功 0。
  - KPI：near/mid/deep=0/0/1，救回率=0.00%，pair效率=0.00%。
  - 耗时拆解：packing=0.09s，main_topup=0.00s，retry=0.00s，failed_pool=0.00s，repack=0.00s，total=0.09s。
正在处理托盘类型：MH423C，销售订单号：PAID16290FN01S
  - 主算法：全局列式装箱 + 柱级组合优化（GCP）。
  - 失败托盘互借诊断：未合并（no_target_or_single_plan）。
托盘类型 MH423C（销售订单号：PAID16290FN01S）处理完成：总托盘 1，指数达标 0，未达标 1，平均缺口 161.00，最大缺口 161.00，失败托盘互借修复成功 0。
  - KPI：near/mid/deep=0/0/1，救回率=0.00%，pair效率=0.00%。
  - 耗时拆解：packing=0.02s，main_topup=0.00s，retry=0.00s，failed_pool=0.00s，repack=0.00s，total=0.02s。
正在处理托盘类型：MH423C，销售订单号：PAID16290FN01S__SPLITREST__
  - 该分组不适合列式（多非满柱）→ 回退 beam + 配方优先。
  - 配方优先[fast]：规划 0 实例，实装成功 0，配方路径不可用 → 采用基线方案。
  - 指数诊断：箱子 1 个，总指数 0.5，目标 192，理论最多达标托盘 0 个，剩余指数 0.5。
  - 几何诊断：典型整层堆叠单盘参考上限 0.5/192。 当前目标可能受托盘高度/箱型组合限制。
  - 几何诊断提示：典型整层参考值 0.5 < 目标 192；该值不是不可达证明，继续执行指数救援。
  - 失败托盘互借诊断：未合并（no_target_or_single_plan）。
托盘类型 MH423C（销售订单号：PAID16290FN01S__SPLITREST__）处理完成：总托盘 1，指数达标 0，未达标 1，平均缺口 191.50，最大缺口 191.50，失败托盘互借修复成功 0。
  - KPI：near/mid/deep=0/0/1，救回率=0.00%，pair效率=0.00%。
  - 耗时拆解：packing=0.00s，main_topup=0.00s，retry=0.00s，failed_pool=0.00s，repack=0.00s，total=0.00s。
正在处理托盘类型：MH423C，销售订单号：PAIN26290BC02S
  - 主算法：全局列式装箱 + 柱级组合优化（GCP）。
  - 失败托盘互借诊断：未合并（no_target_or_single_plan）。
托盘类型 MH423C（销售订单号：PAIN26290BC02S）处理完成：总托盘 1，指数达标 0，未达标 1，平均缺口 84.00，最大缺口 84.00，失败托盘互借修复成功 0。
  - KPI：near/mid/deep=0/0/1，救回率=0.00%，pair效率=0.00%。
  - 耗时拆解：packing=1.23s，main_topup=0.00s，retry=0.00s，failed_pool=0.00s，repack=0.00s，total=1.23s。
正在处理托盘类型：MH423C，销售订单号：PAIN26286EN01S
  - 该分组不适合列式（多非满柱）→ 回退 beam + 配方优先。
  - 配方优先[fast]：规划 0 实例，实装成功 0，配方路径不可用 → 采用基线方案。
  - 指数诊断：箱子 1 个，总指数 2，目标 192，理论最多达标托盘 0 个，剩余指数 2。
  - 几何诊断：典型整层堆叠单盘参考上限 2/192。 当前目标可能受托盘高度/箱型组合限制。
  - 几何诊断提示：典型整层参考值 2 < 目标 192；该值不是不可达证明，继续执行指数救援。
  - 失败托盘互借诊断：未合并（no_target_or_single_plan）。
托盘类型 MH423C（销售订单号：PAIN26286EN01S）处理完成：总托盘 1，指数达标 0，未达标 1，平均缺口 190.00，最大缺口 190.00，失败托盘互借修复成功 0。
  - KPI：near/mid/deep=0/0/1，救回率=0.00%，pair效率=0.00%。
  - 耗时拆解：packing=0.00s，main_topup=0.00s，retry=0.00s，failed_pool=0.00s，repack=0.00s，total=0.00s。
正在处理托盘类型：MH423C，销售订单号：LAID16296DN03S__CASEGROUP__1
  - 主算法：全局列式装箱 + 柱级组合优化（GCP）。
  - 失败托盘互借诊断：未合并（no_target_or_single_plan）。
托盘类型 MH423C（销售订单号：LAID16296DN03S__CASEGROUP__1）处理完成：总托盘 1，指数达标 0，未达标 1，平均缺口 90.00，最大缺口 90.00，失败托盘互借修复成功 0。
  - KPI：near/mid/deep=0/0/1，救回率=0.00%，pair效率=0.00%。
  - 耗时拆解：packing=0.35s，main_topup=0.00s，retry=0.00s，failed_pool=0.00s，repack=0.00s，total=0.35s。
正在处理托盘类型：MH423C，销售订单号：LAID16296DN03S__CASEGROUP__1__SPLITREST__
  - 该分组不适合列式（多非满柱）→ 回退 beam + 配方优先。
  - 配方优先[fast]：规划 0 实例，实装成功 0，配方路径不可用 → 采用基线方案。
  - 指数诊断：箱子 4 个，总指数 2，目标 192，理论最多达标托盘 0 个，剩余指数 2。
  - 几何诊断：典型整层堆叠单盘参考上限 2/192。 当前目标可能受托盘高度/箱型组合限制。
  - 几何诊断提示：典型整层参考值 2 < 目标 192；该值不是不可达证明，继续执行指数救援。
  - 失败托盘互借诊断：未合并（no_target_or_single_plan）。
托盘类型 MH423C（销售订单号：LAID16296DN03S__CASEGROUP__1__SPLITREST__）处理完成：总托盘 1，指数达标 0，未达标 1，平均缺口 190.00，最大缺口 190.00，失败托盘互借修复成功 0。
  - KPI：near/mid/deep=0/0/1，救回率=0.00%，pair效率=0.00%。
  - 耗时拆解：packing=0.00s，main_topup=0.00s，retry=0.00s，failed_pool=0.00s，repack=0.00s，total=0.02s。
正在处理托盘类型：MH423C，销售订单号：LAMY16315FN01S
  - 主算法：全局列式装箱 + 柱级组合优化（GCP）。
  - 失败托盘互借诊断：未合并（no_target_or_single_plan）。
托盘类型 MH423C（销售订单号：LAMY16315FN01S）处理完成：总托盘 1，指数达标 0，未达标 1，平均缺口 21.00，最大缺口 21.00，失败托盘互借修复成功 0。
  - KPI：near/mid/deep=0/1/0，救回率=0.00%，pair效率=0.00%。
  - 耗时拆解：packing=0.93s，main_topup=0.00s，retry=0.00s，failed_pool=0.00s，repack=0.00s，total=0.94s。
正在处理托盘类型：MH423C，销售订单号：LAMY16315FN01S__SPLITREST__
  - 该分组不适合列式（多非满柱）→ 回退 beam + 配方优先。
  - 配方优先[fast]：规划 0 实例，实装成功 0，配方路径不可用 → 采用基线方案。
  - 指数诊断：箱子 1 个，总指数 0.5，目标 192，理论最多达标托盘 0 个，剩余指数 0.5。
  - 几何诊断：典型整层堆叠单盘参考上限 0.5/192。 当前目标可能受托盘高度/箱型组合限制。
  - 几何诊断提示：典型整层参考值 0.5 < 目标 192；该值不是不可达证明，继续执行指数救援。
  - 失败托盘互借诊断：未合并（no_target_or_single_plan）。
托盘类型 MH423C（销售订单号：LAMY16315FN01S__SPLITREST__）处理完成：总托盘 1，指数达标 0，未达标 1，平均缺口 191.50，最大缺口 191.50，失败托盘互借修复成功 0。
  - KPI：near/mid/deep=0/0/1，救回率=0.00%，pair效率=0.00%。
  - 耗时拆解：packing=0.00s，main_topup=0.00s，retry=0.00s，failed_pool=0.00s，repack=0.00s，total=0.00s。
正在处理托盘类型：MH423C，销售订单号：LAID16305BN02S
  - 主算法：全局列式装箱 + 柱级组合优化（GCP）。
  - 失败托盘互借诊断：未合并（no_target_or_single_plan）。
托盘类型 MH423C（销售订单号：LAID16305BN02S）处理完成：总托盘 1，指数达标 0，未达标 1，平均缺口 128.50，最大缺口 128.50，失败托盘互借修复成功 0。
  - KPI：near/mid/deep=0/0/1，救回率=0.00%，pair效率=0.00%。
  - 耗时拆解：packing=0.47s，main_topup=0.00s，retry=0.00s，failed_pool=0.00s，repack=0.00s，total=0.47s。
正在处理托盘类型：MH423C，销售订单号：PAID16280FC02S
  - 主算法：全局列式装箱 + 柱级组合优化（GCP）。
  - GCP 盘数远超理论（CP-SAT 装不满）→ 回退 baseline beam + 配方优先。
  - 配方优先[fast]：规划 0 实例，实装成功 0，配方路径不可用 → 采用基线方案。
  - 指数诊断：箱子 4 个，总指数 16，目标 192，理论最多达标托盘 0 个，剩余指数 16。
  - 几何诊断：典型整层堆叠单盘参考上限 16/192。 当前目标可能受托盘高度/箱型组合限制。
  - 几何诊断提示：典型整层参考值 16 < 目标 192；该值不是不可达证明，继续执行指数救援。
  - 失败托盘互借诊断：未合并（no_target_or_single_plan）。
托盘类型 MH423C（销售订单号：PAID16280FC02S）处理完成：总托盘 1，指数达标 0，未达标 1，平均缺口 176.00，最大缺口 176.00，失败托盘互借修复成功 0。
  - KPI：near/mid/deep=0/0/1，救回率=0.00%，pair效率=0.00%。
  - 耗时拆解：packing=0.00s，main_topup=0.00s，retry=0.00s，failed_pool=0.00s，repack=0.00s，total=0.02s。
正在处理托盘类型：MH423C，销售订单号：PAID16290FC02S
  - 该分组不适合列式（多非满柱）→ 回退 beam + 配方优先。
  - 配方优先[fast]：规划 0 实例，实装成功 0，配方路径不可用 → 采用基线方案。
  - 指数诊断：箱子 6 个，总指数 14，目标 192，理论最多达标托盘 0 个，剩余指数 14。
  - 几何诊断：典型整层堆叠单盘参考上限 14/192。 当前目标可能受托盘高度/箱型组合限制。
  - 几何诊断提示：典型整层参考值 14 < 目标 192；该值不是不可达证明，继续执行指数救援。
  - 失败托盘互借诊断：未合并（no_target_or_single_plan）。
托盘类型 MH423C（销售订单号：PAID16290FC02S）处理完成：总托盘 1，指数达标 0，未达标 1，平均缺口 178.00，最大缺口 178.00，失败托盘互借修复成功 0。
  - KPI：near/mid/deep=0/0/1，救回率=0.00%，pair效率=0.00%。
  - 耗时拆解：packing=0.01s，main_topup=0.00s，retry=0.00s，failed_pool=0.00s，repack=0.00s，total=0.05s。
正在处理托盘类型：MH423C，销售订单号：PEG146296CN01S
  - 主算法：全局列式装箱 + 柱级组合优化（GCP）。
  - 失败托盘互借诊断：未合并（no_target_or_single_plan）。
托盘类型 MH423C（销售订单号：PEG146296CN01S）处理完成：总托盘 1，指数达标 0，未达标 1，平均缺口 68.00，最大缺口 68.00，失败托盘互借修复成功 0。
  - KPI：near/mid/deep=0/0/1，救回率=0.00%，pair效率=0.00%。
  - 耗时拆解：packing=0.30s，main_topup=0.00s，retry=0.00s，failed_pool=0.00s，repack=0.00s，total=0.30s。
正在处理托盘类型：MH423C，销售订单号：PAID16295BN01S
  - 主算法：全局列式装箱 + 柱级组合优化（GCP）。
  - 失败托盘互借诊断：未合并（aborted_no_improvement_possible）。
托盘类型 MH423C（销售订单号：PAID16295BN01S）处理完成：总托盘 2，指数达标 0，未达标 2，平均缺口 95.75，最大缺口 161.50，失败托盘互借修复成功 0。
  - KPI：near/mid/deep=0/0/2，救回率=0.00%，pair效率=0.00%。
  - 耗时拆解：packing=53.93s，main_topup=0.00s，retry=0.00s，failed_pool=0.00s，repack=2.55s，total=56.48s。
  - 条件双路径棘轮：替代完整路径通过守恒和最终门禁，严格优于 GCP，已采用。
正在处理托盘类型：MH423C，销售订单号：PAID16296DN01S
  - 主算法：全局列式装箱 + 柱级组合优化（GCP）。
  - 失败托盘互借诊断：未合并（no_target_or_single_plan）。
托盘类型 MH423C（销售订单号：PAID16296DN01S）处理完成：总托盘 1，指数达标 0，未达标 1，平均缺口 132.50，最大缺口 132.50，失败托盘互借修复成功 0。
  - KPI：near/mid/deep=0/0/1，救回率=0.00%，pair效率=0.00%。
  - 耗时拆解：packing=1.24s，main_topup=0.00s，retry=0.00s，failed_pool=0.00s，repack=0.00s，total=1.24s。
正在处理托盘类型：MH423C，销售订单号：PAID16296DN01S__SPLITREST__
  - 该分组不适合列式（多非满柱）→ 回退 beam + 配方优先。
  - 配方优先[fast]：规划 0 实例，实装成功 0，配方路径不可用 → 采用基线方案。
  - 指数诊断：箱子 3 个，总指数 6，目标 192，理论最多达标托盘 0 个，剩余指数 6。
  - 几何诊断：典型整层堆叠单盘参考上限 6/192。 当前目标可能受托盘高度/箱型组合限制。
  - 几何诊断提示：典型整层参考值 6 < 目标 192；该值不是不可达证明，继续执行指数救援。
  - 失败托盘互借诊断：未合并（no_target_or_single_plan）。
托盘类型 MH423C（销售订单号：PAID16296DN01S__SPLITREST__）处理完成：总托盘 1，指数达标 0，未达标 1，平均缺口 186.00，最大缺口 186.00，失败托盘互借修复成功 0。
  - KPI：near/mid/deep=0/0/1，救回率=0.00%，pair效率=0.00%。
  - 耗时拆解：packing=0.00s，main_topup=0.00s，retry=0.00s，failed_pool=0.00s，repack=0.00s，total=0.01s。
正在处理托盘类型：MH423C，销售订单号：LAID16305EN01S
  - 该分组不适合列式（多非满柱）→ 回退 beam + 配方优先。
  - 配方优先[fast]：规划 0 实例，实装成功 0，配方路径不可用 → 采用基线方案。
  - 指数诊断：箱子 31 个，总指数 87.5，目标 192，理论最多达标托盘 0 个，剩余指数 87.5。
  - 几何诊断：典型整层堆叠单盘参考上限 67/192。 当前目标可能受托盘高度/箱型组合限制。
  - 几何诊断提示：典型整层参考值 67 < 目标 192；该值不是不可达证明，继续执行指数救援。
  - 失败托盘互借诊断：未合并（no_target_or_single_plan）。
托盘类型 MH423C（销售订单号：LAID16305EN01S）处理完成：总托盘 1，指数达标 0，未达标 1，平均缺口 104.50，最大缺口 104.50，失败托盘互借修复成功 0。
  - KPI：near/mid/deep=0/0/1，救回率=0.00%，pair效率=0.00%。
  - 耗时拆解：packing=0.11s，main_topup=0.00s，retry=0.00s，failed_pool=0.00s，repack=0.00s，total=0.41s。
正在处理托盘类型：MH423C，销售订单号：PAID16295EL05S
  - 该分组不适合列式（多非满柱）→ 回退 beam + 配方优先。
  - 配方优先[fast]：规划 0 实例，实装成功 0，配方路径不可用 → 采用基线方案。
  - 指数诊断：箱子 1 个，总指数 2，目标 192，理论最多达标托盘 0 个，剩余指数 2。
  - 几何诊断：典型整层堆叠单盘参考上限 2/192。 当前目标可能受托盘高度/箱型组合限制。
  - 几何诊断提示：典型整层参考值 2 < 目标 192；该值不是不可达证明，继续执行指数救援。
  - 失败托盘互借诊断：未合并（no_target_or_single_plan）。
托盘类型 MH423C（销售订单号：PAID16295EL05S）处理完成：总托盘 1，指数达标 0，未达标 1，平均缺口 190.00，最大缺口 190.00，失败托盘互借修复成功 0。
  - KPI：near/mid/deep=0/0/1，救回率=0.00%，pair效率=0.00%。
  - 耗时拆解：packing=0.00s，main_topup=0.00s，retry=0.00s，failed_pool=0.00s，repack=0.00s，total=0.00s。
正在处理托盘类型：MH423C，销售订单号：PAID16290FL03S
  - 该分组不适合列式（多非满柱）→ 回退 beam + 配方优先。
  - 配方优先[fast]：规划 0 实例，实装成功 0，配方路径不可用 → 采用基线方案。
  - 指数诊断：箱子 3 个，总指数 6，目标 192，理论最多达标托盘 0 个，剩余指数 6。
  - 几何诊断：典型整层堆叠单盘参考上限 6/192。 当前目标可能受托盘高度/箱型组合限制。
  - 几何诊断提示：典型整层参考值 6 < 目标 192；该值不是不可达证明，继续执行指数救援。
  - 失败托盘互借诊断：未合并（no_target_or_single_plan）。
托盘类型 MH423C（销售订单号：PAID16290FL03S）处理完成：总托盘 1，指数达标 0，未达标 1，平均缺口 186.00，最大缺口 186.00，失败托盘互借修复成功 0。
  - KPI：near/mid/deep=0/0/1，救回率=0.00%，pair效率=0.00%。
  - 耗时拆解：packing=0.00s，main_topup=0.00s，retry=0.00s，failed_pool=0.00s，repack=0.00s，total=0.01s。
正在处理托盘类型：MH423C，销售订单号：PAID16306DN01S
  - 主算法：全局列式装箱 + 柱级组合优化（GCP）。
  - 失败托盘互借诊断：未合并（no_target_or_single_plan）。
托盘类型 MH423C（销售订单号：PAID16306DN01S）处理完成：总托盘 1，指数达标 0，未达标 1，平均缺口 170.00，最大缺口 170.00，失败托盘互借修复成功 0。
  - KPI：near/mid/deep=0/0/1，救回率=0.00%，pair效率=0.00%。
  - 耗时拆解：packing=0.09s，main_topup=0.00s，retry=0.00s，failed_pool=0.00s，repack=0.00s，total=0.09s。
正在处理托盘类型：MH423C，销售订单号：PAID16306DN01S__SPLITREST__
  - 该分组不适合列式（多非满柱）→ 回退 beam + 配方优先。
  - 配方优先[fast]：规划 0 实例，实装成功 0，配方路径不可用 → 采用基线方案。
  - 指数诊断：箱子 2 个，总指数 1，目标 192，理论最多达标托盘 0 个，剩余指数 1。
  - 几何诊断：典型整层堆叠单盘参考上限 1/192。 当前目标可能受托盘高度/箱型组合限制。
  - 几何诊断提示：典型整层参考值 1 < 目标 192；该值不是不可达证明，继续执行指数救援。
  - 失败托盘互借诊断：未合并（no_target_or_single_plan）。
托盘类型 MH423C（销售订单号：PAID16306DN01S__SPLITREST__）处理完成：总托盘 1，指数达标 0，未达标 1，平均缺口 191.00，最大缺口 191.00，失败托盘互借修复成功 0。
  - KPI：near/mid/deep=0/0/1，救回率=0.00%，pair效率=0.00%。
  - 耗时拆解：packing=0.00s，main_topup=0.00s，retry=0.00s，failed_pool=0.00s，repack=0.00s，total=0.00s。
正在处理托盘类型：MH423C，销售订单号：LAMY16305FN01S
  - 主算法：全局列式装箱 + 柱级组合优化（GCP）。
  - GCP 盘数远超理论（CP-SAT 装不满）→ 回退 baseline beam + 配方优先。
  - 配方优先[fast]：规划 0 实例，实装成功 0，配方路径不可用 → 采用基线方案。
  - 指数诊断：箱子 66 个，总指数 125.5，目标 192，理论最多达标托盘 0 个，剩余指数 125.5。
  - 几何诊断：典型整层堆叠单盘参考上限 92/192。 当前目标可能受托盘高度/箱型组合限制。
  - 几何诊断提示：典型整层参考值 92 < 目标 192；该值不是不可达证明，继续执行指数救援。
  - 失败托盘互借诊断：未合并（aborted_no_improvement_possible）。
托盘类型 MH423C（销售订单号：LAMY16305FN01S）处理完成：总托盘 2，指数达标 0，未达标 2，平均缺口 129.25，最大缺口 188.00，失败托盘互借修复成功 0。
  - KPI：near/mid/deep=0/0/2，救回率=0.00%，pair效率=0.00%。
  - 耗时拆解：packing=0.73s，main_topup=0.01s，retry=0.00s，failed_pool=0.00s，repack=1.29s，total=5.66s。
正在处理托盘类型：MH423C，销售订单号：LAMY16305FN01S__SPLITREST__
  - 该分组不适合列式（多非满柱）→ 回退 beam + 配方优先。
  - 配方优先[fast]：规划 0 实例，实装成功 0，配方路径不可用 → 采用基线方案。
  - 指数诊断：箱子 1 个，总指数 6，目标 192，理论最多达标托盘 0 个，剩余指数 6。
  - 几何诊断：典型整层堆叠单盘参考上限 6/192。 当前目标可能受托盘高度/箱型组合限制。
  - 几何诊断提示：典型整层参考值 6 < 目标 192；该值不是不可达证明，继续执行指数救援。
  - 失败托盘互借诊断：未合并（no_target_or_single_plan）。
托盘类型 MH423C（销售订单号：LAMY16305FN01S__SPLITREST__）处理完成：总托盘 1，指数达标 0，未达标 1，平均缺口 186.00，最大缺口 186.00，失败托盘互借修复成功 0。
  - KPI：near/mid/deep=0/0/1，救回率=0.00%，pair效率=0.00%。
  - 耗时拆解：packing=0.00s，main_topup=0.00s，retry=0.00s，failed_pool=0.00s，repack=0.00s，total=0.00s。
正在处理托盘类型：MH423C，销售订单号：PAID16300FN01S
  - 该分组不适合列式（多非满柱）→ 回退 beam + 配方优先。
  - 配方优先[fast]：规划 0 实例，实装成功 0，配方路径不可用 → 采用基线方案。
  - 指数诊断：箱子 8 个，总指数 19，目标 192，理论最多达标托盘 0 个，剩余指数 19。
  - 几何诊断：典型整层堆叠单盘参考上限 19/192。 当前目标可能受托盘高度/箱型组合限制。
  - 几何诊断提示：典型整层参考值 19 < 目标 192；该值不是不可达证明，继续执行指数救援。
  - 失败托盘互借诊断：未合并（no_target_or_single_plan）。
托盘类型 MH423C（销售订单号：PAID16300FN01S）处理完成：总托盘 1，指数达标 0，未达标 1，平均缺口 173.00，最大缺口 173.00，失败托盘互借修复成功 0。
  - KPI：near/mid/deep=0/0/1，救回率=0.00%，pair效率=0.00%。
  - 耗时拆解：packing=0.01s，main_topup=0.00s，retry=0.00s，failed_pool=0.00s，repack=0.00s，total=0.04s。
正在处理托盘类型：MH423C，销售订单号：PAID16295BD02S
  - 主算法：全局列式装箱 + 柱级组合优化（GCP）。
  - 失败托盘互借诊断：未合并（no_target_or_single_plan）。
托盘类型 MH423C（销售订单号：PAID16295BD02S）处理完成：总托盘 1，指数达标 0，未达标 1，平均缺口 156.00，最大缺口 156.00，失败托盘互借修复成功 0。
  - KPI：near/mid/deep=0/0/1，救回率=0.00%，pair效率=0.00%。
  - 耗时拆解：packing=0.07s，main_topup=0.00s，retry=0.00s，failed_pool=0.00s，repack=0.00s，total=0.07s。
正在处理托盘类型：MH423C，销售订单号：LFEG16300IN02S
  - 主算法：全局列式装箱 + 柱级组合优化（GCP）。
  - GCP 盘数远超理论（CP-SAT 装不满）→ 回退 baseline beam + 配方优先。
  - 配方优先[fast]：规划 0 实例，实装成功 0，配方路径不可用 → 采用基线方案。
  - 指数诊断：箱子 111 个，总指数 216.5，目标 192，理论最多达标托盘 1 个，剩余指数 24.5。
  - 几何诊断：典型整层堆叠单盘参考上限 138/192。 当前目标可能受托盘高度/箱型组合限制。
  - 几何诊断提示：典型整层参考值 138 < 目标 192；该值不是不可达证明，继续执行指数救援。
  - 失败托盘互借诊断：未合并（aborted_no_improvement_possible）。
托盘类型 MH423C（销售订单号：LFEG16300IN02S）处理完成：总托盘 2，指数达标 0，未达标 2，平均缺口 83.75，最大缺口 155.50，失败托盘互借修复成功 0。
  - KPI：near/mid/deep=0/1/1，救回率=0.00%，pair效率=0.00%。
  - 耗时拆解：packing=1.25s，main_topup=0.11s，retry=0.00s，failed_pool=16.11s，repack=21.39s，total=48.99s。
正在处理托盘类型：MH423C，销售订单号：LFEG16300IN02S__SPLITREST__
  - 该分组不适合列式（多非满柱）→ 回退 beam + 配方优先。
  - 配方优先[fast]：规划 0 实例，实装成功 0，配方路径不可用 → 采用基线方案。
  - 指数诊断：箱子 2 个，总指数 4，目标 192，理论最多达标托盘 0 个，剩余指数 4。
  - 几何诊断：典型整层堆叠单盘参考上限 4/192。 当前目标可能受托盘高度/箱型组合限制。
  - 几何诊断提示：典型整层参考值 4 < 目标 192；该值不是不可达证明，继续执行指数救援。
  - 失败托盘互借诊断：未合并（no_target_or_single_plan）。
托盘类型 MH423C（销售订单号：LFEG16300IN02S__SPLITREST__）处理完成：总托盘 1，指数达标 0，未达标 1，平均缺口 188.00，最大缺口 188.00，失败托盘互借修复成功 0。
  - KPI：near/mid/deep=0/0/1，救回率=0.00%，pair效率=0.00%。
  - 耗时拆解：packing=0.00s，main_topup=0.00s，retry=0.00s，failed_pool=0.00s，repack=0.00s，total=0.01s。
正在处理托盘类型：MH423C，销售订单号：LAID16305BN01S
  - 主算法：全局列式装箱 + 柱级组合优化（GCP）。
  - GCP 盘数远超理论（CP-SAT 装不满）→ 回退 baseline beam + 配方优先。
  - 配方优先[fast]：规划 0 实例，实装成功 0，配方路径不可用 → 采用基线方案。
  - 指数诊断：箱子 54 个，总指数 129，目标 192，理论最多达标托盘 0 个，剩余指数 129。
  - 几何诊断：典型整层堆叠单盘参考上限 104.5/192。 当前目标可能受托盘高度/箱型组合限制。
  - 几何诊断提示：典型整层参考值 104.5 < 目标 192；该值不是不可达证明，继续执行指数救援。
  - 失败托盘互借诊断：未合并（aborted_no_improvement_possible）。
托盘类型 MH423C（销售订单号：LAID16305BN01S）处理完成：总托盘 2，指数达标 0，未达标 2，平均缺口 127.50，最大缺口 172.00，失败托盘互借修复成功 0。
  - KPI：near/mid/deep=0/0/2，救回率=0.00%，pair效率=0.00%。
  - 耗时拆解：packing=1.09s，main_topup=0.00s，retry=0.00s，failed_pool=0.00s，repack=0.69s，total=2.57s。
正在处理托盘类型：MH423C，销售订单号：LFEG16310IN03S
  - 主算法：全局列式装箱 + 柱级组合优化（GCP）。
  - 失败托盘互借诊断：未合并（no_target_or_single_plan）。
托盘类型 MH423C（销售订单号：LFEG16310IN03S）处理完成：总托盘 1，指数达标 0，未达标 1，平均缺口 159.00，最大缺口 159.00，失败托盘互借修复成功 0。
  - KPI：near/mid/deep=0/0/1，救回率=0.00%，pair效率=0.00%。
  - 耗时拆解：packing=0.03s，main_topup=0.00s，retry=0.00s，failed_pool=0.00s，repack=0.00s，total=0.03s。
正在处理托盘类型：MH423C，销售订单号：LFEG16300IN01S
  - 该分组不适合列式（多非满柱）→ 回退 beam + 配方优先。
  - 配方优先[fast]：规划 0 实例，实装成功 0，配方路径不可用 → 采用基线方案。
  - 指数诊断：箱子 18 个，总指数 29.5，目标 192，理论最多达标托盘 0 个，剩余指数 29.5。
  - 几何诊断：典型整层堆叠单盘参考上限 28.5/192。 当前目标可能受托盘高度/箱型组合限制。
  - 几何诊断提示：典型整层参考值 28.5 < 目标 192；该值不是不可达证明，继续执行指数救援。
  - 失败托盘互借诊断：未合并（no_target_or_single_plan）。
托盘类型 MH423C（销售订单号：LFEG16300IN01S）处理完成：总托盘 1，指数达标 0，未达标 1，平均缺口 162.50，最大缺口 162.50，失败托盘互借修复成功 0。
  - KPI：near/mid/deep=0/0/1，救回率=0.00%，pair效率=0.00%。
  - 耗时拆解：packing=0.10s，main_topup=0.00s，retry=0.00s，failed_pool=0.00s，repack=0.00s，total=0.10s。
正在处理托盘类型：MH423C，销售订单号：LFEG16300IN03S
  - 主算法：全局列式装箱 + 柱级组合优化（GCP）。
  - 失败托盘互借诊断：未合并（no_target_or_single_plan）。
托盘类型 MH423C（销售订单号：LFEG16300IN03S）处理完成：总托盘 1，指数达标 0，未达标 1，平均缺口 82.00，最大缺口 82.00，失败托盘互借修复成功 0。
  - KPI：near/mid/deep=0/0/1，救回率=0.00%，pair效率=0.00%。
  - 耗时拆解：packing=0.90s，main_topup=0.00s，retry=0.00s，failed_pool=0.00s，repack=0.00s，total=0.90s。
正在处理托盘类型：MH423C，销售订单号：LFEG16300IN03S__SPLITREST__
  - 该分组不适合列式（多非满柱）→ 回退 beam + 配方优先。
  - 配方优先[fast]：规划 0 实例，实装成功 0，配方路径不可用 → 采用基线方案。
  - 指数诊断：箱子 2 个，总指数 4，目标 192，理论最多达标托盘 0 个，剩余指数 4。
  - 几何诊断：典型整层堆叠单盘参考上限 4/192。 当前目标可能受托盘高度/箱型组合限制。
  - 几何诊断提示：典型整层参考值 4 < 目标 192；该值不是不可达证明，继续执行指数救援。
  - 失败托盘互借诊断：未合并（no_target_or_single_plan）。
托盘类型 MH423C（销售订单号：LFEG16300IN03S__SPLITREST__）处理完成：总托盘 1，指数达标 0，未达标 1，平均缺口 188.00，最大缺口 188.00，失败托盘互借修复成功 0。
  - KPI：near/mid/deep=0/0/1，救回率=0.00%，pair效率=0.00%。
  - 耗时拆解：packing=0.00s，main_topup=0.00s，retry=0.00s，failed_pool=0.00s，repack=0.00s，total=0.00s。
正在处理托盘类型：MH423C，销售订单号：LAID16305BN03S
  - 主算法：全局列式装箱 + 柱级组合优化（GCP）。
  - 失败托盘互借诊断：未合并（no_target_or_single_plan）。
托盘类型 MH423C（销售订单号：LAID16305BN03S）处理完成：总托盘 1，指数达标 0，未达标 1，平均缺口 116.00，最大缺口 116.00，失败托盘互借修复成功 0。
  - KPI：near/mid/deep=0/0/1，救回率=0.00%，pair效率=0.00%。
  - 耗时拆解：packing=0.35s，main_topup=0.00s，retry=0.00s，failed_pool=0.00s，repack=0.00s，total=0.35s。
正在处理托盘类型：MH423C，销售订单号：LAID16305BN03S__SPLITREST__
  - 该分组不适合列式（多非满柱）→ 回退 beam + 配方优先。
  - 托盘 MH423C-LAID16305BN03S__SPLITREST__-1 未找到可行装箱方案，启用剩余箱子守恒兜底。
  - 配方优先[fast]：规划 0 实例，实装成功 0，配方路径不可用 → 采用基线方案。
  - 指数诊断：箱子 5 个，总指数 2.5，目标 192，理论最多达标托盘 0 个，剩余指数 2.5。
  - 几何诊断：典型整层堆叠单盘参考上限 2.5/192。 当前目标可能受托盘高度/箱型组合限制。
  - 几何诊断提示：典型整层参考值 2.5 < 目标 192；该值不是不可达证明，继续执行指数救援。
  - 失败托盘互借诊断：未合并（aborted_no_improvement_possible）。
托盘类型 MH423C（销售订单号：LAID16305BN03S__SPLITREST__）处理完成：总托盘 2，指数达标 0，未达标 2，平均缺口 190.75，最大缺口 191.50，失败托盘互借修复成功 0。
  - KPI：near/mid/deep=0/0/2，救回率=0.00%，pair效率=0.00%。
  - 耗时拆解：packing=0.01s，main_topup=0.00s，retry=0.00s，failed_pool=0.00s，repack=0.03s，total=0.07s。
正在处理托盘类型：MH423C，销售订单号：PEG166300LN01S
  - 主算法：全局列式装箱 + 柱级组合优化（GCP）。
  - 失败托盘互借诊断：未合并（no_target_or_single_plan）。
托盘类型 MH423C（销售订单号：PEG166300LN01S）处理完成：总托盘 1，指数达标 0，未达标 1，平均缺口 64.00，最大缺口 64.00，失败托盘互借修复成功 0。
  - KPI：near/mid/deep=0/0/1，救回率=0.00%，pair效率=0.00%。
  - 耗时拆解：packing=0.30s，main_topup=0.00s，retry=0.00s，failed_pool=0.00s，repack=0.00s，total=0.30s。
正在处理托盘类型：MH423C，销售订单号：PAID163008N01S
  - 该分组不适合列式（多非满柱）→ 回退 beam + 配方优先。
  - 配方优先[fast]：规划 0 实例，实装成功 0，配方路径不可用 → 采用基线方案。
  - 指数诊断：箱子 1 个，总指数 1，目标 192，理论最多达标托盘 0 个，剩余指数 1。
  - 几何诊断：典型整层堆叠单盘参考上限 1/192。 当前目标可能受托盘高度/箱型组合限制。
  - 几何诊断提示：典型整层参考值 1 < 目标 192；该值不是不可达证明，继续执行指数救援。
  - 失败托盘互借诊断：未合并（no_target_or_single_plan）。
托盘类型 MH423C（销售订单号：PAID163008N01S）处理完成：总托盘 1，指数达标 0，未达标 1，平均缺口 191.00，最大缺口 191.00，失败托盘互借修复成功 0。
  - KPI：near/mid/deep=0/0/1，救回率=0.00%，pair效率=0.00%。
  - 耗时拆解：packing=0.00s，main_topup=0.00s，retry=0.00s，failed_pool=0.00s，repack=0.00s，total=0.00s。
正在处理托盘类型：MH423C，销售订单号：PAIN26290BN01S
  - 该分组不适合列式（多非满柱）→ 回退 beam + 配方优先。
  - 托盘 MH423C-PAIN26290BN01S-1 未找到可行装箱方案，启用剩余箱子守恒兜底。
  - 配方优先[fast]：规划 0 实例，实装成功 0，配方路径不可用 → 采用基线方案。
  - 指数诊断：箱子 5 个，总指数 2.5，目标 192，理论最多达标托盘 0 个，剩余指数 2.5。
  - 几何诊断：典型整层堆叠单盘参考上限 2.5/192。 当前目标可能受托盘高度/箱型组合限制。
  - 几何诊断提示：典型整层参考值 2.5 < 目标 192；该值不是不可达证明，继续执行指数救援。
  - 失败盘装满压实：合并/吸收 1 次（纯减盘数）。
  - 失败托盘互借诊断：未合并（aborted_no_improvement_possible）。
托盘类型 MH423C（销售订单号：PAIN26290BN01S）处理完成：总托盘 1，指数达标 0，未达标 1，平均缺口 189.50，最大缺口 189.50，失败托盘互借修复成功 0。
  - KPI：near/mid/deep=0/0/1，救回率=0.00%，pair效率=0.00%。
  - 耗时拆解：packing=0.01s，main_topup=0.00s，retry=0.00s，failed_pool=0.00s，repack=0.04s，total=0.07s。
正在处理托盘类型：MH423C，销售订单号：PAID162308N01S
  - 该分组不适合列式（多非满柱）→ 回退 beam + 配方优先。
  - 配方优先[fast]：规划 0 实例，实装成功 0，配方路径不可用 → 采用基线方案。
  - 指数诊断：箱子 1 个，总指数 2，目标 192，理论最多达标托盘 0 个，剩余指数 2。
  - 几何诊断：典型整层堆叠单盘参考上限 2/192。 当前目标可能受托盘高度/箱型组合限制。
  - 几何诊断提示：典型整层参考值 2 < 目标 192；该值不是不可达证明，继续执行指数救援。
  - 失败托盘互借诊断：未合并（no_target_or_single_plan）。
托盘类型 MH423C（销售订单号：PAID162308N01S）处理完成：总托盘 1，指数达标 0，未达标 1，平均缺口 190.00，最大缺口 190.00，失败托盘互借修复成功 0。
  - KPI：near/mid/deep=0/0/1，救回率=0.00%，pair效率=0.00%。
  - 耗时拆解：packing=0.00s，main_topup=0.00s，retry=0.00s，failed_pool=0.00s，repack=0.00s，total=0.00s。
正在处理托盘类型：MH423C，销售订单号：PEG106290LN01S
  - 主算法：全局列式装箱 + 柱级组合优化（GCP）。
  - 失败托盘互借诊断：未合并（no_target_or_single_plan）。
托盘类型 MH423C（销售订单号：PEG106290LN01S）处理完成：总托盘 1，指数达标 0，未达标 1，平均缺口 179.00，最大缺口 179.00，失败托盘互借修复成功 0。
  - KPI：near/mid/deep=0/0/1，救回率=0.00%，pair效率=0.00%。
  - 耗时拆解：packing=0.04s，main_topup=0.00s，retry=0.00s，failed_pool=0.00s，repack=0.00s，total=0.04s。
正在处理托盘类型：MH423C，销售订单号：LAID16306DN03S
  - 该分组不适合列式（多非满柱）→ 回退 beam + 配方优先。
  - 配方优先[fast]：规划 0 实例，实装成功 0，配方路径不可用 → 采用基线方案。
  - 指数诊断：箱子 9 个，总指数 9，目标 192，理论最多达标托盘 0 个，剩余指数 9。
  - 几何诊断：典型整层堆叠单盘参考上限 9/192。 当前目标可能受托盘高度/箱型组合限制。
  - 几何诊断提示：典型整层参考值 9 < 目标 192；该值不是不可达证明，继续执行指数救援。
  - 失败托盘互借诊断：未合并（no_target_or_single_plan）。
托盘类型 MH423C（销售订单号：LAID16306DN03S）处理完成：总托盘 1，指数达标 0，未达标 1，平均缺口 183.00，最大缺口 183.00，失败托盘互借修复成功 0。
  - KPI：near/mid/deep=0/0/1，救回率=0.00%，pair效率=0.00%。
  - 耗时拆解：packing=0.01s，main_topup=0.00s，retry=0.00s，failed_pool=0.00s，repack=0.00s，total=0.06s。
正在处理托盘类型：MH423C，销售订单号：PAID16305EC01S
  - 该分组不适合列式（多非满柱）→ 回退 beam + 配方优先。
  - 配方优先[fast]：规划 0 实例，实装成功 0，配方路径不可用 → 采用基线方案。
  - 指数诊断：箱子 2 个，总指数 2，目标 192，理论最多达标托盘 0 个，剩余指数 2。
  - 几何诊断：典型整层堆叠单盘参考上限 2/192。 当前目标可能受托盘高度/箱型组合限制。
  - 几何诊断提示：典型整层参考值 2 < 目标 192；该值不是不可达证明，继续执行指数救援。
  - 失败托盘互借诊断：未合并（no_target_or_single_plan）。
托盘类型 MH423C（销售订单号：PAID16305EC01S）处理完成：总托盘 1，指数达标 0，未达标 1，平均缺口 190.00，最大缺口 190.00，失败托盘互借修复成功 0。
  - KPI：near/mid/deep=0/0/1，救回率=0.00%，pair效率=0.00%。
  - 耗时拆解：packing=0.00s，main_topup=0.00s，retry=0.00s，failed_pool=0.00s，repack=0.00s，total=0.00s。
正在处理托盘类型：MH423C，销售订单号：LAID16306DN02S
  - 主算法：全局列式装箱 + 柱级组合优化（GCP）。
  - 失败托盘互借诊断：未合并（no_target_or_single_plan）。
托盘类型 MH423C（销售订单号：LAID16306DN02S）处理完成：总托盘 1，指数达标 0，未达标 1，平均缺口 144.00，最大缺口 144.00，失败托盘互借修复成功 0。
  - KPI：near/mid/deep=0/0/1，救回率=0.00%，pair效率=0.00%。
  - 耗时拆解：packing=0.52s，main_topup=0.00s，retry=0.00s，failed_pool=0.00s，repack=0.00s，total=0.52s。
正在处理托盘类型：MH423C，销售订单号：LAID16306DN02S__SPLITREST__
  - 该分组不适合列式（多非满柱）→ 回退 beam + 配方优先。
  - 配方优先[fast]：规划 0 实例，实装成功 0，配方路径不可用 → 采用基线方案。
  - 指数诊断：箱子 2 个，总指数 4，目标 192，理论最多达标托盘 0 个，剩余指数 4。
  - 几何诊断：典型整层堆叠单盘参考上限 4/192。 当前目标可能受托盘高度/箱型组合限制。
  - 几何诊断提示：典型整层参考值 4 < 目标 192；该值不是不可达证明，继续执行指数救援。
  - 失败托盘互借诊断：未合并（no_target_or_single_plan）。
托盘类型 MH423C（销售订单号：LAID16306DN02S__SPLITREST__）处理完成：总托盘 1，指数达标 0，未达标 1，平均缺口 188.00，最大缺口 188.00，失败托盘互借修复成功 0。
  - KPI：near/mid/deep=0/0/1，救回率=0.00%，pair效率=0.00%。
  - 耗时拆解：packing=0.00s，main_topup=0.00s，retry=0.00s，failed_pool=0.00s，repack=0.00s，total=0.00s。
正在处理托盘类型：MH423C，销售订单号：LFEG16316AN01S
  - 主算法：全局列式装箱 + 柱级组合优化（GCP）。
  - 失败托盘互借诊断：未合并（no_target_or_single_plan）。
托盘类型 MH423C（销售订单号：LFEG16316AN01S）处理完成：总托盘 1，指数达标 0，未达标 1，平均缺口 178.00，最大缺口 178.00，失败托盘互借修复成功 0。
  - KPI：near/mid/deep=0/0/1，救回率=0.00%，pair效率=0.00%。
  - 耗时拆解：packing=0.01s，main_topup=0.00s，retry=0.00s，failed_pool=0.00s，repack=0.00s，total=0.01s。
正在处理托盘类型：MH423C，销售订单号：PAIN26310GN01S
  - 主算法：全局列式装箱 + 柱级组合优化（GCP）。
  - GCP 盘数远超理论（CP-SAT 装不满）→ 回退 baseline beam + 配方优先。
  - 配方优先[fast]：规划 0 实例，实装成功 0，配方路径不可用 → 采用基线方案。
  - 指数诊断：箱子 4 个，总指数 16，目标 192，理论最多达标托盘 0 个，剩余指数 16。
  - 几何诊断：典型整层堆叠单盘参考上限 16/192。 当前目标可能受托盘高度/箱型组合限制。
  - 几何诊断提示：典型整层参考值 16 < 目标 192；该值不是不可达证明，继续执行指数救援。
  - 失败托盘互借诊断：未合并（no_target_or_single_plan）。
托盘类型 MH423C（销售订单号：PAIN26310GN01S）处理完成：总托盘 1，指数达标 0，未达标 1，平均缺口 176.00，最大缺口 176.00，失败托盘互借修复成功 0。
  - KPI：near/mid/deep=0/0/1，救回率=0.00%，pair效率=0.00%。
  - 耗时拆解：packing=0.00s，main_topup=0.00s，retry=0.00s，failed_pool=0.00s，repack=0.00s，total=0.02s。
正在处理托盘类型：MH423C，销售订单号：PAIN26290MZ07S
  - 主算法：全局列式装箱 + 柱级组合优化（GCP）。
  - 失败托盘互借诊断：未合并（no_target_or_single_plan）。
托盘类型 MH423C（销售订单号：PAIN26290MZ07S）处理完成：总托盘 1，指数达标 0，未达标 1，平均缺口 22.00，最大缺口 22.00，失败托盘互借修复成功 0。
  - KPI：near/mid/deep=0/1/0，救回率=0.00%，pair效率=0.00%。
  - 耗时拆解：packing=2.78s，main_topup=0.00s，retry=0.00s，failed_pool=0.00s，repack=0.00s，total=2.78s。
正在处理托盘类型：MH423C，销售订单号：PAID16295EN06S
  - 该分组不适合列式（多非满柱）→ 回退 beam + 配方优先。
  - 配方优先[fast]：规划 0 实例，实装成功 0，配方路径不可用 → 采用基线方案。
  - 指数诊断：箱子 1 个，总指数 1，目标 192，理论最多达标托盘 0 个，剩余指数 1。
  - 几何诊断：典型整层堆叠单盘参考上限 1/192。 当前目标可能受托盘高度/箱型组合限制。
  - 几何诊断提示：典型整层参考值 1 < 目标 192；该值不是不可达证明，继续执行指数救援。
  - 失败托盘互借诊断：未合并（no_target_or_single_plan）。
托盘类型 MH423C（销售订单号：PAID16295EN06S）处理完成：总托盘 1，指数达标 0，未达标 1，平均缺口 191.00，最大缺口 191.00，失败托盘互借修复成功 0。
  - KPI：near/mid/deep=0/0/1，救回率=0.00%，pair效率=0.00%。
  - 耗时拆解：packing=0.00s，main_topup=0.00s，retry=0.00s，failed_pool=0.00s，repack=0.00s，total=0.00s。
正在处理托盘类型：MH423C，销售订单号：PAIN26296EN01S
  - 主算法：全局列式装箱 + 柱级组合优化（GCP）。
  - 失败托盘互借诊断：未合并（no_target_or_single_plan）。
托盘类型 MH423C（销售订单号：PAIN26296EN01S）处理完成：总托盘 1，指数达标 0，未达标 1，平均缺口 31.00，最大缺口 31.00，失败托盘互借修复成功 0。
  - KPI：near/mid/deep=0/0/1，救回率=0.00%，pair效率=0.00%。
  - 耗时拆解：packing=0.42s，main_topup=0.00s，retry=0.00s，failed_pool=0.00s，repack=0.00s，total=0.42s。
正在处理托盘类型：MH423C，销售订单号：LFEG16316AN02S
  - 该分组不适合列式（多非满柱）→ 回退 beam + 配方优先。
  - 配方优先[fast]：规划 0 实例，实装成功 0，配方路径不可用 → 采用基线方案。
  - 指数诊断：箱子 3 个，总指数 6，目标 192，理论最多达标托盘 0 个，剩余指数 6。
  - 几何诊断：典型整层堆叠单盘参考上限 6/192。 当前目标可能受托盘高度/箱型组合限制。
  - 几何诊断提示：典型整层参考值 6 < 目标 192；该值不是不可达证明，继续执行指数救援。
  - 失败托盘互借诊断：未合并（no_target_or_single_plan）。
托盘类型 MH423C（销售订单号：LFEG16316AN02S）处理完成：总托盘 1，指数达标 0，未达标 1，平均缺口 186.00，最大缺口 186.00，失败托盘互借修复成功 0。
  - KPI：near/mid/deep=0/0/1，救回率=0.00%，pair效率=0.00%。
  - 耗时拆解：packing=0.00s，main_topup=0.00s，retry=0.00s，failed_pool=0.00s，repack=0.00s，total=0.01s。
正在处理托盘类型：MH423C，销售订单号：PAIN26310MN01S
  - 该分组不适合列式（多非满柱）→ 回退 beam + 配方优先。
  - 配方优先[fast]：规划 0 实例，实装成功 0，配方路径不可用 → 采用基线方案。
  - 指数诊断：箱子 7 个，总指数 76，目标 192，理论最多达标托盘 0 个，剩余指数 76。
  - 几何诊断：典型整层堆叠单盘参考上限 60/192。 当前目标可能受托盘高度/箱型组合限制。
  - 几何诊断提示：典型整层参考值 60 < 目标 192；该值不是不可达证明，继续执行指数救援。
  - 失败托盘互借诊断：未合并（no_target_or_single_plan）。
托盘类型 MH423C（销售订单号：PAIN26310MN01S）处理完成：总托盘 1，指数达标 0，未达标 1，平均缺口 116.00，最大缺口 116.00，失败托盘互借修复成功 0。
  - KPI：near/mid/deep=0/0/1，救回率=0.00%，pair效率=0.00%。
  - 耗时拆解：packing=0.00s，main_topup=0.00s，retry=0.00s，failed_pool=0.00s，repack=0.00s，total=0.00s。
正在处理托盘类型：MH423C，销售订单号：LAID16315EN01S
  - 该分组不适合列式（多非满柱）→ 回退 beam + 配方优先。
  - 配方优先[fast]：规划 0 实例，实装成功 0，配方路径不可用 → 采用基线方案。
  - 指数诊断：箱子 4 个，总指数 20，目标 192，理论最多达标托盘 0 个，剩余指数 20。
  - 几何诊断：典型整层堆叠单盘参考上限 20/192。 当前目标可能受托盘高度/箱型组合限制。
  - 几何诊断提示：典型整层参考值 20 < 目标 192；该值不是不可达证明，继续执行指数救援。
  - 失败托盘互借诊断：未合并（no_target_or_single_plan）。
托盘类型 MH423C（销售订单号：LAID16315EN01S）处理完成：总托盘 1，指数达标 0，未达标 1，平均缺口 172.00，最大缺口 172.00，失败托盘互借修复成功 0。
  - KPI：near/mid/deep=0/0/1，救回率=0.00%，pair效率=0.00%。
  - 耗时拆解：packing=0.01s，main_topup=0.00s，retry=0.00s，failed_pool=0.00s，repack=0.00s，total=0.01s。
正在处理托盘类型：MH423C，销售订单号：PAIN26316EN01S
  - 主算法：全局列式装箱 + 柱级组合优化（GCP）。
  - 失败托盘互借诊断：未合并（no_target_or_single_plan）。
托盘类型 MH423C（销售订单号：PAIN26316EN01S）处理完成：总托盘 1，指数达标 0，未达标 1，平均缺口 140.00，最大缺口 140.00，失败托盘互借修复成功 0。
  - KPI：near/mid/deep=0/0/1，救回率=0.00%，pair效率=0.00%。
  - 耗时拆解：packing=0.04s，main_topup=0.00s，retry=0.00s，failed_pool=0.00s，repack=0.00s，total=0.04s。
正在处理托盘类型：MH423C，销售订单号：LAID16315EN02S
  - 主算法：全局列式装箱 + 柱级组合优化（GCP）。
  - 失败托盘互借诊断：未合并（no_target_or_single_plan）。
托盘类型 MH423C（销售订单号：LAID16315EN02S）处理完成：总托盘 1，指数达标 0，未达标 1，平均缺口 148.00，最大缺口 148.00，失败托盘互借修复成功 0。
  - KPI：near/mid/deep=0/0/1，救回率=0.00%，pair效率=0.00%。
  - 耗时拆解：packing=0.01s，main_topup=0.00s，retry=0.00s，failed_pool=0.00s，repack=0.00s，total=0.01s。
正在处理托盘类型：MH423C，销售订单号：PAIN26296EC02S
  - 主算法：全局列式装箱 + 柱级组合优化（GCP）。
  - 失败托盘互借诊断：未合并（no_target_or_single_plan）。
托盘类型 MH423C（销售订单号：PAIN26296EC02S）处理完成：总托盘 1，指数达标 0，未达标 1，平均缺口 130.00，最大缺口 130.00，失败托盘互借修复成功 0。
  - KPI：near/mid/deep=0/0/1，救回率=0.00%，pair效率=0.00%。
  - 耗时拆解：packing=0.17s，main_topup=0.00s，retry=0.00s，failed_pool=0.00s，repack=0.00s，total=0.17s。
正在处理托盘类型：MH423C，销售订单号：PAIN26310MZ05S
  - 主算法：全局列式装箱 + 柱级组合优化（GCP）。
  - 失败托盘互借诊断：未合并（no_target_or_single_plan）。
托盘类型 MH423C（销售订单号：PAIN26310MZ05S）处理完成：总托盘 1，指数达标 0，未达标 1，平均缺口 86.00，最大缺口 86.00，失败托盘互借修复成功 0。
  - KPI：near/mid/deep=0/0/1，救回率=0.00%，pair效率=0.00%。
  - 耗时拆解：packing=1.41s，main_topup=0.00s，retry=0.00s，failed_pool=0.00s，repack=0.00s，total=1.41s。
正在处理托盘类型：MH423C，销售订单号：PEG086300LN01S
  - 主算法：全局列式装箱 + 柱级组合优化（GCP）。
  - GCP 盘数远超理论（CP-SAT 装不满）→ 回退 baseline beam + 配方优先。
  - 配方优先[fast]：规划 0 实例，实装成功 0，配方路径不可用 → 采用基线方案。
  - 指数诊断：箱子 40 个，总指数 91，目标 192，理论最多达标托盘 0 个，剩余指数 91。
  - 几何诊断：典型整层堆叠单盘参考上限 87/192。 当前目标可能受托盘高度/箱型组合限制。
  - 几何诊断提示：典型整层参考值 87 < 目标 192；该值不是不可达证明，继续执行指数救援。
  - 失败托盘互借诊断：未合并（aborted_no_improvement_possible）。
托盘类型 MH423C（销售订单号：PEG086300LN01S）处理完成：总托盘 2，指数达标 0，未达标 2，平均缺口 146.50，最大缺口 184.00，失败托盘互借修复成功 0。
  - KPI：near/mid/deep=0/0/2，救回率=0.00%，pair效率=0.00%。
  - 耗时拆解：packing=0.30s，main_topup=0.00s，retry=0.00s，failed_pool=0.00s，repack=0.50s，total=2.23s。
正在处理托盘类型：MH423C，销售订单号：LAID16315EN03S
  - 该分组不适合列式（多非满柱）→ 回退 beam + 配方优先。
  - 配方优先[fast]：规划 0 实例，实装成功 0，配方路径不可用 → 采用基线方案。
  - 指数诊断：箱子 5 个，总指数 40，目标 192，理论最多达标托盘 0 个，剩余指数 40。
  - 几何诊断：典型整层堆叠单盘参考上限 40/192。 当前目标可能受托盘高度/箱型组合限制。
  - 几何诊断提示：典型整层参考值 40 < 目标 192；该值不是不可达证明，继续执行指数救援。
  - 失败托盘互借诊断：未合并（no_target_or_single_plan）。
托盘类型 MH423C（销售订单号：LAID16315EN03S）处理完成：总托盘 1，指数达标 0，未达标 1，平均缺口 152.00，最大缺口 152.00，失败托盘互借修复成功 0。
  - KPI：near/mid/deep=0/0/1，救回率=0.00%，pair效率=0.00%。
  - 耗时拆解：packing=0.01s，main_topup=0.00s，retry=0.00s，failed_pool=0.00s，repack=0.00s，total=0.01s。
正在处理托盘类型：MH423C，销售订单号：LAID16316DN03S
  - 主算法：全局列式装箱 + 柱级组合优化（GCP）。
  - 失败托盘互借诊断：未合并（no_target_or_single_plan）。
托盘类型 MH423C（销售订单号：LAID16316DN03S）处理完成：总托盘 1，指数达标 0，未达标 1，平均缺口 144.00，最大缺口 144.00，失败托盘互借修复成功 0。
  - KPI：near/mid/deep=0/0/1，救回率=0.00%，pair效率=0.00%。
  - 耗时拆解：packing=0.03s，main_topup=0.00s，retry=0.00s，failed_pool=0.00s，repack=0.00s，total=0.03s。
正在处理托盘类型：MH423C，销售订单号：LAID16316DN01S
  - 主算法：全局列式装箱 + 柱级组合优化（GCP）。
  - 失败托盘互借诊断：未合并（no_target_or_single_plan）。
托盘类型 MH423C（销售订单号：LAID16316DN01S）处理完成：总托盘 1，指数达标 0，未达标 1，平均缺口 120.00，最大缺口 120.00，失败托盘互借修复成功 0。
  - KPI：near/mid/deep=0/0/1，救回率=0.00%，pair效率=0.00%。
  - 耗时拆解：packing=0.09s，main_topup=0.00s，retry=0.00s，failed_pool=0.00s，repack=0.00s，total=0.09s。
正在处理托盘类型：MH423C，销售订单号：LAID16316DN02S
  - 主算法：全局列式装箱 + 柱级组合优化（GCP）。
  - 失败托盘互借诊断：未合并（no_target_or_single_plan）。
托盘类型 MH423C（销售订单号：LAID16316DN02S）处理完成：总托盘 1，指数达标 0，未达标 1，平均缺口 168.00，最大缺口 168.00，失败托盘互借修复成功 0。
  - KPI：near/mid/deep=0/0/1，救回率=0.00%，pair效率=0.00%。
  - 耗时拆解：packing=0.01s，main_topup=0.00s，retry=0.00s，failed_pool=0.00s，repack=0.00s，total=0.01s。
正在处理托盘类型：MH423C，销售订单号：PAIN26310GC02S
  - 主算法：全局列式装箱 + 柱级组合优化（GCP）。
  - 失败托盘互借诊断：未合并（no_target_or_single_plan）。
托盘类型 MH423C（销售订单号：PAIN26310GC02S）处理完成：总托盘 1，指数达标 0，未达标 1，平均缺口 132.00，最大缺口 132.00，失败托盘互借修复成功 0。
  - KPI：near/mid/deep=0/0/1，救回率=0.00%，pair效率=0.00%。
  - 耗时拆解：packing=0.15s，main_topup=0.00s，retry=0.00s，failed_pool=0.00s，repack=0.00s，total=0.16s。
  - 失败盘装满压实：合并/吸收 1 次（纯减盘数）。
  - 跨子组装满压实（MH423C / PAID16290FN01S）：合并 1 次（纯减盘数）。
  - 失败盘装满压实：合并/吸收 1 次（纯减盘数）。
  - 跨子组装满压实（MH423C / PAID16296DN01S）：合并 1 次（纯减盘数）。
  - 失败盘装满压实：合并/吸收 1 次（纯减盘数）。
  - 跨子组装满压实（MH423C / PAID16306DN01S）：合并 1 次（纯减盘数）。
  - 失败盘装满压实：合并/吸收 1 次（纯减盘数）。
  - 跨子组装满压实（MH423C / LAMY16305FN01S）：合并 1 次（纯减盘数）。
  - 跨子组 CP-SAT 目标子集（MH423C / LFEG16300IN02S）：采用严格更优候选。
  - 失败盘装满压实：合并/吸收 1 次（纯减盘数）。
  - 跨子组装满压实（MH423C / LFEG16300IN03S）：合并 1 次（纯减盘数）。
  - 失败盘装满压实：合并/吸收 1 次（纯减盘数）。
  - 跨子组装满压实（MH423C / LAID16305BN03S）：合并 1 次（纯减盘数）。
  - 失败盘装满压实：合并/吸收 1 次（纯减盘数）。
  - 跨子组装满压实（MH423C / LAID16306DN02S）：合并 1 次（纯减盘数）。
========================================
统计汇总：总托盘 75，指数达标 1，未达标 74，未知 0，平均缺口 144.96，最大缺口 191.50，失败托盘互借修复成功 0
KPI汇总：near/mid/deep=0/3/71，pair尝试=0，pair改进=0，pair效率=0.00%
耗时汇总：packing=71.61s，main_topup=0.15s，retry=0.00s，repack=28.46s，end_to_end=153.28s
========================================
[WCS-装] SUCCESS 产品码 82 个，DB 更新达标 82 行；FAILED 盘 74 个保持未达标。
[WCS-装] 本轮结束；等待下一次「新插入」再开算。
[WCS-装] 达标方案已保存：D:\research_code\final\zhuang\packing-workspace\output\success\packing_plan_20260724_144450.json
[WCS-装] 未达标方案已保存：D:\research_code\final\zhuang\packing-workspace\output\fail\packing_plan_20260724_144450.json
[执行规划] 产物目录：D:\research_code\final\zhuang\packing-workspace\output\success（success）
[执行规划] 开始：D:\research_code\zhuang-ui-m\.venvs\packing-realtime\python.exe D:\research_code\final\zhuang\packing-system\run_execution_planning.py D:\research_code\final\zhuang\packing-workspace\output\success\packing_plan_20260724_144450.json --config D:\research_code\final\zhuang\packing-workspace\runtime\packing-realtime\temp\ui_config_api_20260724_105406.yaml --output D:\research_code\final\zhuang\packing-workspace\output\success\packing_plan_20260724_144450_execution.json --wcs-output D:\research_code\final\zhuang\packing-workspace\output\success\packing_plan_20260724_144450_execution_wcs.json --wcs-map-output D:\research_code\final\zhuang\packing-workspace\output\success\packing_plan_20260724_144450_execution_wcs_map.json
[WCS-DB] wcs_success_box：本批候选 82 行，写入影响 82（含已存在跳过）。
[WCS-DB] wcs_box_orientation：本批候选 82 行，写入影响 82（含已存在跳过）。
[现场码垛] 新计算结果已入库，已清空旧码放队列 0 条
[现场会话] 新计算结果已入库，当前选定已清空，历史 3 盘保留
execution plan written: pallets=1 boxes=82 reordered_pallets=1 path=D:\research_code\final\zhuang\packing-workspace\output\success\packing_plan_20260724_144450_execution.json
WCS execution cases written: D:\research_code\final\zhuang\packing-workspace\output\success\packing_plan_20260724_144450_execution_wcs.json
WCS execution plan map written: D:\research_code\final\zhuang\packing-workspace\output\success\packing_plan_20260724_144450_execution_wcs_map.json
execution scan deviations pallet='MH423C-LFEG16300IN02S-1' count=14: expected='WCS-1541-YZX507-0000' selected='WCS-1073-YZX428-0000' box='WCS-1541-YZX507-0000' after='WCS-1073-YZX428-0000' reason=hard_dependency; expected='WCS-1368-DZX428-0000' selected='WCS-1545-YZX428-0000' box='WCS-1368-DZX428-0000' after='WCS-1545-YZX428-0000' reason=hard_dependency; expected='WCS-1544-YZX507-0000' selected='WCS-1432-YZX424-0000' box='WCS-1544-YZX507-0000' after='WCS-1432-YZX424-0000' reason=hard_dependency; expected='WCS-1560-YZX444-0000' selected='WCS-1546-YZX428-0000' box='WCS-1560-YZX444-0000' after='WCS-1546-YZX428-0000' reason=hard_dependency; expected='WCS-1375-DZX428-0000' selected='WCS-1433-YZX424-0000' box='WCS-1375-DZX428-0000' after='WCS-1433-YZX424-0000' reason=hard_dependency; expected='WCS-0546-YZX444-0000' selected='WCS-1555-YZX444-0000' box='WCS-0546-YZX444-0000' after='WCS-1555-YZX444-0000' reason=hard_dependency; expected='WCS-0487-YZX444-0000' selected='WCS-0805-YZX444-0000' box='WCS-0487-YZX444-0000' after='WCS-0805-YZX444-0000' reason=hard_dependency; expected='WCS-1561-YZX444-0000' selected='WCS-0821-YZX444-0000' box='WCS-1561-YZX444-0000' after='WCS-0821-YZX444-0000' reason=hard_dependency; ...
[执行规划] 完成；统一使用：D:\research_code\final\zhuang\packing-workspace\output\success\packing_plan_20260724_144450_execution.json
[WCS-装] 接口 2 使用执行顺序方案，发送体已保存：D:\research_code\final\zhuang\packing-workspace\output\success\wcs_plan_20260724_144450.json（1 个 case）
[WCS-装] 执行顺序方案执行层映射已保存：D:\research_code\final\zhuang\packing-workspace\output\success\wcs_plan_map_20260724_144450.json
[WCS-装] 已跳过接口 2 推送（仅本地保存）。
[UI-RESULT] D:\research_code\final\zhuang\packing-workspace\output\success\packing_plan_20260724_144450_execution.json
[WCS-装] 等待数据库新插入（有新 product_code 才开算）…
============================================================
[WCS-拉] 20260724_144807：拉取接口 1 …
[WCS-拉] 原始响应已保存：D:\research_code\final\zhuang\packing-workspace\input\raw\20260724_144807.json
[WCS-拉] 已剔除 case_type≠MH423C 的品类 113 条（类型：['MH113', 'WR246']），保留 1250 条。
[WCS-DB] product_code 已存在、跳过 1237 条
[WCS-拉] 落库完成：候选 1250 条，新插入 13 条（新行 up_to_standard=0）。
[WCS-拉] 有新插入 → 唤醒装箱线程。
[WCS] 已加载 BMS 参考表：D:\research_code\final\zhuang\packing-workspace\data\selected_5000_boxes_9_1_concentrated_3orders.xlsx
============================================================
[WCS-装] 20260724_144811：未达标行 1495 条，开始装箱 …
[WCS-装] 展开为 1495 个箱子。
数据预处理和箱子分组完成（按托盘类型+销售订单号）。
----------------------------------------
  - 组内子聚类：11 个混合订单拆出规则子集走 GCP、杂箱走 baseline。
正在处理托盘类型：MH423C，销售订单号：PAID16280FN01S
  - 该分组不适合列式（多非满柱）→ 回退 beam + 配方优先。
  - 配方优先[fast]：规划 0 实例，实装成功 0，配方路径不可用 → 采用基线方案。
  - 指数诊断：箱子 1 个，总指数 4，目标 192，理论最多达标托盘 0 个，剩余指数 4。
  - 几何诊断：典型整层堆叠单盘参考上限 4/192。 当前目标可能受托盘高度/箱型组合限制。
  - 几何诊断提示：典型整层参考值 4 < 目标 192；该值不是不可达证明，继续执行指数救援。
  - 失败托盘互借诊断：未合并（no_target_or_single_plan）。
托盘类型 MH423C（销售订单号：PAID16280FN01S）处理完成：总托盘 1，指数达标 0，未达标 1，平均缺口 188.00，最大缺口 188.00，失败托盘互借修复成功 0。
  - KPI：near/mid/deep=0/0/1，救回率=0.00%，pair效率=0.00%。
  - 耗时拆解：packing=0.00s，main_topup=0.00s，retry=0.00s，failed_pool=0.00s，repack=0.00s，total=0.00s。
正在处理托盘类型：MH423C，销售订单号：LFEG16290IN01S
  - 该分组不适合列式（多非满柱）→ 回退 beam + 配方优先。
  - 托盘 MH423C-LFEG16290IN01S-1 未找到可行装箱方案，启用剩余箱子守恒兜底。
  - 配方优先[fast]：规划 0 实例，实装成功 0，配方路径不可用 → 采用基线方案。
  - 指数诊断：箱子 9 个，总指数 17，目标 192，理论最多达标托盘 0 个，剩余指数 17。
  - 几何诊断：典型整层堆叠单盘参考上限 12/192。 当前目标可能受托盘高度/箱型组合限制。
  - 几何诊断提示：典型整层参考值 12 < 目标 192；该值不是不可达证明，继续执行指数救援。
  - 失败盘装满压实：合并/吸收 2 次（纯减盘数）。
  - 失败托盘互借诊断：未合并（aborted_no_improvement_possible）。
托盘类型 MH423C（销售订单号：LFEG16290IN01S）处理完成：总托盘 2，指数达标 0，未达标 2，平均缺口 183.50，最大缺口 187.00，失败托盘互借修复成功 0。
  - KPI：near/mid/deep=0/0/2，救回率=0.00%，pair效率=0.00%。
  - 耗时拆解：packing=0.02s，main_topup=0.00s，retry=0.00s，failed_pool=0.00s，repack=0.17s，total=0.28s。
正在处理托盘类型：MH423C，销售订单号：LFEG16290IN02S
  - 该分组不适合列式（多非满柱）→ 回退 beam + 配方优先。
  - 配方优先[fast]：规划 0 实例，实装成功 0，配方路径不可用 → 采用基线方案。
  - 指数诊断：箱子 33 个，总指数 33.5，目标 192，理论最多达标托盘 0 个，剩余指数 33.5。
  - 几何诊断：典型整层堆叠单盘参考上限 28.5/192。 当前目标可能受托盘高度/箱型组合限制。
  - 几何诊断提示：典型整层参考值 28.5 < 目标 192；该值不是不可达证明，继续执行指数救援。
  - 失败托盘互借诊断：未合并（no_target_or_single_plan）。
托盘类型 MH423C（销售订单号：LFEG16290IN02S）处理完成：总托盘 1，指数达标 0，未达标 1，平均缺口 158.50，最大缺口 158.50，失败托盘互借修复成功 0。
  - KPI：near/mid/deep=0/0/1，救回率=0.00%，pair效率=0.00%。
  - 耗时拆解：packing=0.28s，main_topup=0.00s，retry=0.00s，failed_pool=0.00s，repack=0.00s，total=0.28s。
正在处理托盘类型：MH423C，销售订单号：LAID16306DN01S
  - 该分组不适合列式（多非满柱）→ 回退 beam + 配方优先。
  - 配方优先[fast]：规划 0 实例，实装成功 0，配方路径不可用 → 采用基线方案。
  - 指数诊断：箱子 50 个，总指数 88，目标 192，理论最多达标托盘 0 个，剩余指数 88。
  - 几何诊断：典型整层堆叠单盘参考上限 65/192。 当前目标可能受托盘高度/箱型组合限制。
  - 几何诊断提示：典型整层参考值 65 < 目标 192；该值不是不可达证明，继续执行指数救援。
  - 失败托盘互借诊断：未合并（aborted_no_improvement_possible）。
托盘类型 MH423C（销售订单号：LAID16306DN01S）处理完成：总托盘 2，指数达标 0，未达标 2，平均缺口 148.00，最大缺口 182.00，失败托盘互借修复成功 0。
  - KPI：near/mid/deep=0/0/2，救回率=0.00%，pair效率=0.00%。
  - 耗时拆解：packing=0.25s，main_topup=0.01s，retry=0.00s，failed_pool=0.00s，repack=0.56s，total=1.54s。
正在处理托盘类型：MH423C，销售订单号：LAID16296DN01S
  - 主算法：全局列式装箱 + 柱级组合优化（GCP）。
  - 失败托盘互借诊断：未合并（no_target_or_single_plan）。
托盘类型 MH423C（销售订单号：LAID16296DN01S）处理完成：总托盘 1，指数达标 0，未达标 1，平均缺口 151.50，最大缺口 151.50，失败托盘互借修复成功 0。
  - KPI：near/mid/deep=0/0/1，救回率=0.00%，pair效率=0.00%。
  - 耗时拆解：packing=0.08s，main_topup=0.00s，retry=0.00s，failed_pool=0.00s，repack=0.00s，total=0.08s。
正在处理托盘类型：MH423C，销售订单号：LAID16296DN01S__SPLITREST__
  - 该分组不适合列式（多非满柱）→ 回退 beam + 配方优先。
  - 配方优先[fast]：规划 0 实例，实装成功 0，配方路径不可用 → 采用基线方案。
  - 指数诊断：箱子 4 个，总指数 8，目标 192，理论最多达标托盘 0 个，剩余指数 8。
  - 几何诊断：典型整层堆叠单盘参考上限 8/192。 当前目标可能受托盘高度/箱型组合限制。
  - 几何诊断提示：典型整层参考值 8 < 目标 192；该值不是不可达证明，继续执行指数救援。
  - 失败托盘互借诊断：未合并（no_target_or_single_plan）。
托盘类型 MH423C（销售订单号：LAID16296DN01S__SPLITREST__）处理完成：总托盘 1，指数达标 0，未达标 1，平均缺口 184.00，最大缺口 184.00，失败托盘互借修复成功 0。
  - KPI：near/mid/deep=0/0/1，救回率=0.00%，pair效率=0.00%。
  - 耗时拆解：packing=0.00s，main_topup=0.00s，retry=0.00s，failed_pool=0.00s，repack=0.00s，total=0.02s。
正在处理托盘类型：MH423C，销售订单号：LAID16296DN02S
  - 主算法：全局列式装箱 + 柱级组合优化（GCP）。
  - GCP 盘数远超理论（CP-SAT 装不满）→ 回退 baseline beam + 配方优先。
  - 托盘 MH423C-LAID16296DN02S-2 未找到可行装箱方案，启用剩余箱子守恒兜底。
  - 配方优先[fast]：规划 0 实例，实装成功 0，配方路径不可用 → 采用基线方案。
  - 指数诊断：箱子 49 个，总指数 164.5，目标 192，理论最多达标托盘 0 个，剩余指数 164.5。
  - 几何诊断：典型整层堆叠单盘参考上限 97/192。 当前目标可能受托盘高度/箱型组合限制。
  - 几何诊断提示：典型整层参考值 97 < 目标 192；该值不是不可达证明，继续执行指数救援。
  - 失败托盘互借诊断：未合并（aborted_no_improvement_possible）。
托盘类型 MH423C（销售订单号：LAID16296DN02S）处理完成：总托盘 4，指数达标 0，未达标 4，平均缺口 150.88，最大缺口 191.00，失败托盘互借修复成功 0。
  - KPI：near/mid/deep=0/0/4，救回率=0.00%，pair效率=0.00%。
  - 耗时拆解：packing=0.35s，main_topup=0.01s，retry=0.00s，failed_pool=0.00s，repack=0.93s，total=2.62s。
正在处理托盘类型：MH423C，销售订单号：LAID16296DN03S
  - 主算法：全局列式装箱 + 柱级组合优化（GCP）。
  - 失败托盘互借诊断：未合并（no_target_or_single_plan）。
托盘类型 MH423C（销售订单号：LAID16296DN03S）处理完成：总托盘 1，指数达标 0，未达标 1，平均缺口 89.00，最大缺口 89.00，失败托盘互借修复成功 0。
  - KPI：near/mid/deep=0/0/1，救回率=0.00%，pair效率=0.00%。
  - 耗时拆解：packing=0.71s，main_topup=0.00s，retry=0.00s，failed_pool=0.00s，repack=0.00s，total=0.72s。
正在处理托盘类型：MH423C，销售订单号：LFEG16290IN03S
  - 该分组不适合列式（多非满柱）→ 回退 beam + 配方优先。
  - 配方优先[fast]：规划 0 实例，实装成功 0，配方路径不可用 → 采用基线方案。
  - 指数诊断：箱子 37 个，总指数 69，目标 192，理论最多达标托盘 0 个，剩余指数 69。
  - 几何诊断：典型整层堆叠单盘参考上限 51/192。 当前目标可能受托盘高度/箱型组合限制。
  - 几何诊断提示：典型整层参考值 51 < 目标 192；该值不是不可达证明，继续执行指数救援。
  - 失败托盘互借诊断：未合并（aborted_no_improvement_possible）。
托盘类型 MH423C（销售订单号：LFEG16290IN03S）处理完成：总托盘 2，指数达标 0，未达标 2，平均缺口 157.50，最大缺口 189.00，失败托盘互借修复成功 0。
  - KPI：near/mid/deep=0/0/2，救回率=0.00%，pair效率=0.00%。
  - 耗时拆解：packing=0.18s，main_topup=0.00s，retry=0.00s，failed_pool=0.00s，repack=0.30s，total=0.95s。
正在处理托盘类型：MH423C，销售订单号：LFEG16310IN02S
  - 该分组不适合列式（多非满柱）→ 回退 beam + 配方优先。
  - 配方优先[fast]：规划 0 实例，实装成功 0，配方路径不可用 → 采用基线方案。
  - 指数诊断：箱子 15 个，总指数 35，目标 192，理论最多达标托盘 0 个，剩余指数 35。
  - 几何诊断：典型整层堆叠单盘参考上限 29/192。 当前目标可能受托盘高度/箱型组合限制。
  - 几何诊断提示：典型整层参考值 29 < 目标 192；该值不是不可达证明，继续执行指数救援。
  - 失败托盘互借诊断：未合并（no_target_or_single_plan）。
托盘类型 MH423C（销售订单号：LFEG16310IN02S）处理完成：总托盘 1，指数达标 0，未达标 1，平均缺口 157.00，最大缺口 157.00，失败托盘互借修复成功 0。
  - KPI：near/mid/deep=0/0/1，救回率=0.00%，pair效率=0.00%。
  - 耗时拆解：packing=0.07s，main_topup=0.00s，retry=0.00s，failed_pool=0.00s，repack=0.00s，total=0.07s。
正在处理托盘类型：MH423C，销售订单号：LFEG16310IN01S
  - 该分组不适合列式（多非满柱）→ 回退 beam + 配方优先。
  - 配方优先[fast]：规划 0 实例，实装成功 0，配方路径不可用 → 采用基线方案。
  - 指数诊断：箱子 17 个，总指数 36，目标 192，理论最多达标托盘 0 个，剩余指数 36。
  - 几何诊断：典型整层堆叠单盘参考上限 30/192。 当前目标可能受托盘高度/箱型组合限制。
  - 几何诊断提示：典型整层参考值 30 < 目标 192；该值不是不可达证明，继续执行指数救援。
  - 失败托盘互借诊断：未合并（no_target_or_single_plan）。
托盘类型 MH423C（销售订单号：LFEG16310IN01S）处理完成：总托盘 1，指数达标 0，未达标 1，平均缺口 156.00，最大缺口 156.00，失败托盘互借修复成功 0。
  - KPI：near/mid/deep=0/0/1，救回率=0.00%，pair效率=0.00%。
  - 耗时拆解：packing=0.09s，main_topup=0.00s，retry=0.00s，failed_pool=0.00s，repack=0.00s，total=0.09s。
正在处理托盘类型：MH423C，销售订单号：PAID16290FN01S
  - 主算法：全局列式装箱 + 柱级组合优化（GCP）。
  - 失败托盘互借诊断：未合并（no_target_or_single_plan）。
托盘类型 MH423C（销售订单号：PAID16290FN01S）处理完成：总托盘 1，指数达标 0，未达标 1，平均缺口 161.00，最大缺口 161.00，失败托盘互借修复成功 0。
  - KPI：near/mid/deep=0/0/1，救回率=0.00%，pair效率=0.00%。
  - 耗时拆解：packing=0.03s，main_topup=0.00s，retry=0.00s，failed_pool=0.00s，repack=0.00s，total=0.03s。
正在处理托盘类型：MH423C，销售订单号：PAID16290FN01S__SPLITREST__
  - 该分组不适合列式（多非满柱）→ 回退 beam + 配方优先。
  - 配方优先[fast]：规划 0 实例，实装成功 0，配方路径不可用 → 采用基线方案。
  - 指数诊断：箱子 1 个，总指数 0.5，目标 192，理论最多达标托盘 0 个，剩余指数 0.5。
  - 几何诊断：典型整层堆叠单盘参考上限 0.5/192。 当前目标可能受托盘高度/箱型组合限制。
  - 几何诊断提示：典型整层参考值 0.5 < 目标 192；该值不是不可达证明，继续执行指数救援。
  - 失败托盘互借诊断：未合并（no_target_or_single_plan）。
托盘类型 MH423C（销售订单号：PAID16290FN01S__SPLITREST__）处理完成：总托盘 1，指数达标 0，未达标 1，平均缺口 191.50，最大缺口 191.50，失败托盘互借修复成功 0。
  - KPI：near/mid/deep=0/0/1，救回率=0.00%，pair效率=0.00%。
  - 耗时拆解：packing=0.00s，main_topup=0.00s，retry=0.00s，failed_pool=0.00s，repack=0.00s，total=0.00s。
正在处理托盘类型：MH423C，销售订单号：PAIN26290BC02S
  - 主算法：全局列式装箱 + 柱级组合优化（GCP）。
  - 失败托盘互借诊断：未合并（no_target_or_single_plan）。
托盘类型 MH423C（销售订单号：PAIN26290BC02S）处理完成：总托盘 1，指数达标 0，未达标 1，平均缺口 84.00，最大缺口 84.00，失败托盘互借修复成功 0。
  - KPI：near/mid/deep=0/0/1，救回率=0.00%，pair效率=0.00%。
  - 耗时拆解：packing=1.25s，main_topup=0.00s，retry=0.00s，failed_pool=0.00s，repack=0.00s，total=1.25s。
正在处理托盘类型：MH423C，销售订单号：PAIN26286EN01S
  - 该分组不适合列式（多非满柱）→ 回退 beam + 配方优先。
  - 配方优先[fast]：规划 0 实例，实装成功 0，配方路径不可用 → 采用基线方案。
  - 指数诊断：箱子 1 个，总指数 2，目标 192，理论最多达标托盘 0 个，剩余指数 2。
  - 几何诊断：典型整层堆叠单盘参考上限 2/192。 当前目标可能受托盘高度/箱型组合限制。
  - 几何诊断提示：典型整层参考值 2 < 目标 192；该值不是不可达证明，继续执行指数救援。
  - 失败托盘互借诊断：未合并（no_target_or_single_plan）。
托盘类型 MH423C（销售订单号：PAIN26286EN01S）处理完成：总托盘 1，指数达标 0，未达标 1，平均缺口 190.00，最大缺口 190.00，失败托盘互借修复成功 0。
  - KPI：near/mid/deep=0/0/1，救回率=0.00%，pair效率=0.00%。
  - 耗时拆解：packing=0.00s，main_topup=0.00s，retry=0.00s，failed_pool=0.00s，repack=0.00s，total=0.00s。
正在处理托盘类型：MH423C，销售订单号：LAID16296DN03S__CASEGROUP__1
  - 主算法：全局列式装箱 + 柱级组合优化（GCP）。
  - 失败托盘互借诊断：未合并（no_target_or_single_plan）。
托盘类型 MH423C（销售订单号：LAID16296DN03S__CASEGROUP__1）处理完成：总托盘 1，指数达标 0，未达标 1，平均缺口 90.00，最大缺口 90.00，失败托盘互借修复成功 0。
  - KPI：near/mid/deep=0/0/1，救回率=0.00%，pair效率=0.00%。
  - 耗时拆解：packing=0.36s，main_topup=0.00s，retry=0.00s，failed_pool=0.00s，repack=0.00s，total=0.36s。
正在处理托盘类型：MH423C，销售订单号：LAID16296DN03S__CASEGROUP__1__SPLITREST__
  - 该分组不适合列式（多非满柱）→ 回退 beam + 配方优先。
  - 配方优先[fast]：规划 0 实例，实装成功 0，配方路径不可用 → 采用基线方案。
  - 指数诊断：箱子 4 个，总指数 2，目标 192，理论最多达标托盘 0 个，剩余指数 2。
  - 几何诊断：典型整层堆叠单盘参考上限 2/192。 当前目标可能受托盘高度/箱型组合限制。
  - 几何诊断提示：典型整层参考值 2 < 目标 192；该值不是不可达证明，继续执行指数救援。
  - 失败托盘互借诊断：未合并（no_target_or_single_plan）。
托盘类型 MH423C（销售订单号：LAID16296DN03S__CASEGROUP__1__SPLITREST__）处理完成：总托盘 1，指数达标 0，未达标 1，平均缺口 190.00，最大缺口 190.00，失败托盘互借修复成功 0。
  - KPI：near/mid/deep=0/0/1，救回率=0.00%，pair效率=0.00%。
  - 耗时拆解：packing=0.00s，main_topup=0.00s，retry=0.00s，failed_pool=0.00s，repack=0.00s，total=0.02s。
正在处理托盘类型：MH423C，销售订单号：LAMY16315FN01S
  - 主算法：全局列式装箱 + 柱级组合优化（GCP）。
  - 失败托盘互借诊断：未合并（no_target_or_single_plan）。
托盘类型 MH423C（销售订单号：LAMY16315FN01S）处理完成：总托盘 1，指数达标 0，未达标 1，平均缺口 21.00，最大缺口 21.00，失败托盘互借修复成功 0。
  - KPI：near/mid/deep=0/1/0，救回率=0.00%，pair效率=0.00%。
  - 耗时拆解：packing=0.93s，main_topup=0.00s，retry=0.00s，failed_pool=0.00s，repack=0.00s，total=0.93s。
正在处理托盘类型：MH423C，销售订单号：LAMY16315FN01S__SPLITREST__
  - 该分组不适合列式（多非满柱）→ 回退 beam + 配方优先。
  - 配方优先[fast]：规划 0 实例，实装成功 0，配方路径不可用 → 采用基线方案。
  - 指数诊断：箱子 1 个，总指数 0.5，目标 192，理论最多达标托盘 0 个，剩余指数 0.5。
  - 几何诊断：典型整层堆叠单盘参考上限 0.5/192。 当前目标可能受托盘高度/箱型组合限制。
  - 几何诊断提示：典型整层参考值 0.5 < 目标 192；该值不是不可达证明，继续执行指数救援。
  - 失败托盘互借诊断：未合并（no_target_or_single_plan）。
托盘类型 MH423C（销售订单号：LAMY16315FN01S__SPLITREST__）处理完成：总托盘 1，指数达标 0，未达标 1，平均缺口 191.50，最大缺口 191.50，失败托盘互借修复成功 0。
  - KPI：near/mid/deep=0/0/1，救回率=0.00%，pair效率=0.00%。
  - 耗时拆解：packing=0.00s，main_topup=0.00s，retry=0.00s，failed_pool=0.00s，repack=0.00s，total=0.00s。
正在处理托盘类型：MH423C，销售订单号：LAID16305BN02S
  - 主算法：全局列式装箱 + 柱级组合优化（GCP）。
  - 失败托盘互借诊断：未合并（no_target_or_single_plan）。
托盘类型 MH423C（销售订单号：LAID16305BN02S）处理完成：总托盘 1，指数达标 0，未达标 1，平均缺口 128.50，最大缺口 128.50，失败托盘互借修复成功 0。
  - KPI：near/mid/deep=0/0/1，救回率=0.00%，pair效率=0.00%。
  - 耗时拆解：packing=0.47s，main_topup=0.00s，retry=0.00s，failed_pool=0.00s，repack=0.00s，total=0.47s。
正在处理托盘类型：MH423C，销售订单号：PAID16280FC02S
  - 主算法：全局列式装箱 + 柱级组合优化（GCP）。
  - GCP 盘数远超理论（CP-SAT 装不满）→ 回退 baseline beam + 配方优先。
  - 配方优先[fast]：规划 0 实例，实装成功 0，配方路径不可用 → 采用基线方案。
  - 指数诊断：箱子 4 个，总指数 16，目标 192，理论最多达标托盘 0 个，剩余指数 16。
  - 几何诊断：典型整层堆叠单盘参考上限 16/192。 当前目标可能受托盘高度/箱型组合限制。
  - 几何诊断提示：典型整层参考值 16 < 目标 192；该值不是不可达证明，继续执行指数救援。
  - 失败托盘互借诊断：未合并（no_target_or_single_plan）。
托盘类型 MH423C（销售订单号：PAID16280FC02S）处理完成：总托盘 1，指数达标 0，未达标 1，平均缺口 176.00，最大缺口 176.00，失败托盘互借修复成功 0。
  - KPI：near/mid/deep=0/0/1，救回率=0.00%，pair效率=0.00%。
  - 耗时拆解：packing=0.00s，main_topup=0.00s，retry=0.00s，failed_pool=0.00s，repack=0.00s，total=0.02s。
正在处理托盘类型：MH423C，销售订单号：PAID16290FC02S
  - 该分组不适合列式（多非满柱）→ 回退 beam + 配方优先。
  - 配方优先[fast]：规划 0 实例，实装成功 0，配方路径不可用 → 采用基线方案。
  - 指数诊断：箱子 6 个，总指数 14，目标 192，理论最多达标托盘 0 个，剩余指数 14。
  - 几何诊断：典型整层堆叠单盘参考上限 14/192。 当前目标可能受托盘高度/箱型组合限制。
  - 几何诊断提示：典型整层参考值 14 < 目标 192；该值不是不可达证明，继续执行指数救援。
  - 失败托盘互借诊断：未合并（no_target_or_single_plan）。
托盘类型 MH423C（销售订单号：PAID16290FC02S）处理完成：总托盘 1，指数达标 0，未达标 1，平均缺口 178.00，最大缺口 178.00，失败托盘互借修复成功 0。
  - KPI：near/mid/deep=0/0/1，救回率=0.00%，pair效率=0.00%。
  - 耗时拆解：packing=0.01s，main_topup=0.00s，retry=0.00s，failed_pool=0.00s，repack=0.00s，total=0.04s。
正在处理托盘类型：MH423C，销售订单号：PEG146296CN01S
  - 主算法：全局列式装箱 + 柱级组合优化（GCP）。
  - 失败托盘互借诊断：未合并（no_target_or_single_plan）。
托盘类型 MH423C（销售订单号：PEG146296CN01S）处理完成：总托盘 1，指数达标 0，未达标 1，平均缺口 68.00，最大缺口 68.00，失败托盘互借修复成功 0。
  - KPI：near/mid/deep=0/0/1，救回率=0.00%，pair效率=0.00%。
  - 耗时拆解：packing=0.31s，main_topup=0.00s，retry=0.00s，failed_pool=0.00s，repack=0.00s，total=0.31s。
正在处理托盘类型：MH423C，销售订单号：PAID16295BN01S
  - 主算法：全局列式装箱 + 柱级组合优化（GCP）。
  - 失败托盘互借诊断：未合并（aborted_no_improvement_possible）。
托盘类型 MH423C（销售订单号：PAID16295BN01S）处理完成：总托盘 2，指数达标 0，未达标 2，平均缺口 95.75，最大缺口 161.50，失败托盘互借修复成功 0。
  - KPI：near/mid/deep=0/0/2，救回率=0.00%，pair效率=0.00%。
  - 耗时拆解：packing=53.88s，main_topup=0.00s，retry=0.00s，failed_pool=0.00s，repack=2.54s，total=56.42s。
  - 条件双路径棘轮：替代完整路径通过守恒和最终门禁，严格优于 GCP，已采用。
正在处理托盘类型：MH423C，销售订单号：PAID16296DN01S
  - 主算法：全局列式装箱 + 柱级组合优化（GCP）。
  - 失败托盘互借诊断：未合并（no_target_or_single_plan）。
托盘类型 MH423C（销售订单号：PAID16296DN01S）处理完成：总托盘 1，指数达标 0，未达标 1，平均缺口 132.50，最大缺口 132.50，失败托盘互借修复成功 0。
  - KPI：near/mid/deep=0/0/1，救回率=0.00%，pair效率=0.00%。
  - 耗时拆解：packing=1.23s，main_topup=0.00s，retry=0.00s，failed_pool=0.00s，repack=0.00s，total=1.23s。
正在处理托盘类型：MH423C，销售订单号：PAID16296DN01S__SPLITREST__
  - 该分组不适合列式（多非满柱）→ 回退 beam + 配方优先。
  - 配方优先[fast]：规划 0 实例，实装成功 0，配方路径不可用 → 采用基线方案。
  - 指数诊断：箱子 3 个，总指数 6，目标 192，理论最多达标托盘 0 个，剩余指数 6。
  - 几何诊断：典型整层堆叠单盘参考上限 6/192。 当前目标可能受托盘高度/箱型组合限制。
  - 几何诊断提示：典型整层参考值 6 < 目标 192；该值不是不可达证明，继续执行指数救援。
  - 失败托盘互借诊断：未合并（no_target_or_single_plan）。
托盘类型 MH423C（销售订单号：PAID16296DN01S__SPLITREST__）处理完成：总托盘 1，指数达标 0，未达标 1，平均缺口 186.00，最大缺口 186.00，失败托盘互借修复成功 0。
  - KPI：near/mid/deep=0/0/1，救回率=0.00%，pair效率=0.00%。
  - 耗时拆解：packing=0.00s，main_topup=0.00s，retry=0.00s，failed_pool=0.00s，repack=0.00s，total=0.01s。
正在处理托盘类型：MH423C，销售订单号：LAID16305EN01S
  - 该分组不适合列式（多非满柱）→ 回退 beam + 配方优先。
  - 配方优先[fast]：规划 0 实例，实装成功 0，配方路径不可用 → 采用基线方案。
  - 指数诊断：箱子 31 个，总指数 87.5，目标 192，理论最多达标托盘 0 个，剩余指数 87.5。
  - 几何诊断：典型整层堆叠单盘参考上限 67/192。 当前目标可能受托盘高度/箱型组合限制。
  - 几何诊断提示：典型整层参考值 67 < 目标 192；该值不是不可达证明，继续执行指数救援。
  - 失败托盘互借诊断：未合并（no_target_or_single_plan）。
托盘类型 MH423C（销售订单号：LAID16305EN01S）处理完成：总托盘 1，指数达标 0，未达标 1，平均缺口 104.50，最大缺口 104.50，失败托盘互借修复成功 0。
  - KPI：near/mid/deep=0/0/1，救回率=0.00%，pair效率=0.00%。
  - 耗时拆解：packing=0.13s，main_topup=0.00s，retry=0.00s，failed_pool=0.00s，repack=0.00s，total=0.42s。
正在处理托盘类型：MH423C，销售订单号：PAID16295EL05S
  - 该分组不适合列式（多非满柱）→ 回退 beam + 配方优先。
  - 配方优先[fast]：规划 0 实例，实装成功 0，配方路径不可用 → 采用基线方案。
  - 指数诊断：箱子 1 个，总指数 2，目标 192，理论最多达标托盘 0 个，剩余指数 2。
  - 几何诊断：典型整层堆叠单盘参考上限 2/192。 当前目标可能受托盘高度/箱型组合限制。
  - 几何诊断提示：典型整层参考值 2 < 目标 192；该值不是不可达证明，继续执行指数救援。
  - 失败托盘互借诊断：未合并（no_target_or_single_plan）。
托盘类型 MH423C（销售订单号：PAID16295EL05S）处理完成：总托盘 1，指数达标 0，未达标 1，平均缺口 190.00，最大缺口 190.00，失败托盘互借修复成功 0。
  - KPI：near/mid/deep=0/0/1，救回率=0.00%，pair效率=0.00%。
  - 耗时拆解：packing=0.00s，main_topup=0.00s，retry=0.00s，failed_pool=0.00s，repack=0.00s，total=0.00s。
正在处理托盘类型：MH423C，销售订单号：PAID16290FL03S
  - 该分组不适合列式（多非满柱）→ 回退 beam + 配方优先。
  - 配方优先[fast]：规划 0 实例，实装成功 0，配方路径不可用 → 采用基线方案。
  - 指数诊断：箱子 3 个，总指数 6，目标 192，理论最多达标托盘 0 个，剩余指数 6。
  - 几何诊断：典型整层堆叠单盘参考上限 6/192。 当前目标可能受托盘高度/箱型组合限制。
  - 几何诊断提示：典型整层参考值 6 < 目标 192；该值不是不可达证明，继续执行指数救援。
  - 失败托盘互借诊断：未合并（no_target_or_single_plan）。
托盘类型 MH423C（销售订单号：PAID16290FL03S）处理完成：总托盘 1，指数达标 0，未达标 1，平均缺口 186.00，最大缺口 186.00，失败托盘互借修复成功 0。
  - KPI：near/mid/deep=0/0/1，救回率=0.00%，pair效率=0.00%。
  - 耗时拆解：packing=0.00s，main_topup=0.00s，retry=0.00s，failed_pool=0.00s，repack=0.00s，total=0.01s。
正在处理托盘类型：MH423C，销售订单号：PAID16306DN01S
  - 主算法：全局列式装箱 + 柱级组合优化（GCP）。
  - 失败托盘互借诊断：未合并（no_target_or_single_plan）。
托盘类型 MH423C（销售订单号：PAID16306DN01S）处理完成：总托盘 1，指数达标 0，未达标 1，平均缺口 170.00，最大缺口 170.00，失败托盘互借修复成功 0。
  - KPI：near/mid/deep=0/0/1，救回率=0.00%，pair效率=0.00%。
  - 耗时拆解：packing=0.09s，main_topup=0.00s，retry=0.00s，failed_pool=0.00s，repack=0.00s，total=0.09s。
正在处理托盘类型：MH423C，销售订单号：PAID16306DN01S__SPLITREST__
  - 该分组不适合列式（多非满柱）→ 回退 beam + 配方优先。
  - 配方优先[fast]：规划 0 实例，实装成功 0，配方路径不可用 → 采用基线方案。
  - 指数诊断：箱子 2 个，总指数 1，目标 192，理论最多达标托盘 0 个，剩余指数 1。
  - 几何诊断：典型整层堆叠单盘参考上限 1/192。 当前目标可能受托盘高度/箱型组合限制。
  - 几何诊断提示：典型整层参考值 1 < 目标 192；该值不是不可达证明，继续执行指数救援。
  - 失败托盘互借诊断：未合并（no_target_or_single_plan）。
托盘类型 MH423C（销售订单号：PAID16306DN01S__SPLITREST__）处理完成：总托盘 1，指数达标 0，未达标 1，平均缺口 191.00，最大缺口 191.00，失败托盘互借修复成功 0。
  - KPI：near/mid/deep=0/0/1，救回率=0.00%，pair效率=0.00%。
  - 耗时拆解：packing=0.00s，main_topup=0.00s，retry=0.00s，failed_pool=0.00s，repack=0.00s，total=0.00s。
正在处理托盘类型：MH423C，销售订单号：LAMY16305FN01S
  - 主算法：全局列式装箱 + 柱级组合优化（GCP）。
  - GCP 盘数远超理论（CP-SAT 装不满）→ 回退 baseline beam + 配方优先。
  - 配方优先[fast]：规划 0 实例，实装成功 0，配方路径不可用 → 采用基线方案。
  - 指数诊断：箱子 66 个，总指数 125.5，目标 192，理论最多达标托盘 0 个，剩余指数 125.5。
  - 几何诊断：典型整层堆叠单盘参考上限 92/192。 当前目标可能受托盘高度/箱型组合限制。
  - 几何诊断提示：典型整层参考值 92 < 目标 192；该值不是不可达证明，继续执行指数救援。
  - 失败托盘互借诊断：未合并（aborted_no_improvement_possible）。
托盘类型 MH423C（销售订单号：LAMY16305FN01S）处理完成：总托盘 2，指数达标 0，未达标 2，平均缺口 129.25，最大缺口 188.00，失败托盘互借修复成功 0。
  - KPI：near/mid/deep=0/0/2，救回率=0.00%，pair效率=0.00%。
  - 耗时拆解：packing=0.72s，main_topup=0.01s，retry=0.00s，failed_pool=0.00s，repack=1.30s，total=5.67s。
正在处理托盘类型：MH423C，销售订单号：LAMY16305FN01S__SPLITREST__
  - 该分组不适合列式（多非满柱）→ 回退 beam + 配方优先。
  - 配方优先[fast]：规划 0 实例，实装成功 0，配方路径不可用 → 采用基线方案。
  - 指数诊断：箱子 1 个，总指数 6，目标 192，理论最多达标托盘 0 个，剩余指数 6。
  - 几何诊断：典型整层堆叠单盘参考上限 6/192。 当前目标可能受托盘高度/箱型组合限制。
  - 几何诊断提示：典型整层参考值 6 < 目标 192；该值不是不可达证明，继续执行指数救援。
  - 失败托盘互借诊断：未合并（no_target_or_single_plan）。
托盘类型 MH423C（销售订单号：LAMY16305FN01S__SPLITREST__）处理完成：总托盘 1，指数达标 0，未达标 1，平均缺口 186.00，最大缺口 186.00，失败托盘互借修复成功 0。
  - KPI：near/mid/deep=0/0/1，救回率=0.00%，pair效率=0.00%。
  - 耗时拆解：packing=0.00s，main_topup=0.00s，retry=0.00s，failed_pool=0.00s，repack=0.00s，total=0.00s。
正在处理托盘类型：MH423C，销售订单号：PAID16300FN01S
  - 该分组不适合列式（多非满柱）→ 回退 beam + 配方优先。
  - 配方优先[fast]：规划 0 实例，实装成功 0，配方路径不可用 → 采用基线方案。
  - 指数诊断：箱子 8 个，总指数 19，目标 192，理论最多达标托盘 0 个，剩余指数 19。
  - 几何诊断：典型整层堆叠单盘参考上限 19/192。 当前目标可能受托盘高度/箱型组合限制。
  - 几何诊断提示：典型整层参考值 19 < 目标 192；该值不是不可达证明，继续执行指数救援。
  - 失败托盘互借诊断：未合并（no_target_or_single_plan）。
托盘类型 MH423C（销售订单号：PAID16300FN01S）处理完成：总托盘 1，指数达标 0，未达标 1，平均缺口 173.00，最大缺口 173.00，失败托盘互借修复成功 0。
  - KPI：near/mid/deep=0/0/1，救回率=0.00%，pair效率=0.00%。
  - 耗时拆解：packing=0.01s，main_topup=0.00s，retry=0.00s，failed_pool=0.00s，repack=0.00s，total=0.04s。
正在处理托盘类型：MH423C，销售订单号：PAID16295BD02S
  - 主算法：全局列式装箱 + 柱级组合优化（GCP）。
  - 失败托盘互借诊断：未合并（no_target_or_single_plan）。
托盘类型 MH423C（销售订单号：PAID16295BD02S）处理完成：总托盘 1，指数达标 0，未达标 1，平均缺口 156.00，最大缺口 156.00，失败托盘互借修复成功 0。
  - KPI：near/mid/deep=0/0/1，救回率=0.00%，pair效率=0.00%。
  - 耗时拆解：packing=0.07s，main_topup=0.00s，retry=0.00s，failed_pool=0.00s，repack=0.00s，total=0.07s。
正在处理托盘类型：MH423C，销售订单号：LFEG16300IN02S
  - 主算法：全局列式装箱 + 柱级组合优化（GCP）。
  - 失败托盘互借诊断：未合并（no_target_or_single_plan）。
托盘类型 MH423C（销售订单号：LFEG16300IN02S）处理完成：总托盘 1，指数达标 0，未达标 1，平均缺口 141.50，最大缺口 141.50，失败托盘互借修复成功 0。
  - KPI：near/mid/deep=0/0/1，救回率=0.00%，pair效率=0.00%。
  - 耗时拆解：packing=0.45s，main_topup=0.00s，retry=0.00s，failed_pool=0.00s，repack=0.00s，total=0.45s。
正在处理托盘类型：MH423C，销售订单号：LFEG16300IN02S__SPLITREST__
  - 该分组不适合列式（多非满柱）→ 回退 beam + 配方优先。
  - 配方优先[fast]：规划 0 实例，实装成功 0，配方路径不可用 → 采用基线方案。
  - 指数诊断：箱子 2 个，总指数 4，目标 192，理论最多达标托盘 0 个，剩余指数 4。
  - 几何诊断：典型整层堆叠单盘参考上限 4/192。 当前目标可能受托盘高度/箱型组合限制。
  - 几何诊断提示：典型整层参考值 4 < 目标 192；该值不是不可达证明，继续执行指数救援。
  - 失败托盘互借诊断：未合并（no_target_or_single_plan）。
托盘类型 MH423C（销售订单号：LFEG16300IN02S__SPLITREST__）处理完成：总托盘 1，指数达标 0，未达标 1，平均缺口 188.00，最大缺口 188.00，失败托盘互借修复成功 0。
  - KPI：near/mid/deep=0/0/1，救回率=0.00%，pair效率=0.00%。
  - 耗时拆解：packing=0.00s，main_topup=0.00s，retry=0.00s，failed_pool=0.00s，repack=0.00s，total=0.00s。
正在处理托盘类型：MH423C，销售订单号：LAID16305BN01S
  - 主算法：全局列式装箱 + 柱级组合优化（GCP）。
  - GCP 盘数远超理论（CP-SAT 装不满）→ 回退 baseline beam + 配方优先。
  - 配方优先[fast]：规划 0 实例，实装成功 0，配方路径不可用 → 采用基线方案。
  - 指数诊断：箱子 54 个，总指数 129，目标 192，理论最多达标托盘 0 个，剩余指数 129。
  - 几何诊断：典型整层堆叠单盘参考上限 104.5/192。 当前目标可能受托盘高度/箱型组合限制。
  - 几何诊断提示：典型整层参考值 104.5 < 目标 192；该值不是不可达证明，继续执行指数救援。
  - 失败托盘互借诊断：未合并（aborted_no_improvement_possible）。
托盘类型 MH423C（销售订单号：LAID16305BN01S）处理完成：总托盘 2，指数达标 0，未达标 2，平均缺口 127.50，最大缺口 172.00，失败托盘互借修复成功 0。
  - KPI：near/mid/deep=0/0/2，救回率=0.00%，pair效率=0.00%。
  - 耗时拆解：packing=1.14s，main_topup=0.00s，retry=0.00s，failed_pool=0.00s，repack=0.71s，total=2.66s。
正在处理托盘类型：MH423C，销售订单号：LFEG16310IN03S
  - 主算法：全局列式装箱 + 柱级组合优化（GCP）。
  - 失败托盘互借诊断：未合并（no_target_or_single_plan）。
托盘类型 MH423C（销售订单号：LFEG16310IN03S）处理完成：总托盘 1，指数达标 0，未达标 1，平均缺口 159.00，最大缺口 159.00，失败托盘互借修复成功 0。
  - KPI：near/mid/deep=0/0/1，救回率=0.00%，pair效率=0.00%。
  - 耗时拆解：packing=0.03s，main_topup=0.00s，retry=0.00s，failed_pool=0.00s，repack=0.00s，total=0.03s。
正在处理托盘类型：MH423C，销售订单号：LFEG16300IN01S
  - 该分组不适合列式（多非满柱）→ 回退 beam + 配方优先。
  - 配方优先[fast]：规划 0 实例，实装成功 0，配方路径不可用 → 采用基线方案。
  - 指数诊断：箱子 18 个，总指数 29.5，目标 192，理论最多达标托盘 0 个，剩余指数 29.5。
  - 几何诊断：典型整层堆叠单盘参考上限 28.5/192。 当前目标可能受托盘高度/箱型组合限制。
  - 几何诊断提示：典型整层参考值 28.5 < 目标 192；该值不是不可达证明，继续执行指数救援。
  - 失败托盘互借诊断：未合并（no_target_or_single_plan）。
托盘类型 MH423C（销售订单号：LFEG16300IN01S）处理完成：总托盘 1，指数达标 0，未达标 1，平均缺口 162.50，最大缺口 162.50，失败托盘互借修复成功 0。
  - KPI：near/mid/deep=0/0/1，救回率=0.00%，pair效率=0.00%。
  - 耗时拆解：packing=0.10s，main_topup=0.00s，retry=0.00s，failed_pool=0.00s，repack=0.00s，total=0.10s。
正在处理托盘类型：MH423C，销售订单号：LFEG16300IN03S
  - 主算法：全局列式装箱 + 柱级组合优化（GCP）。
  - 失败托盘互借诊断：未合并（no_target_or_single_plan）。
托盘类型 MH423C（销售订单号：LFEG16300IN03S）处理完成：总托盘 1，指数达标 0，未达标 1，平均缺口 82.00，最大缺口 82.00，失败托盘互借修复成功 0。
  - KPI：near/mid/deep=0/0/1，救回率=0.00%，pair效率=0.00%。
  - 耗时拆解：packing=0.92s，main_topup=0.00s，retry=0.00s，failed_pool=0.00s，repack=0.00s，total=0.92s。
正在处理托盘类型：MH423C，销售订单号：LFEG16300IN03S__SPLITREST__
  - 该分组不适合列式（多非满柱）→ 回退 beam + 配方优先。
  - 配方优先[fast]：规划 0 实例，实装成功 0，配方路径不可用 → 采用基线方案。
  - 指数诊断：箱子 2 个，总指数 4，目标 192，理论最多达标托盘 0 个，剩余指数 4。
  - 几何诊断：典型整层堆叠单盘参考上限 4/192。 当前目标可能受托盘高度/箱型组合限制。
  - 几何诊断提示：典型整层参考值 4 < 目标 192；该值不是不可达证明，继续执行指数救援。
  - 失败托盘互借诊断：未合并（no_target_or_single_plan）。
托盘类型 MH423C（销售订单号：LFEG16300IN03S__SPLITREST__）处理完成：总托盘 1，指数达标 0，未达标 1，平均缺口 188.00，最大缺口 188.00，失败托盘互借修复成功 0。
  - KPI：near/mid/deep=0/0/1，救回率=0.00%，pair效率=0.00%。
  - 耗时拆解：packing=0.00s，main_topup=0.00s，retry=0.00s，failed_pool=0.00s，repack=0.00s，total=0.00s。
正在处理托盘类型：MH423C，销售订单号：LAID16305BN03S
  - 主算法：全局列式装箱 + 柱级组合优化（GCP）。
  - 失败托盘互借诊断：未合并（no_target_or_single_plan）。
托盘类型 MH423C（销售订单号：LAID16305BN03S）处理完成：总托盘 1，指数达标 0，未达标 1，平均缺口 116.00，最大缺口 116.00，失败托盘互借修复成功 0。
  - KPI：near/mid/deep=0/0/1，救回率=0.00%，pair效率=0.00%。
  - 耗时拆解：packing=0.35s，main_topup=0.00s，retry=0.00s，failed_pool=0.00s，repack=0.00s，total=0.35s。
正在处理托盘类型：MH423C，销售订单号：LAID16305BN03S__SPLITREST__
  - 该分组不适合列式（多非满柱）→ 回退 beam + 配方优先。
  - 托盘 MH423C-LAID16305BN03S__SPLITREST__-1 未找到可行装箱方案，启用剩余箱子守恒兜底。
  - 配方优先[fast]：规划 0 实例，实装成功 0，配方路径不可用 → 采用基线方案。
  - 指数诊断：箱子 5 个，总指数 2.5，目标 192，理论最多达标托盘 0 个，剩余指数 2.5。
  - 几何诊断：典型整层堆叠单盘参考上限 2.5/192。 当前目标可能受托盘高度/箱型组合限制。
  - 几何诊断提示：典型整层参考值 2.5 < 目标 192；该值不是不可达证明，继续执行指数救援。
  - 失败托盘互借诊断：未合并（aborted_no_improvement_possible）。
托盘类型 MH423C（销售订单号：LAID16305BN03S__SPLITREST__）处理完成：总托盘 2，指数达标 0，未达标 2，平均缺口 190.75，最大缺口 191.50，失败托盘互借修复成功 0。
  - KPI：near/mid/deep=0/0/2，救回率=0.00%，pair效率=0.00%。
  - 耗时拆解：packing=0.01s，main_topup=0.00s，retry=0.00s，failed_pool=0.00s，repack=0.03s，total=0.07s。
正在处理托盘类型：MH423C，销售订单号：PEG166300LN01S
  - 主算法：全局列式装箱 + 柱级组合优化（GCP）。
  - 失败托盘互借诊断：未合并（no_target_or_single_plan）。
托盘类型 MH423C（销售订单号：PEG166300LN01S）处理完成：总托盘 1，指数达标 0，未达标 1，平均缺口 64.00，最大缺口 64.00，失败托盘互借修复成功 0。
  - KPI：near/mid/deep=0/0/1，救回率=0.00%，pair效率=0.00%。
  - 耗时拆解：packing=0.31s，main_topup=0.00s，retry=0.00s，failed_pool=0.00s，repack=0.00s，total=0.31s。
正在处理托盘类型：MH423C，销售订单号：PAID163008N01S
  - 该分组不适合列式（多非满柱）→ 回退 beam + 配方优先。
  - 配方优先[fast]：规划 0 实例，实装成功 0，配方路径不可用 → 采用基线方案。
  - 指数诊断：箱子 1 个，总指数 1，目标 192，理论最多达标托盘 0 个，剩余指数 1。
  - 几何诊断：典型整层堆叠单盘参考上限 1/192。 当前目标可能受托盘高度/箱型组合限制。
  - 几何诊断提示：典型整层参考值 1 < 目标 192；该值不是不可达证明，继续执行指数救援。
  - 失败托盘互借诊断：未合并（no_target_or_single_plan）。
托盘类型 MH423C（销售订单号：PAID163008N01S）处理完成：总托盘 1，指数达标 0，未达标 1，平均缺口 191.00，最大缺口 191.00，失败托盘互借修复成功 0。
  - KPI：near/mid/deep=0/0/1，救回率=0.00%，pair效率=0.00%。
  - 耗时拆解：packing=0.00s，main_topup=0.00s，retry=0.00s，failed_pool=0.00s，repack=0.00s，total=0.00s。
正在处理托盘类型：MH423C，销售订单号：PAIN26290BN01S
  - 该分组不适合列式（多非满柱）→ 回退 beam + 配方优先。
  - 托盘 MH423C-PAIN26290BN01S-1 未找到可行装箱方案，启用剩余箱子守恒兜底。
  - 配方优先[fast]：规划 0 实例，实装成功 0，配方路径不可用 → 采用基线方案。
  - 指数诊断：箱子 5 个，总指数 2.5，目标 192，理论最多达标托盘 0 个，剩余指数 2.5。
  - 几何诊断：典型整层堆叠单盘参考上限 2.5/192。 当前目标可能受托盘高度/箱型组合限制。
  - 几何诊断提示：典型整层参考值 2.5 < 目标 192；该值不是不可达证明，继续执行指数救援。
  - 失败盘装满压实：合并/吸收 1 次（纯减盘数）。
  - 失败托盘互借诊断：未合并（aborted_no_improvement_possible）。
托盘类型 MH423C（销售订单号：PAIN26290BN01S）处理完成：总托盘 1，指数达标 0，未达标 1，平均缺口 189.50，最大缺口 189.50，失败托盘互借修复成功 0。
  - KPI：near/mid/deep=0/0/1，救回率=0.00%，pair效率=0.00%。
  - 耗时拆解：packing=0.01s，main_topup=0.00s，retry=0.00s，failed_pool=0.00s，repack=0.03s，total=0.07s。
正在处理托盘类型：MH423C，销售订单号：PAID162308N01S
  - 该分组不适合列式（多非满柱）→ 回退 beam + 配方优先。
  - 配方优先[fast]：规划 0 实例，实装成功 0，配方路径不可用 → 采用基线方案。
  - 指数诊断：箱子 1 个，总指数 2，目标 192，理论最多达标托盘 0 个，剩余指数 2。
  - 几何诊断：典型整层堆叠单盘参考上限 2/192。 当前目标可能受托盘高度/箱型组合限制。
  - 几何诊断提示：典型整层参考值 2 < 目标 192；该值不是不可达证明，继续执行指数救援。
  - 失败托盘互借诊断：未合并（no_target_or_single_plan）。
托盘类型 MH423C（销售订单号：PAID162308N01S）处理完成：总托盘 1，指数达标 0，未达标 1，平均缺口 190.00，最大缺口 190.00，失败托盘互借修复成功 0。
  - KPI：near/mid/deep=0/0/1，救回率=0.00%，pair效率=0.00%。
  - 耗时拆解：packing=0.00s，main_topup=0.00s，retry=0.00s，failed_pool=0.00s，repack=0.00s，total=0.00s。
正在处理托盘类型：MH423C，销售订单号：PEG106290LN01S
  - 主算法：全局列式装箱 + 柱级组合优化（GCP）。
  - 失败托盘互借诊断：未合并（no_target_or_single_plan）。
托盘类型 MH423C（销售订单号：PEG106290LN01S）处理完成：总托盘 1，指数达标 0，未达标 1，平均缺口 179.00，最大缺口 179.00，失败托盘互借修复成功 0。
  - KPI：near/mid/deep=0/0/1，救回率=0.00%，pair效率=0.00%。
  - 耗时拆解：packing=0.04s，main_topup=0.00s，retry=0.00s，failed_pool=0.00s，repack=0.00s，total=0.04s。
正在处理托盘类型：MH423C，销售订单号：LAID16306DN03S
  - 该分组不适合列式（多非满柱）→ 回退 beam + 配方优先。
  - 配方优先[fast]：规划 0 实例，实装成功 0，配方路径不可用 → 采用基线方案。
  - 指数诊断：箱子 9 个，总指数 9，目标 192，理论最多达标托盘 0 个，剩余指数 9。
  - 几何诊断：典型整层堆叠单盘参考上限 9/192。 当前目标可能受托盘高度/箱型组合限制。
  - 几何诊断提示：典型整层参考值 9 < 目标 192；该值不是不可达证明，继续执行指数救援。
  - 失败托盘互借诊断：未合并（no_target_or_single_plan）。
托盘类型 MH423C（销售订单号：LAID16306DN03S）处理完成：总托盘 1，指数达标 0，未达标 1，平均缺口 183.00，最大缺口 183.00，失败托盘互借修复成功 0。
  - KPI：near/mid/deep=0/0/1，救回率=0.00%，pair效率=0.00%。
  - 耗时拆解：packing=0.01s，main_topup=0.00s，retry=0.00s，failed_pool=0.00s，repack=0.00s，total=0.06s。
正在处理托盘类型：MH423C，销售订单号：PAID16305EC01S
  - 该分组不适合列式（多非满柱）→ 回退 beam + 配方优先。
  - 配方优先[fast]：规划 0 实例，实装成功 0，配方路径不可用 → 采用基线方案。
  - 指数诊断：箱子 2 个，总指数 2，目标 192，理论最多达标托盘 0 个，剩余指数 2。
  - 几何诊断：典型整层堆叠单盘参考上限 2/192。 当前目标可能受托盘高度/箱型组合限制。
  - 几何诊断提示：典型整层参考值 2 < 目标 192；该值不是不可达证明，继续执行指数救援。
  - 失败托盘互借诊断：未合并（no_target_or_single_plan）。
托盘类型 MH423C（销售订单号：PAID16305EC01S）处理完成：总托盘 1，指数达标 0，未达标 1，平均缺口 190.00，最大缺口 190.00，失败托盘互借修复成功 0。
  - KPI：near/mid/deep=0/0/1，救回率=0.00%，pair效率=0.00%。
  - 耗时拆解：packing=0.00s，main_topup=0.00s，retry=0.00s，failed_pool=0.00s，repack=0.00s，total=0.00s。
正在处理托盘类型：MH423C，销售订单号：LAID16306DN02S
  - 主算法：全局列式装箱 + 柱级组合优化（GCP）。
  - 失败托盘互借诊断：未合并（no_target_or_single_plan）。
托盘类型 MH423C（销售订单号：LAID16306DN02S）处理完成：总托盘 1，指数达标 0，未达标 1，平均缺口 144.00，最大缺口 144.00，失败托盘互借修复成功 0。
  - KPI：near/mid/deep=0/0/1，救回率=0.00%，pair效率=0.00%。
  - 耗时拆解：packing=0.51s，main_topup=0.00s，retry=0.00s，failed_pool=0.00s，repack=0.00s，total=0.51s。
正在处理托盘类型：MH423C，销售订单号：LAID16306DN02S__SPLITREST__
  - 该分组不适合列式（多非满柱）→ 回退 beam + 配方优先。
  - 配方优先[fast]：规划 0 实例，实装成功 0，配方路径不可用 → 采用基线方案。
  - 指数诊断：箱子 2 个，总指数 4，目标 192，理论最多达标托盘 0 个，剩余指数 4。
  - 几何诊断：典型整层堆叠单盘参考上限 4/192。 当前目标可能受托盘高度/箱型组合限制。
  - 几何诊断提示：典型整层参考值 4 < 目标 192；该值不是不可达证明，继续执行指数救援。
  - 失败托盘互借诊断：未合并（no_target_or_single_plan）。
托盘类型 MH423C（销售订单号：LAID16306DN02S__SPLITREST__）处理完成：总托盘 1，指数达标 0，未达标 1，平均缺口 188.00，最大缺口 188.00，失败托盘互借修复成功 0。
  - KPI：near/mid/deep=0/0/1，救回率=0.00%，pair效率=0.00%。
  - 耗时拆解：packing=0.00s，main_topup=0.00s，retry=0.00s，failed_pool=0.00s，repack=0.00s，total=0.00s。
正在处理托盘类型：MH423C，销售订单号：LFEG16316AN01S
  - 主算法：全局列式装箱 + 柱级组合优化（GCP）。
  - 失败托盘互借诊断：未合并（no_target_or_single_plan）。
托盘类型 MH423C（销售订单号：LFEG16316AN01S）处理完成：总托盘 1，指数达标 0，未达标 1，平均缺口 178.00，最大缺口 178.00，失败托盘互借修复成功 0。
  - KPI：near/mid/deep=0/0/1，救回率=0.00%，pair效率=0.00%。
  - 耗时拆解：packing=0.01s，main_topup=0.00s，retry=0.00s，failed_pool=0.00s，repack=0.00s，total=0.01s。
正在处理托盘类型：MH423C，销售订单号：PAIN26310GN01S
  - 主算法：全局列式装箱 + 柱级组合优化（GCP）。
  - GCP 盘数远超理论（CP-SAT 装不满）→ 回退 baseline beam + 配方优先。
  - 配方优先[fast]：规划 0 实例，实装成功 0，配方路径不可用 → 采用基线方案。
  - 指数诊断：箱子 4 个，总指数 16，目标 192，理论最多达标托盘 0 个，剩余指数 16。
  - 几何诊断：典型整层堆叠单盘参考上限 16/192。 当前目标可能受托盘高度/箱型组合限制。
  - 几何诊断提示：典型整层参考值 16 < 目标 192；该值不是不可达证明，继续执行指数救援。
  - 失败托盘互借诊断：未合并（no_target_or_single_plan）。
托盘类型 MH423C（销售订单号：PAIN26310GN01S）处理完成：总托盘 1，指数达标 0，未达标 1，平均缺口 176.00，最大缺口 176.00，失败托盘互借修复成功 0。
  - KPI：near/mid/deep=0/0/1，救回率=0.00%，pair效率=0.00%。
  - 耗时拆解：packing=0.00s，main_topup=0.00s，retry=0.00s，failed_pool=0.00s，repack=0.00s，total=0.02s。
正在处理托盘类型：MH423C，销售订单号：PAIN26290MZ07S
  - 主算法：全局列式装箱 + 柱级组合优化（GCP）。
  - 失败托盘互借诊断：未合并（no_target_or_single_plan）。
托盘类型 MH423C（销售订单号：PAIN26290MZ07S）处理完成：总托盘 1，指数达标 0，未达标 1，平均缺口 22.00，最大缺口 22.00，失败托盘互借修复成功 0。
  - KPI：near/mid/deep=0/1/0，救回率=0.00%，pair效率=0.00%。
  - 耗时拆解：packing=2.70s，main_topup=0.00s，retry=0.00s，failed_pool=0.00s，repack=0.00s，total=2.70s。
正在处理托盘类型：MH423C，销售订单号：PAID16295EN06S
  - 该分组不适合列式（多非满柱）→ 回退 beam + 配方优先。
  - 配方优先[fast]：规划 0 实例，实装成功 0，配方路径不可用 → 采用基线方案。
  - 指数诊断：箱子 1 个，总指数 1，目标 192，理论最多达标托盘 0 个，剩余指数 1。
  - 几何诊断：典型整层堆叠单盘参考上限 1/192。 当前目标可能受托盘高度/箱型组合限制。
  - 几何诊断提示：典型整层参考值 1 < 目标 192；该值不是不可达证明，继续执行指数救援。
  - 失败托盘互借诊断：未合并（no_target_or_single_plan）。
托盘类型 MH423C（销售订单号：PAID16295EN06S）处理完成：总托盘 1，指数达标 0，未达标 1，平均缺口 191.00，最大缺口 191.00，失败托盘互借修复成功 0。
  - KPI：near/mid/deep=0/0/1，救回率=0.00%，pair效率=0.00%。
  - 耗时拆解：packing=0.00s，main_topup=0.00s，retry=0.00s，failed_pool=0.00s，repack=0.00s，total=0.00s。
正在处理托盘类型：MH423C，销售订单号：PAIN26296EN01S
  - 主算法：全局列式装箱 + 柱级组合优化（GCP）。
  - 失败托盘互借诊断：未合并（no_target_or_single_plan）。
托盘类型 MH423C（销售订单号：PAIN26296EN01S）处理完成：总托盘 1，指数达标 0，未达标 1，平均缺口 31.00，最大缺口 31.00，失败托盘互借修复成功 0。
  - KPI：near/mid/deep=0/0/1，救回率=0.00%，pair效率=0.00%。
  - 耗时拆解：packing=0.41s，main_topup=0.00s，retry=0.00s，failed_pool=0.00s，repack=0.00s，total=0.41s。
正在处理托盘类型：MH423C，销售订单号：LFEG16316AN02S
  - 该分组不适合列式（多非满柱）→ 回退 beam + 配方优先。
  - 配方优先[fast]：规划 0 实例，实装成功 0，配方路径不可用 → 采用基线方案。
  - 指数诊断：箱子 3 个，总指数 6，目标 192，理论最多达标托盘 0 个，剩余指数 6。
  - 几何诊断：典型整层堆叠单盘参考上限 6/192。 当前目标可能受托盘高度/箱型组合限制。
  - 几何诊断提示：典型整层参考值 6 < 目标 192；该值不是不可达证明，继续执行指数救援。
  - 失败托盘互借诊断：未合并（no_target_or_single_plan）。
托盘类型 MH423C（销售订单号：LFEG16316AN02S）处理完成：总托盘 1，指数达标 0，未达标 1，平均缺口 186.00，最大缺口 186.00，失败托盘互借修复成功 0。
  - KPI：near/mid/deep=0/0/1，救回率=0.00%，pair效率=0.00%。
  - 耗时拆解：packing=0.00s，main_topup=0.00s，retry=0.00s，failed_pool=0.00s，repack=0.00s，total=0.01s。
正在处理托盘类型：MH423C，销售订单号：PAIN26310MN01S
  - 该分组不适合列式（多非满柱）→ 回退 beam + 配方优先。
  - 配方优先[fast]：规划 0 实例，实装成功 0，配方路径不可用 → 采用基线方案。
  - 指数诊断：箱子 7 个，总指数 76，目标 192，理论最多达标托盘 0 个，剩余指数 76。
  - 几何诊断：典型整层堆叠单盘参考上限 60/192。 当前目标可能受托盘高度/箱型组合限制。
  - 几何诊断提示：典型整层参考值 60 < 目标 192；该值不是不可达证明，继续执行指数救援。
  - 失败托盘互借诊断：未合并（no_target_or_single_plan）。
托盘类型 MH423C（销售订单号：PAIN26310MN01S）处理完成：总托盘 1，指数达标 0，未达标 1，平均缺口 116.00，最大缺口 116.00，失败托盘互借修复成功 0。
  - KPI：near/mid/deep=0/0/1，救回率=0.00%，pair效率=0.00%。
  - 耗时拆解：packing=0.00s，main_topup=0.00s，retry=0.00s，failed_pool=0.00s，repack=0.00s，total=0.00s。
正在处理托盘类型：MH423C，销售订单号：LAID16315EN01S
  - 该分组不适合列式（多非满柱）→ 回退 beam + 配方优先。
  - 配方优先[fast]：规划 0 实例，实装成功 0，配方路径不可用 → 采用基线方案。
  - 指数诊断：箱子 4 个，总指数 20，目标 192，理论最多达标托盘 0 个，剩余指数 20。
  - 几何诊断：典型整层堆叠单盘参考上限 20/192。 当前目标可能受托盘高度/箱型组合限制。
  - 几何诊断提示：典型整层参考值 20 < 目标 192；该值不是不可达证明，继续执行指数救援。
  - 失败托盘互借诊断：未合并（no_target_or_single_plan）。
托盘类型 MH423C（销售订单号：LAID16315EN01S）处理完成：总托盘 1，指数达标 0，未达标 1，平均缺口 172.00，最大缺口 172.00，失败托盘互借修复成功 0。
  - KPI：near/mid/deep=0/0/1，救回率=0.00%，pair效率=0.00%。
  - 耗时拆解：packing=0.01s，main_topup=0.00s，retry=0.00s，failed_pool=0.00s，repack=0.00s，total=0.01s。
正在处理托盘类型：MH423C，销售订单号：PAIN26316EN01S
  - 主算法：全局列式装箱 + 柱级组合优化（GCP）。
  - 失败托盘互借诊断：未合并（no_target_or_single_plan）。
托盘类型 MH423C（销售订单号：PAIN26316EN01S）处理完成：总托盘 1，指数达标 0，未达标 1，平均缺口 140.00，最大缺口 140.00，失败托盘互借修复成功 0。
  - KPI：near/mid/deep=0/0/1，救回率=0.00%，pair效率=0.00%。
  - 耗时拆解：packing=0.04s，main_topup=0.00s，retry=0.00s，failed_pool=0.00s，repack=0.00s，total=0.04s。
正在处理托盘类型：MH423C，销售订单号：LAID16315EN02S
  - 主算法：全局列式装箱 + 柱级组合优化（GCP）。
  - 失败托盘互借诊断：未合并（no_target_or_single_plan）。
托盘类型 MH423C（销售订单号：LAID16315EN02S）处理完成：总托盘 1，指数达标 0，未达标 1，平均缺口 148.00，最大缺口 148.00，失败托盘互借修复成功 0。
  - KPI：near/mid/deep=0/0/1，救回率=0.00%，pair效率=0.00%。
  - 耗时拆解：packing=0.01s，main_topup=0.00s，retry=0.00s，failed_pool=0.00s，repack=0.00s，total=0.01s。
正在处理托盘类型：MH423C，销售订单号：PAIN26296EC02S
  - 主算法：全局列式装箱 + 柱级组合优化（GCP）。
  - 失败托盘互借诊断：未合并（no_target_or_single_plan）。
托盘类型 MH423C（销售订单号：PAIN26296EC02S）处理完成：总托盘 1，指数达标 0，未达标 1，平均缺口 130.00，最大缺口 130.00，失败托盘互借修复成功 0。
  - KPI：near/mid/deep=0/0/1，救回率=0.00%，pair效率=0.00%。
  - 耗时拆解：packing=0.16s，main_topup=0.00s，retry=0.00s，failed_pool=0.00s，repack=0.00s，total=0.16s。
正在处理托盘类型：MH423C，销售订单号：PAIN26310MZ05S
  - 主算法：全局列式装箱 + 柱级组合优化（GCP）。
  - 失败托盘互借诊断：未合并（no_target_or_single_plan）。
托盘类型 MH423C（销售订单号：PAIN26310MZ05S）处理完成：总托盘 1，指数达标 0，未达标 1，平均缺口 86.00，最大缺口 86.00，失败托盘互借修复成功 0。
  - KPI：near/mid/deep=0/0/1，救回率=0.00%，pair效率=0.00%。
  - 耗时拆解：packing=1.40s，main_topup=0.00s，retry=0.00s，failed_pool=0.00s，repack=0.00s，total=1.40s。
正在处理托盘类型：MH423C，销售订单号：PEG086300LN01S
  - 主算法：全局列式装箱 + 柱级组合优化（GCP）。
  - GCP 盘数远超理论（CP-SAT 装不满）→ 回退 baseline beam + 配方优先。
  - 配方优先[fast]：规划 0 实例，实装成功 0，配方路径不可用 → 采用基线方案。
  - 指数诊断：箱子 40 个，总指数 91，目标 192，理论最多达标托盘 0 个，剩余指数 91。
  - 几何诊断：典型整层堆叠单盘参考上限 87/192。 当前目标可能受托盘高度/箱型组合限制。
  - 几何诊断提示：典型整层参考值 87 < 目标 192；该值不是不可达证明，继续执行指数救援。
  - 失败托盘互借诊断：未合并（aborted_no_improvement_possible）。
托盘类型 MH423C（销售订单号：PEG086300LN01S）处理完成：总托盘 2，指数达标 0，未达标 2，平均缺口 146.50，最大缺口 184.00，失败托盘互借修复成功 0。
  - KPI：near/mid/deep=0/0/2，救回率=0.00%，pair效率=0.00%。
  - 耗时拆解：packing=0.30s，main_topup=0.00s，retry=0.00s，failed_pool=0.00s，repack=0.52s，total=2.26s。
正在处理托盘类型：MH423C，销售订单号：LAID16315EN03S
  - 该分组不适合列式（多非满柱）→ 回退 beam + 配方优先。
  - 配方优先[fast]：规划 0 实例，实装成功 0，配方路径不可用 → 采用基线方案。
  - 指数诊断：箱子 5 个，总指数 40，目标 192，理论最多达标托盘 0 个，剩余指数 40。
  - 几何诊断：典型整层堆叠单盘参考上限 40/192。 当前目标可能受托盘高度/箱型组合限制。
  - 几何诊断提示：典型整层参考值 40 < 目标 192；该值不是不可达证明，继续执行指数救援。
  - 失败托盘互借诊断：未合并（no_target_or_single_plan）。
托盘类型 MH423C（销售订单号：LAID16315EN03S）处理完成：总托盘 1，指数达标 0，未达标 1，平均缺口 152.00，最大缺口 152.00，失败托盘互借修复成功 0。
  - KPI：near/mid/deep=0/0/1，救回率=0.00%，pair效率=0.00%。
  - 耗时拆解：packing=0.01s，main_topup=0.00s，retry=0.00s，failed_pool=0.00s，repack=0.00s，total=0.01s。
正在处理托盘类型：MH423C，销售订单号：LAID16316DN03S
  - 主算法：全局列式装箱 + 柱级组合优化（GCP）。
  - 失败托盘互借诊断：未合并（no_target_or_single_plan）。
托盘类型 MH423C（销售订单号：LAID16316DN03S）处理完成：总托盘 1，指数达标 0，未达标 1，平均缺口 144.00，最大缺口 144.00，失败托盘互借修复成功 0。
  - KPI：near/mid/deep=0/0/1，救回率=0.00%，pair效率=0.00%。
  - 耗时拆解：packing=0.04s，main_topup=0.00s，retry=0.00s，failed_pool=0.00s，repack=0.00s，total=0.04s。
正在处理托盘类型：MH423C，销售订单号：LAID16316DN01S
  - 主算法：全局列式装箱 + 柱级组合优化（GCP）。
  - 失败托盘互借诊断：未合并（no_target_or_single_plan）。
托盘类型 MH423C（销售订单号：LAID16316DN01S）处理完成：总托盘 1，指数达标 0，未达标 1，平均缺口 120.00，最大缺口 120.00，失败托盘互借修复成功 0。
  - KPI：near/mid/deep=0/0/1，救回率=0.00%，pair效率=0.00%。
  - 耗时拆解：packing=0.09s，main_topup=0.00s，retry=0.00s，failed_pool=0.00s，repack=0.00s，total=0.09s。
正在处理托盘类型：MH423C，销售订单号：LAID16316DN02S
  - 主算法：全局列式装箱 + 柱级组合优化（GCP）。
  - 失败托盘互借诊断：未合并（no_target_or_single_plan）。
托盘类型 MH423C（销售订单号：LAID16316DN02S）处理完成：总托盘 1，指数达标 0，未达标 1，平均缺口 168.00，最大缺口 168.00，失败托盘互借修复成功 0。
  - KPI：near/mid/deep=0/0/1，救回率=0.00%，pair效率=0.00%。
  - 耗时拆解：packing=0.01s，main_topup=0.00s，retry=0.00s，failed_pool=0.00s，repack=0.00s，total=0.01s。
正在处理托盘类型：MH423C，销售订单号：PAIN26310GC02S
  - 主算法：全局列式装箱 + 柱级组合优化（GCP）。
  - 失败托盘互借诊断：未合并（no_target_or_single_plan）。
托盘类型 MH423C（销售订单号：PAIN26310GC02S）处理完成：总托盘 1，指数达标 0，未达标 1，平均缺口 132.00，最大缺口 132.00，失败托盘互借修复成功 0。
  - KPI：near/mid/deep=0/0/1，救回率=0.00%，pair效率=0.00%。
  - 耗时拆解：packing=0.16s，main_topup=0.00s，retry=0.00s，failed_pool=0.00s，repack=0.00s，total=0.16s。
  - 失败盘装满压实：合并/吸收 1 次（纯减盘数）。
  - 跨子组装满压实（MH423C / PAID16290FN01S）：合并 1 次（纯减盘数）。
  - 失败盘装满压实：合并/吸收 1 次（纯减盘数）。
  - 跨子组装满压实（MH423C / PAID16296DN01S）：合并 1 次（纯减盘数）。
  - 失败盘装满压实：合并/吸收 1 次（纯减盘数）。
  - 跨子组装满压实（MH423C / PAID16306DN01S）：合并 1 次（纯减盘数）。
  - 失败盘装满压实：合并/吸收 1 次（纯减盘数）。
  - 跨子组装满压实（MH423C / LAMY16305FN01S）：合并 1 次（纯减盘数）。
  - 失败盘装满压实：合并/吸收 1 次（纯减盘数）。
  - 跨子组装满压实（MH423C / LFEG16300IN03S）：合并 1 次（纯减盘数）。
  - 失败盘装满压实：合并/吸收 1 次（纯减盘数）。
  - 跨子组装满压实（MH423C / LAID16305BN03S）：合并 1 次（纯减盘数）。
  - 失败盘装满压实：合并/吸收 1 次（纯减盘数）。
  - 跨子组装满压实（MH423C / LAID16306DN02S）：合并 1 次（纯减盘数）。
========================================
统计汇总：总托盘 75，指数达标 0，未达标 75，未知 0，平均缺口 145.24，最大缺口 191.50，失败托盘互借修复成功 0
KPI汇总：near/mid/deep=0/3/72，pair尝试=0，pair改进=0，pair效率=0.00%
耗时汇总：packing=70.75s，main_topup=0.04s，retry=0.00s，repack=7.09s，end_to_end=104.80s
========================================
[WCS-装] SUCCESS 产品码 0 个，DB 更新达标 0 行；FAILED 盘 75 个保持未达标。
[WCS-装] 本轮结束；等待下一次「新插入」再开算。
[WCS-装] 本轮无达标托盘，跳过 success 目录写入。
[WCS-装] 未达标方案已保存：D:\research_code\final\zhuang\packing-workspace\output\fail\packing_plan_20260724_144811.json
[WCS-装] 无达标托盘，跳过 wcs_plan / wcs_plan_map 写入。
[WCS-装] 已跳过接口 2 推送（仅本地保存）。
[UI-RESULT] D:\research_code\final\zhuang\packing-workspace\output\fail\packing_plan_20260724_144811.json
[WCS-装] 等待数据库新插入（有新 product_code 才开算）…
============================================================
[WCS-拉] 20260724_145127：拉取接口 1 …
[WCS-拉] 原始响应已保存：D:\research_code\final\zhuang\packing-workspace\input\raw\20260724_145127.json
[WCS-拉] 已剔除 case_type≠MH423C 的品类 113 条（类型：['MH113', 'WR246']），保留 1187 条。
[WCS-DB] product_code 已存在、跳过 1168 条
[WCS-拉] 落库完成：候选 1187 条，新插入 19 条（新行 up_to_standard=0）。
[WCS-拉] 有新插入 → 唤醒装箱线程。
[WCS] 已加载 BMS 参考表：D:\research_code\final\zhuang\packing-workspace\data\selected_5000_boxes_9_1_concentrated_3orders.xlsx
============================================================
[WCS-装] 20260724_145131：未达标行 1514 条，开始装箱 …
[WCS-装] 展开为 1514 个箱子。
数据预处理和箱子分组完成（按托盘类型+销售订单号）。
----------------------------------------
  - 组内子聚类：11 个混合订单拆出规则子集走 GCP、杂箱走 baseline。
正在处理托盘类型：MH423C，销售订单号：PAID16280FN01S
  - 该分组不适合列式（多非满柱）→ 回退 beam + 配方优先。
  - 配方优先[fast]：规划 0 实例，实装成功 0，配方路径不可用 → 采用基线方案。
  - 指数诊断：箱子 1 个，总指数 4，目标 192，理论最多达标托盘 0 个，剩余指数 4。
  - 几何诊断：典型整层堆叠单盘参考上限 4/192。 当前目标可能受托盘高度/箱型组合限制。
  - 几何诊断提示：典型整层参考值 4 < 目标 192；该值不是不可达证明，继续执行指数救援。
  - 失败托盘互借诊断：未合并（no_target_or_single_plan）。
托盘类型 MH423C（销售订单号：PAID16280FN01S）处理完成：总托盘 1，指数达标 0，未达标 1，平均缺口 188.00，最大缺口 188.00，失败托盘互借修复成功 0。
  - KPI：near/mid/deep=0/0/1，救回率=0.00%，pair效率=0.00%。
  - 耗时拆解：packing=0.00s，main_topup=0.00s，retry=0.00s，failed_pool=0.00s，repack=0.00s，total=0.00s。
正在处理托盘类型：MH423C，销售订单号：LFEG16290IN01S
  - 该分组不适合列式（多非满柱）→ 回退 beam + 配方优先。
  - 托盘 MH423C-LFEG16290IN01S-1 未找到可行装箱方案，启用剩余箱子守恒兜底。
  - 配方优先[fast]：规划 0 实例，实装成功 0，配方路径不可用 → 采用基线方案。
  - 指数诊断：箱子 9 个，总指数 17，目标 192，理论最多达标托盘 0 个，剩余指数 17。
  - 几何诊断：典型整层堆叠单盘参考上限 12/192。 当前目标可能受托盘高度/箱型组合限制。
  - 几何诊断提示：典型整层参考值 12 < 目标 192；该值不是不可达证明，继续执行指数救援。
  - 失败盘装满压实：合并/吸收 2 次（纯减盘数）。
  - 失败托盘互借诊断：未合并（aborted_no_improvement_possible）。
托盘类型 MH423C（销售订单号：LFEG16290IN01S）处理完成：总托盘 2，指数达标 0，未达标 2，平均缺口 183.50，最大缺口 187.00，失败托盘互借修复成功 0。
  - KPI：near/mid/deep=0/0/2，救回率=0.00%，pair效率=0.00%。
  - 耗时拆解：packing=0.02s，main_topup=0.00s，retry=0.00s，failed_pool=0.00s，repack=0.17s，total=0.27s。
正在处理托盘类型：MH423C，销售订单号：LFEG16290IN02S
  - 该分组不适合列式（多非满柱）→ 回退 beam + 配方优先。
  - 配方优先[fast]：规划 0 实例，实装成功 0，配方路径不可用 → 采用基线方案。
  - 指数诊断：箱子 33 个，总指数 33.5，目标 192，理论最多达标托盘 0 个，剩余指数 33.5。
  - 几何诊断：典型整层堆叠单盘参考上限 28.5/192。 当前目标可能受托盘高度/箱型组合限制。
  - 几何诊断提示：典型整层参考值 28.5 < 目标 192；该值不是不可达证明，继续执行指数救援。
  - 失败托盘互借诊断：未合并（no_target_or_single_plan）。
托盘类型 MH423C（销售订单号：LFEG16290IN02S）处理完成：总托盘 1，指数达标 0，未达标 1，平均缺口 158.50，最大缺口 158.50，失败托盘互借修复成功 0。
  - KPI：near/mid/deep=0/0/1，救回率=0.00%，pair效率=0.00%。
  - 耗时拆解：packing=0.28s，main_topup=0.00s，retry=0.00s，failed_pool=0.00s，repack=0.00s，total=0.29s。
正在处理托盘类型：MH423C，销售订单号：LAID16306DN01S
  - 该分组不适合列式（多非满柱）→ 回退 beam + 配方优先。
  - 配方优先[fast]：规划 0 实例，实装成功 0，配方路径不可用 → 采用基线方案。
  - 指数诊断：箱子 50 个，总指数 88，目标 192，理论最多达标托盘 0 个，剩余指数 88。
  - 几何诊断：典型整层堆叠单盘参考上限 65/192。 当前目标可能受托盘高度/箱型组合限制。
  - 几何诊断提示：典型整层参考值 65 < 目标 192；该值不是不可达证明，继续执行指数救援。
  - 失败托盘互借诊断：未合并（aborted_no_improvement_possible）。
托盘类型 MH423C（销售订单号：LAID16306DN01S）处理完成：总托盘 2，指数达标 0，未达标 2，平均缺口 148.00，最大缺口 182.00，失败托盘互借修复成功 0。
  - KPI：near/mid/deep=0/0/2，救回率=0.00%，pair效率=0.00%。
  - 耗时拆解：packing=0.25s，main_topup=0.00s，retry=0.00s，failed_pool=0.00s，repack=0.54s，total=1.51s。
正在处理托盘类型：MH423C，销售订单号：LAID16296DN01S
  - 主算法：全局列式装箱 + 柱级组合优化（GCP）。
  - 失败托盘互借诊断：未合并（no_target_or_single_plan）。
托盘类型 MH423C（销售订单号：LAID16296DN01S）处理完成：总托盘 1，指数达标 0，未达标 1，平均缺口 151.50，最大缺口 151.50，失败托盘互借修复成功 0。
  - KPI：near/mid/deep=0/0/1，救回率=0.00%，pair效率=0.00%。
  - 耗时拆解：packing=0.08s，main_topup=0.00s，retry=0.00s，failed_pool=0.00s，repack=0.00s，total=0.08s。
正在处理托盘类型：MH423C，销售订单号：LAID16296DN01S__SPLITREST__
  - 该分组不适合列式（多非满柱）→ 回退 beam + 配方优先。
  - 配方优先[fast]：规划 0 实例，实装成功 0，配方路径不可用 → 采用基线方案。
  - 指数诊断：箱子 4 个，总指数 8，目标 192，理论最多达标托盘 0 个，剩余指数 8。
  - 几何诊断：典型整层堆叠单盘参考上限 8/192。 当前目标可能受托盘高度/箱型组合限制。
  - 几何诊断提示：典型整层参考值 8 < 目标 192；该值不是不可达证明，继续执行指数救援。
  - 失败托盘互借诊断：未合并（no_target_or_single_plan）。
托盘类型 MH423C（销售订单号：LAID16296DN01S__SPLITREST__）处理完成：总托盘 1，指数达标 0，未达标 1，平均缺口 184.00，最大缺口 184.00，失败托盘互借修复成功 0。
  - KPI：near/mid/deep=0/0/1，救回率=0.00%，pair效率=0.00%。
  - 耗时拆解：packing=0.00s，main_topup=0.00s，retry=0.00s，failed_pool=0.00s，repack=0.00s，total=0.02s。
正在处理托盘类型：MH423C，销售订单号：LAID16296DN02S
  - 主算法：全局列式装箱 + 柱级组合优化（GCP）。
  - GCP 盘数远超理论（CP-SAT 装不满）→ 回退 baseline beam + 配方优先。
  - 托盘 MH423C-LAID16296DN02S-2 未找到可行装箱方案，启用剩余箱子守恒兜底。
  - 配方优先[fast]：规划 0 实例，实装成功 0，配方路径不可用 → 采用基线方案。
  - 指数诊断：箱子 49 个，总指数 164.5，目标 192，理论最多达标托盘 0 个，剩余指数 164.5。
  - 几何诊断：典型整层堆叠单盘参考上限 97/192。 当前目标可能受托盘高度/箱型组合限制。
  - 几何诊断提示：典型整层参考值 97 < 目标 192；该值不是不可达证明，继续执行指数救援。
  - 失败托盘互借诊断：未合并（aborted_no_improvement_possible）。
托盘类型 MH423C（销售订单号：LAID16296DN02S）处理完成：总托盘 4，指数达标 0，未达标 4，平均缺口 150.88，最大缺口 191.00，失败托盘互借修复成功 0。
  - KPI：near/mid/deep=0/0/4，救回率=0.00%，pair效率=0.00%。
  - 耗时拆解：packing=0.34s，main_topup=0.01s，retry=0.00s，failed_pool=0.00s，repack=0.95s，total=2.67s。
正在处理托盘类型：MH423C，销售订单号：LAID16296DN03S
  - 主算法：全局列式装箱 + 柱级组合优化（GCP）。
  - 失败托盘互借诊断：未合并（no_target_or_single_plan）。
托盘类型 MH423C（销售订单号：LAID16296DN03S）处理完成：总托盘 1，指数达标 0，未达标 1，平均缺口 89.00，最大缺口 89.00，失败托盘互借修复成功 0。
  - KPI：near/mid/deep=0/0/1，救回率=0.00%，pair效率=0.00%。
  - 耗时拆解：packing=0.73s，main_topup=0.00s，retry=0.00s，failed_pool=0.00s，repack=0.00s，total=0.73s。
正在处理托盘类型：MH423C，销售订单号：LFEG16290IN03S
  - 该分组不适合列式（多非满柱）→ 回退 beam + 配方优先。
  - 配方优先[fast]：规划 0 实例，实装成功 0，配方路径不可用 → 采用基线方案。
  - 指数诊断：箱子 37 个，总指数 69，目标 192，理论最多达标托盘 0 个，剩余指数 69。
  - 几何诊断：典型整层堆叠单盘参考上限 51/192。 当前目标可能受托盘高度/箱型组合限制。
  - 几何诊断提示：典型整层参考值 51 < 目标 192；该值不是不可达证明，继续执行指数救援。
  - 失败托盘互借诊断：未合并（aborted_no_improvement_possible）。
托盘类型 MH423C（销售订单号：LFEG16290IN03S）处理完成：总托盘 2，指数达标 0，未达标 2，平均缺口 157.50，最大缺口 189.00，失败托盘互借修复成功 0。
  - KPI：near/mid/deep=0/0/2，救回率=0.00%，pair效率=0.00%。
  - 耗时拆解：packing=0.19s，main_topup=0.00s，retry=0.00s，failed_pool=0.00s，repack=0.30s，total=0.96s。
正在处理托盘类型：MH423C，销售订单号：LFEG16310IN02S
  - 该分组不适合列式（多非满柱）→ 回退 beam + 配方优先。
  - 配方优先[fast]：规划 0 实例，实装成功 0，配方路径不可用 → 采用基线方案。
  - 指数诊断：箱子 15 个，总指数 35，目标 192，理论最多达标托盘 0 个，剩余指数 35。
  - 几何诊断：典型整层堆叠单盘参考上限 29/192。 当前目标可能受托盘高度/箱型组合限制。
  - 几何诊断提示：典型整层参考值 29 < 目标 192；该值不是不可达证明，继续执行指数救援。
  - 失败托盘互借诊断：未合并（no_target_or_single_plan）。
托盘类型 MH423C（销售订单号：LFEG16310IN02S）处理完成：总托盘 1，指数达标 0，未达标 1，平均缺口 157.00，最大缺口 157.00，失败托盘互借修复成功 0。
  - KPI：near/mid/deep=0/0/1，救回率=0.00%，pair效率=0.00%。
  - 耗时拆解：packing=0.07s，main_topup=0.00s，retry=0.00s，failed_pool=0.00s，repack=0.00s，total=0.07s。
正在处理托盘类型：MH423C，销售订单号：LFEG16310IN01S
  - 该分组不适合列式（多非满柱）→ 回退 beam + 配方优先。
  - 配方优先[fast]：规划 0 实例，实装成功 0，配方路径不可用 → 采用基线方案。
  - 指数诊断：箱子 17 个，总指数 36，目标 192，理论最多达标托盘 0 个，剩余指数 36。
  - 几何诊断：典型整层堆叠单盘参考上限 30/192。 当前目标可能受托盘高度/箱型组合限制。
  - 几何诊断提示：典型整层参考值 30 < 目标 192；该值不是不可达证明，继续执行指数救援。
  - 失败托盘互借诊断：未合并（no_target_or_single_plan）。
托盘类型 MH423C（销售订单号：LFEG16310IN01S）处理完成：总托盘 1，指数达标 0，未达标 1，平均缺口 156.00，最大缺口 156.00，失败托盘互借修复成功 0。
  - KPI：near/mid/deep=0/0/1，救回率=0.00%，pair效率=0.00%。
  - 耗时拆解：packing=0.09s，main_topup=0.00s，retry=0.00s，failed_pool=0.00s，repack=0.00s，total=0.09s。
正在处理托盘类型：MH423C，销售订单号：PAID16290FN01S
  - 主算法：全局列式装箱 + 柱级组合优化（GCP）。
  - 失败托盘互借诊断：未合并（no_target_or_single_plan）。
托盘类型 MH423C（销售订单号：PAID16290FN01S）处理完成：总托盘 1，指数达标 0，未达标 1，平均缺口 161.00，最大缺口 161.00，失败托盘互借修复成功 0。
  - KPI：near/mid/deep=0/0/1，救回率=0.00%，pair效率=0.00%。
  - 耗时拆解：packing=0.03s，main_topup=0.00s，retry=0.00s，failed_pool=0.00s，repack=0.00s，total=0.03s。
正在处理托盘类型：MH423C，销售订单号：PAID16290FN01S__SPLITREST__
  - 该分组不适合列式（多非满柱）→ 回退 beam + 配方优先。
  - 配方优先[fast]：规划 0 实例，实装成功 0，配方路径不可用 → 采用基线方案。
  - 指数诊断：箱子 1 个，总指数 0.5，目标 192，理论最多达标托盘 0 个，剩余指数 0.5。
  - 几何诊断：典型整层堆叠单盘参考上限 0.5/192。 当前目标可能受托盘高度/箱型组合限制。
  - 几何诊断提示：典型整层参考值 0.5 < 目标 192；该值不是不可达证明，继续执行指数救援。
  - 失败托盘互借诊断：未合并（no_target_or_single_plan）。
托盘类型 MH423C（销售订单号：PAID16290FN01S__SPLITREST__）处理完成：总托盘 1，指数达标 0，未达标 1，平均缺口 191.50，最大缺口 191.50，失败托盘互借修复成功 0。
  - KPI：near/mid/deep=0/0/1，救回率=0.00%，pair效率=0.00%。
  - 耗时拆解：packing=0.00s，main_topup=0.00s，retry=0.00s，failed_pool=0.00s，repack=0.00s，total=0.00s。
正在处理托盘类型：MH423C，销售订单号：PAIN26290BC02S
  - 主算法：全局列式装箱 + 柱级组合优化（GCP）。
  - 失败托盘互借诊断：未合并（no_target_or_single_plan）。
托盘类型 MH423C（销售订单号：PAIN26290BC02S）处理完成：总托盘 1，指数达标 0，未达标 1，平均缺口 84.00，最大缺口 84.00，失败托盘互借修复成功 0。
  - KPI：near/mid/deep=0/0/1，救回率=0.00%，pair效率=0.00%。
  - 耗时拆解：packing=1.37s，main_topup=0.00s，retry=0.00s，failed_pool=0.00s，repack=0.00s，total=1.37s。
正在处理托盘类型：MH423C，销售订单号：PAIN26286EN01S
  - 该分组不适合列式（多非满柱）→ 回退 beam + 配方优先。
  - 配方优先[fast]：规划 0 实例，实装成功 0，配方路径不可用 → 采用基线方案。
  - 指数诊断：箱子 1 个，总指数 2，目标 192，理论最多达标托盘 0 个，剩余指数 2。
  - 几何诊断：典型整层堆叠单盘参考上限 2/192。 当前目标可能受托盘高度/箱型组合限制。
  - 几何诊断提示：典型整层参考值 2 < 目标 192；该值不是不可达证明，继续执行指数救援。
  - 失败托盘互借诊断：未合并（no_target_or_single_plan）。
托盘类型 MH423C（销售订单号：PAIN26286EN01S）处理完成：总托盘 1，指数达标 0，未达标 1，平均缺口 190.00，最大缺口 190.00，失败托盘互借修复成功 0。
  - KPI：near/mid/deep=0/0/1，救回率=0.00%，pair效率=0.00%。
  - 耗时拆解：packing=0.00s，main_topup=0.00s，retry=0.00s，failed_pool=0.00s，repack=0.00s，total=0.00s。
正在处理托盘类型：MH423C，销售订单号：LAID16296DN03S__CASEGROUP__1
  - 主算法：全局列式装箱 + 柱级组合优化（GCP）。
  - 失败托盘互借诊断：未合并（no_target_or_single_plan）。
托盘类型 MH423C（销售订单号：LAID16296DN03S__CASEGROUP__1）处理完成：总托盘 1，指数达标 0，未达标 1，平均缺口 90.00，最大缺口 90.00，失败托盘互借修复成功 0。
  - KPI：near/mid/deep=0/0/1，救回率=0.00%，pair效率=0.00%。
  - 耗时拆解：packing=0.37s，main_topup=0.00s，retry=0.00s，failed_pool=0.00s，repack=0.00s，total=0.37s。
正在处理托盘类型：MH423C，销售订单号：LAID16296DN03S__CASEGROUP__1__SPLITREST__
  - 该分组不适合列式（多非满柱）→ 回退 beam + 配方优先。
  - 配方优先[fast]：规划 0 实例，实装成功 0，配方路径不可用 → 采用基线方案。
  - 指数诊断：箱子 4 个，总指数 2，目标 192，理论最多达标托盘 0 个，剩余指数 2。
  - 几何诊断：典型整层堆叠单盘参考上限 2/192。 当前目标可能受托盘高度/箱型组合限制。
  - 几何诊断提示：典型整层参考值 2 < 目标 192；该值不是不可达证明，继续执行指数救援。
  - 失败托盘互借诊断：未合并（no_target_or_single_plan）。
托盘类型 MH423C（销售订单号：LAID16296DN03S__CASEGROUP__1__SPLITREST__）处理完成：总托盘 1，指数达标 0，未达标 1，平均缺口 190.00，最大缺口 190.00，失败托盘互借修复成功 0。
  - KPI：near/mid/deep=0/0/1，救回率=0.00%，pair效率=0.00%。
  - 耗时拆解：packing=0.00s，main_topup=0.00s，retry=0.00s，failed_pool=0.00s，repack=0.00s，total=0.02s。
正在处理托盘类型：MH423C，销售订单号：LAMY16315FN01S
  - 主算法：全局列式装箱 + 柱级组合优化（GCP）。
  - 失败托盘互借诊断：未合并（no_target_or_single_plan）。
托盘类型 MH423C（销售订单号：LAMY16315FN01S）处理完成：总托盘 1，指数达标 0，未达标 1，平均缺口 21.00，最大缺口 21.00，失败托盘互借修复成功 0。
  - KPI：near/mid/deep=0/1/0，救回率=0.00%，pair效率=0.00%。
  - 耗时拆解：packing=0.94s，main_topup=0.00s，retry=0.00s，failed_pool=0.00s，repack=0.00s，total=0.94s。
正在处理托盘类型：MH423C，销售订单号：LAMY16315FN01S__SPLITREST__
  - 该分组不适合列式（多非满柱）→ 回退 beam + 配方优先。
  - 配方优先[fast]：规划 0 实例，实装成功 0，配方路径不可用 → 采用基线方案。
  - 指数诊断：箱子 1 个，总指数 0.5，目标 192，理论最多达标托盘 0 个，剩余指数 0.5。
  - 几何诊断：典型整层堆叠单盘参考上限 0.5/192。 当前目标可能受托盘高度/箱型组合限制。
  - 几何诊断提示：典型整层参考值 0.5 < 目标 192；该值不是不可达证明，继续执行指数救援。
  - 失败托盘互借诊断：未合并（no_target_or_single_plan）。
托盘类型 MH423C（销售订单号：LAMY16315FN01S__SPLITREST__）处理完成：总托盘 1，指数达标 0，未达标 1，平均缺口 191.50，最大缺口 191.50，失败托盘互借修复成功 0。
  - KPI：near/mid/deep=0/0/1，救回率=0.00%，pair效率=0.00%。
  - 耗时拆解：packing=0.00s，main_topup=0.00s，retry=0.00s，failed_pool=0.00s，repack=0.00s，total=0.00s。
正在处理托盘类型：MH423C，销售订单号：LAID16305BN02S
  - 主算法：全局列式装箱 + 柱级组合优化（GCP）。
  - 失败托盘互借诊断：未合并（no_target_or_single_plan）。
托盘类型 MH423C（销售订单号：LAID16305BN02S）处理完成：总托盘 1，指数达标 0，未达标 1，平均缺口 128.50，最大缺口 128.50，失败托盘互借修复成功 0。
  - KPI：near/mid/deep=0/0/1，救回率=0.00%，pair效率=0.00%。
  - 耗时拆解：packing=0.47s，main_topup=0.00s，retry=0.00s，failed_pool=0.00s，repack=0.00s，total=0.47s。
正在处理托盘类型：MH423C，销售订单号：PAID16280FC02S
  - 主算法：全局列式装箱 + 柱级组合优化（GCP）。
  - GCP 盘数远超理论（CP-SAT 装不满）→ 回退 baseline beam + 配方优先。
  - 配方优先[fast]：规划 0 实例，实装成功 0，配方路径不可用 → 采用基线方案。
  - 指数诊断：箱子 4 个，总指数 16，目标 192，理论最多达标托盘 0 个，剩余指数 16。
  - 几何诊断：典型整层堆叠单盘参考上限 16/192。 当前目标可能受托盘高度/箱型组合限制。
  - 几何诊断提示：典型整层参考值 16 < 目标 192；该值不是不可达证明，继续执行指数救援。
  - 失败托盘互借诊断：未合并（no_target_or_single_plan）。
托盘类型 MH423C（销售订单号：PAID16280FC02S）处理完成：总托盘 1，指数达标 0，未达标 1，平均缺口 176.00，最大缺口 176.00，失败托盘互借修复成功 0。
  - KPI：near/mid/deep=0/0/1，救回率=0.00%，pair效率=0.00%。
  - 耗时拆解：packing=0.00s，main_topup=0.00s，retry=0.00s，failed_pool=0.00s，repack=0.00s，total=0.02s。
正在处理托盘类型：MH423C，销售订单号：PAID16290FC02S
  - 该分组不适合列式（多非满柱）→ 回退 beam + 配方优先。
  - 配方优先[fast]：规划 0 实例，实装成功 0，配方路径不可用 → 采用基线方案。
  - 指数诊断：箱子 6 个，总指数 14，目标 192，理论最多达标托盘 0 个，剩余指数 14。
  - 几何诊断：典型整层堆叠单盘参考上限 14/192。 当前目标可能受托盘高度/箱型组合限制。
  - 几何诊断提示：典型整层参考值 14 < 目标 192；该值不是不可达证明，继续执行指数救援。
  - 失败托盘互借诊断：未合并（no_target_or_single_plan）。
托盘类型 MH423C（销售订单号：PAID16290FC02S）处理完成：总托盘 1，指数达标 0，未达标 1，平均缺口 178.00，最大缺口 178.00，失败托盘互借修复成功 0。
  - KPI：near/mid/deep=0/0/1，救回率=0.00%，pair效率=0.00%。
  - 耗时拆解：packing=0.01s，main_topup=0.00s，retry=0.00s，failed_pool=0.00s，repack=0.00s，total=0.04s。
正在处理托盘类型：MH423C，销售订单号：PEG146296CN01S
  - 主算法：全局列式装箱 + 柱级组合优化（GCP）。
  - 失败托盘互借诊断：未合并（no_target_or_single_plan）。
托盘类型 MH423C（销售订单号：PEG146296CN01S）处理完成：总托盘 1，指数达标 0，未达标 1，平均缺口 68.00，最大缺口 68.00，失败托盘互借修复成功 0。
  - KPI：near/mid/deep=0/0/1，救回率=0.00%，pair效率=0.00%。
  - 耗时拆解：packing=0.30s，main_topup=0.00s，retry=0.00s，failed_pool=0.00s，repack=0.00s，total=0.30s。
正在处理托盘类型：MH423C，销售订单号：PAID16295BN01S
  - 主算法：全局列式装箱 + 柱级组合优化（GCP）。
  - 失败托盘互借诊断：未合并（aborted_no_improvement_possible）。
托盘类型 MH423C（销售订单号：PAID16295BN01S）处理完成：总托盘 2，指数达标 0，未达标 2，平均缺口 95.75，最大缺口 161.50，失败托盘互借修复成功 0。
  - KPI：near/mid/deep=0/0/2，救回率=0.00%，pair效率=0.00%。
  - 耗时拆解：packing=53.75s，main_topup=0.00s，retry=0.00s，failed_pool=0.00s，repack=2.53s，total=56.28s。
  - 条件双路径棘轮：替代完整路径通过守恒和最终门禁，严格优于 GCP，已采用。
正在处理托盘类型：MH423C，销售订单号：PAID16296DN01S
  - 主算法：全局列式装箱 + 柱级组合优化（GCP）。
  - 失败托盘互借诊断：未合并（no_target_or_single_plan）。
托盘类型 MH423C（销售订单号：PAID16296DN01S）处理完成：总托盘 1，指数达标 0，未达标 1，平均缺口 132.50，最大缺口 132.50，失败托盘互借修复成功 0。
  - KPI：near/mid/deep=0/0/1，救回率=0.00%，pair效率=0.00%。
  - 耗时拆解：packing=1.26s，main_topup=0.00s，retry=0.00s，failed_pool=0.00s，repack=0.00s，total=1.27s。
正在处理托盘类型：MH423C，销售订单号：PAID16296DN01S__SPLITREST__
  - 该分组不适合列式（多非满柱）→ 回退 beam + 配方优先。
  - 配方优先[fast]：规划 0 实例，实装成功 0，配方路径不可用 → 采用基线方案。
  - 指数诊断：箱子 3 个，总指数 6，目标 192，理论最多达标托盘 0 个，剩余指数 6。
  - 几何诊断：典型整层堆叠单盘参考上限 6/192。 当前目标可能受托盘高度/箱型组合限制。
  - 几何诊断提示：典型整层参考值 6 < 目标 192；该值不是不可达证明，继续执行指数救援。
  - 失败托盘互借诊断：未合并（no_target_or_single_plan）。
托盘类型 MH423C（销售订单号：PAID16296DN01S__SPLITREST__）处理完成：总托盘 1，指数达标 0，未达标 1，平均缺口 186.00，最大缺口 186.00，失败托盘互借修复成功 0。
  - KPI：near/mid/deep=0/0/1，救回率=0.00%，pair效率=0.00%。
  - 耗时拆解：packing=0.00s，main_topup=0.00s，retry=0.00s，failed_pool=0.00s，repack=0.00s，total=0.01s。
正在处理托盘类型：MH423C，销售订单号：LAID16305EN01S
  - 该分组不适合列式（多非满柱）→ 回退 beam + 配方优先。
  - 配方优先[fast]：规划 0 实例，实装成功 0，配方路径不可用 → 采用基线方案。
  - 指数诊断：箱子 31 个，总指数 87.5，目标 192，理论最多达标托盘 0 个，剩余指数 87.5。
  - 几何诊断：典型整层堆叠单盘参考上限 67/192。 当前目标可能受托盘高度/箱型组合限制。
  - 几何诊断提示：典型整层参考值 67 < 目标 192；该值不是不可达证明，继续执行指数救援。
  - 失败托盘互借诊断：未合并（no_target_or_single_plan）。
托盘类型 MH423C（销售订单号：LAID16305EN01S）处理完成：总托盘 1，指数达标 0，未达标 1，平均缺口 104.50，最大缺口 104.50，失败托盘互借修复成功 0。
  - KPI：near/mid/deep=0/0/1，救回率=0.00%，pair效率=0.00%。
  - 耗时拆解：packing=0.12s，main_topup=0.00s，retry=0.00s，failed_pool=0.00s，repack=0.00s，total=0.42s。
正在处理托盘类型：MH423C，销售订单号：PAID16295EL05S
  - 该分组不适合列式（多非满柱）→ 回退 beam + 配方优先。
  - 配方优先[fast]：规划 0 实例，实装成功 0，配方路径不可用 → 采用基线方案。
  - 指数诊断：箱子 1 个，总指数 2，目标 192，理论最多达标托盘 0 个，剩余指数 2。
  - 几何诊断：典型整层堆叠单盘参考上限 2/192。 当前目标可能受托盘高度/箱型组合限制。
  - 几何诊断提示：典型整层参考值 2 < 目标 192；该值不是不可达证明，继续执行指数救援。
  - 失败托盘互借诊断：未合并（no_target_or_single_plan）。
托盘类型 MH423C（销售订单号：PAID16295EL05S）处理完成：总托盘 1，指数达标 0，未达标 1，平均缺口 190.00，最大缺口 190.00，失败托盘互借修复成功 0。
  - KPI：near/mid/deep=0/0/1，救回率=0.00%，pair效率=0.00%。
  - 耗时拆解：packing=0.00s，main_topup=0.00s，retry=0.00s，failed_pool=0.00s，repack=0.00s，total=0.00s。
正在处理托盘类型：MH423C，销售订单号：PAID16290FL03S
  - 该分组不适合列式（多非满柱）→ 回退 beam + 配方优先。
  - 配方优先[fast]：规划 0 实例，实装成功 0，配方路径不可用 → 采用基线方案。
  - 指数诊断：箱子 3 个，总指数 6，目标 192，理论最多达标托盘 0 个，剩余指数 6。
  - 几何诊断：典型整层堆叠单盘参考上限 6/192。 当前目标可能受托盘高度/箱型组合限制。
  - 几何诊断提示：典型整层参考值 6 < 目标 192；该值不是不可达证明，继续执行指数救援。
  - 失败托盘互借诊断：未合并（no_target_or_single_plan）。
托盘类型 MH423C（销售订单号：PAID16290FL03S）处理完成：总托盘 1，指数达标 0，未达标 1，平均缺口 186.00，最大缺口 186.00，失败托盘互借修复成功 0。
  - KPI：near/mid/deep=0/0/1，救回率=0.00%，pair效率=0.00%。
  - 耗时拆解：packing=0.00s，main_topup=0.00s，retry=0.00s，failed_pool=0.00s，repack=0.00s，total=0.01s。
正在处理托盘类型：MH423C，销售订单号：PAID16306DN01S
  - 主算法：全局列式装箱 + 柱级组合优化（GCP）。
  - 失败托盘互借诊断：未合并（no_target_or_single_plan）。
托盘类型 MH423C（销售订单号：PAID16306DN01S）处理完成：总托盘 1，指数达标 0，未达标 1，平均缺口 170.00，最大缺口 170.00，失败托盘互借修复成功 0。
  - KPI：near/mid/deep=0/0/1，救回率=0.00%，pair效率=0.00%。
  - 耗时拆解：packing=0.10s，main_topup=0.00s，retry=0.00s，failed_pool=0.00s，repack=0.00s，total=0.10s。
正在处理托盘类型：MH423C，销售订单号：PAID16306DN01S__SPLITREST__
  - 该分组不适合列式（多非满柱）→ 回退 beam + 配方优先。
  - 配方优先[fast]：规划 0 实例，实装成功 0，配方路径不可用 → 采用基线方案。
  - 指数诊断：箱子 2 个，总指数 1，目标 192，理论最多达标托盘 0 个，剩余指数 1。
  - 几何诊断：典型整层堆叠单盘参考上限 1/192。 当前目标可能受托盘高度/箱型组合限制。
  - 几何诊断提示：典型整层参考值 1 < 目标 192；该值不是不可达证明，继续执行指数救援。
  - 失败托盘互借诊断：未合并（no_target_or_single_plan）。
托盘类型 MH423C（销售订单号：PAID16306DN01S__SPLITREST__）处理完成：总托盘 1，指数达标 0，未达标 1，平均缺口 191.00，最大缺口 191.00，失败托盘互借修复成功 0。
  - KPI：near/mid/deep=0/0/1，救回率=0.00%，pair效率=0.00%。
  - 耗时拆解：packing=0.00s，main_topup=0.00s，retry=0.00s，failed_pool=0.00s，repack=0.00s，total=0.00s。
正在处理托盘类型：MH423C，销售订单号：LAMY16305FN01S
  - 主算法：全局列式装箱 + 柱级组合优化（GCP）。
  - GCP 盘数远超理论（CP-SAT 装不满）→ 回退 baseline beam + 配方优先。
  - 配方优先[fast]：规划 0 实例，实装成功 0，配方路径不可用 → 采用基线方案。
  - 指数诊断：箱子 66 个，总指数 125.5，目标 192，理论最多达标托盘 0 个，剩余指数 125.5。
  - 几何诊断：典型整层堆叠单盘参考上限 92/192。 当前目标可能受托盘高度/箱型组合限制。
  - 几何诊断提示：典型整层参考值 92 < 目标 192；该值不是不可达证明，继续执行指数救援。
  - 失败托盘互借诊断：未合并（aborted_no_improvement_possible）。
托盘类型 MH423C（销售订单号：LAMY16305FN01S）处理完成：总托盘 2，指数达标 0，未达标 2，平均缺口 129.25，最大缺口 188.00，失败托盘互借修复成功 0。
  - KPI：near/mid/deep=0/0/2，救回率=0.00%，pair效率=0.00%。
  - 耗时拆解：packing=0.75s，main_topup=0.01s，retry=0.00s，failed_pool=0.00s，repack=1.25s，total=5.70s。
正在处理托盘类型：MH423C，销售订单号：LAMY16305FN01S__SPLITREST__
  - 该分组不适合列式（多非满柱）→ 回退 beam + 配方优先。
  - 配方优先[fast]：规划 0 实例，实装成功 0，配方路径不可用 → 采用基线方案。
  - 指数诊断：箱子 1 个，总指数 6，目标 192，理论最多达标托盘 0 个，剩余指数 6。
  - 几何诊断：典型整层堆叠单盘参考上限 6/192。 当前目标可能受托盘高度/箱型组合限制。
  - 几何诊断提示：典型整层参考值 6 < 目标 192；该值不是不可达证明，继续执行指数救援。
  - 失败托盘互借诊断：未合并（no_target_or_single_plan）。
托盘类型 MH423C（销售订单号：LAMY16305FN01S__SPLITREST__）处理完成：总托盘 1，指数达标 0，未达标 1，平均缺口 186.00，最大缺口 186.00，失败托盘互借修复成功 0。
  - KPI：near/mid/deep=0/0/1，救回率=0.00%，pair效率=0.00%。
  - 耗时拆解：packing=0.00s，main_topup=0.00s，retry=0.00s，failed_pool=0.00s，repack=0.00s，total=0.00s。
正在处理托盘类型：MH423C，销售订单号：PAID16300FN01S
  - 该分组不适合列式（多非满柱）→ 回退 beam + 配方优先。
  - 配方优先[fast]：规划 0 实例，实装成功 0，配方路径不可用 → 采用基线方案。
  - 指数诊断：箱子 8 个，总指数 19，目标 192，理论最多达标托盘 0 个，剩余指数 19。
  - 几何诊断：典型整层堆叠单盘参考上限 19/192。 当前目标可能受托盘高度/箱型组合限制。
  - 几何诊断提示：典型整层参考值 19 < 目标 192；该值不是不可达证明，继续执行指数救援。
  - 失败托盘互借诊断：未合并（no_target_or_single_plan）。
托盘类型 MH423C（销售订单号：PAID16300FN01S）处理完成：总托盘 1，指数达标 0，未达标 1，平均缺口 173.00，最大缺口 173.00，失败托盘互借修复成功 0。
  - KPI：near/mid/deep=0/0/1，救回率=0.00%，pair效率=0.00%。
  - 耗时拆解：packing=0.01s，main_topup=0.00s，retry=0.00s，failed_pool=0.00s，repack=0.00s，total=0.04s。
正在处理托盘类型：MH423C，销售订单号：PAID16295BD02S
  - 主算法：全局列式装箱 + 柱级组合优化（GCP）。
  - 失败托盘互借诊断：未合并（no_target_or_single_plan）。
托盘类型 MH423C（销售订单号：PAID16295BD02S）处理完成：总托盘 1，指数达标 0，未达标 1，平均缺口 156.00，最大缺口 156.00，失败托盘互借修复成功 0。
  - KPI：near/mid/deep=0/0/1，救回率=0.00%，pair效率=0.00%。
  - 耗时拆解：packing=0.06s，main_topup=0.00s，retry=0.00s，failed_pool=0.00s，repack=0.00s，total=0.07s。
正在处理托盘类型：MH423C，销售订单号：LFEG16300IN02S
  - 主算法：全局列式装箱 + 柱级组合优化（GCP）。
  - 失败托盘互借诊断：未合并（no_target_or_single_plan）。
托盘类型 MH423C（销售订单号：LFEG16300IN02S）处理完成：总托盘 1，指数达标 0，未达标 1，平均缺口 107.50，最大缺口 107.50，失败托盘互借修复成功 0。
  - KPI：near/mid/deep=0/0/1，救回率=0.00%，pair效率=0.00%。
  - 耗时拆解：packing=1.30s，main_topup=0.00s，retry=0.00s，failed_pool=0.00s，repack=0.00s，total=1.30s。
正在处理托盘类型：MH423C，销售订单号：LFEG16300IN02S__SPLITREST__
  - 该分组不适合列式（多非满柱）→ 回退 beam + 配方优先。
  - 配方优先[fast]：规划 0 实例，实装成功 0，配方路径不可用 → 采用基线方案。
  - 指数诊断：箱子 4 个，总指数 12，目标 192，理论最多达标托盘 0 个，剩余指数 12。
  - 几何诊断：典型整层堆叠单盘参考上限 12/192。 当前目标可能受托盘高度/箱型组合限制。
  - 几何诊断提示：典型整层参考值 12 < 目标 192；该值不是不可达证明，继续执行指数救援。
  - 失败托盘互借诊断：未合并（no_target_or_single_plan）。
托盘类型 MH423C（销售订单号：LFEG16300IN02S__SPLITREST__）处理完成：总托盘 1，指数达标 0，未达标 1，平均缺口 180.00，最大缺口 180.00，失败托盘互借修复成功 0。
  - KPI：near/mid/deep=0/0/1，救回率=0.00%，pair效率=0.00%。
  - 耗时拆解：packing=0.00s，main_topup=0.00s，retry=0.00s，failed_pool=0.00s，repack=0.00s，total=0.02s。
正在处理托盘类型：MH423C，销售订单号：LAID16305BN01S
  - 主算法：全局列式装箱 + 柱级组合优化（GCP）。
  - GCP 盘数远超理论（CP-SAT 装不满）→ 回退 baseline beam + 配方优先。
  - 配方优先[fast]：规划 0 实例，实装成功 0，配方路径不可用 → 采用基线方案。
  - 指数诊断：箱子 54 个，总指数 129，目标 192，理论最多达标托盘 0 个，剩余指数 129。
  - 几何诊断：典型整层堆叠单盘参考上限 104.5/192。 当前目标可能受托盘高度/箱型组合限制。
  - 几何诊断提示：典型整层参考值 104.5 < 目标 192；该值不是不可达证明，继续执行指数救援。
  - 失败托盘互借诊断：未合并（aborted_no_improvement_possible）。
托盘类型 MH423C（销售订单号：LAID16305BN01S）处理完成：总托盘 2，指数达标 0，未达标 2，平均缺口 127.50，最大缺口 172.00，失败托盘互借修复成功 0。
  - KPI：near/mid/deep=0/0/2，救回率=0.00%，pair效率=0.00%。
  - 耗时拆解：packing=1.13s，main_topup=0.00s，retry=0.00s，failed_pool=0.00s，repack=0.70s，total=2.60s。
正在处理托盘类型：MH423C，销售订单号：LFEG16310IN03S
  - 主算法：全局列式装箱 + 柱级组合优化（GCP）。
  - 失败托盘互借诊断：未合并（no_target_or_single_plan）。
托盘类型 MH423C（销售订单号：LFEG16310IN03S）处理完成：总托盘 1，指数达标 0，未达标 1，平均缺口 159.00，最大缺口 159.00，失败托盘互借修复成功 0。
  - KPI：near/mid/deep=0/0/1，救回率=0.00%，pair效率=0.00%。
  - 耗时拆解：packing=0.03s，main_topup=0.00s，retry=0.00s，failed_pool=0.00s，repack=0.00s，total=0.03s。
正在处理托盘类型：MH423C，销售订单号：LFEG16300IN01S
  - 该分组不适合列式（多非满柱）→ 回退 beam + 配方优先。
  - 配方优先[fast]：规划 0 实例，实装成功 0，配方路径不可用 → 采用基线方案。
  - 指数诊断：箱子 18 个，总指数 29.5，目标 192，理论最多达标托盘 0 个，剩余指数 29.5。
  - 几何诊断：典型整层堆叠单盘参考上限 28.5/192。 当前目标可能受托盘高度/箱型组合限制。
  - 几何诊断提示：典型整层参考值 28.5 < 目标 192；该值不是不可达证明，继续执行指数救援。
  - 失败托盘互借诊断：未合并（no_target_or_single_plan）。
托盘类型 MH423C（销售订单号：LFEG16300IN01S）处理完成：总托盘 1，指数达标 0，未达标 1，平均缺口 162.50，最大缺口 162.50，失败托盘互借修复成功 0。
  - KPI：near/mid/deep=0/0/1，救回率=0.00%，pair效率=0.00%。
  - 耗时拆解：packing=0.10s，main_topup=0.00s，retry=0.00s，failed_pool=0.00s，repack=0.00s，total=0.10s。
正在处理托盘类型：MH423C，销售订单号：LFEG16300IN03S
  - 主算法：全局列式装箱 + 柱级组合优化（GCP）。
  - 失败托盘互借诊断：未合并（no_target_or_single_plan）。
托盘类型 MH423C（销售订单号：LFEG16300IN03S）处理完成：总托盘 1，指数达标 0，未达标 1，平均缺口 82.00，最大缺口 82.00，失败托盘互借修复成功 0。
  - KPI：near/mid/deep=0/0/1，救回率=0.00%，pair效率=0.00%。
  - 耗时拆解：packing=0.93s，main_topup=0.00s，retry=0.00s，failed_pool=0.00s，repack=0.00s，total=0.93s。
正在处理托盘类型：MH423C，销售订单号：LFEG16300IN03S__SPLITREST__
  - 该分组不适合列式（多非满柱）→ 回退 beam + 配方优先。
  - 配方优先[fast]：规划 0 实例，实装成功 0，配方路径不可用 → 采用基线方案。
  - 指数诊断：箱子 2 个，总指数 4，目标 192，理论最多达标托盘 0 个，剩余指数 4。
  - 几何诊断：典型整层堆叠单盘参考上限 4/192。 当前目标可能受托盘高度/箱型组合限制。
  - 几何诊断提示：典型整层参考值 4 < 目标 192；该值不是不可达证明，继续执行指数救援。
  - 失败托盘互借诊断：未合并（no_target_or_single_plan）。
托盘类型 MH423C（销售订单号：LFEG16300IN03S__SPLITREST__）处理完成：总托盘 1，指数达标 0，未达标 1，平均缺口 188.00，最大缺口 188.00，失败托盘互借修复成功 0。
  - KPI：near/mid/deep=0/0/1，救回率=0.00%，pair效率=0.00%。
  - 耗时拆解：packing=0.00s，main_topup=0.00s，retry=0.00s，failed_pool=0.00s，repack=0.00s，total=0.00s。
正在处理托盘类型：MH423C，销售订单号：LAID16305BN03S
  - 主算法：全局列式装箱 + 柱级组合优化（GCP）。
  - 失败托盘互借诊断：未合并（no_target_or_single_plan）。
托盘类型 MH423C（销售订单号：LAID16305BN03S）处理完成：总托盘 1，指数达标 0，未达标 1，平均缺口 116.00，最大缺口 116.00，失败托盘互借修复成功 0。
  - KPI：near/mid/deep=0/0/1，救回率=0.00%，pair效率=0.00%。
  - 耗时拆解：packing=0.35s，main_topup=0.00s，retry=0.00s，failed_pool=0.00s，repack=0.00s，total=0.35s。
正在处理托盘类型：MH423C，销售订单号：LAID16305BN03S__SPLITREST__
  - 该分组不适合列式（多非满柱）→ 回退 beam + 配方优先。
  - 托盘 MH423C-LAID16305BN03S__SPLITREST__-1 未找到可行装箱方案，启用剩余箱子守恒兜底。
  - 配方优先[fast]：规划 0 实例，实装成功 0，配方路径不可用 → 采用基线方案。
  - 指数诊断：箱子 5 个，总指数 2.5，目标 192，理论最多达标托盘 0 个，剩余指数 2.5。
  - 几何诊断：典型整层堆叠单盘参考上限 2.5/192。 当前目标可能受托盘高度/箱型组合限制。
  - 几何诊断提示：典型整层参考值 2.5 < 目标 192；该值不是不可达证明，继续执行指数救援。
  - 失败托盘互借诊断：未合并（aborted_no_improvement_possible）。
托盘类型 MH423C（销售订单号：LAID16305BN03S__SPLITREST__）处理完成：总托盘 2，指数达标 0，未达标 2，平均缺口 190.75，最大缺口 191.50，失败托盘互借修复成功 0。
  - KPI：near/mid/deep=0/0/2，救回率=0.00%，pair效率=0.00%。
  - 耗时拆解：packing=0.01s，main_topup=0.00s，retry=0.00s，failed_pool=0.00s，repack=0.04s，total=0.08s。
正在处理托盘类型：MH423C，销售订单号：PEG166300LN01S
  - 主算法：全局列式装箱 + 柱级组合优化（GCP）。
  - 失败托盘互借诊断：未合并（no_target_or_single_plan）。
托盘类型 MH423C（销售订单号：PEG166300LN01S）处理完成：总托盘 1，指数达标 0，未达标 1，平均缺口 64.00，最大缺口 64.00，失败托盘互借修复成功 0。
  - KPI：near/mid/deep=0/0/1，救回率=0.00%，pair效率=0.00%。
  - 耗时拆解：packing=0.32s，main_topup=0.00s，retry=0.00s，failed_pool=0.00s，repack=0.00s，total=0.32s。
正在处理托盘类型：MH423C，销售订单号：PAID163008N01S
  - 该分组不适合列式（多非满柱）→ 回退 beam + 配方优先。
  - 配方优先[fast]：规划 0 实例，实装成功 0，配方路径不可用 → 采用基线方案。
  - 指数诊断：箱子 1 个，总指数 1，目标 192，理论最多达标托盘 0 个，剩余指数 1。
  - 几何诊断：典型整层堆叠单盘参考上限 1/192。 当前目标可能受托盘高度/箱型组合限制。
  - 几何诊断提示：典型整层参考值 1 < 目标 192；该值不是不可达证明，继续执行指数救援。
  - 失败托盘互借诊断：未合并（no_target_or_single_plan）。
托盘类型 MH423C（销售订单号：PAID163008N01S）处理完成：总托盘 1，指数达标 0，未达标 1，平均缺口 191.00，最大缺口 191.00，失败托盘互借修复成功 0。
  - KPI：near/mid/deep=0/0/1，救回率=0.00%，pair效率=0.00%。
  - 耗时拆解：packing=0.00s，main_topup=0.00s，retry=0.00s，failed_pool=0.00s，repack=0.00s，total=0.00s。
正在处理托盘类型：MH423C，销售订单号：PAIN26290BN01S
  - 该分组不适合列式（多非满柱）→ 回退 beam + 配方优先。
  - 托盘 MH423C-PAIN26290BN01S-1 未找到可行装箱方案，启用剩余箱子守恒兜底。
  - 配方优先[fast]：规划 0 实例，实装成功 0，配方路径不可用 → 采用基线方案。
  - 指数诊断：箱子 5 个，总指数 2.5，目标 192，理论最多达标托盘 0 个，剩余指数 2.5。
  - 几何诊断：典型整层堆叠单盘参考上限 2.5/192。 当前目标可能受托盘高度/箱型组合限制。
  - 几何诊断提示：典型整层参考值 2.5 < 目标 192；该值不是不可达证明，继续执行指数救援。
  - 失败盘装满压实：合并/吸收 1 次（纯减盘数）。
  - 失败托盘互借诊断：未合并（aborted_no_improvement_possible）。
托盘类型 MH423C（销售订单号：PAIN26290BN01S）处理完成：总托盘 1，指数达标 0，未达标 1，平均缺口 189.50，最大缺口 189.50，失败托盘互借修复成功 0。
  - KPI：near/mid/deep=0/0/1，救回率=0.00%，pair效率=0.00%。
  - 耗时拆解：packing=0.01s，main_topup=0.00s，retry=0.00s，failed_pool=0.00s，repack=0.04s，total=0.08s。
正在处理托盘类型：MH423C，销售订单号：PAID162308N01S
  - 该分组不适合列式（多非满柱）→ 回退 beam + 配方优先。
  - 配方优先[fast]：规划 0 实例，实装成功 0，配方路径不可用 → 采用基线方案。
  - 指数诊断：箱子 1 个，总指数 2，目标 192，理论最多达标托盘 0 个，剩余指数 2。
  - 几何诊断：典型整层堆叠单盘参考上限 2/192。 当前目标可能受托盘高度/箱型组合限制。
  - 几何诊断提示：典型整层参考值 2 < 目标 192；该值不是不可达证明，继续执行指数救援。
  - 失败托盘互借诊断：未合并（no_target_or_single_plan）。
托盘类型 MH423C（销售订单号：PAID162308N01S）处理完成：总托盘 1，指数达标 0，未达标 1，平均缺口 190.00，最大缺口 190.00，失败托盘互借修复成功 0。
  - KPI：near/mid/deep=0/0/1，救回率=0.00%，pair效率=0.00%。
  - 耗时拆解：packing=0.00s，main_topup=0.00s，retry=0.00s，failed_pool=0.00s，repack=0.00s，total=0.00s。
正在处理托盘类型：MH423C，销售订单号：PEG106290LN01S
  - 主算法：全局列式装箱 + 柱级组合优化（GCP）。
  - 失败托盘互借诊断：未合并（no_target_or_single_plan）。
托盘类型 MH423C（销售订单号：PEG106290LN01S）处理完成：总托盘 1，指数达标 0，未达标 1，平均缺口 179.00，最大缺口 179.00，失败托盘互借修复成功 0。
  - KPI：near/mid/deep=0/0/1，救回率=0.00%，pair效率=0.00%。
  - 耗时拆解：packing=0.04s，main_topup=0.00s，retry=0.00s，failed_pool=0.00s，repack=0.00s，total=0.04s。
正在处理托盘类型：MH423C，销售订单号：LAID16306DN03S
  - 该分组不适合列式（多非满柱）→ 回退 beam + 配方优先。
  - 配方优先[fast]：规划 0 实例，实装成功 0，配方路径不可用 → 采用基线方案。
  - 指数诊断：箱子 9 个，总指数 9，目标 192，理论最多达标托盘 0 个，剩余指数 9。
  - 几何诊断：典型整层堆叠单盘参考上限 9/192。 当前目标可能受托盘高度/箱型组合限制。
  - 几何诊断提示：典型整层参考值 9 < 目标 192；该值不是不可达证明，继续执行指数救援。
  - 失败托盘互借诊断：未合并（no_target_or_single_plan）。
托盘类型 MH423C（销售订单号：LAID16306DN03S）处理完成：总托盘 1，指数达标 0，未达标 1，平均缺口 183.00，最大缺口 183.00，失败托盘互借修复成功 0。
  - KPI：near/mid/deep=0/0/1，救回率=0.00%，pair效率=0.00%。
  - 耗时拆解：packing=0.01s，main_topup=0.00s，retry=0.00s，failed_pool=0.00s，repack=0.00s，total=0.06s。
正在处理托盘类型：MH423C，销售订单号：PAID16305EC01S
  - 该分组不适合列式（多非满柱）→ 回退 beam + 配方优先。
  - 配方优先[fast]：规划 0 实例，实装成功 0，配方路径不可用 → 采用基线方案。
  - 指数诊断：箱子 2 个，总指数 2，目标 192，理论最多达标托盘 0 个，剩余指数 2。
  - 几何诊断：典型整层堆叠单盘参考上限 2/192。 当前目标可能受托盘高度/箱型组合限制。
  - 几何诊断提示：典型整层参考值 2 < 目标 192；该值不是不可达证明，继续执行指数救援。
  - 失败托盘互借诊断：未合并（no_target_or_single_plan）。
托盘类型 MH423C（销售订单号：PAID16305EC01S）处理完成：总托盘 1，指数达标 0，未达标 1，平均缺口 190.00，最大缺口 190.00，失败托盘互借修复成功 0。
  - KPI：near/mid/deep=0/0/1，救回率=0.00%，pair效率=0.00%。
  - 耗时拆解：packing=0.00s，main_topup=0.00s，retry=0.00s，failed_pool=0.00s，repack=0.00s，total=0.00s。
正在处理托盘类型：MH423C，销售订单号：LAID16306DN02S
  - 主算法：全局列式装箱 + 柱级组合优化（GCP）。
  - 失败托盘互借诊断：未合并（no_target_or_single_plan）。
托盘类型 MH423C（销售订单号：LAID16306DN02S）处理完成：总托盘 1，指数达标 0，未达标 1，平均缺口 144.00，最大缺口 144.00，失败托盘互借修复成功 0。
  - KPI：near/mid/deep=0/0/1，救回率=0.00%，pair效率=0.00%。
  - 耗时拆解：packing=0.53s，main_topup=0.00s，retry=0.00s，failed_pool=0.00s，repack=0.00s，total=0.53s。
正在处理托盘类型：MH423C，销售订单号：LAID16306DN02S__SPLITREST__
  - 该分组不适合列式（多非满柱）→ 回退 beam + 配方优先。
  - 配方优先[fast]：规划 0 实例，实装成功 0，配方路径不可用 → 采用基线方案。
  - 指数诊断：箱子 2 个，总指数 4，目标 192，理论最多达标托盘 0 个，剩余指数 4。
  - 几何诊断：典型整层堆叠单盘参考上限 4/192。 当前目标可能受托盘高度/箱型组合限制。
  - 几何诊断提示：典型整层参考值 4 < 目标 192；该值不是不可达证明，继续执行指数救援。
  - 失败托盘互借诊断：未合并（no_target_or_single_plan）。
托盘类型 MH423C（销售订单号：LAID16306DN02S__SPLITREST__）处理完成：总托盘 1，指数达标 0，未达标 1，平均缺口 188.00，最大缺口 188.00，失败托盘互借修复成功 0。
  - KPI：near/mid/deep=0/0/1，救回率=0.00%，pair效率=0.00%。
  - 耗时拆解：packing=0.00s，main_topup=0.00s，retry=0.00s，failed_pool=0.00s，repack=0.00s，total=0.00s。
正在处理托盘类型：MH423C，销售订单号：LFEG16316AN01S
  - 主算法：全局列式装箱 + 柱级组合优化（GCP）。
  - 失败托盘互借诊断：未合并（no_target_or_single_plan）。
托盘类型 MH423C（销售订单号：LFEG16316AN01S）处理完成：总托盘 1，指数达标 0，未达标 1，平均缺口 178.00，最大缺口 178.00，失败托盘互借修复成功 0。
  - KPI：near/mid/deep=0/0/1，救回率=0.00%，pair效率=0.00%。
  - 耗时拆解：packing=0.01s，main_topup=0.00s，retry=0.00s，failed_pool=0.00s，repack=0.00s，total=0.01s。
正在处理托盘类型：MH423C，销售订单号：PAIN26310GN01S
  - 主算法：全局列式装箱 + 柱级组合优化（GCP）。
  - GCP 盘数远超理论（CP-SAT 装不满）→ 回退 baseline beam + 配方优先。
  - 配方优先[fast]：规划 0 实例，实装成功 0，配方路径不可用 → 采用基线方案。
  - 指数诊断：箱子 4 个，总指数 16，目标 192，理论最多达标托盘 0 个，剩余指数 16。
  - 几何诊断：典型整层堆叠单盘参考上限 16/192。 当前目标可能受托盘高度/箱型组合限制。
  - 几何诊断提示：典型整层参考值 16 < 目标 192；该值不是不可达证明，继续执行指数救援。
  - 失败托盘互借诊断：未合并（no_target_or_single_plan）。
托盘类型 MH423C（销售订单号：PAIN26310GN01S）处理完成：总托盘 1，指数达标 0，未达标 1，平均缺口 176.00，最大缺口 176.00，失败托盘互借修复成功 0。
  - KPI：near/mid/deep=0/0/1，救回率=0.00%，pair效率=0.00%。
  - 耗时拆解：packing=0.00s，main_topup=0.00s，retry=0.00s，failed_pool=0.00s，repack=0.00s，total=0.02s。
正在处理托盘类型：MH423C，销售订单号：PAIN26290MZ07S
  - 主算法：全局列式装箱 + 柱级组合优化（GCP）。
  - 失败托盘互借诊断：未合并（no_target_or_single_plan）。
托盘类型 MH423C（销售订单号：PAIN26290MZ07S）处理完成：总托盘 1，指数达标 0，未达标 1，平均缺口 22.00，最大缺口 22.00，失败托盘互借修复成功 0。
  - KPI：near/mid/deep=0/1/0，救回率=0.00%，pair效率=0.00%。
  - 耗时拆解：packing=2.76s，main_topup=0.00s，retry=0.00s，failed_pool=0.00s，repack=0.00s，total=2.76s。
正在处理托盘类型：MH423C，销售订单号：PAID16295EN06S
  - 该分组不适合列式（多非满柱）→ 回退 beam + 配方优先。
  - 配方优先[fast]：规划 0 实例，实装成功 0，配方路径不可用 → 采用基线方案。
  - 指数诊断：箱子 1 个，总指数 1，目标 192，理论最多达标托盘 0 个，剩余指数 1。
  - 几何诊断：典型整层堆叠单盘参考上限 1/192。 当前目标可能受托盘高度/箱型组合限制。
  - 几何诊断提示：典型整层参考值 1 < 目标 192；该值不是不可达证明，继续执行指数救援。
  - 失败托盘互借诊断：未合并（no_target_or_single_plan）。
托盘类型 MH423C（销售订单号：PAID16295EN06S）处理完成：总托盘 1，指数达标 0，未达标 1，平均缺口 191.00，最大缺口 191.00，失败托盘互借修复成功 0。
  - KPI：near/mid/deep=0/0/1，救回率=0.00%，pair效率=0.00%。
  - 耗时拆解：packing=0.00s，main_topup=0.00s，retry=0.00s，failed_pool=0.00s，repack=0.00s，total=0.00s。
正在处理托盘类型：MH423C，销售订单号：PAIN26296EN01S
  - 主算法：全局列式装箱 + 柱级组合优化（GCP）。
  - 失败托盘互借诊断：未合并（no_target_or_single_plan）。
托盘类型 MH423C（销售订单号：PAIN26296EN01S）处理完成：总托盘 1，指数达标 0，未达标 1，平均缺口 31.00，最大缺口 31.00，失败托盘互借修复成功 0。
  - KPI：near/mid/deep=0/0/1，救回率=0.00%，pair效率=0.00%。
  - 耗时拆解：packing=0.41s，main_topup=0.00s，retry=0.00s，failed_pool=0.00s，repack=0.00s，total=0.41s。
正在处理托盘类型：MH423C，销售订单号：LFEG16316AN02S
  - 该分组不适合列式（多非满柱）→ 回退 beam + 配方优先。
  - 配方优先[fast]：规划 0 实例，实装成功 0，配方路径不可用 → 采用基线方案。
  - 指数诊断：箱子 3 个，总指数 6，目标 192，理论最多达标托盘 0 个，剩余指数 6。
  - 几何诊断：典型整层堆叠单盘参考上限 6/192。 当前目标可能受托盘高度/箱型组合限制。
  - 几何诊断提示：典型整层参考值 6 < 目标 192；该值不是不可达证明，继续执行指数救援。
  - 失败托盘互借诊断：未合并（no_target_or_single_plan）。
托盘类型 MH423C（销售订单号：LFEG16316AN02S）处理完成：总托盘 1，指数达标 0，未达标 1，平均缺口 186.00，最大缺口 186.00，失败托盘互借修复成功 0。
  - KPI：near/mid/deep=0/0/1，救回率=0.00%，pair效率=0.00%。
  - 耗时拆解：packing=0.00s，main_topup=0.00s，retry=0.00s，failed_pool=0.00s，repack=0.00s，total=0.01s。
正在处理托盘类型：MH423C，销售订单号：PAIN26310MN01S
  - 该分组不适合列式（多非满柱）→ 回退 beam + 配方优先。
  - 配方优先[fast]：规划 0 实例，实装成功 0，配方路径不可用 → 采用基线方案。
  - 指数诊断：箱子 7 个，总指数 76，目标 192，理论最多达标托盘 0 个，剩余指数 76。
  - 几何诊断：典型整层堆叠单盘参考上限 60/192。 当前目标可能受托盘高度/箱型组合限制。
  - 几何诊断提示：典型整层参考值 60 < 目标 192；该值不是不可达证明，继续执行指数救援。
  - 失败托盘互借诊断：未合并（no_target_or_single_plan）。
托盘类型 MH423C（销售订单号：PAIN26310MN01S）处理完成：总托盘 1，指数达标 0，未达标 1，平均缺口 116.00，最大缺口 116.00，失败托盘互借修复成功 0。
  - KPI：near/mid/deep=0/0/1，救回率=0.00%，pair效率=0.00%。
  - 耗时拆解：packing=0.00s，main_topup=0.00s，retry=0.00s，failed_pool=0.00s，repack=0.00s，total=0.00s。
正在处理托盘类型：MH423C，销售订单号：LAID16315EN01S
  - 该分组不适合列式（多非满柱）→ 回退 beam + 配方优先。
  - 配方优先[fast]：规划 0 实例，实装成功 0，配方路径不可用 → 采用基线方案。
  - 指数诊断：箱子 4 个，总指数 20，目标 192，理论最多达标托盘 0 个，剩余指数 20。
  - 几何诊断：典型整层堆叠单盘参考上限 20/192。 当前目标可能受托盘高度/箱型组合限制。
  - 几何诊断提示：典型整层参考值 20 < 目标 192；该值不是不可达证明，继续执行指数救援。
  - 失败托盘互借诊断：未合并（no_target_or_single_plan）。
托盘类型 MH423C（销售订单号：LAID16315EN01S）处理完成：总托盘 1，指数达标 0，未达标 1，平均缺口 172.00，最大缺口 172.00，失败托盘互借修复成功 0。
  - KPI：near/mid/deep=0/0/1，救回率=0.00%，pair效率=0.00%。
  - 耗时拆解：packing=0.01s，main_topup=0.00s，retry=0.00s，failed_pool=0.00s，repack=0.00s，total=0.01s。
正在处理托盘类型：MH423C，销售订单号：PAIN26316EN01S
  - 主算法：全局列式装箱 + 柱级组合优化（GCP）。
  - 失败托盘互借诊断：未合并（no_target_or_single_plan）。
托盘类型 MH423C（销售订单号：PAIN26316EN01S）处理完成：总托盘 1，指数达标 0，未达标 1，平均缺口 140.00，最大缺口 140.00，失败托盘互借修复成功 0。
  - KPI：near/mid/deep=0/0/1，救回率=0.00%，pair效率=0.00%。
  - 耗时拆解：packing=0.04s，main_topup=0.00s，retry=0.00s，failed_pool=0.00s，repack=0.00s，total=0.04s。
正在处理托盘类型：MH423C，销售订单号：LAID16315EN02S
  - 主算法：全局列式装箱 + 柱级组合优化（GCP）。
  - 失败托盘互借诊断：未合并（no_target_or_single_plan）。
托盘类型 MH423C（销售订单号：LAID16315EN02S）处理完成：总托盘 1，指数达标 0，未达标 1，平均缺口 148.00，最大缺口 148.00，失败托盘互借修复成功 0。
  - KPI：near/mid/deep=0/0/1，救回率=0.00%，pair效率=0.00%。
  - 耗时拆解：packing=0.01s，main_topup=0.00s，retry=0.00s，failed_pool=0.00s，repack=0.00s，total=0.01s。
正在处理托盘类型：MH423C，销售订单号：PAIN26296EC02S
  - 主算法：全局列式装箱 + 柱级组合优化（GCP）。
  - 失败托盘互借诊断：未合并（no_target_or_single_plan）。
托盘类型 MH423C（销售订单号：PAIN26296EC02S）处理完成：总托盘 1，指数达标 0，未达标 1，平均缺口 130.00，最大缺口 130.00，失败托盘互借修复成功 0。
  - KPI：near/mid/deep=0/0/1，救回率=0.00%，pair效率=0.00%。
  - 耗时拆解：packing=0.16s，main_topup=0.00s，retry=0.00s，failed_pool=0.00s，repack=0.00s，total=0.16s。
正在处理托盘类型：MH423C，销售订单号：PAIN26310MZ05S
  - 主算法：全局列式装箱 + 柱级组合优化（GCP）。
  - 失败托盘互借诊断：未合并（no_target_or_single_plan）。
托盘类型 MH423C（销售订单号：PAIN26310MZ05S）处理完成：总托盘 1，指数达标 0，未达标 1，平均缺口 86.00，最大缺口 86.00，失败托盘互借修复成功 0。
  - KPI：near/mid/deep=0/0/1，救回率=0.00%，pair效率=0.00%。
  - 耗时拆解：packing=1.39s，main_topup=0.00s，retry=0.00s，failed_pool=0.00s，repack=0.00s，total=1.39s。
正在处理托盘类型：MH423C，销售订单号：PEG086300LN01S
  - 主算法：全局列式装箱 + 柱级组合优化（GCP）。
  - GCP 盘数远超理论（CP-SAT 装不满）→ 回退 baseline beam + 配方优先。
  - 配方优先[fast]：规划 0 实例，实装成功 0，配方路径不可用 → 采用基线方案。
  - 指数诊断：箱子 40 个，总指数 91，目标 192，理论最多达标托盘 0 个，剩余指数 91。
  - 几何诊断：典型整层堆叠单盘参考上限 87/192。 当前目标可能受托盘高度/箱型组合限制。
  - 几何诊断提示：典型整层参考值 87 < 目标 192；该值不是不可达证明，继续执行指数救援。
  - 失败托盘互借诊断：未合并（aborted_no_improvement_possible）。
托盘类型 MH423C（销售订单号：PEG086300LN01S）处理完成：总托盘 2，指数达标 0，未达标 2，平均缺口 146.50，最大缺口 184.00，失败托盘互借修复成功 0。
  - KPI：near/mid/deep=0/0/2，救回率=0.00%，pair效率=0.00%。
  - 耗时拆解：packing=0.30s，main_topup=0.00s，retry=0.00s，failed_pool=0.00s，repack=0.50s，total=2.22s。
正在处理托盘类型：MH423C，销售订单号：LAID16315EN03S
  - 该分组不适合列式（多非满柱）→ 回退 beam + 配方优先。
  - 配方优先[fast]：规划 0 实例，实装成功 0，配方路径不可用 → 采用基线方案。
  - 指数诊断：箱子 5 个，总指数 40，目标 192，理论最多达标托盘 0 个，剩余指数 40。
  - 几何诊断：典型整层堆叠单盘参考上限 40/192。 当前目标可能受托盘高度/箱型组合限制。
  - 几何诊断提示：典型整层参考值 40 < 目标 192；该值不是不可达证明，继续执行指数救援。
  - 失败托盘互借诊断：未合并（no_target_or_single_plan）。
托盘类型 MH423C（销售订单号：LAID16315EN03S）处理完成：总托盘 1，指数达标 0，未达标 1，平均缺口 152.00，最大缺口 152.00，失败托盘互借修复成功 0。
  - KPI：near/mid/deep=0/0/1，救回率=0.00%，pair效率=0.00%。
  - 耗时拆解：packing=0.01s，main_topup=0.00s，retry=0.00s，failed_pool=0.00s，repack=0.00s，total=0.01s。
正在处理托盘类型：MH423C，销售订单号：LAID16316DN03S
  - 主算法：全局列式装箱 + 柱级组合优化（GCP）。
  - 失败托盘互借诊断：未合并（no_target_or_single_plan）。
托盘类型 MH423C（销售订单号：LAID16316DN03S）处理完成：总托盘 1，指数达标 0，未达标 1，平均缺口 144.00，最大缺口 144.00，失败托盘互借修复成功 0。
  - KPI：near/mid/deep=0/0/1，救回率=0.00%，pair效率=0.00%。
  - 耗时拆解：packing=0.03s，main_topup=0.00s，retry=0.00s，failed_pool=0.00s，repack=0.00s，total=0.03s。
正在处理托盘类型：MH423C，销售订单号：LAID16316DN01S
  - 主算法：全局列式装箱 + 柱级组合优化（GCP）。
  - 失败托盘互借诊断：未合并（no_target_or_single_plan）。
托盘类型 MH423C（销售订单号：LAID16316DN01S）处理完成：总托盘 1，指数达标 0，未达标 1，平均缺口 120.00，最大缺口 120.00，失败托盘互借修复成功 0。
  - KPI：near/mid/deep=0/0/1，救回率=0.00%，pair效率=0.00%。
  - 耗时拆解：packing=0.09s，main_topup=0.00s，retry=0.00s，failed_pool=0.00s，repack=0.00s，total=0.09s。
正在处理托盘类型：MH423C，销售订单号：LAID16316DN02S
  - 主算法：全局列式装箱 + 柱级组合优化（GCP）。
  - 失败托盘互借诊断：未合并（no_target_or_single_plan）。
托盘类型 MH423C（销售订单号：LAID16316DN02S）处理完成：总托盘 1，指数达标 0，未达标 1，平均缺口 168.00，最大缺口 168.00，失败托盘互借修复成功 0。
  - KPI：near/mid/deep=0/0/1，救回率=0.00%，pair效率=0.00%。
  - 耗时拆解：packing=0.01s，main_topup=0.00s，retry=0.00s，failed_pool=0.00s，repack=0.00s，total=0.01s。
正在处理托盘类型：MH423C，销售订单号：PAIN26310GC02S
  - 主算法：全局列式装箱 + 柱级组合优化（GCP）。
  - 失败托盘互借诊断：未合并（no_target_or_single_plan）。
托盘类型 MH423C（销售订单号：PAIN26310GC02S）处理完成：总托盘 1，指数达标 0，未达标 1，平均缺口 132.00，最大缺口 132.00，失败托盘互借修复成功 0。
  - KPI：near/mid/deep=0/0/1，救回率=0.00%，pair效率=0.00%。
  - 耗时拆解：packing=0.16s，main_topup=0.00s，retry=0.00s，failed_pool=0.00s，repack=0.00s，total=0.16s。
  - 失败盘装满压实：合并/吸收 1 次（纯减盘数）。
  - 跨子组装满压实（MH423C / PAID16290FN01S）：合并 1 次（纯减盘数）。
  - 失败盘装满压实：合并/吸收 1 次（纯减盘数）。
  - 跨子组装满压实（MH423C / PAID16296DN01S）：合并 1 次（纯减盘数）。
  - 失败盘装满压实：合并/吸收 1 次（纯减盘数）。
  - 跨子组装满压实（MH423C / PAID16306DN01S）：合并 1 次（纯减盘数）。
  - 失败盘装满压实：合并/吸收 1 次（纯减盘数）。
  - 跨子组装满压实（MH423C / LAMY16305FN01S）：合并 1 次（纯减盘数）。
  - 失败盘装满压实：合并/吸收 1 次（纯减盘数）。
  - 跨子组装满压实（MH423C / LFEG16300IN03S）：合并 1 次（纯减盘数）。
  - 失败盘装满压实：合并/吸收 1 次（纯减盘数）。
  - 跨子组装满压实（MH423C / LAID16305BN03S）：合并 1 次（纯减盘数）。
  - 失败盘装满压实：合并/吸收 1 次（纯减盘数）。
  - 跨子组装满压实（MH423C / LAID16306DN02S）：合并 1 次（纯减盘数）。
========================================
统计汇总：总托盘 75，指数达标 0，未达标 75，未知 0，平均缺口 144.68，最大缺口 191.50，失败托盘互借修复成功 0
KPI汇总：near/mid/deep=0/3/72，pair尝试=0，pair改进=0，pair效率=0.00%
耗时汇总：packing=71.74s，main_topup=0.04s，retry=0.00s，repack=7.02s，end_to_end=106.19s
========================================
[WCS-装] SUCCESS 产品码 0 个，DB 更新达标 0 行；FAILED 盘 75 个保持未达标。
[WCS-装] 本轮结束；等待下一次「新插入」再开算。
[WCS-装] 本轮无达标托盘，跳过 success 目录写入。
[WCS-装] 未达标方案已保存：D:\research_code\final\zhuang\packing-workspace\output\fail\packing_plan_20260724_145131.json
[WCS-装] 无达标托盘，跳过 wcs_plan / wcs_plan_map 写入。
[WCS-装] 已跳过接口 2 推送（仅本地保存）。
[UI-RESULT] D:\research_code\final\zhuang\packing-workspace\output\fail\packing_plan_20260724_145131.json
[WCS-装] 等待数据库新插入（有新 product_code 才开算）…
[UI] 接口装箱服务已停止。
